# Blender 5.0.1
# www.blender.org
mtllib temp.mtl
o old.mainIsland.sand.mesh
v -76.361862 50.461071 7.792605
v -76.361862 -50.461170 7.945548
v 24.057812 49.495922 8.046795
v 24.057812 -49.495899 8.062637
v -76.361862 38.391270 8.191605
v -76.361862 27.422338 8.582785
v -76.361862 16.453405 8.252111
v -76.361862 5.484472 8.200293
v -76.361862 -5.484462 8.320372
v -76.361862 -16.453396 8.405876
v -76.361862 -27.422327 8.468002
v -76.361862 -38.391262 8.612225
v 24.134609 -37.656895 8.145027
v 24.386929 -27.422329 7.955779
v 18.686062 -16.453396 8.054488
v 14.896153 -5.484461 7.844586
v 14.896153 5.484472 7.878907
v 18.686062 16.453405 7.957624
v 24.386929 27.422338 8.126722
v 24.134609 37.656902 8.119923
v 13.621289 54.508472 8.067342
v 3.435773 60.592754 7.914654
v -13.198478 63.946484 7.998541
v -31.252939 63.945614 8.359554
v -47.887245 60.592602 7.790963
v -61.450737 55.571468 7.855986
v -61.450729 -55.571430 8.096206
v -47.887314 -60.592747 7.986288
v -31.253057 -63.946461 8.008457
v -13.198539 -63.946018 7.687021
v 3.435780 -60.592747 7.987885
v 13.621312 -54.508488 7.925682
v -56.899933 38.391270 8.634326
v -42.797020 38.391270 8.207360
v -28.694101 38.391270 8.277111
v -14.591186 38.391270 8.598678
v -0.488269 38.391270 8.367876
v 13.614636 38.391270 8.632184
v -57.375732 27.422338 8.426345
v -43.748619 27.422338 8.394059
v -30.121508 27.422338 8.330145
v -16.494396 27.422338 8.753718
v -2.867286 27.422338 8.728174
v 10.759824 27.422338 8.221955
v -58.190147 16.453405 8.504622
v -45.377441 16.453405 8.125525
v -32.564743 16.453405 8.267362
v -19.752037 16.453405 8.259274
v -6.939342 16.453405 8.339751
v 5.873364 16.453405 8.362543
v -58.731560 5.484472 8.512137
v -46.460281 5.484472 8.267740
v -34.188995 5.484472 8.683455
v -18.289276 6.158615 8.551875
v -10.182380 5.963550 8.891398
v 3.165898 5.967893 8.353102
v -58.731560 -5.484462 8.373542
v -46.460281 -5.484462 8.127478
v -34.188995 -5.484462 8.521586
v -21.917702 -5.484462 9.071768
v -6.558856 -5.293967 8.356332
v 3.166825 -5.968902 8.454445
v -58.190147 -16.453396 8.289578
v -45.377441 -16.453396 8.108387
v -32.564743 -16.453396 8.386962
v -19.752041 -16.453396 8.292530
v -6.939342 -16.453396 8.743590
v 5.873364 -16.453396 8.505838
v -57.375732 -27.422327 8.574212
v -43.748619 -27.422327 8.304523
v -30.121508 -27.422327 8.112326
v -16.494396 -27.422325 8.308589
v -2.867286 -27.422327 8.570501
v 10.759824 -27.422329 8.618089
v -56.899933 -38.391262 8.540626
v -42.797020 -38.391262 8.499196
v -28.694101 -38.391266 8.528133
v -14.591186 -38.391262 8.149268
v -0.488269 -38.391266 8.381685
v 13.614636 -38.391262 8.512551
v -76.361862 57.149670 5.707530
v -76.361862 -57.149769 5.880736
v 28.380642 56.056583 5.995410
v 28.380642 -56.056553 6.013350
v 28.467617 -42.648300 6.106661
v 28.753384 -31.057144 5.892327
v 22.296871 -18.634281 6.004119
v 18.004604 -6.211421 5.766398
v 18.004604 6.211439 5.805265
v 22.296871 18.634298 5.894418
v 28.753384 31.057158 6.085928
v 28.467617 42.648312 6.078230
v 16.560757 61.733547 6.018680
v 5.025162 68.624298 5.845753
v -13.813953 72.422562 5.940756
v -34.261520 72.421585 6.349624
v -53.100700 68.624115 5.705659
v -68.462021 62.937435 5.779311
v -68.462006 -62.937397 6.051363
v -53.100769 -68.624275 5.926888
v -34.261650 -72.422523 6.142349
v -13.814018 -72.422012 5.587950
v 5.025170 -68.624275 5.928685
v 16.560787 -61.733562 5.858238
v -179.908997 50.461071 7.792613
v -179.908997 -50.461170 7.945556
v -184.664169 38.391270 8.191602
v -187.871506 27.422338 8.582791
v -189.764267 16.453405 8.252120
v -189.764267 5.484472 8.200301
v -189.764267 -5.484462 8.320373
v -189.764267 -16.453396 8.405885
v -187.871506 -27.422327 8.468003
v -184.664169 -38.391262 8.612229
v -175.625427 57.149670 5.707530
v -175.625427 -57.149769 5.880736
v -150.809540 6.937158 8.200300
v -125.993652 6.937158 8.200293
v -101.177750 6.937158 8.200293
v -101.177750 20.811460 8.252111
v -125.993652 20.811460 8.252111
v -150.809540 20.811460 8.252119
v -150.809540 48.560055 8.191603
v -125.993652 48.560055 8.191608
v -101.177750 48.560055 8.191603
v -101.177750 63.826809 7.792607
v -125.993652 63.826809 7.792605
v -150.809540 63.826809 7.792615
v -150.809540 -48.560040 8.612230
v -125.993652 -48.560040 8.612228
v -101.177765 -48.560040 8.612230
v -101.177750 -34.685741 8.468004
v -125.993652 -34.685741 8.468010
v -150.809540 -34.685741 8.468004
v -150.809540 -72.287140 5.880738
v -125.993652 -72.287148 5.880744
v -101.177750 -72.287148 5.880750
v -101.177750 -63.826923 7.945546
v -125.993652 -63.826923 7.945548
v -150.809540 -63.826923 7.945561
v -150.809540 -6.937140 8.320372
v -125.993652 -6.937140 8.320379
v -101.177750 -6.937140 8.320372
v -150.809540 34.685749 8.582792
v -125.993652 34.685749 8.582783
v -101.177750 34.685749 8.582785
v -150.809540 -20.811438 8.405884
v -125.993652 -20.811438 8.405876
v -101.177750 -20.811438 8.405876
v -101.177750 72.287033 5.707532
v -125.993652 72.287033 5.707526
v -150.809540 72.287033 5.707528
v -184.708008 50.461071 6.401073
v -184.708008 -50.461170 6.554016
v -189.463165 38.391270 6.800076
v -192.670502 27.422338 7.191250
v -194.563263 16.453405 6.860579
v -194.563263 5.484472 6.808760
v -194.563263 -5.484462 6.928847
v -194.563263 -16.453396 7.014342
v -192.670502 -27.422327 7.076478
v -189.463165 -38.391262 7.220688
v -50.710915 -52.328533 19.198450
v -52.000854 -52.141430 19.198446
v -50.065384 -51.454044 19.198446
v -76.400894 68.167664 -2.563878
v -76.400894 -68.169868 -2.357274
v 48.537045 66.863815 -2.220495
v 48.537045 -66.865868 -2.199087
v 48.640789 -50.872364 -2.087790
v 48.981655 -37.046322 -2.343451
v 41.280239 -22.228199 -2.210099
v 36.160397 -7.410087 -2.493661
v 36.160397 7.408025 -2.447297
v 41.280239 22.226141 -2.340961
v 48.981655 37.044254 -2.112521
v 48.640789 50.870296 -2.121699
v 34.438168 73.635361 -2.192739
v 20.678371 81.854721 -2.399006
v -1.793102 86.385330 -2.285677
v -26.183180 86.384155 -1.797982
v -48.654747 81.854507 -2.566108
v -66.977890 75.071381 -2.478254
v -66.977859 -75.073410 -2.153753
v -48.654823 -81.856766 -2.302230
v -26.183332 -86.387375 -2.272286
v -1.793194 -86.386749 -2.706515
v 20.678387 -81.856766 -2.300076
v 34.438198 -73.637451 -2.384107
v -191.302597 69.031097 -2.563876
v -194.803482 -68.169861 -2.357268
v -165.202835 -86.225891 -2.357267
v -135.602203 -86.225891 -2.357269
v -106.001541 -86.225891 -2.357264
v -106.001541 86.223663 -2.563875
v -135.602203 86.223663 -2.563881
v -165.202835 86.223663 -2.563879
v -202.497574 60.189449 -1.736609
v -205.637283 -60.191631 -1.554182
v -208.917770 45.792454 -1.260683
v -205.594254 32.708599 -0.794085
v -208.326767 19.624754 -1.188509
v -204.189529 6.540893 -1.250322
v -212.677414 -6.542962 -1.107087
v -205.938034 -19.626816 -1.005097
v -205.788803 -32.710674 -0.930985
v -211.309280 -45.794537 -0.758955
v -3.468654 -0.046267 8.187990
v -3.510669 8.954949 8.676691
v -8.837543 0.674055 8.661586
v -3.510669 -8.955127 8.351088
v 5.444630 -0.000089 8.366196
v -0.834892 -0.034718 8.564629
v -1.895061 -0.034718 8.694374
v -2.075336 -2.183228 8.564629
v -2.605422 -1.265092 8.708448
v -4.556221 -2.183228 8.564629
v -4.026134 -1.265092 8.630747
v -5.796665 -0.034718 8.564629
v -4.604610 -0.119433 8.662457
v -4.556221 2.113793 8.564629
v -4.026134 1.195657 8.630745
v -2.075336 2.113793 8.564629
v -2.605422 1.195657 8.630747
v -2.477138 -1.487280 8.816486
v -1.638503 -0.034717 8.784376
v -4.154415 -1.487280 8.893772
v -4.993053 -0.034717 8.769712
v -4.154415 1.417844 8.883814
v -2.477138 1.417844 8.740158
v -9.819098 5.638826 8.972028
v 2.802430 5.642931 8.463039
v -9.823733 -5.643218 8.466092
v 2.803311 -5.643966 8.558867
v -3.510631 8.467357 8.769012
v -11.978362 -0.000126 8.754727
v -3.510631 -8.467607 8.461136
v 4.957100 -0.000125 8.475420
v -3.509952 -0.000742 8.491371
v -10.241138 6.016073 8.995908
v 3.224690 6.020456 8.452871
v -10.246085 -6.020661 8.456128
v 3.225625 -6.021460 8.555109
v -3.510677 9.033816 8.779310
v -12.544845 -0.000085 8.764071
v -3.510677 -9.033982 8.450840
v 5.523491 -0.000084 8.466082
v -11.269172 6.935003 8.781978
v 4.253251 6.940053 8.156004
v -11.274871 -6.940066 8.159757
v 4.254330 -6.940986 8.273855
v -3.510787 10.413634 8.532301
v -13.924712 0.000016 8.514731
v -3.510787 -10.413603 8.153664
v 6.903141 0.000016 8.171231
v 413.919434 11.993854 4.407819
v 403.733887 18.078131 4.255139
v 385.706940 -4.123351 4.939162
v 399.809845 -4.123351 4.708357
v 413.912781 -4.123351 4.972670
v 397.430847 -15.092281 5.068679
v 411.057953 -15.092281 4.562454
v 418.168518 17.903322 2.341231
v 403.486816 26.673391 2.121137
v 377.502197 -5.328518 3.107100
v 418.158936 -5.328518 3.155410
v 394.401367 -21.139479 3.293777
v 414.043945 -21.139479 2.564101
v 424.147186 26.218130 -0.464403
v 403.139160 38.767178 -0.779314
v 365.957825 -7.024227 0.631484
v 424.133453 -7.024227 0.700607
v 390.138824 -29.648073 0.898606
v 418.245300 -29.648073 -0.145492
v 428.241669 31.912535 -2.770375
v 402.901062 47.049641 -2.770373
v 358.051697 -8.185535 -2.770371
v 428.225098 -8.185535 -2.770373
v 387.219604 -35.475201 -2.770370
v 421.122620 -35.475201 -2.770370
v 7.769464 -170.103714 17.236572
v 7.307931 -168.894455 17.082521
v 8.828389 -170.275192 17.061300
v -138.216690 -293.955811 0.607312
v 4.455025 -291.972809 0.607312
v -93.693619 -310.456940 0.607312
v -81.071068 -312.341187 0.607312
v -68.393547 -312.793121 0.607312
v -54.206585 -311.478027 0.607312
v -42.652966 -309.223206 0.607312
v -151.816772 -284.515564 0.607312
v 13.632191 -285.857422 0.607312
v -158.988266 -274.518097 0.607313
v 19.788471 -277.206116 0.607313
v -135.229904 -277.664490 7.979681
v -1.936187 -277.170685 7.979681
v -90.319870 -291.429382 7.979681
v -79.350937 -294.247040 7.979681
v -68.865433 -290.664490 7.979681
v -56.928631 -295.333832 7.979681
v -46.444134 -293.967529 7.979681
v -150.986633 -271.428711 6.018677
v 9.138783 -270.257111 7.979681
v -161.856064 -255.677887 0.607313
v 21.657825 -255.493790 0.607313
v -140.029068 -243.523239 7.979681
v -2.304794 -243.523239 7.979681
v -90.319870 -243.523239 7.979681
v -79.350937 -243.523239 7.979681
v -68.865433 -243.523239 7.979681
v -56.928631 -243.523239 7.979681
v -46.444134 -243.523239 7.979681
v -150.920029 -247.814728 6.018677
v 12.743291 -247.580948 7.979682
v -162.422104 -238.866455 0.607313
v 22.846394 -240.795441 0.607313
v -140.029068 -219.208176 7.979681
v -2.304794 -219.208176 7.979681
v -90.319870 -219.208176 7.979681
v -79.350937 -219.208176 7.979681
v -68.865433 -219.208176 7.979681
v -56.928631 -219.208176 7.979681
v -46.444134 -219.208176 7.979681
v -150.774429 -222.166626 6.018677
v 9.767934 -225.166718 7.979682
v -161.474106 -220.634308 0.607313
v 23.024494 -217.249252 0.607313
v -140.029068 -192.685028 7.979681
v -2.304794 -192.685028 7.979681
v -101.288803 -192.685028 7.979681
v -90.319870 -192.685028 7.979681
v -79.350937 -192.685028 7.979681
v -68.865433 -192.685028 7.979681
v -56.928631 -192.685028 7.979681
v -46.444134 -192.685028 7.979681
v -32.157635 -189.774979 7.979681
v -17.354355 -187.509521 7.979681
v -149.281723 -197.797058 5.160157
v 11.576360 -200.692108 7.979681
v -158.084274 -200.052338 0.607313
v 21.675159 -199.622452 0.607313
v -142.115341 -163.325836 6.679024
v -7.900646 -165.718979 7.979681
v -111.444931 -168.676849 7.979681
v -94.565872 -166.631668 7.979681
v -84.511551 -174.873550 7.979681
v -68.865433 -171.390182 7.979681
v -56.928631 -176.349289 7.979681
v -46.444134 -169.580246 7.979681
v -30.718857 -173.249557 7.979681
v -19.996994 -168.681671 7.979681
v -147.254135 -176.349289 5.478320
v 7.078850 -178.282364 7.979681
v -157.585129 -189.012299 0.607313
v 20.004078 -188.731995 0.607313
v -143.064331 -158.254562 0.607313
v 2.454147 -156.994080 0.607313
v -114.871201 -150.622284 0.607313
v -100.294754 -148.778229 0.607313
v -93.151596 -151.967438 0.607313
v -79.222382 -150.854919 0.607313
v -51.127010 -154.604141 0.607313
v -42.556805 -158.176025 0.607313
v -31.504562 -155.523193 0.607313
v -19.570602 -153.604156 0.607313
v -155.311081 -165.445694 0.607313
v 15.019794 -171.849258 0.607313
v -120.658936 -192.685028 7.979681
v -127.510284 -164.744598 7.979681
v -136.403290 -149.879745 0.607313
v -105.226418 -307.835602 0.607312
v -27.478012 -306.504761 0.607312
v -12.104416 -299.173004 0.607312
v -101.288803 -293.452820 7.979681
v -36.179699 -293.431366 7.979681
v -20.759789 -288.771515 7.979682
v -101.288803 -243.523239 7.979681
v -32.261181 -250.620361 7.979681
v -16.006516 -250.378952 7.979681
v -101.288803 -219.208176 7.979681
v -31.670029 -226.059296 7.979681
v -17.426895 -225.804825 7.979681
v -123.175247 -303.193176 0.607312
v -120.658936 -292.667175 7.979681
v -120.658936 -243.523239 7.979681
v -120.658936 -219.208176 7.979681
v -146.223038 -307.314240 -2.680987
v 13.876637 -302.756409 -2.680986
v -97.425476 -321.261902 -2.680987
v -82.784081 -323.447510 -2.680986
v -68.078926 -323.971741 -2.680987
v -51.622910 -322.446289 -2.680987
v -38.221409 -319.830841 -2.680986
v -160.899612 -296.938690 -2.680986
v 22.061695 -296.278107 -2.680987
v -173.163300 -282.447266 -2.680986
v 30.507877 -280.210846 -2.680985
v -176.489777 -260.593750 -2.680987
v 36.375202 -260.380219 -2.680986
v -177.146362 -241.093521 -2.680987
v 37.753880 -243.331024 -2.680986
v -176.046722 -219.945328 -2.680987
v 37.960453 -216.018875 -2.680986
v -172.114731 -196.071503 -2.680986
v 36.395313 -195.572845 -2.680986
v -171.535751 -183.265717 -2.680985
v 34.456959 -182.940582 -2.680986
v -154.692505 -147.588608 -2.680987
v 14.100101 -146.126526 -2.680986
v -121.990189 -138.735626 -2.680986
v -105.082390 -136.596634 -2.680987
v -96.796761 -140.295929 -2.680986
v -80.639717 -139.005463 -2.680986
v -48.050789 -143.354340 -2.680986
v -38.109867 -147.497513 -2.680986
v -25.289936 -144.420380 -2.680987
v -11.447266 -142.194427 -2.680986
v -168.897995 -155.929886 -2.680986
v 28.675495 -163.357635 -2.680986
v -146.966095 -137.874329 -2.680986
v -110.802826 -318.221313 -2.680986
v -20.619381 -316.677612 -2.680987
v -1.059471 -306.938019 -2.680987
v -131.622375 -312.836365 -2.680986
v -1647.258179 247.328293 1.474704
v -1681.062256 115.120407 1.474704
v -1026.374268 -555.262512 1.474705
v -943.868774 -529.031006 1.474704
v -1689.505249 0.701491 1.474704
v -1676.127563 -99.067200 1.474704
v -1223.951538 -560.670898 1.474704
v -1131.758667 -568.181274 1.474704
v -1563.514526 396.029785 1.474704
v -1624.599609 305.380371 1.474704
v -1407.724976 488.611572 0.820485
v -1477.203491 465.349609 1.474704
v -1312.471802 -534.637390 1.474704
v -1609.068726 -281.101562 1.474704
v -1556.372437 -359.170441 1.474705
v -721.258789 -365.680115 1.474704
v -1644.433350 -205.499924 1.474704
v -666.738831 -113.036957 6.946712
v -847.768555 -482.872559 1.474704
v -1519.384399 439.620117 1.474704
v -1488.251587 -430.614258 1.474704
v -1388.885986 -499.489868 1.474704
v -751.957458 -405.735748 1.474704
v -1628.863770 -243.953903 1.474704
v -1583.259155 -318.874908 1.474704
v -1523.963501 -395.164032 1.474704
v -1441.353149 -466.494324 1.474704
v -1351.858643 -519.469666 1.474704
v -1267.696655 -550.815186 1.474704
v -1176.799805 -566.573853 1.474704
v -1078.444946 -563.471252 1.474704
v -984.145081 -544.771790 1.474704
v -893.858765 -507.165894 1.474704
v -798.781067 -443.863464 1.474704
v -729.502808 -379.521027 1.474704
v -1379.179077 497.553467 -2.367641
v -1443.002319 477.996460 1.654941
v -1594.620239 355.008850 1.474705
v -1666.208374 183.101425 1.474704
v -1662.710815 -155.635239 1.474704
v -1685.500244 -50.321152 1.474704
v -1689.126587 57.712112 1.474704
v -1690.001343 268.077942 -5.223112
v -1726.564941 127.173691 -5.223112
v -1021.207214 -564.996521 -5.223112
v -941.308716 -538.991272 -5.223112
v -1735.652466 6.148116 -5.223112
v -1721.337036 -102.836563 -5.223112
v -1226.339233 -567.518555 -5.223112
v -1133.855835 -576.619263 -5.223112
v -1599.201782 425.619263 -5.223112
v -1665.312012 329.932922 -5.223112
v -566.821899 158.684189 4.219804
v -1427.748657 517.743286 -5.223112
v -1505.630005 494.742432 -5.223112
v -1315.258911 -541.355713 -5.223112
v -1648.509155 -302.234375 -5.223112
v -1568.327026 -363.445984 -5.223112
v -711.711243 -373.888916 -5.223112
v -1686.966309 -219.416885 -5.223112
v -588.527954 99.912674 -5.223112
v -841.930298 -493.803101 -5.223112
v -1551.182007 470.046875 -5.223112
v -1496.016968 -435.494324 -5.223112
v -1394.448975 -507.029541 -5.223112
v -744.341980 -416.436340 -5.223112
v -1669.984863 -261.484344 -5.223112
v -1620.668335 -343.685852 -5.223112
v -1533.923218 -400.369995 -5.223112
v -1446.123413 -471.757812 -5.223112
v -1355.269531 -526.172424 -5.223112
v -1270.318237 -557.516602 -5.223112
v -1178.451538 -574.684570 -5.223112
v -1079.853149 -572.988342 -5.223112
v -983.114258 -552.745850 -5.223112
v -888.335510 -517.917419 -5.223112
v -792.168091 -455.094299 -5.223112
v -721.888245 -389.083496 -5.223112
v -581.598328 113.825760 4.219804
v -564.017883 178.786057 -5.223112
v -1387.345947 513.215210 -5.223112
v -1467.243042 509.175049 -5.223112
v -1632.869751 382.673767 -5.223112
v -1710.577026 199.545639 -5.223112
v -1706.772339 -164.612350 -5.223112
v -1731.356445 -49.402908 -5.223112
v -1735.169312 66.237473 -5.223112
v -657.344666 -105.459213 6.946712
v -789.440674 -297.109497 1.396634
v -743.604492 -324.136108 1.396634
v -796.829041 -313.021118 1.396634
v -760.306641 -348.143402 1.396634
v -545.089050 149.499893 3.815149
v -564.361206 86.495743 -5.223112
v -557.279480 101.381973 3.815149
v -542.022461 170.377548 -5.223112
v -523.212646 142.829361 3.656285
v -542.252136 80.783066 -5.223112
v -535.630005 94.842300 3.656285
v -520.079895 163.666122 -5.223112
v -309.091034 61.856430 0.998045
v -331.290985 51.700897 -5.223113
v -327.156952 52.302048 0.998045
v -304.522919 65.608597 -5.223112
v -308.610199 55.153885 0.998045
v -329.006927 42.565338 -5.223112
v -324.976288 46.317505 0.998045
v -304.861298 55.586792 -5.223112
v -308.347321 95.901291 -5.223112
v -326.549530 132.630295 -5.223112
v -496.320679 166.210464 -5.223112
v -501.066833 141.764542 3.179949
v -332.985992 122.949905 1.568775
v -313.823151 90.727005 1.568776
v -332.396454 77.361023 1.568775
v -351.964203 100.548538 1.568775
v -512.252075 90.852036 3.179949
v -517.893921 74.031082 -5.223112
v -360.135345 93.764847 -5.223112
v -337.943817 75.010361 -5.223112
v -572.497009 137.944626 4.219806
v -550.080383 127.120926 3.815148
v -528.684937 118.986069 3.656284
v -318.265167 53.942383 0.998046
v -319.988861 41.103775 0.998046
v -311.044952 48.206924 0.998045
v -506.043854 116.071884 3.179948
v -341.396088 110.605942 1.568776
v -321.983246 83.032761 1.568775
v -315.160797 42.260178 0.998045
v -366.418427 161.308182 -5.223112
v -403.913574 174.702682 -5.223112
v -438.381348 178.548172 -5.223112
v -470.489502 177.809830 -5.223113
v -476.146118 150.056198 2.199437
v -442.774231 154.687698 2.199437
v -407.611267 155.442184 2.207318
v -371.743622 146.527267 2.207317
v -385.841980 110.568771 2.207317
v -418.917053 105.452133 2.207316
v -452.363525 96.547592 2.199436
v -489.237549 90.948471 2.199436
v -493.448700 74.662262 -5.223112
v -455.724548 83.340897 -5.223112
v -422.064880 94.705093 -5.223112
v -390.576660 101.878677 -5.223112
v -482.350220 120.687607 2.199436
v -448.529175 125.761093 2.199436
v -413.179504 132.390915 2.207318
v -378.834290 127.857956 2.207318
v -321.136993 36.489471 -5.223112
v -308.018829 46.904526 -5.223112
v -313.691376 39.303894 -5.223112
v -645.476746 -96.404396 6.946712
v -584.804138 174.310562 4.219806
v -610.198059 114.453964 -5.223112
v -603.268494 128.367020 4.219804
v -582.000061 194.412460 -5.932617
v -593.098694 150.959396 4.219805
v -593.762268 197.853958 4.219804
v -639.787415 143.361954 -5.223112
v -628.699646 154.254745 4.219804
v -751.476868 315.092926 4.219803
v -612.947815 175.150864 4.219806
v -606.598572 223.855820 4.219804
v -655.077515 172.621536 -5.223112
v -644.428711 184.271072 4.219804
v -625.178284 203.555466 4.219806
v -624.913391 262.790710 4.219805
v -674.680237 202.524521 -5.223112
v -663.086487 216.432693 4.219804
v -645.327087 237.228134 4.219805
v -696.610535 303.383942 4.219804
v -726.330139 240.656662 -5.223112
v -718.639954 254.164200 4.219803
v -706.633911 279.278778 4.219805
v -691.791199 238.303329 4.219803
v -678.989807 259.452942 4.219805
v -700.335144 225.359360 -5.223112
v -665.453552 287.768616 4.219804
v -751.069275 247.283615 -5.223112
v -751.082825 262.966095 4.219802
v -750.465820 293.699524 4.219804
v -750.821716 324.015076 3.284579
v -695.955383 312.306091 3.284580
v -805.830383 307.768738 6.226633
v -775.504395 242.895309 -5.223112
v -781.989014 257.174316 6.226633
v -794.615845 285.835571 6.226633
v -808.915894 316.165985 3.284580
v -841.774658 260.209045 7.248988
v -795.463501 222.744614 -5.223112
v -807.291077 230.603745 7.248988
v -825.073792 247.715561 7.248988
v -848.355103 266.269653 3.284579
v -852.924377 190.829453 5.963165
v -797.581360 184.627060 -5.223112
v -813.176880 186.275620 5.963165
v -832.223450 188.284592 5.963165
v -861.646362 192.819778 3.284579
v -840.483459 118.219711 4.453277
v -785.003174 123.042404 -5.223112
v -800.617798 121.586105 4.453277
v -819.686890 119.803085 4.453277
v -849.426575 118.452591 3.284579
v -802.527588 24.440123 3.253902
v -746.009583 39.239304 -5.223112
v -761.091858 34.942337 3.253903
v -780.425232 30.228544 3.253903
v -815.148926 22.036070 3.284579
v -777.055603 -26.985064 2.453005
v -718.002014 -8.622071 -5.223112
v -732.504028 -13.839036 2.457179
v -753.773132 -20.467485 2.454145
v -795.490784 -31.180071 2.452787
v -747.175232 333.257111 -5.962716
v -692.308960 321.548126 -5.962714
v -811.973999 322.421295 -5.962715
v -854.193420 273.220001 -5.962715
v -870.457520 195.270126 -5.962715
v -858.601074 119.008621 -5.962715
v -825.157471 20.089964 -5.962715
v -804.090088 -34.206223 -5.962716
v -846.703918 154.524582 5.963165
v -825.955200 154.043808 5.963165
v -806.897339 153.930832 5.963165
v -791.292236 153.834732 -5.223112
v -855.536438 155.636185 3.284579
v -864.529297 157.139389 -5.962715
v -806.032471 88.650772 4.453277
v -793.512451 60.086731 3.253902
v -775.143311 62.743195 3.253902
v -786.650879 89.281540 4.453278
v -829.093994 86.629227 4.453277
v -817.704468 55.038727 3.253903
v -758.869690 63.755299 -5.223112
v -771.213684 91.684738 -5.223112
v -838.000732 86.313736 3.284579
v -826.574829 54.174911 3.284579
v -847.453186 86.035721 -5.962715
v -836.305298 53.062851 -5.962716
v -804.707214 -6.230348 2.247833
v -790.616455 -2.000429 2.470859
v -766.646118 3.819014 2.478493
v -747.257385 9.986098 2.492752
v -732.580383 15.014235 -5.223112
v -813.927673 -8.852189 -5.962715
v -1640.443726 242.979416 1.474704
v -1029.175537 -537.171753 1.474704
v -1681.012817 -0.610521 1.474704
v -1220.192383 -541.974976 1.474704
v -1556.527710 389.266602 1.474705
v -1392.950684 474.505005 1.346015
v -1306.464966 -517.037903 1.474704
v -1602.116577 -277.263275 1.474704
v -725.643860 -342.191040 1.474704
v -1638.120728 -203.590363 1.474704
v -1482.901978 -424.163239 1.474704
v -1621.656860 -240.460434 1.474704
v -1578.022827 -315.697449 1.474704
v -1518.453003 -389.728394 1.474705
v -1435.594116 -457.301575 1.474704
v -1345.245972 -503.597229 1.474704
v -1263.820801 -529.791870 1.474704
v -1175.512207 -548.097473 1.474704
v -1079.435425 -544.890137 1.474704
v -988.382385 -527.176086 1.474705
v -900.863098 -491.678772 1.474704
v -809.351257 -430.947815 1.474704
v -740.409363 -361.548004 1.474704
v -1435.477905 465.870239 1.654941
v -1586.997192 349.712952 1.474704
v -1659.789673 180.591782 1.474704
v -1656.280884 -152.421936 1.474704
v -1677.576538 -50.506927 1.474704
v -1679.743286 56.214722 1.474704
v -1673.297485 114.449814 1.474704
v -949.148254 -513.270447 1.474704
v -1669.904663 -98.683655 1.474705
v -1130.182373 -548.856384 1.474704
v -1616.286011 299.130676 1.474704
v -1470.196655 455.700806 1.474704
v -1549.427124 -354.275604 1.474704
v -631.953369 -86.843811 -5.223112
v -856.864075 -467.101318 1.474704
v -1510.273804 431.708984 1.474704
v -1382.275269 -487.665649 1.474704
v -767.164917 -392.220398 1.474704
v -1365.847412 472.139832 -2.771442
v -647.554626 -77.546967 -5.223111
v -766.602051 -315.161011 1.396634
v -779.783691 -334.427521 1.396634
v -661.692505 -87.379471 4.669477
v -676.554871 -59.908203 -5.223112
v -688.745544 -50.248184 -5.223112
v -697.436951 -36.431305 -5.223113
v -707.474487 -24.895113 -5.223112
v -675.395691 -96.290527 4.669477
v -690.673584 -70.406204 1.100669
v -702.866699 -58.918320 1.611035
v -711.965942 -45.632164 1.611122
v -721.928467 -31.729555 1.611526
v -742.000793 -40.022293 1.610737
v -733.222107 -52.984444 1.558496
v -723.896118 -66.310623 1.397067
v -709.683838 -78.794571 1.100670
v -688.453918 -105.023926 4.669477
v -700.977844 -113.900879 4.669477
v -727.000061 -88.429810 1.100669
v -740.374573 -77.715393 1.319728
v -754.552185 -62.909836 1.529411
v -764.691711 -46.826057 1.610737
v -784.826416 -52.938110 1.610736
v -773.466492 -70.427612 1.610737
v -766.844055 -100.734909 1.610736
v -739.108459 -100.187027 1.100669
v -721.958191 -129.822281 -5.223113
v -743.186829 -123.624695 -5.223112
v -769.194702 -113.163620 -5.223112
v -782.463745 -108.551331 1.675254
v -794.018005 -77.469269 1.512470
v -797.982849 -58.900482 3.180700
v -806.394043 -279.888885 1.396634
v -818.908325 -292.532684 1.396634
v -822.844727 -263.625824 1.396633
v -834.859009 -278.168304 1.396634
v -840.631409 -248.752701 1.396633
v -853.056641 -261.059235 1.396634
v -872.428894 -188.273773 1.396634
v -890.951965 -182.206909 1.396634
v -870.233521 -240.039062 1.396634
v -856.661133 -228.090607 1.396633
v -864.598450 -172.359787 1.396633
v -877.275208 -159.388977 1.396633
v -848.890198 -158.536667 1.396633
v -860.356140 -148.190735 1.396634
v -815.575928 -128.656891 1.396634
v -825.230286 -119.931061 1.396634
v -797.896606 -114.502869 1.396633
v -805.103699 -105.892822 1.396633
v -712.250183 -356.764160 -5.223112
v -719.230652 -106.667526 2.620127
v -708.094116 -97.535446 2.620127
v -783.925720 -286.747009 -5.223112
v -739.039673 -313.504608 -5.223112
v -716.840515 -336.983887 -5.223112
v -693.448730 -87.647888 2.620127
v -677.612122 -78.311234 2.620127
v -761.075256 -304.970184 -5.223112
v -662.921265 -68.743286 -5.223111
v -800.936340 -270.060425 -5.223112
v -816.347778 -254.054092 -5.223112
v -832.630920 -241.021347 -5.223112
v -862.376465 -190.323166 -5.223112
v -854.749512 -178.886261 -5.223112
v -839.512756 -167.940536 -5.223112
v -809.733398 -139.496094 -5.223112
v -793.616028 -127.524139 -5.223112
v -889.522217 -221.418564 1.396633
v -872.355469 -211.767883 1.396633
v -861.671387 -207.211655 -5.223112
v -848.532532 -224.189133 -5.223112
v -907.913025 -204.518768 1.396634
v -842.603088 -131.751602 1.396633
v -833.194885 -141.618011 1.396634
v -824.992126 -151.691742 -5.223112
v -678.292847 -121.978668 6.946712
v -699.661926 -139.192001 -5.223112
v -610.886047 -136.449097 13.631634
v -603.404236 -127.784607 13.631634
v -593.437012 -118.534180 13.631635
v -579.539246 -112.840652 -5.223113
v -621.034302 -143.278229 13.631635
v -638.977356 -154.917801 -5.223113
v -601.935974 -147.559601 13.631634
v -593.975403 -141.219910 13.631635
v -573.401672 -134.251373 -5.223113
v -628.559753 -160.700760 -5.223114
v -596.833679 -160.891144 -5.223114
v -579.480469 -152.161240 -5.223113
v -617.323059 -163.183182 -5.223114
v -616.009827 -96.358536 -5.223112
v -658.078552 -127.484467 9.503796
v -638.318665 -134.123199 12.103219
v -596.877380 -103.576630 -5.223112
v -648.673401 -118.743378 9.503797
v -649.616882 -147.348007 -5.223113
v -675.949402 -144.157196 -5.223113
v -629.336243 -125.867889 12.103218
v -628.990417 -104.033646 9.503796
v -621.429871 -118.246262 12.103217
v -610.097961 -110.906204 12.103218
v -639.662537 -111.934250 9.503797
v -1626.455688 243.570297 -0.933680
v -1667.024780 -0.019628 -0.933680
v -1542.539673 389.857483 -0.933680
v -1421.489868 466.461121 -0.753443
v -1573.009155 350.303833 -0.933680
v -1645.801514 181.182678 -0.933680
v -1665.755127 56.805611 -0.933680
v -1659.309448 115.040710 -0.933680
v -1602.297852 299.721558 -0.933680
v -1456.208496 456.291687 -0.933680
v -1496.285767 432.299866 -0.933680
v -612.781799 -187.398376 44.699795
v -610.351440 -185.107849 44.699795
v -593.785889 -185.598404 44.699795
v -591.495300 -188.028732 44.699795
v -610.981812 -206.394531 44.699795
v -613.272400 -203.964203 44.699795
v -591.985901 -204.594559 44.699795
v -594.416199 -206.885086 44.699795
v -592.182800 -209.937363 44.699795
v -589.071167 -207.004761 44.699795
v -581.986877 -213.743118 -2.446881
v -585.707703 -217.249863 -2.446881
v -616.324585 -206.197678 44.699791
v -613.391968 -209.309265 44.699795
v -620.288452 -216.225830 -2.446882
v -623.795227 -212.505035 -2.446881
v -588.443115 -185.795288 44.699795
v -591.375732 -182.683655 44.699795
v -584.469604 -175.441116 -2.446881
v -580.962830 -179.161926 -2.446881
v -612.584900 -182.055573 44.699795
v -615.696533 -184.988190 44.699791
v -622.771118 -177.923828 -2.446882
v -619.050354 -174.417084 -2.446882
v -596.546814 -185.516663 39.736263
v -607.590576 -185.189606 39.736263
v -594.910583 -182.578979 39.736263
v -609.050049 -182.160263 39.736263
v -613.286865 -174.587769 -2.446882
v -590.233032 -175.270447 -2.446880
v -608.220886 -206.476288 39.736263
v -597.177185 -206.803314 39.736263
v -609.857117 -209.413956 39.736259
v -595.717651 -209.832672 39.736263
v -614.524963 -216.396515 -2.446882
v -591.471130 -217.079193 -2.446880
v -591.904114 -201.833603 39.736263
v -591.577087 -190.789703 39.736263
v -588.966492 -203.469833 39.736263
v -588.547791 -189.330170 39.736263
v -581.816223 -207.979614 -2.446881
v -581.133545 -184.925446 -2.446881
v -612.863586 -190.159348 39.736259
v -613.190613 -201.203217 39.736259
v -615.801208 -188.523102 39.736259
v -616.219910 -202.662766 39.736259
v -623.624573 -206.741531 -2.446882
v -622.941833 -183.687378 -2.446882
v -727.262329 -150.521011 59.755993
v -726.876099 -153.838226 59.755993
v -737.160889 -166.833679 59.755997
v -740.478088 -167.219925 59.755997
v -743.575195 -140.622314 59.755997
v -740.257935 -140.236053 59.755997
v -753.473755 -156.934982 59.755997
v -753.859985 -153.617783 59.755997
v -757.642029 -153.586868 59.755997
v -757.147522 -157.833954 59.755997
v -768.258118 -159.679596 -2.446882
v -768.879456 -154.343216 -2.446882
v -740.227112 -136.454041 59.755997
v -744.474182 -136.948578 59.755997
v -746.320007 -125.837944 -2.446880
v -740.983582 -125.216591 -2.446880
v -740.508972 -171.001923 59.755997
v -736.261902 -170.507431 59.755997
v -734.416077 -181.618042 -2.446881
v -739.752502 -182.239380 -2.446880
v -723.094055 -153.869125 59.755997
v -723.588562 -149.622025 59.755997
v -712.477966 -147.776398 -2.446882
v -711.856567 -153.112793 -2.446882
v -735.446777 -164.667755 54.792465
v -728.590210 -156.004105 54.792461
v -734.067261 -167.734375 54.792465
v -725.288696 -156.642181 54.792465
v -715.616516 -157.863678 -2.446882
v -730.656189 -176.867188 -2.446881
v -745.289307 -142.788239 54.792465
v -752.145813 -151.451889 54.792465
v -746.668823 -139.721619 54.792465
v -755.447327 -150.813812 54.792465
v -750.079895 -130.588837 -2.446879
v -765.119568 -149.592346 -2.446882
v -751.307800 -158.649139 54.792465
v -742.644043 -165.505768 54.792465
v -754.374390 -160.028625 54.792465
v -743.282043 -168.807281 54.792465
v -763.507202 -163.439575 -2.446882
v -744.503418 -178.479416 -2.446880
v -729.428284 -148.806839 54.792461
v -738.091980 -141.950226 54.792465
v -726.361694 -147.427368 54.792461
v -737.454041 -138.648727 54.792465
v -736.232666 -128.976562 -2.446881
v -717.228882 -144.016434 -2.446882
v -676.989502 -357.129364 72.827354
v -677.005615 -360.468964 72.827354
v -688.780884 -372.130951 72.827354
v -692.120483 -372.114838 72.827354
v -691.991211 -345.337830 72.827354
v -688.651611 -345.353973 72.827354
v -703.782654 -360.339417 72.827354
v -703.766479 -356.999847 72.827354
v -707.517273 -356.513611 72.827354
v -707.537903 -360.789337 72.827354
v -720.616699 -361.447174 -2.446882
v -720.589111 -355.729279 -2.446882
v -688.165466 -341.603210 72.827354
v -692.441162 -341.582520 72.827354
v -693.099182 -328.503723 -2.446880
v -687.381287 -328.531342 -2.446880
v -692.606628 -375.865601 72.827354
v -688.330872 -375.886261 72.827354
v -687.672913 -388.965088 -2.446880
v -693.390808 -388.937439 -2.446880
v -673.254822 -360.955200 72.827354
v -673.234192 -356.679443 72.827354
v -660.155396 -356.021637 -2.446882
v -660.182983 -361.739532 -2.446882
v -686.818298 -370.187286 67.863823
v -678.968140 -362.412598 67.863823
v -685.818237 -373.397736 67.863823
v -675.767517 -363.443726 67.863823
v -664.764648 -366.277130 -2.446882
v -683.091248 -384.427521 -2.446881
v -693.953796 -347.281494 67.863823
v -701.803955 -355.056213 67.863823
v -694.953857 -344.071045 67.863823
v -705.004578 -354.025085 67.863823
v -697.680847 -333.041321 -2.446880
v -716.007446 -351.191711 -2.446882
v -701.838928 -362.302002 67.863823
v -694.064148 -370.152252 67.863823
v -705.049377 -363.302063 67.863823
v -695.095154 -373.352875 67.863823
v -716.079041 -366.028870 -2.446882
v -697.928467 -384.355713 -2.446880
v -678.933167 -355.166809 67.863823
v -686.707947 -347.316528 67.863823
v -675.722717 -354.166748 67.863823
v -685.676941 -344.115906 67.863823
v -682.843628 -333.113037 -2.446881
v -664.692993 -351.439880 -2.446882
v -590.935852 -211.260376 33.956753
v -589.688965 -212.583435 23.213713
v -586.577332 -209.650818 23.213713
v -587.824280 -208.327789 33.956753
v -587.120056 -184.548340 33.956753
v -585.797058 -183.301392 23.213713
v -588.729675 -180.189789 23.213713
v -590.052673 -181.436707 33.956753
v -618.190369 -182.342133 23.213713
v -616.943420 -183.665176 33.956753
v -613.831848 -180.732544 33.956753
v -615.078735 -179.409515 23.213713
v -617.647644 -207.444611 33.956753
v -618.970642 -208.691544 23.213713
v -616.038025 -211.803146 23.213713
v -614.715027 -210.556213 33.956753
v -609.868591 -180.849915 30.647734
v -610.687195 -179.539551 21.559204
v -594.015869 -181.319366 30.647736
v -593.121155 -180.059753 21.559204
v -594.899048 -211.143021 30.647736
v -594.080444 -212.453369 21.559204
v -610.751831 -210.673569 30.647734
v -611.646545 -211.933197 21.559204
v -587.237427 -188.511566 30.647736
v -585.927124 -187.692947 21.559204
v -587.706909 -204.364532 30.647734
v -586.447327 -205.259262 21.559204
v -617.530273 -203.481384 30.647734
v -618.840576 -204.299988 21.559204
v -617.060791 -187.628418 30.647734
v -618.320374 -186.733704 21.559204
v -709.335266 -356.504822 62.084312
v -711.153259 -356.496002 51.341274
v -711.173950 -360.771759 51.341278
v -709.355896 -360.780548 62.084312
v -692.615417 -377.683594 62.084312
v -692.624207 -379.501587 51.341278
v -688.348450 -379.522278 51.341278
v -688.339661 -377.704285 62.084312
v -669.598145 -356.697021 51.341278
v -671.416199 -356.688232 62.084309
v -671.436829 -360.963989 62.084309
v -669.618835 -360.972778 51.341274
v -688.156677 -339.785187 62.084312
v -688.147949 -337.967163 51.341278
v -692.423645 -337.946533 51.341278
v -692.432434 -339.764526 62.084312
v -674.253967 -363.754028 58.775291
v -672.740417 -364.064362 49.686768
v -685.522522 -374.914215 58.775295
v -685.226868 -376.430725 49.686768
v -706.518127 -353.714783 58.775291
v -708.031677 -353.404449 49.686768
v -695.249573 -342.554565 58.775291
v -695.545227 -341.038147 49.686768
v -695.405457 -374.866425 58.775291
v -695.715820 -376.379944 49.686768
v -706.565857 -363.597717 58.775291
v -708.082275 -363.893402 49.686768
v -685.366638 -342.602356 58.775295
v -685.056274 -341.088806 49.686768
v -674.206238 -353.871063 58.775291
v -672.689819 -353.575409 49.686768
v -759.447815 -153.797119 49.012951
v -761.253662 -154.007385 38.269913
v -760.759155 -158.254456 38.269913
v -758.953308 -158.044205 49.012951
v -740.298706 -172.807755 49.012955
v -740.088440 -174.613586 38.269917
v -735.841309 -174.119080 38.269917
v -736.051575 -172.313248 49.012955
v -719.976929 -149.201538 38.269913
v -721.782776 -149.411774 49.012951
v -721.288208 -153.658875 49.012951
v -719.482422 -153.448624 38.269913
v -740.437378 -134.648224 49.012955
v -740.647644 -132.842377 38.269917
v -744.894775 -133.336914 38.269917
v -744.684448 -135.142731 49.012951
v -723.748779 -156.767944 45.703930
v -722.208923 -156.893707 36.615402
v -733.591064 -169.204208 45.703934
v -733.114868 -170.674026 36.615406
v -756.987244 -150.688065 45.703930
v -758.527161 -150.562317 36.615402
v -747.145020 -138.251801 45.703934
v -747.621216 -136.781998 36.615406
v -743.407776 -170.347168 45.703934
v -743.533508 -171.887070 36.615406
v -755.844238 -160.504807 45.703930
v -757.314026 -160.980988 36.615402
v -737.328247 -137.108826 45.703934
v -737.202515 -135.568909 36.615406
v -724.891846 -146.951202 45.703930
v -723.422058 -146.475006 36.615402
v -671.822510 -236.234085 67.867722
v -687.096863 -246.216110 94.682953
v -698.015564 -258.934998 91.642204
v -642.908752 -285.651459 117.295692
v -666.522827 -310.823822 67.867729
v -671.281555 -240.660583 98.505417
v -642.088440 -254.675690 107.709412
v -654.807434 -243.757141 103.303322
v -682.837463 -302.143066 72.597221
v -695.556396 -291.224487 80.507706
v -701.111938 -275.409241 87.705582
v -663.369690 -294.412354 126.160370
v -677.748474 -257.543823 126.119232
v -689.136841 -243.305252 67.867722
v -684.240417 -265.764191 126.119232
v -700.728088 -257.543243 67.867722
v -685.368591 -275.817749 126.119232
v -704.169128 -275.478790 67.867722
v -681.398010 -284.641876 126.119232
v -698.636475 -293.050537 67.867722
v -673.923889 -290.162415 126.160370
v -685.040161 -306.063782 67.867722
v -653.785706 -295.024048 122.957863
v -638.175476 -270.133606 111.598534
v -661.630188 -290.452667 126.160370
v -647.199158 -305.311554 67.867722
v -650.456848 -281.823547 126.119225
v -633.139587 -289.888855 67.867722
v -648.142334 -272.896606 126.119225
v -629.647949 -268.230347 67.867722
v -650.546082 -263.621216 126.119225
v -635.252380 -253.087250 67.867722
v -657.612793 -256.518341 126.119232
v -652.726562 -238.619156 67.867722
v -667.735352 -254.087021 126.119232
v -644.543701 -270.078796 111.598534
v -657.911438 -249.530273 103.303322
v -689.767761 -286.638733 80.507706
v -648.495056 -282.468231 117.295692
v -679.824463 -295.174530 72.597221
v -691.690247 -261.395844 91.642204
v -683.154297 -251.452621 94.682953
v -647.968201 -258.066040 107.709412
v -656.855957 -290.378204 122.957870
v -694.110840 -274.274902 87.705582
v -667.174072 -301.315918 67.867729
v -670.790405 -247.109482 98.505417
v -674.929443 -261.426147 126.119232
v -679.692383 -267.457153 126.119232
v -680.520142 -274.833160 126.119232
v -677.607056 -281.307129 126.119232
v -672.123474 -285.357391 126.119232
v -663.104004 -285.570343 126.119232
v -654.906433 -279.239441 126.119225
v -653.208374 -272.690002 126.119225
v -654.971924 -265.884918 126.119225
v -660.156555 -260.673767 126.119232
v -667.583191 -258.889984 126.119232
v -652.541443 -262.884949 133.980835
v -656.935425 -258.468506 133.980835
v -679.455933 -284.916199 133.980835
v -674.808594 -288.348816 133.980835
v -660.077332 -288.114868 133.980835
v -653.129883 -282.749420 133.980835
v -678.279541 -259.625519 133.980835
v -682.316162 -264.736816 133.980835
v -655.293335 -264.292511 133.980835
v -658.517090 -261.052277 133.980835
v -677.098755 -282.842712 133.980835
v -673.689148 -285.361115 133.980835
v -660.993713 -285.079102 133.980835
v -655.896606 -281.142639 133.980835
v -676.526733 -262.039459 133.980835
v -679.488281 -265.789490 133.980835
v -677.857605 -293.503815 90.451614
v -675.890747 -291.833130 108.305984
v -660.175049 -294.616272 125.092865
v -656.980408 -294.820160 124.025375
v -646.942810 -271.957336 121.278999
v -645.743225 -271.018066 116.438774
v -657.712341 -254.188995 118.513916
v -657.811890 -251.859634 110.908615
v -684.187927 -285.307495 110.915390
v -686.977844 -285.973114 95.711548
v -649.802917 -282.038452 123.178047
v -649.148987 -282.253357 120.236870
v -686.723694 -264.308075 114.626892
v -689.206970 -262.851959 103.134552
v -679.550415 -255.513428 115.640472
v -681.352356 -253.483017 105.161713
v -649.686768 -261.769501 119.982613
v -648.827454 -259.917786 113.846016
v -660.038757 -290.427856 125.092865
v -658.447388 -290.403015 124.025375
v -688.282715 -275.303467 113.314697
v -691.196777 -274.789185 100.510147
v -664.637817 -296.713531 106.729492
v -665.905945 -299.014740 87.298599
v -668.753723 -251.761185 116.914642
v -669.772095 -249.435333 107.710022
v -653.857483 -303.979675 67.867722
v -660.515747 -302.647797 67.867729
v -671.461914 -239.185074 88.292854
v -671.642212 -237.709579 78.080292
v -687.776855 -245.245819 85.744537
v -688.456848 -244.275528 76.806122
v -651.590210 -298.453217 104.594475
v -649.394653 -301.882385 86.231102
v -639.809753 -254.146210 94.428841
v -637.531067 -253.616730 81.148277
v -698.919739 -258.471069 83.717377
v -699.823914 -258.007172 75.792549
v -654.113831 -242.044479 91.491447
v -653.420227 -240.331818 79.679581
v -635.332947 -269.499176 97.021599
v -632.490417 -268.864746 82.444664
v -696.583069 -291.833191 76.294373
v -697.609802 -292.441864 72.081039
v -639.652344 -287.063904 100.819695
v -636.395996 -288.476379 84.343712
v -684.305969 -304.756866 69.444221
v -683.571716 -303.449951 71.020714
v -702.130981 -275.432434 81.092964
v -703.150085 -275.455627 74.480347
v -654.898438 -300.926514 86.586929
v -660.402222 -299.970642 86.942764
v -655.939392 -297.873352 105.306160
v -660.288635 -297.293457 106.017838
v -650.603333 -233.805817 53.351955
v -646.984863 -225.565430 40.721676
v -673.327332 -222.275253 40.721676
v -672.376709 -231.086334 53.351955
v -705.335205 -255.383316 53.351955
v -720.958130 -251.918121 34.372261
v -754.021667 -303.217529 -0.413073
v -709.258728 -275.833649 53.351955
v -697.212158 -232.029800 40.721676
v -692.118713 -239.148956 53.351955
v -630.679016 -250.302521 53.351952
v -622.879517 -245.523911 40.721676
v -644.300842 -309.849365 53.351955
v -639.359863 -317.566467 40.721676
v -619.964966 -296.291077 40.721676
v -628.269958 -292.264160 53.351952
v -624.288696 -267.568878 53.351952
v -615.148254 -266.413544 40.721676
v -687.447693 -310.707031 53.351955
v -691.560913 -318.604126 40.721676
v -666.016479 -325.170532 40.721676
v -666.333923 -316.134521 53.351955
v -710.316711 -300.652588 40.721676
v -702.950317 -295.869202 53.351955
v -609.194275 -188.770325 36.214691
v -595.573425 -203.222626 36.214691
v -595.157776 -189.186005 36.214691
v -609.609924 -202.806931 36.214691
v -730.505005 -152.579651 51.270889
v -750.231079 -154.876358 51.270893
v -739.219543 -163.591034 51.270893
v -741.516479 -143.864975 51.270893
v -680.456482 -358.782410 64.342255
v -700.315613 -358.686371 64.342255
v -690.433960 -368.663940 64.342255
v -690.338135 -348.804840 64.342255
v -657.357971 -277.815735 126.119232
v -655.999451 -272.576172 126.119225
v -657.410278 -267.132111 126.119232
v -661.558044 -262.963196 126.119232
v -667.499329 -261.536163 126.119232
v -673.376343 -263.565063 126.119232
v -677.848877 -274.290710 126.119232
v -675.518433 -279.469879 126.119232
v -671.131592 -282.710083 126.119232
v -663.915955 -282.880463 126.119232
v -677.186707 -268.389893 126.119232
v -609.437134 -237.679886 -2.446882
v -631.632019 -330.310150 -2.446881
v -601.819336 -306.169006 -2.446879
v -596.779724 -265.963135 -2.446880
v -666.006470 -325.350006 -2.446882
v -632.009338 -192.497894 40.744911
v -632.295715 -195.373444 40.639114
v -627.283508 -176.349045 -2.446881
v -631.569885 -199.779510 -2.455662
v -616.128113 -192.821716 34.662998
v -611.298218 -177.282990 -2.446882
v -616.128113 -200.910385 -2.455663
v -616.128113 -197.198166 34.662998
v -709.362732 -155.775558 -2.446882
v -721.409790 -175.039856 -2.455663
v -718.742493 -172.291016 42.332520
v -716.859924 -170.350906 42.332520
v -694.718933 -164.235809 -2.446880
v -673.451599 -169.973541 -2.446882
v -649.495178 -174.156677 -2.446879
v -698.231140 -186.054993 -2.455661
v -676.988831 -191.893784 -2.455663
v -652.670288 -196.571457 -2.455661
v -653.301941 -192.529968 36.113586
v -677.439697 -188.373322 42.170696
v -698.685303 -182.610580 46.512192
v -653.693420 -190.024673 36.113586
v -677.830627 -185.320557 42.170696
v -699.094604 -179.506714 46.512192
v -621.388794 -193.187347 35.047173
v -626.654419 -192.691360 38.742645
v -621.343140 -196.144272 35.047173
v -626.553162 -195.951996 38.742645
v -626.422607 -200.156479 -2.455663
v -621.275330 -200.533432 -2.455663
v -621.955078 -176.660355 -2.446882
v -616.626648 -176.971680 -2.446882
v -642.091248 -174.887466 -2.446880
v -634.687378 -175.618256 -2.446881
v -645.636841 -197.640808 -2.455661
v -638.603394 -198.710175 -2.455662
v -638.400635 -194.666367 39.118446
v -646.117737 -193.549316 35.489014
v -639.098206 -191.572296 39.005730
v -646.440247 -190.805481 35.489014
v -667.462463 -171.019348 -2.446882
v -661.473389 -172.065125 -2.446882
v -655.484253 -173.110901 -2.446879
v -670.909180 -193.063202 -2.455663
v -664.829590 -194.232620 -2.455663
v -658.749939 -195.402054 -2.455664
v -659.343567 -191.430847 40.717884
v -665.367371 -190.459000 43.611908
v -671.370972 -189.652252 44.096180
v -659.720581 -188.908600 40.717884
v -665.765503 -187.665253 43.611908
v -671.830627 -186.256805 44.096180
v -689.402100 -165.670258 -2.446880
v -684.085266 -167.104691 -2.446881
v -678.768433 -168.539124 -2.446881
v -692.920532 -187.514679 -2.455662
v -687.609985 -188.974396 -2.455662
v -682.299377 -190.434097 -2.455662
v -682.750122 -186.940247 38.533607
v -688.075623 -185.391129 39.016544
v -693.397644 -183.870132 43.619503
v -683.147583 -183.859467 38.533607
v -688.449463 -182.514450 39.016544
v -693.754883 -181.141312 43.619503
v -703.723145 -179.831879 47.099720
v -708.713013 -177.275467 45.277493
v -713.764648 -174.853683 41.744991
v -703.512390 -177.416595 47.099720
v -707.978149 -175.104141 45.277493
v -712.382080 -172.657089 41.744991
v -705.701782 -157.890625 -2.446879
v -702.040833 -160.005676 -2.446879
v -698.379883 -162.120758 -2.446880
v -715.615112 -177.793640 -2.455663
v -709.820435 -180.547409 -2.455664
v -704.025757 -183.301208 -2.455661
v -722.985474 -169.612366 46.863041
v -727.238525 -166.939117 49.683289
v -732.232056 -163.329590 50.093781
v -720.941895 -167.694687 46.863041
v -725.013855 -165.033051 49.683289
v -730.005432 -161.583832 50.093781
v -721.149841 -148.113770 -2.446882
v -717.220764 -150.667694 -2.446882
v -713.291748 -153.221619 -2.446882
v -734.597595 -166.696991 -2.455662
v -730.201660 -169.477966 -2.455662
v -725.805725 -172.258896 -2.455663
v -631.942444 -191.825836 34.605190
v -631.191772 -190.102036 22.815971
v -631.740845 -196.129242 22.815971
v -631.740845 -196.129242 34.246613
v -616.128113 -192.821716 30.640280
v -615.377441 -191.097916 21.663446
v -616.128113 -197.198166 30.640280
v -616.128113 -197.198166 21.663446
v -716.462952 -169.941803 35.525108
v -715.712280 -168.217987 28.400541
v -719.139465 -172.700134 28.400543
v -719.139465 -172.700134 35.525108
v -699.134277 -179.205719 39.740028
v -698.383606 -177.481918 30.313173
v -677.874878 -184.975266 35.603615
v -677.124207 -183.251465 26.626785
v -653.804504 -189.313965 29.306177
v -653.053833 -187.590149 22.181608
v -698.645630 -182.911575 30.074511
v -698.645630 -182.911575 39.498848
v -677.395447 -188.718597 26.626785
v -677.395447 -188.718597 35.603615
v -653.190857 -193.240692 22.181608
v -653.190857 -193.240692 29.306177
v -626.536621 -196.485550 22.431797
v -626.536621 -196.485550 33.862431
v -621.332336 -196.841858 22.047621
v -621.332336 -196.841858 31.024456
v -626.670959 -192.157791 34.221012
v -625.920288 -190.433990 22.431797
v -621.399536 -192.489761 31.024456
v -620.648865 -190.765961 22.047621
v -646.517151 -190.151245 28.681599
v -645.766479 -188.427444 21.557032
v -639.229797 -190.988541 32.417381
v -638.479126 -189.264740 23.440548
v -646.040833 -194.203552 21.557034
v -646.040833 -194.203552 28.681601
v -638.890869 -195.166397 23.440548
v -638.890869 -195.166397 32.417381
v -671.344299 -189.849121 27.658497
v -671.344299 -189.849121 37.082836
v -665.293152 -190.979645 27.174227
v -665.293152 -190.979645 36.598564
v -659.242004 -192.110168 25.173975
v -659.242004 -192.110168 34.150806
v -671.857300 -186.059937 37.324017
v -671.106628 -184.336121 27.897160
v -665.839661 -187.144608 36.839745
v -665.089050 -185.420807 27.412889
v -659.822083 -188.229279 34.150806
v -659.071411 -186.505478 25.173975
v -693.333069 -184.363327 28.075592
v -693.333069 -184.363327 37.052425
v -688.020569 -185.815094 25.084564
v -688.020508 -185.815079 32.209129
v -682.708008 -187.266846 24.601627
v -682.708008 -187.266846 31.726196
v -693.819458 -180.648102 37.052425
v -693.068787 -178.924316 28.075590
v -688.504578 -182.090485 32.209129
v -687.753906 -180.366699 25.084564
v -683.189697 -183.532867 31.726196
v -682.439026 -181.809082 24.601627
v -714.015991 -175.252991 27.813015
v -714.015991 -175.252991 34.937580
v -708.892517 -177.805847 29.733583
v -708.892517 -177.805847 38.710415
v -703.769104 -180.358719 30.662035
v -703.769104 -180.358704 40.086376
v -712.130798 -172.257782 34.937580
v -711.380127 -170.533966 27.813015
v -707.798584 -174.573761 38.710411
v -707.047913 -172.849960 29.733582
v -703.466431 -176.889740 40.327557
v -702.715759 -175.165939 30.900698
v -731.886658 -164.571533 33.656097
v -731.886658 -164.571533 43.080437
v -727.637634 -167.281067 33.245602
v -727.637634 -167.281067 42.669945
v -723.388550 -169.990601 31.319134
v -723.388550 -169.990601 40.295959
v -728.690674 -162.065750 43.321617
v -727.940002 -160.341949 33.894760
v -724.614746 -164.691101 42.911125
v -723.864075 -162.967285 33.484268
v -720.538818 -167.316437 40.295959
v -719.788147 -165.592621 31.319132
v -803.261169 -259.578735 55.948528
v -808.146484 -258.150116 -2.446879
v -802.187256 -258.298065 55.948528
v -799.465149 -248.835266 -2.446880
v -818.471802 -242.411148 62.606167
v -816.590210 -240.454544 62.606167
v -813.718811 -237.475708 -2.446882
v -821.343201 -245.390015 -2.446882
v -841.544861 -226.650467 -2.446880
v -832.618103 -219.906372 -2.446881
v -835.963318 -222.433685 59.310944
v -838.199585 -224.123154 59.310944
v -851.067017 -200.411896 -2.446880
v -842.220886 -205.811401 -2.446880
v -845.490234 -203.815872 53.548943
v -847.797668 -202.407410 53.548943
v -840.809631 -193.686401 56.493908
v -843.122437 -199.507935 52.961407
v -842.798157 -192.546021 56.493908
v -845.316833 -198.121841 52.961407
v -848.253784 -196.266663 -2.446880
v -845.794739 -190.827637 -2.446880
v -840.185486 -201.363113 -2.446880
v -837.813171 -195.404785 -2.446881
v -846.198914 -207.987732 58.079464
v -844.750671 -213.085648 60.899704
v -840.972107 -218.219177 61.310200
v -848.874329 -207.153564 58.079464
v -847.669983 -213.330246 60.899704
v -843.601196 -219.264847 61.310200
v -847.374451 -220.765549 -2.446880
v -851.558472 -213.656067 -2.446879
v -852.566589 -206.002396 -2.446879
v -837.198853 -216.718491 -2.446881
v -840.862244 -212.759811 -2.446880
v -842.506653 -209.138916 -2.446880
v -830.590820 -226.957428 56.327404
v -825.997986 -230.531265 56.149002
v -820.990356 -235.646912 60.667664
v -832.660767 -228.527573 56.327404
v -828.262024 -232.106689 56.149002
v -823.002930 -237.392471 60.667664
v -826.204529 -240.162659 -2.446881
v -831.694641 -234.495285 -2.446881
v -836.057251 -231.103989 -2.446881
v -817.788757 -232.876724 -2.446882
v -822.565369 -228.142685 -2.446882
v -827.194397 -224.380997 -2.446881
v -808.528809 -243.108780 -2.446883
v -815.064453 -250.306717 -2.446882
v -810.898621 -245.716904 62.106926
v -804.231018 -249.790787 56.054073
v -812.694641 -247.698593 62.106926
v -805.963684 -250.950516 56.054073
v -798.560608 -259.195374 58.193615
v -800.493103 -261.473450 58.193615
v -804.848755 -257.962494 49.121204
v -804.913818 -258.648407 43.219349
v -800.718262 -254.696716 43.494633
v -803.087158 -256.492432 49.199265
v -816.117249 -239.965317 46.195080
v -816.117249 -239.965317 55.557384
v -818.944763 -242.900391 55.614414
v -818.944763 -242.900391 46.825497
v -838.736755 -224.528976 52.743862
v -838.736755 -224.528976 43.767029
v -835.426147 -222.027878 43.767029
v -835.426147 -222.027893 52.743862
v -848.284241 -202.110413 46.741528
v -848.284241 -202.110413 39.616959
v -845.003601 -204.112885 39.616959
v -845.003601 -204.112885 46.741528
v -842.723511 -199.759918 39.029434
v -842.723511 -199.759918 46.153999
v -840.323914 -193.964935 40.950001
v -840.323914 -193.964935 49.926834
v -845.715759 -197.869858 46.153999
v -845.715759 -197.869858 39.029430
v -843.283936 -192.267471 49.926834
v -843.283936 -192.267471 40.949997
v -840.399841 -217.991577 44.872517
v -840.399841 -217.991577 54.296856
v -844.226990 -213.041748 44.462021
v -844.226990 -213.041748 53.886360
v -845.671265 -208.152237 42.535549
v -845.671265 -208.152237 51.512383
v -844.173523 -219.492462 54.538036
v -844.173523 -219.492462 45.111183
v -848.193726 -213.374115 54.127544
v -848.193726 -213.374115 44.700687
v -849.402039 -206.989029 51.512375
v -849.402039 -206.989029 42.535545
v -820.436096 -235.168671 44.949123
v -820.436096 -235.168671 54.003582
v -825.437195 -230.141022 41.967285
v -825.437195 -230.141022 49.091846
v -829.982361 -226.495865 41.613110
v -829.982361 -226.495865 48.737679
v -823.557190 -237.870712 54.015060
v -823.557190 -237.870712 45.076077
v -828.822815 -232.496918 49.091846
v -828.822815 -232.496918 41.967278
v -833.269226 -228.989136 48.737671
v -833.269226 -228.989136 41.613110
v -804.730896 -252.383194 49.846199
v -808.509460 -254.679123 44.077686
v -813.008545 -248.042450 54.958084
v -813.008545 -248.042450 46.295712
v -803.008728 -250.581329 44.142731
v -802.857666 -250.769043 49.846199
v -810.584717 -245.373062 45.804245
v -810.584717 -245.373062 54.913624
v -800.662598 -262.307098 51.609192
v -800.662598 -262.307098 43.758957
v -797.878357 -259.025909 43.758957
v -797.878357 -259.025909 51.609192
v -838.829163 -191.400757 55.693768
v -841.057312 -190.022308 55.753448
v -843.902283 -188.281006 -2.446880
v -835.984253 -193.142029 -2.446881
v -841.411499 -189.810150 48.854099
v -841.411499 -189.810150 41.533558
v -838.475037 -191.612900 41.414227
v -838.475037 -191.612900 48.734009
v -818.591797 -177.091736 63.219330
v -818.205566 -180.408951 63.219330
v -828.490356 -193.404419 63.219326
v -831.807617 -193.790649 63.219326
v -834.904663 -167.193054 63.219330
v -831.587463 -166.806793 63.219326
v -844.803223 -183.505722 63.219330
v -845.189453 -180.188507 63.219330
v -848.971497 -180.157608 63.219326
v -848.476990 -184.404694 63.219326
v -859.587585 -186.250336 -2.446883
v -860.208923 -180.913940 -2.446883
v -831.556580 -163.024796 63.219326
v -835.803650 -163.519302 63.219330
v -837.649475 -152.408676 -2.446881
v -832.313049 -151.787323 -2.446881
v -831.838440 -197.572662 63.219326
v -827.591370 -197.078156 63.219326
v -825.745544 -208.188782 -2.446882
v -831.081970 -208.810120 -2.446881
v -814.423523 -180.439865 63.219330
v -814.918030 -176.192749 63.219330
v -803.807434 -174.347137 -2.446879
v -803.186096 -179.683533 -2.446879
v -826.776245 -191.238495 58.255798
v -819.919678 -182.574844 58.255798
v -825.396729 -194.305115 58.255798
v -816.618164 -183.212921 58.255798
v -806.945984 -184.434418 -2.446879
v -821.985657 -203.437927 -2.446882
v -836.618835 -169.358963 58.255798
v -843.475281 -178.022614 58.255798
v -837.998291 -166.292358 58.255798
v -846.776855 -177.384552 58.255798
v -841.409363 -157.159576 -2.446880
v -856.449036 -176.163086 -2.446879
v -842.637268 -185.219879 58.255798
v -833.973572 -192.076508 58.255798
v -845.703857 -186.599365 58.255798
v -834.611511 -195.378006 58.255798
v -854.836670 -190.010300 -2.446879
v -835.832886 -205.050156 -2.446881
v -820.757751 -175.377563 58.255798
v -829.421509 -168.520966 58.255795
v -817.691162 -173.998108 58.255798
v -828.783508 -165.219452 58.255795
v -827.562134 -155.547302 -2.446881
v -808.558350 -170.587158 -2.446883
v -850.777283 -180.367859 52.476284
v -852.583130 -180.578110 41.733246
v -852.088623 -184.825195 41.733246
v -850.282776 -184.614944 52.476284
v -831.628174 -199.378494 52.476284
v -831.417908 -201.184326 41.733246
v -827.170837 -200.689819 41.733246
v -827.381042 -198.883987 52.476284
v -811.306396 -175.772278 41.733246
v -813.112244 -175.982513 52.476284
v -812.617737 -180.229614 52.476284
v -810.811890 -180.019363 41.733246
v -831.766846 -161.218964 52.476284
v -831.977112 -159.413116 41.733246
v -836.224243 -159.907639 41.733250
v -836.013977 -161.713470 52.476288
v -815.078308 -183.338684 49.167263
v -813.538391 -183.464447 40.078735
v -824.920532 -195.774948 49.167263
v -824.444336 -197.244751 40.078735
v -848.316711 -177.258789 49.167267
v -849.856628 -177.133057 40.078735
v -838.474487 -164.822540 49.167267
v -838.950745 -163.352722 40.078739
v -834.737244 -196.917908 49.167267
v -834.863037 -198.457794 40.078739
v -847.173706 -187.075546 49.167267
v -848.643494 -187.551727 40.078735
v -828.657776 -163.679565 49.167263
v -828.532043 -162.139648 40.078735
v -816.221375 -173.521927 49.167263
v -814.751526 -173.045746 40.078735
v -821.834473 -179.150375 54.734222
v -841.560547 -181.447083 54.734226
v -830.549072 -190.161774 54.734222
v -832.846008 -170.435699 54.734222
v -704.412476 -343.315552 65.014618
v -706.583435 -345.225464 64.980972
v -776.160461 -287.228516 54.099819
v -774.112183 -285.468170 54.217503
v -722.014221 -328.423370 57.943546
v -740.487183 -311.662903 60.677582
v -759.824280 -300.049866 61.318005
v -720.898071 -326.152344 57.780598
v -739.057129 -308.943939 60.492321
v -758.727600 -297.123688 61.127823
v -712.151611 -339.221680 62.809532
v -716.901062 -333.085480 58.452034
v -710.319092 -336.754761 62.524292
v -715.173096 -330.898102 58.278347
v -726.774597 -323.573730 62.031677
v -731.956116 -319.619720 63.788857
v -736.426941 -315.532043 63.632496
v -725.637024 -321.296967 61.870274
v -730.680237 -317.108795 63.613087
v -734.856506 -312.493958 63.422604
v -743.609314 -307.952728 55.818470
v -749.094116 -305.126068 55.344734
v -754.638123 -302.772217 59.265118
v -742.168518 -305.207153 55.631054
v -748.613892 -302.270569 55.169312
v -754.067932 -300.084991 59.098316
v -763.821960 -297.352081 61.071735
v -768.246704 -293.159210 58.332996
v -771.998718 -289.923218 54.139076
v -762.629333 -295.242310 61.005428
v -766.682861 -291.483337 58.357586
v -769.990051 -288.281891 54.226864
v -779.576660 -284.121582 58.097107
v -784.002380 -279.669037 60.377991
v -788.378601 -275.271759 60.321785
v -777.485535 -282.260834 58.232700
v -781.883301 -277.652771 60.539730
v -786.247925 -273.415894 60.467937
v -704.012146 -342.999390 58.861458
v -705.236877 -342.326111 47.078812
v -708.024292 -345.608765 47.199070
v -706.801025 -346.293915 58.623333
v -773.283508 -285.104279 47.446484
v -772.868225 -285.111969 40.334034
v -775.780334 -287.614807 40.166714
v -776.195618 -287.607117 47.279167
v -757.825806 -297.572510 54.424122
v -756.718506 -298.592346 45.118237
v -738.216125 -309.435364 53.988556
v -737.287598 -310.527557 45.126919
v -719.877380 -326.336304 51.014320
v -719.140442 -327.203094 43.981174
v -757.999817 -302.111877 45.109711
v -759.106812 -301.092346 54.413113
v -739.041199 -313.861572 45.354092
v -739.969727 -312.769409 54.215729
v -720.889832 -330.762665 44.236576
v -721.626770 -329.895844 51.269722
v -714.722839 -330.712708 51.036419
v -714.150635 -331.696045 44.003273
v -709.238159 -337.421539 56.204395
v -709.129700 -337.921692 46.709244
v -716.686646 -334.883453 44.242611
v -717.258850 -333.900116 51.275753
v -711.942383 -341.034943 46.916866
v -712.084900 -340.512726 56.332077
v -734.817749 -317.708069 47.417923
v -735.792542 -316.561462 56.721325
v -730.493713 -322.087524 47.594872
v -731.468506 -320.940918 56.898277
v -725.473267 -326.078064 46.730709
v -726.401794 -324.985901 55.592346
v -734.065002 -313.141724 56.725178
v -733.089905 -314.288635 47.419292
v -729.742004 -317.464783 56.895077
v -728.766907 -318.611694 47.589188
v -724.651367 -321.482727 55.344002
v -723.722839 -322.574890 46.482361
v -752.683960 -304.646881 43.950829
v -753.872009 -303.844727 52.812462
v -747.268738 -306.710663 41.617382
v -748.238403 -306.115540 48.650524
v -742.321045 -309.938812 42.085136
v -743.057983 -309.071991 49.118279
v -753.095764 -300.186127 52.585361
v -751.907654 -300.988281 43.723728
v -747.616638 -302.418396 48.423405
v -746.646973 -303.013550 41.390259
v -741.311646 -305.744354 48.891132
v -740.574768 -306.611145 41.857990
v -771.236328 -290.859619 40.251503
v -771.812927 -290.533356 47.345203
v -766.705627 -295.137939 42.982544
v -767.816223 -294.231567 51.844181
v -762.048462 -299.471924 44.859447
v -763.214417 -298.520386 54.162857
v -769.073975 -288.295258 47.464909
v -768.497375 -288.621521 40.371204
v -765.488342 -291.737000 51.880787
v -764.377747 -292.643341 43.019146
v -761.531311 -295.465881 54.305706
v -760.364990 -296.417603 44.999817
v -787.292908 -275.977753 43.884575
v -787.680664 -276.273682 53.296288
v -783.525635 -279.614960 43.938911
v -784.016907 -279.853363 53.347420
v -779.453979 -283.958649 42.544701
v -779.763062 -284.264679 51.510998
v -784.632263 -273.617462 53.746922
v -784.244385 -273.321442 44.332691
v -781.150085 -277.119751 53.807972
v -780.658630 -276.881287 44.396950
v -776.846985 -281.669952 51.700073
v -776.537964 -281.363892 42.733780
v -645.597412 -273.382660 113.117775
v -641.646545 -281.513367 115.776451
v -639.437683 -274.271698 113.117775
v -648.759521 -275.277130 126.119225
v -649.839661 -279.443054 126.119225
v -603.161926 -321.287567 -2.446879
v -620.876648 -326.914948 -2.446882
v -659.106750 -279.166321 126.119232
v -662.167175 -281.529846 126.119232
v -625.136902 -301.964508 40.721676
v -634.187866 -311.893036 40.721680
v -632.544861 -296.953552 53.351955
v -640.025940 -305.159973 53.351955
v -657.309204 -288.190674 124.582245
v -652.532471 -284.275635 123.688667
v -655.967773 -288.229767 123.015099
v -651.628540 -284.426605 121.247139
v -648.406799 -295.416077 103.587868
v -642.835815 -290.101074 101.826302
v -645.928345 -298.307465 85.727791
v -639.862305 -292.051331 84.847015
v -657.255798 -282.192352 133.980835
v -659.634460 -284.029388 133.980835
v -654.982544 -284.180176 133.980835
v -658.224670 -286.684082 133.980835
v -657.092468 -280.927673 126.119232
v -660.917969 -283.882111 126.119232
v -654.626404 -288.268890 121.447945
v -650.724609 -284.577576 118.805611
v -653.436401 -284.124664 126.130196
v -675.781494 -308.443817 67.867722
v -676.890808 -313.420776 53.351952
v -678.788696 -321.887329 40.721676
v -654.079407 -260.069794 126.119225
v -643.989502 -245.853195 67.867722
v -648.447937 -249.216415 105.506371
v -652.939819 -253.798157 105.506371
v -657.564209 -263.279358 126.119232
v -654.738403 -260.676727 133.980835
v -656.905212 -262.672394 133.980835
v -653.319702 -255.888702 112.377312
v -653.699585 -257.979248 119.248268
v -645.475647 -246.974274 80.413933
v -646.961792 -248.095337 92.960152
v -640.641174 -242.054169 53.351955
v -634.932190 -235.544662 40.721676
v -659.484131 -265.047638 126.119232
v -663.044495 -242.208862 100.904373
v -662.274536 -237.426620 67.867729
v -662.674072 -255.302689 126.119232
v -664.350952 -248.319885 100.904373
v -663.869873 -259.781891 126.119232
v -662.531189 -239.020706 78.879936
v -662.787842 -240.614777 89.892151
v -663.791992 -250.647491 109.309319
v -663.233032 -252.975082 117.714279
v -661.489990 -232.446075 53.351955
v -660.156128 -223.920349 40.721676
v -664.528687 -262.249664 126.119232
v -672.741882 -255.815430 126.119232
v -679.189209 -243.438339 96.594193
v -680.479675 -239.769669 67.867722
v -676.972351 -249.281052 96.594193
v -671.256348 -260.158051 126.119232
v -680.049500 -240.992554 77.443207
v -679.619385 -242.215454 87.018700
v -675.562256 -251.459183 106.435867
v -674.152100 -253.637299 116.277557
v -682.247742 -235.117645 53.351955
v -685.269775 -227.152527 40.721680
v -670.437866 -262.550629 126.119232
v -658.650635 -288.151581 126.149399
v -650.885193 -292.524689 121.447945
v -645.809265 -288.150818 118.805611
v -654.898682 -341.274384 -2.446879
v -638.838806 -339.024445 -2.446880
v -646.468262 -319.594208 40.721676
v -658.908081 -323.142761 40.721676
v -650.176331 -311.525391 53.351955
v -660.458435 -314.458466 53.351955
v -692.556213 -252.575546 93.162582
v -694.932434 -250.424255 67.867722
v -680.994446 -261.653992 126.119232
v -687.422302 -256.424225 93.162582
v -677.310974 -264.441650 126.119232
v -680.297852 -262.181152 133.980835
v -678.007507 -263.914459 133.980835
v -694.140381 -251.141342 76.299339
v -693.348267 -251.858444 84.730957
v -685.279663 -258.167480 104.148132
v -683.137024 -259.910736 115.133682
v -698.726990 -247.266144 53.351955
v -705.212891 -241.846680 38.317657
v -675.281555 -265.977478 126.119232
v -699.563782 -267.172119 89.673904
v -702.448608 -266.511017 67.867722
v -684.804504 -270.790955 126.119232
v -692.900513 -267.835358 89.673904
v -680.106262 -271.145172 126.119232
v -690.201843 -268.820557 101.822350
v -687.503174 -269.805756 113.970795
v -701.487000 -266.731384 75.136444
v -700.525391 -266.951752 82.405174
v -707.296997 -265.608490 53.351955
v -737.676331 -260.003601 29.659149
v -677.517822 -271.340302 126.119232
v -698.334167 -283.316864 84.106644
v -683.383301 -280.229828 126.119232
v -701.402771 -284.264679 67.867722
v -691.939270 -280.456818 84.106644
v -679.063599 -278.070160 126.119232
v -700.379944 -283.948730 73.280693
v -699.357056 -283.632812 78.693680
v -689.087280 -280.381165 98.110840
v -686.235291 -280.305481 112.115036
v -706.104553 -285.851410 53.351955
v -728.324829 -318.273743 3.000488
v -676.683655 -276.880310 126.119232
v -689.196960 -296.683777 76.552467
v -677.660950 -287.402130 126.139801
v -691.838318 -299.557159 67.867722
v -684.796082 -290.906647 76.552467
v -674.865234 -283.332275 126.119232
v -677.132263 -286.632507 133.980835
v -675.393921 -284.101929 133.980835
v -682.417725 -289.738464 93.081581
v -680.039307 -288.570312 109.610687
v -690.957886 -298.599365 70.762634
v -690.077393 -297.641571 73.657547
v -695.199036 -303.288116 53.351955
v -700.938843 -309.628357 40.721676
v -673.325012 -281.089996 126.119232
v -698.027466 -349.089844 65.339905
v -700.198425 -350.999756 65.306259
v -697.545288 -348.847717 59.186745
v -697.593567 -349.238342 47.404106
v -700.381042 -352.520996 47.524361
v -700.334229 -352.142242 58.948624
v -793.463013 -263.889740 50.722160
v -789.047607 -268.753601 51.434738
v -794.285461 -264.156952 57.361473
v -790.266724 -268.786438 57.631615
v -796.283997 -266.294281 57.312759
v -792.331299 -270.783020 57.534180
v -796.335266 -266.962646 50.571949
v -792.007996 -271.618164 51.134315
v -796.205994 -266.863983 42.017311
v -791.749451 -271.420868 42.059181
v -793.333679 -263.791077 42.166683
v -788.789001 -268.556274 42.357925
v -647.441345 -279.164398 115.776451
v -654.453613 -277.492920 126.119225
v -653.661194 -274.436523 126.119225
v -646.651428 -274.014160 117.451591
v -648.240784 -279.257263 119.224037
v -647.705505 -274.645630 121.785408
v -649.040222 -279.350159 122.671638
v -633.531921 -274.094513 82.951073
v -635.354492 -283.246613 83.837296
v -636.484802 -274.183105 98.034424
v -638.500549 -282.380005 99.806877
v -627.208313 -285.678772 53.351952
v -625.350403 -274.154297 53.351952
v -618.680481 -288.323730 40.721676
v -616.432678 -274.380890 40.721676
v -656.995667 -276.418518 126.119232
v -656.361755 -273.973358 126.119225
v -593.763611 -276.377472 -2.446880
v -591.760803 -294.186157 -2.446880
v -641.044983 -258.797791 108.746513
v -639.218933 -266.011505 110.561440
v -648.783325 -270.423157 126.119225
v -649.905090 -266.094635 126.119225
v -647.054993 -261.269440 108.746513
v -645.456909 -266.875397 110.561440
v -653.678650 -270.875305 126.119225
v -654.501648 -267.699615 126.119225
v -648.005005 -262.877869 114.537422
v -646.565735 -268.057983 115.747368
v -648.955017 -264.486237 120.328316
v -647.674500 -269.240570 120.933296
v -636.186890 -257.682861 81.493980
v -633.834595 -264.798615 82.098961
v -638.615967 -258.240326 95.120247
v -636.526794 -265.405060 96.330200
v -625.992798 -262.964508 53.351952
v -628.974915 -254.906891 53.351952
v -617.209900 -260.842957 40.721676
v -620.817810 -251.094482 40.721676
v -656.375671 -271.124420 126.119225
v -657.034058 -268.583862 126.119232
v -595.584595 -254.602036 -2.446880
v -600.871948 -242.839310 -2.446879
v -657.359497 -336.118195 40.721676
v -640.158875 -331.232605 40.721680
v -634.944519 -351.159302 -2.446881
v -650.519531 -355.913757 -2.446879
v -625.848938 -322.453552 40.721676
v -613.354187 -308.765808 40.721676
v -606.813416 -340.560486 -2.446883
v -593.670715 -330.371429 -2.446880
v -576.820374 -278.953888 -2.446881
v -603.150574 -273.967072 40.721676
v -606.490784 -293.112976 40.721676
v -579.001282 -296.262268 -2.446881
v -584.795471 -250.905823 -2.446881
v -588.554016 -238.427948 -2.446880
v -604.032532 -258.035950 40.721676
v -608.863464 -244.735855 40.426624
v -631.008484 -284.488953 64.384018
v -631.651428 -280.657776 67.867722
v -632.880859 -283.928009 71.280907
v -632.762939 -287.552551 67.867722
v -608.333862 -287.868835 53.351955
v -612.566467 -290.194214 53.184967
v -602.133423 -290.832520 40.721676
v -572.012878 -296.891541 -2.446882
v -631.100403 -277.239929 67.867722
v -629.404358 -274.039246 64.606499
v -630.059998 -270.786285 67.867722
v -631.205566 -274.024719 71.068138
v -609.791504 -274.521545 53.193928
v -606.716064 -277.833710 53.351955
v -599.949646 -277.286774 40.721676
v -569.381775 -280.571198 -2.446882
v -642.690979 -302.076874 64.650139
v -641.275146 -298.813232 67.867722
v -643.886597 -300.689392 71.014565
v -645.617615 -303.576660 67.867722
v -639.067566 -296.391541 67.867722
v -635.925903 -294.655914 64.650139
v -634.721130 -291.623718 67.867722
v -637.440308 -293.639832 71.016975
v -600.348267 -346.518127 -2.446879
v -621.266846 -322.841949 40.721676
v -589.767578 -334.911560 -2.446880
v -612.484985 -313.208618 40.721676
v -629.819031 -316.909332 53.198162
v -625.314148 -317.203644 53.351952
v -618.811096 -310.070099 53.351952
v -619.582153 -305.697083 53.199780
v -632.895630 -259.455170 67.867722
v -632.940674 -256.746368 65.387756
v -634.618652 -254.799622 67.867722
v -634.192749 -257.225220 70.307220
v -630.262634 -263.982452 65.387756
v -632.006042 -261.858826 67.867722
v -631.603027 -264.295929 70.302338
v -630.281677 -266.517975 67.867722
v -607.990295 -256.033203 53.351955
v -609.793335 -259.019012 53.237427
v -613.933960 -247.843399 53.235004
v -610.591797 -249.004059 53.351955
v -602.140442 -255.033249 40.721676
v -605.650146 -245.550110 40.721676
v -578.867432 -248.375214 -2.446881
v -583.095886 -236.950073 -2.446881
v -661.177185 -310.432983 64.799103
v -658.411682 -308.510040 67.867729
v -664.320740 -310.195679 67.867729
v -655.319702 -307.628021 67.867722
v -651.892151 -307.784363 64.799095
v -649.401184 -305.939728 67.867722
v -654.176880 -332.236267 53.351955
v -657.727783 -329.755066 53.199677
v -653.787781 -338.718475 40.721676
v -643.631042 -325.750824 53.203533
v -645.181335 -329.670197 53.351955
v -641.660278 -335.258972 40.721676
v -633.431213 -358.032532 -2.446881
v -648.042480 -362.200531 -2.446880
v -616.121460 -289.080444 60.298294
v -622.417114 -287.132080 64.384018
v -613.550049 -286.234894 63.788841
v -619.840332 -284.289124 67.867722
v -620.205383 -274.249512 64.606506
v -613.621033 -274.412170 60.521336
v -618.749023 -277.518982 67.867722
v -612.170898 -277.679657 63.788971
v -628.252747 -299.825500 64.650139
v -622.782043 -303.521912 60.570011
v -628.812683 -303.297424 67.867722
v -623.345825 -306.989441 63.794449
v -632.342163 -313.989746 60.571346
v -636.654724 -309.019806 64.650139
v -628.887939 -313.068451 63.795097
v -633.196411 -308.103821 67.867722
v -623.780273 -252.436447 65.387764
v -617.807007 -249.639252 61.335716
v -621.563049 -254.120956 67.867722
v -615.596863 -251.325836 63.821136
v -613.960938 -260.011963 61.333733
v -620.389954 -261.570129 65.387764
v -613.378906 -257.317474 63.820358
v -619.802002 -258.875031 67.867722
v -648.021179 -316.193298 64.799095
v -645.263855 -322.190399 60.711987
v -650.207703 -318.729919 67.867722
v -647.451782 -324.721924 63.787907
v -658.412354 -325.920654 60.714748
v -659.565430 -319.461609 64.799103
v -655.127319 -326.910797 63.789120
v -656.278870 -320.458954 67.867722
v -630.156921 -316.620270 31.350523
v -644.309814 -323.883331 31.124178
v -657.696594 -330.301361 31.000502
v -710.341736 -300.674622 31.415884
v -639.341492 -317.598816 31.415884
v -615.115051 -266.414612 31.415884
v -685.279480 -227.129623 31.415886
v -700.958130 -309.655853 31.415886
v -697.229126 -232.009872 31.415886
v -691.574463 -318.637115 31.415884
v -673.329773 -222.249359 31.415886
v -705.238831 -241.830170 27.487953
v -646.971130 -225.541534 31.415886
v -617.839722 -307.092346 31.331974
v -622.851074 -245.512222 31.415886
v -666.014404 -325.207520 31.415884
v -722.537292 -248.106750 23.395409
v -619.934692 -296.310425 31.415886
v -738.290161 -256.931671 8.334927
v -728.352173 -318.288330 -6.305306
v -660.150452 -223.895447 31.415884
v -678.794434 -321.922302 31.415886
v -634.911133 -235.526886 31.415886
v -611.748962 -290.430847 31.314131
v -610.602356 -274.447937 31.340357
v -610.370911 -259.330719 31.262199
v -614.893921 -248.137833 31.223467
v -655.455139 -340.048279 30.483347
v -639.620728 -335.656250 30.458260
v -610.492310 -312.793610 31.251442
v -621.437378 -325.505157 31.234056
v -601.074524 -292.953186 31.174807
v -598.732361 -275.494385 31.203897
v -605.349304 -243.980194 30.954126
v -601.549194 -256.907532 31.082211
v -596.091492 -292.246643 30.946012
v -593.785278 -277.941467 30.946012
v -617.078369 -327.881409 31.060177
v -607.804138 -317.708008 31.060179
v -597.369629 -254.028992 30.402956
v -601.076050 -244.014267 30.402954
v -639.651184 -340.987701 29.269354
v -652.458557 -344.641144 29.269354
v -648.322327 -315.559814 47.036816
v -643.313599 -325.413391 40.721676
v -646.903687 -318.638123 53.277744
v -641.894958 -328.491699 46.962605
v -647.395325 -317.576996 43.879246
v -644.890930 -322.503815 40.721676
v -648.539978 -315.081757 53.314850
v -642.763000 -327.121246 50.083069
v -649.249329 -313.542603 50.194386
v -641.736206 -328.322998 40.721676
v -645.267395 -322.194458 53.240639
v -641.026917 -329.862183 43.842144
v -659.683228 -318.800629 47.036816
v -637.106873 -308.526489 47.036816
v -628.840881 -299.459045 47.036812
v -612.585632 -290.718353 40.721676
v -620.891541 -274.267578 47.036816
v -622.944397 -287.001251 47.036816
v -624.896362 -253.000687 47.036816
v -621.601318 -261.903748 47.036816
v -619.245544 -305.365173 40.721676
v -610.621216 -259.439453 40.721676
v -658.133789 -329.630493 40.721676
v -630.018372 -317.173279 40.721676
v -609.791626 -274.173981 40.721676
v -614.840637 -247.915176 40.574150
v -619.887390 -287.936493 53.268459
v -609.528625 -291.653595 46.953323
v -617.570923 -274.337921 53.272942
v -606.471069 -274.244293 46.957802
v -634.922485 -311.034668 53.275059
v -626.063538 -301.325317 53.275867
v -627.833984 -319.681458 46.959919
v -616.468140 -307.231445 46.960728
v -621.454468 -251.375137 53.293480
v -617.893066 -260.991760 53.294689
v -606.912903 -258.527466 46.979553
v -611.398743 -246.289627 46.830814
v -659.093079 -322.106750 53.275814
v -657.543640 -332.936646 46.960674
v -659.295654 -320.971710 43.879246
v -635.647400 -310.209778 43.879246
v -626.988892 -300.711761 43.879246
v -615.633057 -289.521057 40.721676
v -618.662109 -274.324219 43.879246
v -620.812439 -287.662476 43.879246
v -622.857117 -252.047577 43.879246
v -619.405640 -261.373352 43.879246
v -622.191223 -303.664825 40.721676
v -613.915527 -260.141205 40.721676
v -657.746643 -332.874359 40.721676
v -627.933655 -319.813416 40.721676
v -606.471130 -274.070526 40.721676
v -611.852051 -246.325516 40.500385
v -616.226929 -289.065338 53.226715
v -611.047546 -290.923889 50.069145
v -621.460632 -274.246094 53.312447
v -608.131287 -274.382935 50.075867
v -632.370728 -313.971985 53.236614
v -629.304199 -299.139435 53.313911
v -626.841431 -321.067505 43.840797
v -618.025146 -306.464264 50.080254
v -625.214722 -253.141006 53.322716
v -613.843201 -260.005371 53.266056
v -608.353149 -258.773224 50.108490
v -610.131042 -245.512741 43.628719
v -658.410400 -325.930908 53.237743
v -657.635681 -331.345856 50.080177
v -660.070862 -316.629547 50.194386
v -638.566406 -306.843231 50.194386
v -630.692871 -298.206299 50.194382
v -609.538208 -291.915649 40.721676
v -623.120972 -274.210938 50.194386
v -625.076355 -286.339996 50.194386
v -626.935669 -253.953781 50.194386
v -623.797058 -262.434143 50.194386
v -616.299866 -307.065491 40.721676
v -607.326843 -258.737701 40.721676
v -658.520935 -326.386627 40.721676
v -632.103149 -314.533173 40.721680
v -613.112122 -274.277435 40.721676
v -617.829224 -249.504822 40.647911
v -623.547852 -286.807617 53.310207
v -608.009705 -292.383270 43.837498
v -613.681213 -274.429749 53.233433
v -604.810791 -274.105682 43.839741
v -637.474182 -308.097321 53.313507
v -622.822815 -303.511200 53.237823
v -628.826477 -318.295380 50.079041
v -614.911194 -307.998627 43.841202
v -617.694214 -249.609268 53.264240
v -621.942932 -261.978149 53.323322
v -605.472717 -258.281708 43.850613
v -612.666382 -247.066513 50.032909
v -659.775757 -318.282623 53.313885
v -657.451599 -334.527405 43.841175
v -656.438232 -329.658142 46.976143
v -657.714355 -331.808594 46.966751
v -657.717102 -321.205353 47.021553
v -659.514587 -319.914825 47.030815
v -657.357483 -323.237457 50.660122
v -659.006653 -322.784485 52.144955
v -658.221436 -328.942932 41.868946
v -656.797485 -327.625580 43.337749
v -657.349304 -323.577515 43.152988
v -658.927795 -323.232361 41.607563
v -659.424866 -320.683807 49.934772
v -657.639832 -321.748627 49.096569
v -656.640442 -327.562073 50.682972
v -657.943542 -328.850006 52.177940
v -657.953796 -331.000610 43.966732
v -656.592773 -329.078186 44.820663
v -644.588074 -326.276062 46.977448
v -642.497314 -327.279694 46.969559
v -648.417786 -318.568695 47.021786
v -647.725403 -316.760803 47.029926
v -645.454224 -324.403351 43.329178
v -643.679382 -324.723022 42.001083
v -646.541992 -319.320679 52.012825
v -647.552490 -320.442017 50.669907
v -648.169495 -319.055054 49.095440
v -647.368286 -317.415558 49.852051
v -646.351135 -319.726257 41.744019
v -647.359314 -320.725494 43.142414
v -644.784058 -325.713470 44.825245
v -642.742065 -326.504944 44.056061
v -643.989136 -324.807068 52.050140
v -645.642944 -324.443298 50.696491
v -632.729004 -311.026581 50.662766
v -634.528015 -311.528412 52.265308
v -629.865845 -314.609924 43.334175
v -630.418823 -316.672119 41.746605
v -634.059387 -309.495880 47.021294
v -636.447632 -309.319550 47.031349
v -628.501770 -318.878143 46.965454
v -628.535706 -316.141296 46.975533
v -628.947510 -315.732056 44.840038
v -629.106873 -318.305267 43.923550
v -634.173401 -311.943176 41.429142
v -632.508362 -311.353607 43.115120
v -633.716736 -309.912598 49.091125
v -635.966858 -309.931610 49.994125
v -630.340088 -316.365601 52.381020
v -629.841675 -314.417969 50.742260
v -620.163940 -306.955414 46.976086
v -617.367859 -306.666260 46.966259
v -627.517517 -302.335022 47.021362
v -627.952087 -300.017365 47.031349
v -621.848083 -305.827118 43.328484
v -619.792175 -305.041260 41.728237
v -625.524841 -301.644470 52.284019
v -625.833923 -303.464325 50.668854
v -627.057617 -302.614471 49.090485
v -627.275513 -300.397430 49.999966
v -625.074646 -301.965698 41.407936
v -625.476074 -303.636597 43.107487
v -620.607666 -306.583954 44.843853
v -617.988098 -306.107727 43.923088
v -620.160400 -305.243683 52.405930
v -622.075745 -305.918304 50.753006
v -618.080505 -286.938934 50.626526
v -619.206726 -288.195801 52.098904
v -613.855591 -288.547913 43.364449
v -613.274902 -290.455750 41.906036
v -620.008850 -286.342377 47.020279
v -621.932739 -287.352051 47.030518
v -610.552856 -291.298401 46.959698
v -611.927673 -289.145020 46.970303
v -612.511047 -289.033630 44.832516
v -611.377747 -291.171173 43.992523
v -618.627136 -288.384827 41.558990
v -617.679138 -287.140320 43.122208
v -619.493958 -286.526489 49.087929
v -621.218079 -287.634705 49.914665
v -613.367798 -290.016876 52.239174
v -613.942810 -288.286377 50.722610
v -611.651428 -275.604553 43.341213
v -610.613098 -274.191284 42.047024
v -616.184326 -275.699402 50.652664
v -616.757751 -274.320770 51.960907
v -618.219543 -275.658264 47.020824
v -619.528992 -274.265381 47.029350
v -607.845215 -274.246521 46.965332
v -609.615784 -275.644806 46.973400
v -611.764832 -275.752197 50.720268
v -610.755188 -274.441772 52.049271
v -618.791809 -274.237518 49.824810
v -617.676025 -275.649994 49.090103
v -615.790588 -275.669128 43.124405
v -616.248230 -274.339813 41.754566
v -608.634644 -274.147888 44.085789
v -610.201233 -275.586090 44.832104
v -616.981873 -259.210663 50.775570
v -617.296143 -260.864349 52.262653
v -612.614990 -258.278992 43.220398
v -611.229980 -259.569427 41.774261
v -619.076538 -259.728577 47.020119
v -620.189636 -261.579254 47.031311
v -608.339722 -258.855438 46.985115
v -610.520874 -257.761658 46.976498
v -611.093689 -257.933838 44.790157
v -609.123962 -259.141357 43.945942
v -617.103760 -260.860474 41.665379
v -616.846375 -259.218475 43.145020
v -618.556030 -259.607300 49.095768
v -619.448669 -261.454559 49.944122
v -610.981323 -259.357086 52.070866
v -612.421021 -258.131104 50.635590
v -613.697327 -249.071030 46.887783
v -612.778076 -246.975464 46.851864
v -621.577576 -252.989273 46.998447
v -623.528320 -252.320465 47.015934
v -615.662415 -249.997665 43.147438
v -615.456116 -248.237167 41.757854
v -620.848450 -251.058105 52.128029
v -619.612976 -252.063278 50.739407
v -621.090637 -252.740860 49.069572
v -622.859009 -251.962280 49.863335
v -620.707825 -251.001694 41.670361
v -619.527466 -251.981628 43.084209
v -614.275940 -249.293289 44.694843
v -613.583191 -247.264771 43.858467
v -615.097839 -248.328003 51.945011
v -615.404785 -250.030319 50.602077
v -611.096497 -178.884384 17.014940
v -592.673828 -179.429932 17.014940
v -610.277893 -180.194733 26.103470
v -593.568481 -180.689545 26.103470
v -601.942261 -181.084625 30.647734
v -595.996521 -175.099792 -2.446880
v -611.301147 -178.556793 14.742809
v -592.450134 -179.115021 14.742810
v -610.482544 -179.867142 23.831337
v -593.344849 -180.374649 23.831337
v -605.905457 -180.967270 30.647734
v -607.523438 -174.758438 -2.446883
v -610.891846 -179.211960 19.287069
v -592.897461 -179.744843 19.287069
v -610.073303 -180.522308 28.375601
v -593.792175 -181.004456 28.375601
v -597.979065 -181.201996 30.647736
v -602.998108 -216.737854 -2.446879
v -593.671143 -213.108551 17.014938
v -612.093872 -212.563004 17.014940
v -594.489746 -211.798187 26.103470
v -611.199158 -211.303391 26.103470
v -602.825439 -210.908295 30.647734
v -597.234558 -216.908524 -2.446880
v -593.466492 -213.436142 14.742810
v -612.317566 -212.877914 14.742809
v -594.285095 -212.125778 23.831337
v -611.422852 -211.618286 23.831337
v -598.862244 -211.025650 30.647736
v -608.761536 -216.567184 -2.446882
v -593.875793 -212.780960 19.287069
v -611.870178 -212.248108 19.287069
v -594.694397 -211.470612 28.375601
v -610.975525 -210.988480 28.375601
v -606.788635 -210.790939 30.647734
v -609.832764 -179.564850 21.559204
v -608.221252 -180.939728 21.559204
v -608.677002 -179.987793 21.559204
v -595.665649 -181.311554 21.559204
v -593.975586 -180.034439 21.559204
v -595.154358 -180.388245 21.559204
v -606.189392 -181.649841 26.157183
v -607.665344 -180.276917 26.137466
v -606.605469 -180.698761 26.151409
v -597.735962 -181.900162 26.157188
v -596.181335 -180.616989 26.137470
v -597.264343 -180.975388 26.151413
v -601.969421 -182.003479 27.777859
v -601.935913 -180.870346 29.132137
v -601.943359 -181.122925 28.174517
v -606.372925 -180.372864 17.170662
v -607.846375 -178.995667 17.121204
v -606.788208 -179.420486 17.156178
v -597.477234 -180.636292 17.170656
v -595.924805 -179.348694 17.121202
v -597.006287 -179.710175 17.156170
v -601.917358 -180.762909 17.181217
v -597.906067 -180.762909 17.181217
v -598.437012 -178.978119 15.028083
v -598.376648 -179.508453 16.018309
v -594.573914 -179.656662 19.014753
v -596.338867 -180.891724 18.734428
v -595.805664 -179.980804 18.816534
v -607.524353 -180.560486 18.734434
v -609.213135 -179.223145 19.014753
v -608.002747 -179.619598 18.816540
v -594.616577 -180.376266 24.108952
v -596.421143 -181.704285 24.494305
v -595.876343 -180.766174 24.381437
v -599.266663 -180.847137 28.409510
v -598.769775 -181.975830 26.911617
v -598.899048 -181.096497 27.350332
v -605.161926 -181.786560 26.911615
v -604.599060 -180.689240 28.409506
v -604.980835 -180.916412 27.350338
v -607.490295 -181.376495 24.494305
v -609.213135 -179.944016 24.108952
v -607.978638 -180.407791 24.381437
v -605.316650 -178.774384 15.028070
v -605.928650 -180.762909 17.181217
v -605.408264 -179.300201 16.018309
v -594.928650 -212.428253 21.559204
v -596.546265 -211.048126 21.559204
v -596.088806 -212.003693 21.559204
v -609.101868 -210.676331 21.559204
v -610.798401 -211.958313 21.559204
v -609.615112 -211.603149 21.559204
v -598.578125 -210.338043 26.157188
v -597.096497 -211.716202 26.137394
v -598.160461 -211.292725 26.151390
v -607.031555 -210.087708 26.157188
v -608.592102 -211.375793 26.137394
v -607.504944 -211.016022 26.151390
v -602.798096 -209.984406 27.777857
v -602.831787 -211.121857 29.137299
v -602.824280 -210.868317 28.176029
v -598.394592 -211.615021 17.170662
v -596.915527 -212.997467 17.121016
v -597.977722 -212.571014 17.156122
v -607.290344 -211.351593 17.170650
v -608.848633 -212.644104 17.121010
v -607.763062 -212.281250 17.156111
v -602.895264 -213.266586 13.967897
v -602.850159 -211.742706 17.181217
v -602.879700 -212.739868 14.938505
v -606.392883 -211.483643 16.428478
v -606.330261 -213.015594 15.022736
v -606.390869 -212.483246 16.016737
v -610.200378 -212.335938 19.015821
v -608.428650 -211.096161 18.734428
v -608.963928 -212.010559 18.816847
v -597.243164 -211.427399 18.734434
v -595.547913 -212.769821 19.015825
v -596.762939 -212.371857 18.816854
v -610.157837 -211.616669 24.107483
v -608.346375 -210.283600 24.494305
v -608.893250 -211.225281 24.381008
v -605.498962 -211.145050 28.415222
v -605.997803 -210.012039 26.911617
v -605.867981 -210.894730 27.352020
v -599.605652 -210.201324 26.911617
v -600.170654 -211.302841 28.415230
v -599.787415 -211.074799 27.352016
v -597.277222 -210.611389 24.494305
v -595.547852 -212.049316 24.107485
v -596.787048 -211.583771 24.381008
v -599.451416 -213.219299 15.022750
v -599.298279 -211.693726 16.428492
v -599.359436 -212.691467 16.016762
v -805.560303 -258.548737 31.506145
v -806.206848 -258.449097 19.792936
v -806.853394 -258.349426 8.079733
v -807.499939 -258.249756 -2.446879
v -801.134888 -262.863739 31.874395
v -801.607239 -263.420380 19.989830
v -802.079529 -263.977020 8.105264
v -802.551880 -264.533661 -2.446879
v -709.945190 -348.092682 -2.446882
v -709.464966 -347.471710 12.369925
v -708.984741 -346.850739 23.979639
v -708.504517 -346.229736 35.589355
v -777.206177 -289.449432 -2.446881
v -776.849731 -288.990784 7.070716
v -776.493225 -288.532104 18.102720
v -776.136780 -288.073456 29.134718
v -757.902283 -305.384186 -2.446883
v -757.926636 -304.566101 9.775866
v -757.950989 -303.748016 21.553816
v -757.975403 -302.929962 33.331764
v -739.488342 -317.004303 -2.446880
v -739.376526 -316.218628 10.827970
v -739.264771 -315.432953 22.336676
v -739.152954 -314.647278 33.845383
v -721.541626 -333.824524 -2.446882
v -721.378723 -333.059052 11.105033
v -721.215759 -332.293579 22.148882
v -721.052795 -331.528137 33.192730
v -717.994751 -337.776978 -2.446882
v -717.667725 -337.053589 11.073768
v -717.340698 -336.330200 22.130053
v -717.013672 -335.606812 33.186329
v -713.665344 -343.595428 -2.446882
v -713.234619 -342.955292 12.187853
v -712.803833 -342.315186 23.764194
v -712.373108 -341.675049 35.340530
v -735.138733 -321.040955 -2.446881
v -735.058472 -320.207733 11.971134
v -734.978271 -319.374512 23.786732
v -734.898010 -318.541290 35.602329
v -730.814026 -325.459961 -2.446881
v -730.733948 -324.616852 12.125351
v -730.653870 -323.773743 23.948526
v -730.573792 -322.930664 35.771698
v -725.918274 -329.346069 -2.446881
v -725.807007 -328.529083 12.136348
v -725.695801 -327.712067 23.667803
v -725.584534 -326.895081 35.199257
v -752.260925 -307.767181 -2.446879
v -752.366638 -306.987122 9.492476
v -752.472412 -306.207031 20.978594
v -752.578186 -305.426971 32.464710
v -746.987305 -309.648804 -2.446880
v -747.057678 -308.914276 8.627160
v -747.128052 -308.179749 19.623903
v -747.198364 -307.445190 30.620646
v -742.970825 -312.826965 -2.446880
v -742.808350 -312.104919 9.069745
v -742.645935 -311.382874 20.074875
v -742.483459 -310.660828 31.080006
v -772.534973 -292.715057 -2.446882
v -772.210327 -292.251190 7.171107
v -771.885681 -291.787354 18.197910
v -771.560974 -291.323486 29.224709
v -767.396729 -297.542755 -2.446882
v -767.223938 -296.941559 8.466800
v -767.051147 -296.340332 19.972050
v -766.878357 -295.739136 31.477297
v -762.172363 -302.366333 -2.446882
v -762.141357 -301.642731 9.483686
v -762.110413 -300.919128 21.275610
v -762.079468 -300.195526 33.067528
v -788.701721 -277.683807 -2.446880
v -788.349548 -277.257294 8.408863
v -787.997314 -276.830780 20.234102
v -787.645081 -276.404266 32.059338
v -784.754639 -281.405426 -2.446881
v -784.447327 -280.957825 8.441753
v -784.140137 -280.510193 20.274139
v -783.832886 -280.062592 32.106525
v -780.859375 -285.674438 -2.446881
v -780.507996 -285.245483 7.940609
v -780.156677 -284.816528 19.475306
v -779.805359 -284.387604 31.010006
v -702.301941 -355.007233 -2.446879
v -701.821716 -354.385681 12.654104
v -701.341492 -353.764099 24.277525
v -700.861267 -353.142548 35.900944
v -797.935181 -268.917023 -2.446880
v -797.502869 -268.403778 7.493054
v -797.070618 -267.890503 19.001141
v -796.638306 -267.377258 30.509226
v -793.318420 -273.300415 -2.446880
v -792.926208 -272.830536 7.594254
v -792.533936 -272.360657 19.082565
v -792.141724 -271.890747 30.570873
v -587.984924 -120.071365 -2.446880
v -587.984924 -191.135971 -2.446880
v -594.180298 -135.344238 6.797154
v -594.180298 -181.690460 10.976521
v -587.984924 -137.462891 -2.446880
v -594.180298 -144.329163 8.164536
v -592.994446 -132.184723 3.422173
v -592.994446 -184.081848 7.659329
v -596.163208 -140.136566 9.649316
v -596.163208 -179.000641 13.642591
v -592.994446 -142.487000 4.789555
v -596.163208 -146.127472 11.016698
v -615.849854 -120.071365 -2.446882
v -615.849854 -191.135971 -2.446882
v -609.654480 -135.344238 6.797155
v -609.654480 -181.690460 10.976519
v -615.849854 -135.513092 -2.446882
v -609.654480 -144.229752 8.164541
v -607.671570 -140.136566 9.649317
v -610.840332 -184.081848 7.659327
v -610.840332 -132.184723 3.422174
v -607.671570 -179.000641 13.642588
v -610.840332 -141.537033 4.789553
v -607.671570 -146.074402 11.016699
v -607.386719 -141.098343 11.916277
v -605.928650 -141.644104 13.187952
v -606.892761 -141.484253 12.825888
v -597.906067 -141.644104 13.187951
v -596.447998 -141.098343 11.916280
v -596.941956 -141.484253 12.825891
v -607.386719 -181.308655 15.909554
v -606.892761 -180.922760 16.819166
v -596.447998 -181.308655 15.909549
v -601.917358 -141.644104 13.187952
v -596.941956 -180.922760 16.819162
v -597.906067 -159.568604 16.775743
v -596.555481 -159.301056 15.495091
v -596.973450 -159.490234 16.411055
v -597.906067 -168.530853 17.181217
v -596.568970 -169.064758 15.900075
v -596.977417 -168.687225 16.816389
v -596.447998 -147.319885 13.283662
v -597.906067 -147.681808 14.555331
v -596.941956 -147.575806 14.193273
v -596.531616 -173.046326 15.901786
v -597.906067 -173.011963 17.181217
v -596.966492 -173.022034 16.816889
v -596.488525 -152.855499 14.445619
v -597.906067 -152.884216 15.721112
v -596.953857 -152.875809 15.357934
v -590.937073 -172.001648 -2.446880
v -588.149231 -183.148758 -2.446880
v -588.726257 -176.192139 -2.446880
v -588.090515 -149.300446 -2.446880
v -590.862244 -160.781830 -2.446880
v -588.664917 -155.815735 -2.446880
v -596.632812 -164.030151 15.899648
v -597.906067 -164.049713 17.181217
v -596.996155 -164.043976 16.816263
v -597.652527 -158.495026 10.703893
v -596.490540 -158.980164 14.346860
v -596.608643 -158.588867 12.452195
v -594.165222 -152.202499 8.072026
v -595.774109 -156.473633 5.011815
v -594.477966 -154.789764 6.218277
v -595.782593 -174.083511 5.267724
v -594.168884 -177.980225 8.192098
v -594.504944 -175.161163 6.076478
v -596.524719 -169.647079 14.486760
v -597.740356 -170.594910 11.404107
v -596.657104 -170.280884 12.948472
v -597.981140 -163.991211 13.321385
v -596.649231 -164.016296 14.982980
v -596.993103 -164.001144 13.978951
v -594.794861 -173.909622 2.128357
v -593.016113 -179.807495 5.335225
v -593.346191 -175.919586 3.221238
v -593.008728 -150.453979 5.563138
v -594.786987 -156.928131 1.818753
v -593.377014 -154.535889 3.202328
v -597.348328 -156.517258 8.279748
v -596.077026 -154.836029 10.630509
v -596.314392 -155.918243 9.209764
v -596.078186 -175.746063 11.002805
v -597.399597 -173.237793 8.689309
v -596.286255 -173.947403 9.201734
v -605.928650 -159.568604 16.775743
v -607.279297 -159.301056 15.495092
v -606.861267 -159.490234 16.411055
v -605.928650 -147.681808 14.555332
v -607.386719 -147.319885 13.283659
v -606.892761 -147.575806 14.193274
v -605.928650 -168.530853 17.181217
v -607.265747 -169.064758 15.900076
v -606.857300 -168.687225 16.816387
v -607.201965 -164.030151 15.899647
v -605.928650 -164.049713 17.181217
v -606.838623 -164.043976 16.816261
v -607.346191 -152.855499 14.445620
v -605.928650 -152.884216 15.721113
v -606.880859 -152.875809 15.357935
v -607.303101 -173.046326 15.901787
v -605.928650 -173.011963 17.181217
v -606.868225 -173.022034 16.816889
v -612.972473 -160.781830 -2.446882
v -615.754700 -147.703262 -2.446882
v -615.327881 -154.539642 -2.446882
v -615.648010 -181.323563 -2.446882
v -612.897644 -172.001648 -2.446882
v -615.041870 -175.688110 -2.446882
v -606.200012 -158.198639 10.562750
v -607.358032 -158.912170 14.017519
v -607.215393 -158.581650 12.417223
v -608.052124 -174.083511 5.267721
v -609.665039 -178.245300 8.391031
v -609.394226 -176.081955 6.767499
v -607.310730 -169.656036 14.465055
v -606.107788 -170.960999 11.297831
v -607.124084 -170.325897 12.839212
v -609.668762 -150.870453 8.216265
v -608.060608 -156.473618 5.011812
v -609.371765 -154.767639 6.061632
v -607.836426 -152.518524 10.235052
v -606.486450 -156.517242 8.279745
v -607.626404 -154.593277 8.806826
v -609.047791 -156.928131 1.818750
v -610.825989 -149.094009 5.562521
v -610.484497 -154.689484 2.947744
v -606.435181 -173.237793 8.689310
v -607.835938 -177.157074 10.575281
v -607.617126 -175.345169 9.346441
v -610.817261 -179.535278 5.187204
v -609.039856 -173.909607 2.128355
v -610.524109 -176.738617 3.666574
v -605.853699 -163.991211 13.321402
v -607.185608 -164.016296 14.983007
v -606.783142 -163.998566 13.808077
v -601.917358 -147.681808 14.555332
v -601.917358 -173.011963 17.181217
v -601.917358 -159.568604 16.775743
v -601.917358 -164.049713 17.181217
v -601.917358 -152.884216 15.721113
v -601.917358 -168.530853 17.181217
v -757.224304 -163.261490 13.992308
v -742.574158 -306.491241 41.210972
v -663.822937 -189.569397 13.992305
v -732.268372 -314.315826 42.719093
v -645.657349 -192.689301 13.992307
v -723.538452 -322.229553 44.068310
v -628.630737 -194.892792 13.992306
v -732.518066 -175.932556 13.992306
v -821.898865 -178.055237 31.546154
v -729.118347 -251.102905 13.992302
v -754.709045 -284.290497 13.992308
v -716.000793 -264.966187 22.008070
v -715.571594 -271.828583 41.356995
v -724.610840 -283.393005 41.304470
v -733.860840 -294.801819 41.211079
v -711.422424 -289.105774 42.346405
v -723.791992 -302.659393 42.654247
v -638.121521 -207.626465 13.992307
v -647.612305 -220.360153 13.992307
v -657.103088 -233.093826 13.992304
v -704.556946 -296.762207 44.068310
v -714.047729 -309.495880 44.068310
v -603.809265 -201.335785 13.992308
v -616.220032 -198.114288 13.992305
v -709.508057 -334.549011 44.068310
v -695.477600 -346.868469 44.068310
v -625.548828 -211.757751 13.992306
v -612.976135 -215.889038 13.992305
v -634.877625 -225.401230 13.992306
v -622.142944 -230.442322 13.992305
v -644.206421 -239.044708 13.992307
v -631.309753 -244.995575 13.992306
v -690.850403 -307.262054 44.068310
v -677.143921 -317.761902 44.068310
v -699.641357 -320.118927 44.068310
v -684.628906 -329.645081 44.068314
v -750.875488 -163.907196 13.992307
v -744.526672 -164.552887 13.992307
v -738.177856 -165.198578 13.992306
v -731.829041 -165.844269 13.992306
v -830.114380 -202.433502 36.686790
v -738.846497 -173.563110 13.992306
v -745.174866 -171.193665 13.992307
v -751.503296 -168.824219 13.992307
v -630.049072 -187.553467 14.441381
v -630.072266 -182.860443 6.066795
v -614.177795 -188.528702 13.673030
v -614.143982 -183.815033 5.682615
v -713.755798 -166.106293 18.164429
v -712.965210 -161.850098 7.928312
v -697.322144 -175.102325 19.439518
v -697.426514 -170.578247 8.565862
v -676.060059 -180.861267 16.981928
v -676.161804 -176.326599 7.337066
v -652.027710 -185.148102 14.018475
v -652.167419 -180.561584 5.855340
v -624.758667 -187.878540 14.185266
v -624.762817 -183.178635 5.938735
v -619.468201 -188.203629 13.929149
v -619.453369 -183.496826 5.810675
v -644.701477 -185.949890 13.602086
v -644.802368 -181.327850 5.647149
v -637.375305 -186.751678 14.857765
v -637.437317 -182.094147 6.274982
v -670.052002 -181.932968 17.828840
v -670.163208 -177.385330 7.760520
v -664.043884 -183.004669 17.505995
v -664.164612 -178.444077 7.599100
v -658.035767 -184.076385 16.013384
v -658.165955 -179.502808 6.852788
v -692.006653 -176.542053 17.947796
v -692.110291 -172.015320 7.820000
v -686.691101 -177.981781 15.953777
v -686.794128 -173.452423 6.822990
v -681.375610 -179.421524 15.631817
v -681.477966 -174.889496 6.662010
v -709.647400 -168.355286 17.772745
v -709.080566 -164.032150 7.732473
v -705.539001 -170.604309 19.053123
v -705.195862 -166.214172 8.372667
v -701.430542 -172.853302 19.831202
v -701.311157 -168.396210 8.761705
v -725.836731 -158.301651 21.827242
v -724.899231 -154.116882 9.759723
v -721.809753 -160.903198 21.553581
v -720.921204 -156.694611 9.622890
v -717.782776 -163.504730 20.110157
v -716.943237 -159.272369 8.901179
v -763.160095 -154.091339 28.125486
v -765.066589 -154.175293 17.981058
v -766.973022 -154.259262 7.836626
v -740.004456 -176.520035 28.125486
v -739.920471 -178.426483 17.981058
v -739.836487 -180.332947 7.836628
v -717.575928 -153.364670 28.125486
v -715.669495 -153.280716 17.981058
v -713.763062 -153.196762 7.836626
v -740.731628 -130.935944 28.125486
v -740.815613 -129.029480 17.981058
v -740.899597 -127.123032 7.836628
v -720.560791 -157.136200 26.884604
v -718.912720 -157.378693 17.153805
v -717.264587 -157.621185 7.423003
v -732.500183 -172.222321 26.884604
v -731.885498 -173.770599 17.153805
v -731.270874 -175.318893 7.423004
v -760.175293 -150.319824 26.884604
v -761.823364 -150.077332 17.153805
v -763.471436 -149.834839 7.423002
v -748.235901 -135.233704 26.884604
v -748.850586 -133.685425 17.153805
v -749.465210 -132.137115 7.423005
v -743.776001 -173.535156 26.884604
v -744.018494 -175.183243 17.153805
v -744.260925 -176.831329 7.423005
v -758.862305 -161.595642 26.884604
v -760.410583 -162.210281 17.153805
v -761.958923 -162.824921 7.423002
v -736.960083 -133.920837 26.884604
v -736.717590 -132.272736 17.153805
v -736.475098 -130.624649 7.423004
v -721.873779 -145.860367 26.884604
v -720.325439 -145.245728 17.153805
v -718.777161 -144.631073 7.423003
v -766.383362 -159.323303 7.836630
v -764.508667 -158.967026 17.981060
v -762.633911 -158.610748 28.125488
v -734.772400 -179.743301 7.836631
v -735.128723 -177.868561 17.981060
v -735.485046 -175.993820 28.125488
v -714.352722 -148.132690 7.836630
v -716.227417 -148.488968 17.981060
v -718.102173 -148.845245 28.125488
v -745.963684 -127.712692 7.836632
v -745.607361 -129.587433 17.981060
v -745.251038 -131.462158 28.125486
v -854.489563 -180.662079 30.722986
v -856.396057 -180.746033 19.712727
v -858.302490 -180.829987 8.702467
v -831.333923 -203.090775 30.722986
v -831.249939 -204.997223 19.712727
v -831.165955 -206.903687 8.702465
v -808.905457 -179.935394 30.722986
v -806.998962 -179.851440 19.712727
v -805.092529 -179.767487 8.702467
v -832.061096 -157.506683 30.722986
v -832.145081 -155.600220 19.712727
v -832.229065 -153.693787 8.702465
v -811.890320 -183.706940 29.482103
v -810.242188 -183.949432 18.885469
v -808.594116 -184.191925 8.288836
v -823.829651 -198.793045 29.482103
v -823.214966 -200.341339 18.885469
v -822.600342 -201.889633 8.288836
v -851.504761 -176.890564 29.482103
v -853.152832 -176.648071 18.885469
v -854.800964 -176.405579 8.288839
v -839.565369 -161.804443 29.482103
v -840.180054 -160.256149 18.885469
v -840.794739 -158.707855 8.288838
v -835.105530 -200.105881 29.482103
v -835.347961 -201.753967 18.885469
v -835.590454 -203.402069 8.288837
v -850.191772 -188.166367 29.482103
v -851.740051 -188.781021 18.885469
v -853.288391 -189.395660 8.288839
v -828.289551 -160.491562 29.482103
v -828.047058 -158.843475 18.885469
v -827.804626 -157.195389 8.288837
v -813.203247 -172.431091 29.482103
v -811.654968 -171.816467 18.885469
v -810.106628 -171.201813 8.288836
v -857.712891 -185.894043 8.702467
v -855.838135 -185.537766 19.712727
v -853.963379 -185.181488 30.722986
v -826.101868 -206.314041 8.702464
v -826.458191 -204.439301 19.712727
v -826.814514 -202.564560 30.722988
v -805.682190 -174.703415 8.702467
v -807.556885 -175.059692 19.712727
v -809.431641 -175.415985 30.722986
v -837.293152 -154.283417 8.702465
v -836.936829 -156.158173 19.712727
v -836.580505 -158.032898 30.722988
v -616.071655 -178.161407 16.833336
v -617.064575 -176.913300 10.452960
v -618.057434 -175.665192 4.072577
v -620.176758 -209.644913 16.833336
v -621.382935 -210.598297 10.452960
v -622.589050 -211.551666 4.072577
v -620.036560 -204.910370 15.592452
v -621.232544 -205.520767 9.625701
v -622.428528 -206.131149 3.658953
v -619.475769 -185.972107 15.592452
v -620.631104 -185.210541 9.625701
v -621.786499 -184.448959 3.658953
v -621.625916 -179.028412 4.072577
v -620.480713 -180.132980 10.452960
v -619.335571 -181.237549 16.833336
v -619.225830 -215.120163 4.072577
v -618.163269 -214.014496 10.452960
v -617.100647 -212.908813 16.833336
v -588.693665 -213.750031 16.833336
v -587.698303 -214.916656 10.452962
v -586.703003 -216.083252 4.072578
v -584.588501 -182.266525 16.833336
v -583.379944 -181.231659 10.452961
v -582.171387 -180.196777 4.072578
v -584.728699 -187.001068 15.592453
v -583.530334 -186.309204 9.625702
v -582.331909 -185.617325 3.658954
v -585.289551 -205.939346 15.592453
v -584.131775 -206.619431 9.625702
v -582.973999 -207.299515 3.658954
v -583.134521 -212.720047 4.072578
v -584.282104 -211.696976 10.452961
v -585.429749 -210.673904 16.833336
v -585.534607 -176.628281 4.072578
v -586.599670 -177.815460 10.452961
v -587.664673 -179.002625 16.833336
v -623.196716 -324.341278 6.106784
v -625.516785 -321.767609 14.521362
v -627.836853 -319.193939 22.935944
v -637.414124 -320.776672 22.984964
v -635.486755 -323.954498 14.554043
v -633.559387 -327.132324 6.123123
v -610.531250 -266.301758 22.984964
v -605.947388 -266.188873 14.554043
v -601.363525 -266.075989 6.123124
v -697.248474 -231.987244 21.470535
v -697.261902 -231.971512 14.554042
v -697.278259 -231.952316 6.123124
v -673.567261 -221.220444 22.984964
v -673.804810 -220.191513 14.554042
v -674.042297 -219.162598 6.123122
v -619.497559 -243.554138 22.984964
v -616.144104 -241.596054 14.554044
v -612.790588 -239.637970 6.123121
v -666.012451 -325.243164 22.984964
v -666.010437 -325.278748 14.554044
v -666.008423 -325.314392 6.123121
v -718.035767 -276.433716 14.554044
v -718.064331 -276.440674 6.123122
v -678.799988 -321.955994 22.984964
v -678.805481 -321.989685 14.554043
v -678.811035 -322.023376 6.123122
v -638.451660 -339.532013 22.266745
v -637.282593 -343.407776 14.075230
v -636.113586 -347.283539 5.883717
v -606.286926 -317.188049 22.861631
v -602.081482 -321.582520 14.471823
v -597.876099 -325.976990 6.082017
v -593.254333 -276.359283 22.825974
v -587.776367 -277.224152 14.448050
v -582.298401 -278.089020 6.070125
v -601.150513 -242.592133 22.638645
v -596.951660 -241.204071 14.323163
v -592.752869 -239.816010 6.007683
v -587.684387 -278.598907 22.632559
v -581.583557 -279.256317 14.319107
v -575.482666 -279.913757 6.005652
v -603.294983 -322.008911 22.718184
v -598.785889 -326.309784 14.376189
v -594.276733 -330.610687 6.034199
v -596.581055 -242.248215 22.225266
v -592.085999 -240.482178 14.047580
v -587.590942 -238.716125 5.869892
v -638.096191 -345.248901 21.375067
v -636.541199 -349.510132 13.480778
v -634.986206 -353.771332 5.586491
v -640.206543 -335.239166 6.050198
v -641.574280 -331.453888 14.408193
v -642.942078 -327.668610 22.766184
v -655.598145 -338.531128 6.019277
v -656.297607 -335.787872 14.346352
v -656.997070 -333.044617 22.673426
v -710.413940 -300.738190 6.123121
v -710.389893 -300.717010 14.554047
v -710.365845 -300.695801 22.984964
v -686.523315 -223.294632 6.123123
v -686.108704 -224.572968 14.554047
v -685.731995 -225.734375 22.213865
v -701.013794 -309.735291 6.123124
v -700.995239 -309.708801 14.554046
v -700.976685 -309.682343 22.984964
v -691.613586 -318.732361 6.123124
v -691.600525 -318.700623 14.554048
v -691.587524 -318.668854 22.984964
v -705.292175 -241.796188 6.123125
v -705.264221 -241.813995 17.315983
v -643.272034 -219.448380 6.123124
v -644.505066 -221.479431 14.554046
v -645.738098 -223.510483 22.984964
v -606.831360 -317.738770 6.102148
v -610.500793 -314.189941 14.512091
v -614.170288 -310.641144 22.922031
v -724.006897 -244.758362 7.009402
v -606.348206 -303.704376 6.123121
v -610.877014 -301.239716 14.554047
v -615.405884 -298.775085 22.984964
v -714.239136 -288.589417 6.123121
v -714.212830 -288.575378 14.554048
v -714.186523 -288.561310 22.984964
v -659.158569 -218.022766 6.123121
v -659.489197 -219.980331 14.554047
v -659.819824 -221.937897 22.984964
v -627.862305 -229.177292 6.123122
v -630.211914 -231.293823 14.554047
v -632.561523 -233.410355 22.984964
v -596.757812 -293.247314 6.097687
v -601.754883 -292.308502 14.503168
v -606.751892 -291.369690 22.908648
v -597.973328 -275.895081 6.104245
v -602.183044 -275.412720 14.516281
v -606.392700 -274.930328 22.928320
v -599.281189 -255.784210 6.084702
v -602.977722 -256.966370 14.477201
v -606.674316 -258.148529 22.869701
v -604.377441 -244.163940 6.075021
v -607.882935 -245.488571 14.457836
v -611.388428 -246.813202 22.840652
v -651.753418 -351.947388 5.889989
v -652.987305 -347.981018 14.087776
v -654.221191 -344.014648 22.285563
v -610.469421 -336.796631 6.077665
v -614.125427 -333.032806 14.463130
v -617.781372 -329.268982 22.848593
v -584.519592 -295.434998 6.062855
v -590.037903 -294.607727 14.433507
v -595.556213 -293.780457 22.804155
v -588.983948 -252.406250 6.039707
v -593.172363 -253.906677 14.387210
v -597.360779 -255.407104 22.734711
v -578.032532 -295.730316 6.005653
v -584.052185 -294.569092 14.319107
v -590.071838 -293.407867 22.632559
v -604.530762 -341.858948 6.034200
v -608.713318 -337.199768 14.376190
v -612.895813 -332.540588 22.718184
v -583.492981 -249.788666 5.869892
v -588.118530 -251.202103 14.047580
v -592.744080 -252.615555 22.225266
v -649.146484 -357.810699 5.586492
v -650.250488 -353.420837 13.480779
v -651.354553 -349.031006 21.375067
v -713.512207 -356.304321 37.692764
v -715.871155 -356.112640 24.044254
v -718.230103 -355.920959 10.395743
v -692.815857 -381.860565 37.692764
v -693.007507 -384.219543 24.044254
v -693.199158 -386.578491 10.395745
v -667.259888 -361.164459 37.692764
v -664.900940 -361.356140 24.044254
v -662.541931 -361.547821 10.395742
v -687.956238 -335.608215 37.692768
v -687.764587 -333.249268 24.044254
v -687.572937 -330.890320 10.395744
v -670.746521 -364.617554 36.451881
v -668.752563 -365.170746 23.216999
v -666.758606 -365.723938 9.982116
v -684.692932 -378.429932 36.451885
v -684.159058 -380.429108 23.216999
v -683.625183 -382.428314 9.982117
v -710.025635 -352.851257 36.451885
v -712.019531 -352.298096 23.216999
v -714.013489 -351.744904 9.982116
v -696.079163 -339.038940 36.451885
v -696.613037 -337.039734 23.216999
v -697.146912 -335.040527 9.982118
v -696.268982 -378.373901 36.451885
v -696.822144 -380.367859 23.216999
v -697.375305 -382.361786 9.982118
v -710.081482 -364.427277 36.451885
v -712.080688 -364.961121 23.216999
v -714.079895 -365.494995 9.982116
v -684.503113 -339.094879 36.451885
v -683.949951 -337.100952 23.216999
v -683.396790 -335.106995 9.982117
v -670.690613 -353.041534 36.451881
v -668.691406 -352.507660 23.216999
v -666.692200 -351.973785 9.982116
v -718.256042 -361.278320 10.395743
v -715.895325 -361.109467 24.044256
v -713.534607 -360.940613 37.692764
v -687.841797 -386.604370 10.395744
v -688.010681 -384.243652 24.044256
v -688.179565 -381.882965 37.692768
v -662.516052 -356.190491 10.395742
v -664.876770 -356.359314 24.044256
v -667.237488 -356.528168 37.692764
v -692.930298 -330.864410 10.395745
v -692.761414 -333.225128 24.044256
v -692.592529 -335.585815 37.692768
v -668.050049 -369.407776 -2.446882
v -582.834290 -212.389267 -6.097119
v -591.839172 -227.852325 -6.097118
v -600.844055 -243.315384 -6.097117
v -609.848877 -258.778442 -6.097120
v -651.094238 -331.717957 -2.446879
v -656.732910 -347.480774 -2.446879
v -593.364380 -204.046997 13.992307
v -591.398560 -204.557266 12.036756
v -591.974304 -204.407806 13.419541
v -602.302917 -219.396179 13.992308
v -597.691040 -222.500824 6.293511
v -600.959778 -219.837524 13.419542
v -611.247314 -234.755402 13.992304
v -606.695862 -237.963898 6.293508
v -609.946899 -235.270172 13.419538
v -618.413147 -250.946457 12.036754
v -620.196838 -250.123413 13.992305
v -618.935547 -250.705399 13.419539
v -681.447144 -359.187897 40.820915
v -683.933655 -357.004639 44.068314
v -682.175415 -358.548431 43.117172
v -667.089966 -319.507416 44.068310
v -664.491333 -321.498108 40.820915
v -665.252441 -320.915039 43.117172
v -670.130005 -337.260925 40.820915
v -672.980469 -335.767639 44.068310
v -670.879089 -336.657196 43.117168
v -772.810120 -284.780457 27.314671
v -784.174927 -273.476471 27.314671
v -725.480225 -166.489960 13.992305
v -847.577209 -205.422623 53.336075
v -711.747864 -176.301773 13.992304
v -795.858521 -260.915833 27.314671
v -696.563660 -182.481354 13.992307
v -762.911804 -295.296051 27.314671
v -680.884155 -185.240311 13.992306
v -704.188293 -192.711273 13.992308
v -711.812927 -202.941177 13.992304
v -719.437561 -213.171082 13.992305
v -727.062195 -223.401001 13.992306
v -734.686890 -233.630905 13.992306
v -742.311523 -243.860809 13.992307
v -749.936157 -254.090729 13.992307
v -757.560791 -264.320618 13.992308
v -765.185425 -274.550537 13.992305
v -739.555847 -185.375137 13.992307
v -746.593689 -194.817719 13.992307
v -753.631531 -204.260315 13.992308
v -760.669373 -213.702896 13.992304
v -769.117310 -225.037460 13.992305
v -774.745056 -232.588074 13.992305
v -781.782837 -242.030670 13.992306
v -788.820679 -251.473251 13.992306
v -718.990601 -186.019241 13.992305
v -726.233276 -195.736725 13.992305
v -733.476013 -205.454193 13.992306
v -740.718689 -215.171661 13.992307
v -747.961426 -224.889130 13.992307
v -756.217529 -235.966278 13.992308
v -762.446838 -244.324066 13.992304
v -769.689514 -254.041534 13.992305
v -776.932251 -263.759003 13.992306
v -834.931885 -189.691284 51.791245
v -809.242676 -170.969604 13.992304
v -800.376709 -168.613129 15.778840
v -791.903564 -167.380692 15.778842
v -784.967712 -166.556854 13.992306
v -778.031860 -165.733002 13.992306
v -771.096008 -164.909149 13.992305
v -764.160156 -164.085327 13.992304
v -689.086914 -196.245895 13.992307
v -697.289673 -207.251465 13.992307
v -705.492432 -218.257034 13.992308
v -713.695190 -229.262604 13.992304
v -721.897949 -240.268188 13.992305
v -738.303528 -262.279327 13.992306
v -746.506287 -273.284912 13.992307
v -669.379456 -201.547119 13.992305
v -677.309814 -213.163116 13.992306
v -686.904236 -226.444183 13.992306
v -697.720703 -235.049713 13.992307
v -706.195129 -246.419800 13.992308
v -654.559570 -204.633331 13.992308
v -663.461853 -216.577393 13.992305
v -672.364075 -228.521439 13.992305
v -813.292175 -245.449677 36.853630
v -826.567200 -232.574158 36.853630
v -838.247864 -220.944031 55.583027
v -843.699463 -214.621368 55.812592
v -804.148132 -237.178101 36.853630
v -815.724670 -224.077713 36.853630
v -794.460571 -228.116043 13.992307
v -803.908325 -216.863968 13.992308
v -811.508301 -205.306915 24.477407
v -814.520569 -195.867554 29.286913
v -786.349182 -220.726913 13.992306
v -793.361816 -210.819275 13.992307
v -800.204712 -198.544952 13.992307
v -806.301270 -185.812119 25.325674
v -777.263184 -214.828751 13.992306
v -784.580872 -204.400604 13.992306
v -790.719055 -192.803375 13.992307
v -796.190674 -180.922852 15.778840
v -766.916199 -204.438446 13.992305
v -773.163025 -195.174011 13.992305
v -779.409851 -185.909576 13.992306
v -785.656677 -176.645142 15.778841
v -759.898743 -196.719620 13.992304
v -766.166016 -189.178925 13.992305
v -772.433228 -181.638245 13.992305
v -778.700439 -174.097534 13.992306
v -752.881348 -189.000778 13.992308
v -759.168945 -183.183838 13.992304
v -765.456604 -177.366882 13.992305
v -771.744202 -171.549957 13.992305
v -745.863892 -181.281921 13.992307
v -752.171936 -177.188751 13.992308
v -758.479919 -173.095551 13.992304
v -764.787964 -169.002350 13.992305
v -757.831726 -166.454773 13.992304
v -757.224304 -163.261475 -2.446879
v -821.898865 -178.055237 -2.446882
v -809.242676 -170.969604 -2.446883
v -800.376709 -168.613129 -2.446880
v -791.903564 -167.380692 -2.446880
v -784.967712 -166.556854 -2.446881
v -778.031860 -165.733002 -2.446881
v -771.096008 -164.909149 -2.446882
v -764.160156 -164.085327 -2.446882
v -778.031860 -165.733002 3.125564
v -778.031860 -165.733002 8.558937
v -771.096008 -164.909149 8.558936
v -771.096008 -164.909149 3.125567
v -791.903564 -167.380692 3.125565
v -791.903564 -167.380692 8.558938
v -784.967712 -166.556854 8.558937
v -784.967712 -166.556854 3.125568
v -809.242676 -170.969604 3.125562
v -809.242676 -170.969604 8.558935
v -800.376709 -168.613129 8.558938
v -800.376709 -168.613129 3.125569
v -764.160156 -164.085327 3.125563
v -764.160156 -164.085327 8.558935
v -757.224304 -163.261475 8.558939
v -757.224304 -163.261475 3.125570
v -821.898865 -178.055237 3.125563
v -821.898865 -178.055237 8.558936
v -740.189636 -292.147888 31.486748
v -748.720520 -303.593018 31.486681
v -722.573364 -269.518372 31.580536
v -731.313782 -280.883179 31.546776
v -741.976074 -290.862823 17.072947
v -750.342957 -302.088135 30.395281
v -724.965210 -268.542480 17.119841
v -733.436768 -279.727661 17.102961
v -799.715759 -250.007553 6.741422
v -796.309082 -243.754761 12.387780
v -798.843506 -247.816437 23.196301
v -799.344543 -252.957855 34.095070
v -792.804138 -249.930908 12.387780
v -795.560242 -253.376923 23.354898
v -796.282959 -257.902679 34.306530
v -703.648254 -341.266205 36.962410
v -702.932312 -336.803711 25.346809
v -700.182983 -333.420990 12.387780
v -771.112305 -284.156952 31.566589
v -770.229126 -279.799377 21.299942
v -767.312500 -276.521545 12.387778
v -755.121155 -297.662476 35.393951
v -754.396545 -293.330048 24.170464
v -751.638550 -290.077393 12.387781
v -735.681335 -309.614319 35.400898
v -734.947815 -305.298553 24.175673
v -732.180786 -302.062500 12.387779
v -717.586731 -326.192993 34.484299
v -716.905762 -321.780365 23.488226
v -714.191406 -318.447449 12.387778
v -712.493958 -330.770233 34.501984
v -711.710022 -326.441833 23.501488
v -708.892578 -323.193176 12.387777
v -707.532104 -336.901703 36.666756
v -706.807312 -332.479156 25.125069
v -704.049072 -329.136353 12.387781
v -731.447510 -313.409607 37.234791
v -730.677856 -309.127991 25.551096
v -727.874756 -305.926147 12.387779
v -727.124695 -317.723389 37.370708
v -726.355225 -313.432495 25.653036
v -723.552307 -310.221375 12.387778
v -722.117126 -321.635498 36.485249
v -721.384094 -317.293549 24.988939
v -718.617615 -314.031342 12.387778
v -750.415588 -299.959351 34.278343
v -749.796204 -295.527863 23.333759
v -747.143433 -292.176117 12.387780
v -745.242920 -301.926025 32.411568
v -744.711548 -297.435974 21.933678
v -742.146790 -294.025665 12.387780
v -739.021545 -305.636444 32.785751
v -738.341125 -301.259186 22.214315
v -735.627258 -297.961670 12.387779
v -766.768982 -287.760803 31.596327
v -765.913269 -283.497559 21.322247
v -763.024170 -280.314087 12.387777
v -762.637634 -291.831848 33.714680
v -761.770264 -287.617798 22.911011
v -758.869385 -284.483459 12.387777
v -758.685791 -295.550903 35.299213
v -757.879272 -291.281677 24.099413
v -755.039368 -288.092163 12.387781
v -782.432190 -272.278748 34.765511
v -781.492737 -267.833496 23.699137
v -778.519836 -264.467957 12.387779
v -778.861755 -275.834045 34.816921
v -777.937561 -271.384216 23.737694
v -774.979980 -268.014160 12.387778
v -774.775208 -280.348480 33.486385
v -773.885132 -275.930542 22.739790
v -770.961670 -272.592346 12.387778
v -696.004944 -348.179016 37.222645
v -695.289062 -343.717102 25.541985
v -692.539734 -340.334961 12.387780
v -791.666016 -262.694702 33.032707
v -790.871094 -258.195770 22.399530
v -788.042725 -254.776596 12.387779
v -787.049133 -267.486725 33.185703
v -786.181885 -263.014618 22.514278
v -783.281250 -259.622284 12.387779
vn 0.0354 -0.0072 0.9993
vn 0.0188 0.0350 0.9992
vn 0.0490 0.0022 0.9988
vn 0.0488 0.0019 0.9988
vn 0.0494 0.0063 0.9988
vn 0.0070 -0.0190 0.9998
vn 0.0316 -0.0181 0.9993
vn 0.0402 -0.0042 0.9992
vn 0.0403 -0.0031 0.9992
vn 0.0400 -0.0102 0.9991
vn 0.0512 0.0181 0.9985
vn 0.0352 0.0259 0.9990
vn 0.0353 0.0262 0.9990
vn 0.0353 0.0305 0.9989
vn 0.0485 0.0030 0.9988
vn 0.0483 0.0040 0.9988
vn 0.0483 0.0152 0.9987
vn -0.0047 0.0112 0.9999
vn -0.0056 0.0155 0.9999
vn -0.0023 0.0193 0.9998
vn 0.0198 -0.0022 0.9998
vn 0.0130 0.0190 0.9997
vn 0.0141 0.0190 0.9997
vn 0.0040 0.0182 0.9998
vn -0.0133 0.0361 0.9993
vn -0.0144 0.0360 0.9992
vn -0.0031 0.0374 0.9993
vn -0.0192 -0.0179 0.9997
vn -0.0192 -0.0184 0.9996
vn -0.0192 -0.0223 0.9996
vn -0.0073 -0.0147 0.9999
vn -0.0039 -0.0176 0.9998
vn -0.0156 -0.0208 0.9997
vn 0.0064 0.0057 1.0000
vn 0.0064 0.0033 1.0000
vn 0.0064 -0.0049 1.0000
vn 0.0195 0.0211 0.9996
vn 0.0144 0.0266 0.9995
vn 0.0141 0.0270 0.9995
vn -0.0217 0.0146 0.9997
vn 0.0079 -0.0234 0.9997
vn 0.0074 -0.0234 0.9997
vn 0.0136 -0.0221 0.9997
vn -0.0352 -0.0090 0.9993
vn 0.0186 -0.0089 0.9998
vn -0.0013 0.0069 1.0000
vn -0.0030 0.0094 1.0000
vn -0.0018 0.0094 1.0000
vn 0.0141 -0.0008 0.9999
vn 0.0168 -0.0021 0.9999
vn 0.0199 -0.0127 0.9997
vn -0.0321 -0.0049 0.9995
vn -0.0327 -0.0109 0.9994
vn -0.0321 -0.0050 0.9995
vn -0.0448 -0.0189 0.9988
vn 0.0472 -0.0615 0.9970
vn 0.0416 0.0332 0.9986
vn -0.0177 -0.0111 0.9998
vn -0.0177 -0.0126 0.9998
vn -0.0165 -0.0005 0.9999
vn 0.0188 -0.0030 0.9998
vn 0.0193 -0.0004 0.9998
vn -0.0329 -0.0137 0.9994
vn -0.0339 -0.0147 0.9993
vn 0.0089 -0.0148 0.9999
vn -0.0431 -0.0543 0.9976
vn -0.9317 -0.0584 0.3584
vn -0.9329 -0.0267 0.3592
vn -0.8427 0.3995 0.3608
vn -0.0145 0.0006 0.9999
vn -0.0139 0.0014 0.9999
vn 0.0297 0.0093 0.9995
vn 0.0296 0.0100 0.9995
vn 0.0296 0.0059 0.9995
vn -0.0111 0.0395 0.9992
vn 0.0013 0.0295 0.9996
vn 0.0063 0.0366 0.9993
vn 0.0006 0.0285 0.9996
vn -0.0063 0.0544 0.9985
vn -0.0018 -0.0004 1.0000
vn 0.0082 0.0065 0.9999
vn 0.0025 -0.0239 0.9997
vn 0.0013 -0.0245 0.9997
vn -0.0048 -0.0168 0.9998
vn 0.0047 -0.0068 1.0000
vn 0.0044 -0.0070 1.0000
vn 0.0009 -0.0062 1.0000
vn -0.0310 -0.0358 0.9989
vn 0.0017 -0.0365 0.9993
vn -0.0043 -0.0418 0.9991
vn -0.0016 -0.0347 0.9994
vn 0.0371 -0.0037 0.9993
vn 0.0343 -0.0025 0.9994
vn 0.0317 -0.0014 0.9995
vn -0.0227 -0.0180 0.9996
vn 0.0304 0.0157 0.9994
vn 0.0303 0.0144 0.9994
vn 0.0311 0.0254 0.9992
vn -0.0047 0.0045 1.0000
vn -0.0049 0.0055 1.0000
vn -0.0049 0.0008 1.0000
vn -0.0229 0.0186 0.9996
vn -0.0228 0.0181 0.9996
vn -0.0229 0.0187 0.9996
vn 0.0102 0.0268 0.9996
vn 0.0164 0.0293 0.9994
vn 0.0167 0.0286 0.9995
vn -0.0187 -0.0325 0.9993
vn -0.0161 0.0331 0.9993
vn -0.0188 0.0345 0.9992
vn -0.0156 0.0330 0.9993
vn -0.0126 0.0419 0.9990
vn -0.0109 0.0424 0.9990
vn -0.0363 0.0104 0.9993
vn 0.0200 -0.0012 0.9998
vn 0.0153 0.0183 0.9997
vn 0.0097 0.0229 0.9997
vn -0.0025 0.0209 0.9998
vn 0.0037 -0.0268 0.9996
vn 0.0029 -0.0265 0.9996
vn 0.0001 -0.0253 0.9997
vn 0.0012 -0.0246 0.9997
vn -0.0045 -0.0215 0.9998
vn -0.0026 -0.0203 0.9998
vn -0.0021 -0.0201 0.9998
vn 0.0271 -0.0104 0.9996
vn 0.0269 -0.0166 0.9995
vn 0.0275 -0.0102 0.9996
vn -0.0151 -0.0195 0.9997
vn -0.0160 -0.0202 0.9997
vn -0.0093 -0.0364 0.9993
vn -0.0080 -0.0364 0.9993
vn 0.0024 -0.0364 0.9993
vn 0.0044 -0.0364 0.9993
vn 0.0491 0.0065 0.9988
vn 0.0070 -0.0392 0.9992
vn 0.0316 -0.0013 0.9995
vn 0.0399 -0.0112 0.9991
vn 0.0723 0.0298 0.9969
vn 0.0352 0.0313 0.9989
vn 0.0485 0.0162 0.9987
vn 0.0337 0.0176 0.9993
vn 0.0037 -0.0029 1.0000
vn 0.0029 0.0180 0.9998
vn -0.0021 0.0376 0.9993
vn 0.0269 -0.0099 0.9996
vn -0.0093 -0.0120 0.9999
vn -0.0056 0.0255 0.9997
vn 0.0198 0.0208 0.9996
vn 0.0141 -0.0219 0.9997
vn -0.0144 -0.0028 0.9999
vn -0.0192 -0.0229 0.9996
vn -0.0035 0.0087 1.0000
vn 0.0064 -0.0073 1.0000
vn 0.0141 -0.0003 0.9999
vn -0.0217 -0.0155 0.9996
vn 0.0074 -0.0694 0.9976
vn -0.0352 0.0359 0.9987
vn 0.0186 0.0097 0.9998
vn -0.0002 0.0093 1.0000
vn -0.0447 0.0585 0.9973
vn 0.0461 0.0302 0.9985
vn -0.8790 -0.3048 0.3668
vn -0.8261 -0.4336 0.3599
vn -0.8358 -0.4137 0.3611
vn 0.0199 -0.0003 0.9998
vn -0.0339 0.0163 0.9993
vn 0.0067 0.0369 0.9993
vn -0.0413 0.0225 0.9989
vn 0.0856 0.0837 0.9928
vn -0.0090 -0.0241 0.9997
vn -0.0056 -0.0296 0.9995
vn -0.0139 -0.0301 0.9994
vn 0.0296 0.0049 0.9996
vn -0.0111 -0.0228 0.9997
vn 0.0006 -0.0059 1.0000
vn -0.0063 -0.0432 0.9990
vn -0.0018 -0.0347 0.9994
vn 0.0109 0.0304 0.9995
vn 0.0092 0.0356 0.9993
vn 0.0082 0.0356 0.9993
vn 0.0024 -0.0191 0.9998
vn 0.0047 0.0166 0.9999
vn -0.0311 0.0089 0.9995
vn 0.0019 0.0138 0.9999
vn 0.0371 0.0248 0.9990
vn 0.0303 0.0257 0.9992
vn -0.0049 -0.0037 1.0000
vn -0.0228 0.0247 0.9994
vn -0.0187 0.0350 0.9992
vn -0.0290 -0.0551 0.9981
vn 0.0178 -0.0221 0.9996
vn -0.0143 -0.0189 0.9997
vn 0.0151 -0.0151 0.9998
vn -0.0418 -0.2007 0.9788
vn 0.6033 0.3070 0.7360
vn 0.1201 0.2253 0.9669
vn 0.1119 0.2284 0.9671
vn 0.0173 -0.2415 0.9702
vn 0.0177 -0.2412 0.9703
vn 0.0317 -0.2424 0.9697
vn -0.2211 0.2902 0.9311
vn 0.5770 0.2144 0.7881
vn 0.0531 0.2392 0.9695
vn 0.0313 -0.2424 0.9697
vn 0.5554 -0.0026 0.8316
vn 0.0194 0.2372 0.9713
vn 0.1375 -0.2204 0.9657
vn 0.1005 -0.2357 0.9666
vn 0.5759 -0.2047 0.7915
vn -0.0747 0.2048 0.9759
vn -0.0747 0.2049 0.9759
vn -0.0716 0.2067 0.9758
vn 0.4184 0.0083 0.9082
vn 0.4169 0.0101 0.9089
vn 0.6102 -0.3283 0.7210
vn -0.0715 0.2066 0.9758
vn -0.0716 0.2063 0.9759
vn 0.4178 0.0093 0.9085
vn 0.4160 0.0109 0.9093
vn -0.0776 -0.1975 0.9772
vn -0.0683 -0.2052 0.9763
vn -0.0670 -0.2064 0.9762
vn 0.4171 -0.0090 0.9088
vn -0.0683 -0.2059 0.9762
vn 0.4314 0.0060 0.9022
vn 0.1118 0.2287 0.9671
vn 0.1197 0.2252 0.9669
vn -0.0544 -0.2147 0.9752
vn 0.0264 -0.2239 0.9743
vn -0.0742 0.2045 0.9760
vn -0.2304 -0.2870 0.9298
vn 0.0001 -0.0039 1.0000
vn 0.0003 -0.0042 1.0000
vn -0.0002 0.0102 0.9999
vn -0.0057 0.0345 0.9994
vn -0.0119 0.0286 0.9995
vn -0.0097 0.0315 0.9995
vn 0.0021 0.0116 0.9999
vn 0.0030 0.0112 0.9999
vn 0.0006 0.0104 0.9999
vn -0.1431 -0.2347 0.9615
vn -0.0200 -0.0436 0.9988
vn 0.0002 0.0091 1.0000
vn 0.0004 0.0094 1.0000
vn -0.0029 0.0348 0.9994
vn -0.0074 0.0378 0.9993
vn 0.0008 0.0059 1.0000
vn 0.0003 0.0060 1.0000
vn 0.0014 -0.0281 0.9996
vn 0.0044 -0.0253 0.9997
vn 0.0034 -0.0307 0.9995
vn -0.1824 0.3972 0.8994
vn 0.0012 0.0043 1.0000
vn -0.0006 0.0054 1.0000
vn -0.0018 0.0117 0.9999
vn -0.0000 0.0074 1.0000
vn -0.0000 0.0053 1.0000
vn 0.1583 0.2939 0.9427
vn -0.0000 0.2393 0.9709
vn -0.0055 -0.0285 0.9996
vn 0.0003 -0.0237 0.9997
vn -0.0000 -0.0238 0.9997
vn -0.0005 0.0085 1.0000
vn 0.0106 0.0341 0.9994
vn -0.0000 0.0283 0.9996
vn -0.0000 0.0282 0.9996
vn -0.0000 0.0272 0.9996
vn -0.0000 0.0023 1.0000
vn -0.0000 0.0025 1.0000
vn 0.0233 -0.0457 0.9987
vn 0.0228 -0.0528 0.9983
vn 0.0235 -0.0436 0.9988
vn -0.0000 -0.0436 0.9990
vn 0.1431 -0.2347 0.9615
vn -0.0000 -0.2371 0.9715
vn -0.0039 0.0104 0.9999
vn -0.0000 0.0104 0.9999
vn 0.0140 0.0274 0.9995
vn 0.0130 0.0312 0.9994
vn -0.0000 0.0261 0.9997
vn -0.0006 -0.0040 1.0000
vn -0.0003 -0.0047 1.0000
vn -0.0003 -0.0037 1.0000
vn -0.0000 -0.0037 1.0000
vn -0.2513 0.4311 0.8666
vn -0.2785 0.0077 0.9604
vn -0.2785 0.0075 0.9604
vn -0.2784 0.0191 0.9603
vn -0.2516 -0.4289 0.8676
vn -0.2749 -0.1607 0.9480
vn -0.2782 -0.0426 0.9596
vn -0.2785 -0.0045 0.9604
vn -0.2757 0.1401 0.9510
vn -0.2778 -0.0686 0.9582
vn -0.2785 0.0105 0.9604
vn -0.2766 0.1149 0.9541
vn 0.0002 -0.0037 1.0000
vn -0.0111 0.0260 0.9996
vn -0.1810 -0.3941 0.9011
vn -0.0188 -0.0625 0.9979
vn 0.0041 -0.0235 0.9997
vn -0.1444 0.2368 0.9608
vn 0.1444 0.2368 0.9608
vn 0.0226 -0.0551 0.9982
vn 0.1569 -0.2913 0.9437
vn 0.0141 0.0261 0.9996
vn -0.0000 -0.0000 1.0000
vn 0.0227 -0.5057 0.8624
vn 0.0156 -0.5012 0.8652
vn 0.0154 -0.5008 0.8654
vn -0.3256 0.1591 0.9320
vn 0.4140 -0.0028 0.9103
vn -0.1913 -0.3520 0.9162
vn 0.0766 -0.4596 0.8848
vn -0.4676 0.1677 0.8679
vn 0.4173 -0.1506 0.8962
vn -0.2036 -0.3338 0.9204
vn 0.2038 -0.3317 0.9211
vn -0.4902 0.0762 0.8683
vn 0.4238 -0.2338 0.8750
vn -0.0000 -0.5088 0.8609
vn -0.6422 -0.0036 0.7666
vn 0.3443 0.5644 0.7502
vn 0.3733 0.0092 0.9277
vn 0.3731 0.0098 0.9277
vn 0.3735 0.0088 0.9276
vn -0.4060 0.0100 0.9138
vn -0.4059 0.0085 0.9139
vn -0.4059 0.0086 0.9139
vn -0.0000 0.5104 0.8599
vn 0.1770 0.3648 0.9141
vn 0.3435 -0.5631 0.7516
vn -0.5085 -0.2555 0.8223
vn 0.1923 0.3450 0.9187
vn -0.5207 -0.0011 0.8537
vn 0.0940 0.4440 0.8911
vn -0.4076 0.5473 0.7310
vn -0.3178 -0.0805 0.9447
vn 0.0173 0.4964 0.8679
vn 0.1690 -0.3768 0.9108
vn -0.2177 0.3605 0.9070
vn -0.1405 0.5584 0.8176
vn 0.3737 0.0082 0.9275
vn -0.2063 0.5676 0.7970
vn -0.2241 0.3401 0.9133
vn 0.3732 -0.0089 0.9277
vn -0.4143 -0.5440 0.7297
vn 0.3790 0.0078 0.9253
vn -0.2028 -0.5654 0.7995
vn 0.4216 0.2112 0.8819
vn -0.1204 -0.5539 0.8238
vn -0.1146 -0.5600 0.8205
vn -0.1141 -0.5603 0.8204
vn -0.2883 -0.1657 0.9431
vn 0.4175 0.1614 0.8942
vn 0.0234 -0.5060 0.8622
vn -0.3278 0.1769 0.9280
vn -0.4045 -0.0702 0.9118
vn -0.5063 0.0614 0.8601
vn -0.5264 -0.1704 0.8330
vn -0.5697 0.3776 0.7300
vn -0.4059 0.0071 0.9139
vn -0.5566 -0.0914 0.8257
vn -0.5764 0.2534 0.7769
vn -0.2010 0.3671 0.9082
vn -0.2043 0.3349 0.9198
vn -0.1210 -0.5532 0.8242
vn 0.8893 -0.3410 0.3048
vn 0.8926 -0.3324 0.3047
vn 0.8897 -0.3400 0.3048
vn 0.3987 0.8520 0.3392
vn 0.3901 0.8559 0.3396
vn 0.3870 0.8572 0.3398
vn -0.5661 -0.7557 0.3294
vn -0.6287 -0.7042 0.3299
vn -0.2429 -0.9141 0.3246
vn 0.3802 -0.8713 0.3104
vn 0.3901 -0.8669 0.3105
vn 0.3873 -0.8681 0.3105
vn -0.3722 0.8583 0.3533
vn -0.3789 0.8552 0.3535
vn -0.3802 0.8546 0.3536
vn 0.8880 0.3347 0.3154
vn 0.8847 0.3434 0.3154
vn 0.8868 0.3378 0.3154
vn -0.0487 0.0744 0.9960
vn -0.0528 -0.0711 0.9961
vn 0.0521 -0.0051 0.9986
vn 0.0100 0.0494 0.9987
vn 0.2947 -0.1701 0.9403
vn -0.0000 -0.4275 0.9040
vn -0.3703 -0.2138 0.9040
vn -0.3610 0.2084 0.9090
vn 0.0547 -0.0000 0.9985
vn -0.0000 0.4169 0.9090
vn 0.2118 0.1223 0.9696
vn -0.3245 0.1979 0.9250
vn -0.0497 0.4134 0.9092
vn 0.7021 0.3371 0.6272
vn 0.2478 -0.0857 0.9650
vn 0.0578 -0.7355 0.6751
vn -0.4037 -0.2059 0.8914
vn 0.2615 -0.1299 0.9564
vn 0.0436 -0.3176 0.9472
vn -0.2468 -0.0599 0.9672
vn -0.2467 0.0665 0.9668
vn -0.0546 -0.0000 0.9985
vn -0.0174 0.0215 0.9996
vn -0.0000 0.0516 0.9987
vn 0.0836 0.1980 0.9766
vn 0.2595 0.1787 0.9491
vn -0.3630 0.2295 0.9031
vn 0.0301 0.7563 0.6536
vn 0.3088 0.2565 0.9159
vn 0.6172 -0.4091 0.6721
vn -0.0000 -0.4418 0.8971
vn -0.3277 -0.1409 0.9342
vn -0.0008 -0.0036 1.0000
vn -0.0073 -0.0036 1.0000
vn 0.0403 -0.0327 0.9987
vn 0.0468 -0.0327 0.9984
vn 0.0310 -0.0504 0.9982
vn 0.0310 -0.0448 0.9985
vn 0.0338 -0.0327 0.9989
vn 0.0019 0.0141 0.9999
vn 0.0019 0.0085 1.0000
vn 0.0311 -0.0392 0.9987
vn 0.0019 0.0029 1.0000
vn -0.0139 -0.0036 0.9999
vn 0.0165 -0.0448 0.9989
vn 0.0165 0.0085 0.9998
vn -0.0073 -0.0182 0.9998
vn 0.0403 -0.0182 0.9990
vn 0.1255 0.1748 0.9766
vn 0.2086 -0.0652 0.9758
vn -0.1766 -0.1174 0.9773
vn 0.2083 0.0817 0.9747
vn 0.0788 -0.2099 0.9745
vn -0.0930 -0.2097 0.9733
vn -0.0473 0.1760 0.9833
vn -0.1777 0.0302 0.9836
vn 0.0169 0.0288 0.9994
vn 0.0164 0.0175 0.9997
vn 0.0354 -0.2978 0.9540
vn 0.0355 -0.2965 0.9544
vn -0.2439 0.2271 0.9428
vn -0.2422 0.2257 0.9436
vn -0.2422 0.2258 0.9436
vn -0.1875 -0.1890 0.9639
vn -0.1864 -0.1878 0.9644
vn -0.1870 -0.1884 0.9641
vn 0.1304 0.2424 0.9614
vn 0.1304 0.2422 0.9614
vn 0.1297 0.2412 0.9618
vn 0.4009 0.0319 0.9156
vn 0.3593 -0.1281 0.9244
vn 0.3465 -0.1250 0.9297
vn 0.1258 0.2348 0.9639
vn -0.2354 0.2203 0.9466
vn 0.3876 0.0321 0.9213
vn 0.0356 -0.2873 0.9572
vn -0.1806 -0.1816 0.9666
vn 0.0148 -0.4752 0.8798
vn -0.3383 -0.3569 0.8707
vn 0.5553 -0.1584 0.8164
vn 0.1452 0.2539 0.9563
vn -0.3402 0.2887 0.8949
vn 0.5718 0.0128 0.8203
vn 0.1909 0.1954 0.9620
vn 0.0292 -0.3154 0.9485
vn 0.1204 0.2898 0.9495
vn -0.2528 -0.3560 0.8996
vn 0.2223 -0.3561 0.9076
vn 0.0787 -0.4031 0.9118
vn 0.4089 -0.2910 0.8649
vn -0.0134 -0.3762 0.9264
vn -0.5365 -0.0817 0.8399
vn -0.0526 -0.3527 0.9343
vn -0.1234 0.0003 0.9924
vn 0.5843 -0.0929 0.8062
vn -0.4350 -0.0146 0.9003
vn 0.5551 0.0737 0.8285
vn -0.4485 0.0233 0.8935
vn -0.1776 0.0010 0.9841
vn 0.5025 -0.0371 0.8638
vn -0.4418 0.0728 0.8942
vn -0.1917 0.0463 0.9804
vn 0.5776 0.1159 0.8080
vn -0.4465 0.0202 0.8945
vn -0.2986 0.0141 0.9543
vn 0.5904 0.1743 0.7881
vn -0.0238 0.2981 0.9542
vn -0.4959 -0.0286 0.8679
vn -0.4831 -0.0326 0.8750
vn -0.5150 -0.0160 0.8570
vn 0.1903 0.4263 0.8844
vn -0.0468 0.3700 0.9279
vn 0.0156 0.4517 0.8920
vn -0.1590 0.3731 0.9141
vn -0.3335 0.2268 0.9151
vn -0.2807 0.0470 0.9586
vn -0.3059 0.1641 0.9378
vn 0.1190 0.5101 0.8518
vn 0.1961 0.3653 0.9100
vn 0.2013 0.4235 0.8832
vn 0.1841 0.4058 0.8953
vn 0.1207 0.2897 0.9495
vn -0.1076 0.4392 0.8919
vn -0.6585 0.5238 0.5404
vn -0.0850 0.0381 0.9957
vn -0.1693 -0.4329 0.8854
vn 0.0479 0.3588 0.9322
vn -0.2504 -0.3607 0.8985
vn 0.2385 -0.3579 0.9028
vn 0.0552 -0.4233 0.9043
vn 0.5476 -0.0471 0.8354
vn 0.1067 -0.3122 0.9440
vn -0.4437 -0.3183 0.8378
vn -0.0945 -0.3679 0.9250
vn -0.1681 -0.0236 0.9855
vn 0.6102 -0.0493 0.7907
vn -0.4442 0.0013 0.8959
vn 0.4877 -0.0037 0.8730
vn -0.4242 0.0024 0.9056
vn -0.1795 -0.0000 0.9838
vn 0.5859 0.0449 0.8091
vn -0.4706 0.0598 0.8803
vn -0.2915 -0.0000 0.9566
vn 0.5438 0.0834 0.8351
vn -0.4654 0.0309 0.8846
vn -0.2812 0.0225 0.9594
vn -0.0682 0.3064 0.9494
vn 0.3271 0.3991 0.8566
vn -0.0447 0.3690 0.9284
vn 0.0959 0.3918 0.9150
vn -0.0707 0.4398 0.8953
vn -0.2535 0.6510 0.7155
vn -0.2553 0.6834 0.6839
vn -0.2424 0.7268 0.6427
vn -0.0910 0.3790 0.9209
vn 0.3548 0.4548 0.8168
vn 0.3450 0.3350 0.8768
vn 0.3498 0.3386 0.8735
vn -0.3809 0.5900 0.7119
vn 0.0891 0.5790 0.8104
vn -0.0392 0.4250 0.9043
vn 0.1274 -0.4215 0.8978
vn 0.0225 -0.4305 0.9023
vn 0.1968 -0.4526 0.8697
vn -0.0983 -0.4325 0.8963
vn -0.1410 -0.5451 0.8264
vn -0.2254 -0.3671 0.9025
vn 0.2109 -0.4423 0.8717
vn 0.0803 -0.4485 0.8902
vn 0.2201 -0.3571 0.9078
vn 0.0684 -0.3710 0.9261
vn -0.0183 -0.4521 0.8918
vn -0.4504 -0.4375 0.7783
vn -0.2184 0.0360 0.9752
vn 0.0537 -0.2751 0.9599
vn -0.2169 -0.0073 0.9762
vn -0.0101 -0.2824 0.9592
vn -0.1778 -0.0446 0.9831
vn -0.2580 0.0902 0.9619
vn -0.2682 -0.0411 0.9625
vn -0.2850 -0.0224 0.9583
vn 0.2151 -0.0016 0.9766
vn 0.0094 0.2718 0.9623
vn -0.0415 -0.2778 0.9598
vn -0.0497 0.3091 0.9497
vn -0.1194 -0.1704 0.9781
vn -0.2196 0.0114 0.9755
vn -0.0775 0.3227 0.9433
vn 0.1359 -0.1873 0.9729
vn 0.1052 0.2524 0.9619
vn 0.2337 -0.1381 0.9624
vn -0.0212 0.2650 0.9640
vn -0.1632 -0.1295 0.9781
vn 0.2095 0.0321 0.9773
vn 0.0261 -0.2814 0.9592
vn 0.1376 0.3082 0.9413
vn 0.2372 -0.0442 0.9705
vn -0.0315 0.2489 0.9680
vn -0.2254 0.0102 0.9742
vn 0.0362 0.2712 0.9618
vn 0.0496 -0.2768 0.9597
vn -0.1600 0.1273 0.9789
vn -0.0691 -0.2672 0.9612
vn 0.1161 -0.2377 0.9644
vn -0.0616 -0.2711 0.9606
vn -0.2089 -0.0318 0.9774
vn -0.1368 0.3375 0.9313
vn -0.0821 0.0344 0.9960
vn 0.0374 0.2304 0.9724
vn 0.0546 0.1983 0.9786
vn -0.1022 -0.2052 0.9734
vn 0.1155 0.0161 0.9932
vn 0.0987 0.2455 0.9644
vn 0.0341 0.0889 0.9955
vn 0.0383 0.1670 0.9852
vn 0.2137 0.0164 0.9768
vn 0.0884 -0.2447 0.9655
vn 0.0387 0.2512 0.9672
vn 0.2126 -0.0172 0.9770
vn 0.1990 0.0588 0.9782
vn 0.0080 0.0269 0.9996
vn 0.1194 0.0880 0.9889
vn -0.0043 -0.0029 1.0000
vn -0.1446 -0.0274 0.9891
vn -0.2401 -0.6280 0.7403
vn -0.1123 0.0866 0.9899
vn 0.2012 -0.5600 0.8037
vn 0.2886 -0.3557 0.8889
vn 0.1585 -0.5598 0.8133
vn -0.1379 0.0303 0.9900
vn -0.3472 -0.5296 0.7740
vn -0.0805 0.1400 0.9869
vn -0.1351 0.0402 0.9900
vn -0.1375 -0.0556 0.9889
vn 0.2226 -0.4253 0.8772
vn 0.1986 -0.4764 0.8565
vn -0.1309 0.0517 0.9901
vn -0.1436 -0.0339 0.9891
vn -0.1227 -0.0831 0.9890
vn 0.0315 0.2138 0.9764
vn 0.2911 -0.3698 0.8823
vn -0.1448 -0.0113 0.9894
vn -0.3764 -0.3449 0.8599
vn 0.0817 -0.5585 0.8255
vn 0.3655 -0.3064 0.8790
vn -0.1311 -0.0695 0.9889
vn -0.1404 0.0198 0.9899
vn -0.3890 -0.5219 0.7592
vn -0.2851 -0.5553 0.7813
vn -0.1436 0.0011 0.9896
vn -0.2305 -0.6394 0.7336
vn -0.1480 -0.1953 0.9695
vn 0.4114 -0.2610 0.8733
vn -0.1508 -0.6663 0.7303
vn -0.0895 -0.6509 0.7538
vn -0.0640 0.1650 0.9842
vn -0.3912 -0.4081 0.8249
vn -0.0362 0.1839 0.9823
vn -0.1197 0.0730 0.9901
vn -0.1017 0.1064 0.9891
vn 0.0469 -0.6032 0.7962
vn -0.0247 -0.6256 0.7798
vn -0.1396 -0.0508 0.9889
vn 0.1637 0.3860 0.9079
vn -0.2296 -0.4441 0.8661
vn 0.0149 -0.0049 0.9999
vn 0.1185 0.3770 0.9186
vn -0.1303 -0.4765 0.8695
vn 0.0067 -0.0019 1.0000
vn 0.7522 0.1025 0.6509
vn -0.7651 -0.1954 0.6135
vn 0.0075 -0.0198 0.9998
vn 0.8302 0.0071 0.5574
vn -0.7752 -0.2289 0.5888
vn -0.5203 -0.5925 0.6150
vn 0.0199 -0.0053 0.9998
vn 0.0144 -0.0092 0.9999
vn -0.0941 -0.4575 0.8842
vn -0.1593 -0.5928 0.7895
vn -0.4559 -0.4539 0.7656
vn -0.0018 0.3568 0.9342
vn 0.2642 0.3867 0.8836
vn 0.5381 0.2916 0.7908
vn 0.0132 -0.0066 0.9999
vn 0.0209 -0.0044 0.9998
vn 0.0157 -0.0174 0.9997
vn 0.0068 -0.0015 1.0000
vn 0.0165 -0.0041 0.9999
vn 0.7269 -0.5252 0.4424
vn 0.0426 -0.0087 0.9991
vn -0.0002 -0.0000 1.0000
vn -0.1021 0.3072 0.9461
vn -0.0230 0.2805 0.9596
vn 0.0142 0.3232 0.9462
vn 0.1132 0.3722 0.9212
vn 0.0253 -0.4372 0.8990
vn 0.0892 -0.4660 0.8803
vn 0.1666 -0.5519 0.8171
vn 0.1206 -0.6333 0.7644
vn 0.0430 -0.0102 0.9990
vn 0.8298 -0.2969 0.4726
vn 0.2655 -0.8206 0.5061
vn 0.3134 0.3804 0.8701
vn -0.2911 -0.4338 0.8527
vn 0.6735 0.2563 0.6934
vn -0.3733 -0.3749 0.8486
vn -0.4753 -0.2487 0.8439
vn -0.4292 -0.2646 0.8636
vn -0.2641 -0.4478 0.8542
vn -0.3117 -0.3790 0.8713
vn -0.1382 -0.5121 0.8477
vn 0.0219 0.1026 0.9945
vn 0.1307 -0.5478 0.8263
vn 0.0515 0.0104 0.9986
vn -0.0118 0.2169 0.9761
vn 0.0390 0.0110 0.9992
vn 0.0150 0.0122 0.9998
vn 0.4701 -0.4387 0.7659
vn -0.2991 0.2411 0.9233
vn 0.0207 0.0138 0.9997
vn -0.0076 -0.0189 0.9998
vn 0.6367 -0.0738 0.7676
vn -0.3729 0.0555 0.9262
vn -0.0121 -0.0233 0.9997
vn 0.0011 -0.0426 0.9991
vn 0.5507 0.0898 0.8299
vn -0.2153 -0.0561 0.9749
vn 0.0020 -0.0449 0.9990
vn 0.4341 0.2233 0.8728
vn 0.0027 0.0011 1.0000
vn -0.0070 0.0006 1.0000
vn -0.0000 -0.0013 1.0000
vn -0.0000 -0.0008 1.0000
vn 0.3865 0.2382 0.8910
vn -0.7278 -0.1163 0.6758
vn -0.6861 -0.2379 0.6875
vn -0.6183 -0.2477 0.7459
vn 0.1432 0.6712 0.7273
vn -0.1160 0.7631 0.6358
vn -0.5952 0.4905 0.6365
vn -0.7387 0.1442 0.6584
vn -0.7150 -0.1143 0.6897
vn -0.2996 -0.0503 0.9527
vn 0.5831 0.1161 0.8041
vn -0.6475 -0.2245 0.7282
vn -0.6666 -0.2311 0.7087
vn -0.1295 -0.0464 0.9905
vn -0.0611 -0.0407 0.9973
vn 0.4968 0.2166 0.8404
vn 0.4726 0.1880 0.8610
vn 0.0056 -0.0376 0.9993
vn 0.0036 -0.0419 0.9991
vn -0.6229 -0.2329 0.7468
vn 0.4137 0.2157 0.8845
vn 0.0065 -0.0263 0.9996
vn 0.0070 -0.0262 0.9996
vn 0.0010 -0.0329 0.9995
vn -0.0026 0.0019 1.0000
vn 0.3689 0.2054 0.9065
vn -0.1776 -0.6338 0.7528
vn 0.0105 -0.0363 0.9993
vn 0.2507 0.7818 0.5709
vn -0.3198 0.0536 0.9460
vn -0.0684 0.0924 0.9934
vn -0.0751 0.1068 0.9914
vn 0.0257 -0.4854 0.8739
vn -0.0018 0.0021 1.0000
vn 0.0528 -0.0238 0.9983
vn 0.0094 -0.0353 0.9993
vn 0.0024 -0.0009 1.0000
vn 0.0086 -0.0007 1.0000
vn 0.0155 -0.0089 0.9998
vn -0.0713 0.0981 0.9926
vn -0.1882 -0.3662 0.9113
vn 0.2560 0.5439 0.7991
vn 0.0066 -0.0143 0.9999
vn 0.0031 -0.0106 0.9999
vn 0.0009 -0.0040 1.0000
vn 0.0133 -0.0371 0.9992
vn -0.0004 -0.0023 1.0000
vn -0.0034 -0.0084 1.0000
vn 0.0055 -0.0276 0.9996
vn -0.0711 0.0934 0.9931
vn 0.2118 0.4691 0.8574
vn -0.0660 0.0981 0.9930
vn 0.2516 0.2677 0.9301
vn 0.3137 0.2059 0.9269
vn 0.3032 0.2384 0.9226
vn -0.0125 -0.0018 0.9999
vn 0.1804 0.4640 0.8673
vn -0.1513 -0.3011 0.9415
vn 0.3106 0.3912 0.8663
vn -0.0649 0.1051 0.9923
vn 0.3206 0.3914 0.8626
vn 0.3343 -0.3045 0.8919
vn -0.1202 -0.2391 0.9635
vn 0.3638 0.3644 0.8572
vn -0.0485 0.0954 0.9943
vn 0.4558 -0.2576 0.8520
vn -0.0469 0.0768 0.9959
vn 0.5391 0.1118 0.8348
vn 0.4229 0.3601 0.8316
vn 0.3892 0.3779 0.8401
vn 0.2856 -0.3695 0.8843
vn -0.0540 0.0601 0.9967
vn 0.2209 -0.4453 0.8677
vn 0.3652 0.3606 0.8582
vn 0.2975 -0.3717 0.8794
vn 0.5848 0.0184 0.8110
vn 0.1843 0.3764 0.9079
vn 0.5372 0.0104 0.8434
vn 0.4208 0.3644 0.8307
vn 0.2831 -0.3700 0.8848
vn -0.0953 0.1031 0.9901
vn -0.0501 0.0636 0.9967
vn 0.3547 0.7629 0.5405
vn -0.3429 -0.6177 0.7077
vn 0.7195 0.0914 0.6884
vn -0.1534 -0.6945 0.7030
vn 0.3958 -0.6648 0.6336
vn 0.6988 -0.2372 0.6749
vn -0.0379 -0.7540 0.6557
vn 0.2549 -0.5025 0.8262
vn 0.2889 0.6511 0.7019
vn -0.1662 -0.4878 0.8570
vn -0.0980 0.1162 0.9884
vn -0.0914 0.1319 0.9870
vn -0.3881 -0.5827 0.7141
vn -0.0954 0.1268 0.9873
vn -0.0537 0.0689 0.9962
vn -0.0964 0.1130 0.9889
vn -0.0549 0.0519 0.9971
vn -0.0984 0.1258 0.9872
vn 0.1716 -0.0532 0.9837
vn 0.1736 -0.1338 0.9757
vn 0.1723 -0.0741 0.9823
vn 0.1744 -0.1900 0.9662
vn 0.1710 -0.0349 0.9847
vn 0.1704 -0.0189 0.9852
vn 0.1698 -0.0038 0.9855
vn 0.1035 -0.5785 0.8091
vn 0.1729 -0.1001 0.9798
vn 0.1743 -0.2911 0.9407
vn 0.1627 -0.5699 0.8054
vn 0.4582 -0.7545 0.4699
vn -0.4582 0.7545 0.4699
vn -0.7545 -0.4581 0.4699
vn 0.6677 -0.7084 0.2287
vn 0.7070 0.6664 0.2368
vn -0.6763 0.7175 0.1669
vn -0.7084 -0.6677 0.2287
vn 0.7545 0.4582 0.4699
vn 0.0967 -0.9887 0.1142
vn 0.9887 0.0967 0.1142
vn -0.9887 -0.0967 0.1142
vn -0.0967 0.9887 0.1142
vn -0.0267 -0.9272 0.3736
vn 0.1550 0.9813 0.1142
vn -0.7261 0.5020 0.4699
vn -0.1550 -0.9813 0.1142
vn 0.7261 -0.5020 0.4699
vn 0.9813 -0.1550 0.1142
vn 0.9815 -0.0291 0.1893
vn 0.5020 0.7261 0.4699
vn -0.9813 0.1550 0.1142
vn -0.9815 0.0291 0.1893
vn -0.5020 -0.7261 0.4699
vn -0.8788 0.0830 0.4699
vn 0.8788 -0.0830 0.4699
vn 0.0830 0.8788 0.4699
vn -0.9767 -0.1137 0.1820
vn 0.1137 -0.9767 0.1820
vn 0.9794 0.1141 0.1669
vn -0.1137 0.9767 0.1820
vn -0.0830 -0.8788 0.4699
vn -0.8509 0.5128 0.1142
vn -0.5128 -0.8509 0.1142
vn 0.5128 0.8509 0.1142
vn 0.8509 -0.5128 0.1142
vn -0.6198 0.6901 0.3736
vn 0.6946 -0.7103 0.1142
vn 0.7759 -0.6141 0.1446
vn 0.8362 0.2827 0.4699
vn -0.6946 0.7103 0.1142
vn -0.7759 0.6141 0.1446
vn -0.8362 -0.2827 0.4699
vn -0.7103 -0.6946 0.1142
vn -0.6141 -0.7759 0.1446
vn 0.2827 -0.8362 0.4699
vn 0.7103 0.6946 0.1142
vn 0.6141 0.7759 0.1446
vn -0.2827 0.8362 0.4699
vn -0.8624 0.1882 0.4699
vn 0.8624 -0.1882 0.4699
vn 0.1882 0.8624 0.4699
vn -0.9835 0.0048 0.1807
vn -0.0048 -0.9835 0.1807
vn 0.9860 -0.0048 0.1669
vn 0.0048 0.9835 0.1807
vn -0.1882 -0.8624 0.4699
vn -0.7829 0.6116 0.1142
vn -0.6116 -0.7829 0.1142
vn 0.6116 0.7829 0.1142
vn 0.7829 -0.6116 0.1142
vn -0.0206 -0.6963 0.7174
vn 0.6040 -0.7888 0.1142
vn 0.6964 -0.7032 0.1430
vn 0.8642 0.1799 0.4699
vn -0.6040 0.7888 0.1142
vn -0.6964 0.7032 0.1430
vn -0.8642 -0.1799 0.4699
vn -0.7888 -0.6040 0.1142
vn -0.7032 -0.6964 0.1430
vn 0.1799 -0.8642 0.4699
vn 0.7888 0.6040 0.1142
vn 0.7032 0.6964 0.1430
vn -0.1799 0.8642 0.4699
vn -0.9897 0.0293 0.1401
vn -0.9897 0.0293 0.1400
vn -0.9799 0.0861 0.1797
vn -0.9876 0.1009 0.1206
vn 0.9897 -0.0293 0.1401
vn 0.9897 -0.0293 0.1400
vn 0.9801 -0.0858 0.1791
vn 0.9876 -0.1009 0.1206
vn -0.0293 -0.9897 0.1401
vn -0.0886 -0.9810 0.1725
vn -0.1009 -0.9876 0.1206
vn 0.0293 0.9897 0.1401
vn 0.0988 0.9780 0.1837
vn 0.1009 0.9876 0.1206
vn -0.0408 0.9821 0.1837
vn -0.0423 0.9918 0.1206
vn -0.9834 -0.0277 0.1791
vn -0.9918 -0.0423 0.1206
vn 0.9833 0.0279 0.1797
vn 0.9918 0.0423 0.1206
vn 0.0304 -0.9845 0.1725
vn 0.0423 -0.9918 0.1206
vn -0.7175 -0.6763 0.1669
vn -0.6655 0.7062 0.2417
vn 0.7175 0.6762 0.1669
vn 0.7175 0.6763 0.1669
vn 0.6762 -0.7175 0.1669
vn 0.7035 0.6967 0.1401
vn 0.7322 0.6688 0.1286
vn 0.7539 0.6458 0.1206
vn -0.7035 -0.6967 0.1401
vn -0.7322 -0.6688 0.1286
vn -0.7539 -0.6458 0.1206
vn -0.6967 0.7035 0.1401
vn -0.6967 0.7035 0.1400
vn -0.6688 0.7322 0.1286
vn -0.6458 0.7539 0.1206
vn 0.6967 -0.7035 0.1401
vn 0.6688 -0.7322 0.1286
vn 0.6458 -0.7539 0.1206
vn 0.7257 -0.6759 0.1286
vn 0.7476 -0.6531 0.1206
vn 0.6759 0.7257 0.1286
vn 0.6531 0.7476 0.1206
vn -0.6759 -0.7257 0.1286
vn -0.6531 -0.7476 0.1206
vn -0.7257 0.6759 0.1286
vn -0.7476 0.6531 0.1206
vn 0.0048 0.9860 0.1669
vn 0.9854 -0.0048 0.1704
vn -0.0048 -0.9860 0.1669
vn -0.9860 0.0047 0.1669
vn -0.9860 0.0048 0.1669
vn 0.6145 0.7764 0.1401
vn 0.6483 0.7486 0.1391
vn 0.6706 0.7319 0.1206
vn -0.6145 -0.7764 0.1401
vn -0.6145 -0.7764 0.1400
vn -0.6483 -0.7486 0.1391
vn -0.6706 -0.7319 0.1206
vn -0.7764 0.6145 0.1401
vn -0.7486 0.6483 0.1391
vn -0.7319 0.6706 0.1206
vn 0.7764 -0.6145 0.1401
vn 0.7486 -0.6483 0.1391
vn 0.7319 -0.6706 0.1206
vn 0.8029 -0.5796 0.1391
vn 0.8208 -0.5583 0.1206
vn 0.5796 0.8029 0.1391
vn 0.5583 0.8208 0.1206
vn -0.5796 -0.8029 0.1391
vn -0.5583 -0.8208 0.1206
vn -0.8029 0.5796 0.1391
vn -0.8208 0.5583 0.1206
vn -0.1140 0.9794 0.1669
vn 0.9763 0.1137 0.1844
vn 0.9794 0.1140 0.1669
vn 0.1140 -0.9794 0.1669
vn -0.9794 -0.1140 0.1669
vn 0.1965 0.9436 0.2664
vn -0.3304 0.9082 0.2569
vn -0.5286 -0.7881 0.3155
vn -0.7629 0.5981 0.2454
vn -0.0720 -0.9888 0.1304
vn 0.5455 -0.8012 0.2460
vn 0.1376 0.9794 0.1476
vn 0.4052 0.2029 0.8914
vn 0.9577 -0.2037 0.2033
vn -0.9789 0.1597 0.1274
vn 0.6198 0.7722 0.1397
vn 0.5324 -0.6012 0.5959
vn 0.9358 0.2953 0.1925
vn 0.6565 0.7023 0.2754
vn -0.7677 0.6282 0.1261
vn -0.9685 0.1097 0.2236
vn -0.5862 -0.7977 0.1416
vn -0.3607 0.9226 0.1369
vn -0.8944 -0.4068 0.1857
vn -0.9118 -0.3759 0.1654
vn -0.1833 -0.7132 0.6766
vn -0.3749 -0.9179 0.1303
vn 0.2908 -0.0417 0.9559
vn 0.1242 -0.4165 0.9006
vn 0.3344 -0.3288 0.8832
vn -0.0597 -0.2481 0.9669
vn -0.1759 0.2288 0.9575
vn 0.9265 0.2630 0.2690
vn 0.9466 -0.2357 0.2198
vn -0.1415 -0.1414 0.9798
vn 0.7041 -0.6786 0.2093
vn -0.2438 -0.0537 0.9683
vn -0.2905 0.1078 0.9508
vn -0.0172 0.2681 0.9632
vn 0.7800 -0.6160 0.1104
vn -0.7044 -0.7008 0.1131
vn -0.5902 -0.7985 0.1183
vn 0.0002 0.0085 1.0000
vn -0.7800 0.6160 0.1104
vn 0.1604 0.3299 0.9303
vn 0.3194 0.2444 0.9156
vn 0.4466 -0.8732 0.1951
vn 0.9208 -0.3441 0.1836
vn -0.3416 -0.9176 0.2035
vn 0.5900 0.7988 0.1179
vn 0.7919 0.5750 0.2057
vn -0.9233 -0.2774 0.2657
vn 0.7043 0.7008 0.1131
vn -0.6490 0.7377 0.1861
vn 0.4845 0.8343 0.2630
vn -0.8358 0.5117 0.1989
vn 0.6074 -0.7862 0.1140
vn -0.3898 -0.9115 0.1309
vn -0.3829 -0.9145 0.1306
vn -0.9354 -0.3114 0.1676
vn -0.9245 -0.3430 0.1666
vn -0.8897 -0.4175 0.1845
vn -0.8918 -0.4128 0.1851
vn -0.3720 0.9181 0.1367
vn -0.3665 0.9203 0.1368
vn -0.5794 -0.8028 0.1408
vn -0.5824 -0.8006 0.1411
vn -0.9681 0.1129 0.2238
vn -0.9683 0.1114 0.2237
vn -0.7690 0.6267 0.1260
vn -0.7684 0.6274 0.1261
vn 0.5657 0.7727 0.2881
vn 0.6085 0.7415 0.2827
vn 0.9015 0.3318 0.2778
vn -0.6072 0.7863 0.1139
vn 0.6295 0.7642 0.1406
vn 0.6251 0.7678 0.1402
vn -0.9750 0.1817 0.1279
vn -0.9770 0.1710 0.1277
vn 0.9529 -0.2080 0.2207
vn 0.4027 -0.0927 0.9106
vn 0.4086 0.0632 0.9105
vn 0.1253 0.9811 0.1474
vn 0.1312 0.9803 0.1475
vn 0.9137 0.3002 0.2739
vn -0.1795 -0.9748 0.1325
vn -0.1387 -0.9815 0.1319
vn -0.1783 -0.9718 0.1543
vn -0.1789 -0.9734 0.1432
vn -0.1352 -0.9780 0.1592
vn -0.1370 -0.9799 0.1452
vn -0.0630 -0.9840 0.1665
vn -0.0676 -0.9867 0.1479
vn -0.7700 0.5892 0.2451
vn -0.7667 0.5933 0.2452
vn -0.6313 -0.7043 0.3246
vn -0.5826 -0.7467 0.3209
vn 0.7130 -0.6694 0.2088
vn 0.6401 -0.2836 0.7140
vn 0.9502 -0.2204 0.2204
vn -0.3800 0.8881 0.2585
vn -0.3570 0.8978 0.2578
vn 0.0983 0.9566 0.2742
vn 0.1443 0.9517 0.2709
vn 0.9622 -0.1818 0.2026
vn -0.7342 0.5977 0.3220
vn -0.6963 0.4979 0.5171
vn -0.6535 -0.6828 0.3268
vn -0.5726 -0.5983 0.5605
vn -0.9026 -0.2842 0.3234
vn -0.5395 -0.5319 0.6527
vn -0.2349 -0.9138 0.3313
vn -0.2052 -0.7984 0.5660
vn 0.9299 0.3136 0.1922
vn 0.7645 0.2830 0.5792
vn 0.5890 -0.4687 0.6583
vn 0.6052 -0.5517 0.5739
vn 0.6022 0.7273 0.3293
vn 0.5261 0.6354 0.5653
vn -0.3577 0.8758 0.3242
vn -0.3135 0.7676 0.5591
vn 0.4661 0.8153 0.3436
vn -0.9299 0.1784 0.3217
vn -0.5771 0.4063 0.7084
vn 0.1171 0.9374 0.3280
vn 0.1023 0.8194 0.5640
vn -0.6963 0.0206 0.7174
vn 0.4902 -0.4950 0.7174
vn -0.9272 0.0267 0.3736
vn 0.6522 -0.6596 0.3736
vn -0.4950 -0.4902 0.7174
vn -0.6522 0.6596 0.3737
vn -0.6739 -0.6351 0.3775
vn 0.6739 0.6351 0.3775
vn -0.0852 0.9237 0.3736
vn -0.6351 0.6739 0.3775
vn -0.5463 0.4323 0.7174
vn 0.9237 0.0851 0.3736
vn 0.6351 -0.6739 0.3775
vn 0.4323 0.5463 0.7174
vn -0.6596 -0.6522 0.3737
vn 0.6596 0.6522 0.3736
vn -0.9185 -0.1293 0.3736
vn 0.9185 0.1293 0.3736
vn -0.1071 0.9198 0.3775
vn 0.6901 0.6198 0.3736
vn 0.1071 -0.9198 0.3775
vn 0.0267 0.9272 0.3736
vn 0.0206 0.6963 0.7174
vn 0.9198 0.1071 0.3775
vn -0.4902 0.4950 0.7174
vn 0.6198 -0.6901 0.3736
vn 0.9272 -0.0267 0.3737
vn -0.9198 -0.1071 0.3775
vn 0.6963 -0.0206 0.7174
vn 0.4950 0.4902 0.7174
vn 0.8088 -0.1304 0.5734
vn -0.1293 0.9185 0.3736
vn 0.1293 -0.9185 0.3736
vn -0.9274 -0.0177 0.3736
vn 0.9274 0.0177 0.3736
vn 0.0045 0.9260 0.3775
vn 0.0852 -0.9237 0.3737
vn -0.0045 -0.9260 0.3775
vn 0.5463 -0.4323 0.7174
vn 0.9260 -0.0045 0.3775
vn -0.9237 -0.0852 0.3736
vn -0.9260 0.0045 0.3775
vn -0.4323 -0.5463 0.7174
vn -0.0178 0.9274 0.3737
vn 0.0178 -0.9274 0.3736
vn -0.6901 -0.6198 0.3737
vn -0.5490 0.8091 0.2097
vn 0.2253 -0.7897 0.5706
vn -0.2416 -0.0155 0.9702
vn 0.0533 0.7719 0.6335
vn -0.1477 -0.9846 0.0937
vn 0.0879 0.7818 0.6173
vn -0.1274 -0.9882 0.0855
vn 0.0732 0.0005 0.9973
vn 0.5031 0.6722 0.5432
vn -0.4702 -0.8789 0.0799
vn 0.4800 -0.4885 0.7287
vn 0.4312 0.7332 0.5258
vn 0.1770 0.7925 0.5836
vn 0.1858 0.7670 0.6141
vn -0.4592 -0.8868 0.0525
vn -0.2920 -0.9553 0.0461
vn -0.1034 -0.9895 0.1012
vn 0.1256 0.0045 0.9921
vn -0.5770 -0.0742 0.8134
vn 0.6148 0.0940 0.7831
vn 0.3297 -0.0262 0.9437
vn 0.5770 0.0136 0.8166
vn -0.0617 -0.9920 0.1103
vn 0.0338 -0.9900 0.1370
vn 0.0538 0.7821 0.6208
vn 0.0535 0.7771 0.6271
vn 0.0870 0.7701 0.6319
vn 0.0531 0.7835 0.6191
vn -0.1280 -0.9870 0.0972
vn -0.1812 -0.9794 0.0892
vn 0.0877 0.0119 0.9961
vn -0.4339 -0.0585 0.8990
vn -0.3105 -0.0410 0.9497
vn 0.0821 0.0114 0.9966
vn 0.4411 0.0643 0.8951
vn -0.2051 -0.9780 0.0380
vn -0.1546 -0.9867 0.0494
vn -0.1341 -0.9873 0.0855
vn 0.1246 0.8215 0.5564
vn 0.1511 0.8180 0.5550
vn 0.1760 0.7983 0.5759
vn 0.4906 0.0645 0.8690
vn 0.6657 0.0868 0.7412
vn 0.0938 0.0121 0.9955
vn -0.2212 -0.9737 0.0552
vn -0.2148 -0.9745 0.0649
vn -0.2668 -0.9624 0.0511
vn 0.2543 0.8008 0.5422
vn 0.2630 0.7741 0.5759
vn 0.2175 0.7719 0.5974
vn 0.0878 -0.0693 0.9937
vn -0.4980 0.2414 0.8329
vn -0.3283 0.0677 0.9422
vn -0.4437 -0.8931 0.0742
vn -0.4816 -0.8731 0.0762
vn -0.4687 -0.8800 0.0763
vn 0.4194 0.7107 0.5648
vn 0.3760 0.7428 0.5539
vn 0.3978 0.7467 0.5331
vn 0.0441 -0.0537 0.9976
vn 0.3399 -0.3794 0.8605
vn -0.5560 -0.8257 0.0954
vn -0.5002 -0.8627 0.0753
vn 0.4765 0.7208 0.5034
vn 0.4990 0.6964 0.5158
vn 0.5790 0.8115 0.0786
vn 0.6090 0.7691 0.1938
vn 0.5594 0.8266 0.0622
vn 0.5450 0.8160 0.1926
vn -0.5192 -0.8497 0.0918
vn -0.5377 -0.8432 -0.0000
vn -0.5309 -0.8427 0.0897
vn 0.4400 0.8946 0.0783
vn 0.4111 0.8893 0.2001
vn 0.4273 0.9009 0.0764
vn 0.3389 0.9130 0.2271
vn 0.4711 0.8789 0.0746
vn 0.4826 0.8383 0.2537
vn -0.4414 -0.8932 0.0857
vn -0.4460 -0.8950 -0.0000
vn -0.4485 -0.8889 0.0933
vn -0.4307 -0.8971 0.0989
vn 0.2580 0.9648 0.0513
vn 0.2747 0.9275 0.2534
vn 0.3072 0.9496 0.0624
vn 0.4076 0.8844 0.2274
vn 0.3032 0.9514 0.0543
vn 0.3418 0.9183 0.1999
vn -0.2582 -0.9601 0.1074
vn -0.2636 -0.9646 -0.0000
vn -0.2362 -0.9664 0.1017
vn -0.2468 -0.9646 0.0930
vn 0.2263 0.9704 0.0843
vn 0.2518 0.9473 0.1980
vn 0.2057 0.9773 0.0502
vn 0.1890 0.9632 0.1912
vn 0.1541 0.9873 0.0393
vn 0.1275 0.9729 0.1927
vn -0.1678 -0.9798 0.1092
vn -0.1837 -0.9830 -0.0000
vn -0.1813 -0.9780 0.1031
vn -0.1937 -0.9757 0.1026
vn -0.1836 -0.9830 -0.0000
vn -0.1580 -0.9782 0.1346
vn -0.1335 -0.9911 -0.0000
vn -0.1348 -0.9818 0.1340
vn 0.0639 0.9938 0.0908
vn 0.0305 0.9768 0.2120
vn 0.1183 0.9882 0.0974
vn 0.1314 0.9603 0.2462
vn 0.1683 0.9757 0.1401
vn 0.1197 0.9780 0.1710
vn 0.0742 0.9909 0.1124
vn 0.0729 0.9862 0.1488
vn -0.0645 -0.9870 0.1469
vn -0.0683 -0.9977 -0.0000
vn -0.0646 -0.9875 0.1438
vn -0.1560 -0.9803 0.1212
vn -0.2812 -0.9540 0.1037
vn -0.4321 -0.8981 0.0822
vn 0.2514 0.9631 0.0961
vn 0.3138 0.9220 0.2267
vn 0.2319 0.9716 0.0473
vn 0.1400 0.9655 0.2198
vn 0.4549 0.8889 0.0545
vn 0.4828 0.8538 0.1946
vn -0.5098 -0.8547 0.0979
vn 0.6064 0.7908 0.0828
vn 0.6642 0.7159 0.2152
vn -0.0643 -0.9866 0.1501
vn 0.0949 0.9907 0.0973
vn 0.0945 0.9810 0.1697
vn -0.1346 -0.9814 0.1368
vn 0.0031 0.9963 0.0864
vn 0.0757 0.9780 0.1941
vn -0.4259 0.3598 0.8302
vn 0.2959 0.9456 0.1352
vn 0.6911 0.7183 0.0802
vn 0.0467 -0.0436 0.9980
vn -0.6204 -0.7807 0.0751
vn -0.6326 -0.7717 0.0662
vn 0.6733 0.7327 0.0994
vn 0.2409 -0.3183 0.9169
vn -0.9625 0.2612 0.0738
vn 0.9939 -0.0782 0.0781
vn 0.2934 0.6518 0.6993
vn 0.0624 0.1006 0.9930
vn -0.2582 -0.4276 0.8663
vn 0.8828 -0.4635 0.0761
vn 0.9063 -0.4157 0.0764
vn -0.8369 0.5423 0.0747
vn -0.9165 0.3940 0.0686
vn 0.1440 -0.2561 0.9559
vn -0.0148 0.0635 0.9979
vn 0.0480 0.4559 0.8887
vn 0.6531 0.7521 0.0884
vn 0.7933 0.6044 0.0737
vn 0.9477 0.3112 0.0706
vn -0.6900 -0.7204 0.0703
vn -0.8488 -0.5244 0.0675
vn -0.9870 -0.1452 0.0688
vn -0.1932 0.2032 0.9599
vn -0.3242 0.4175 0.8489
vn 0.0189 -0.0261 0.9995
vn 0.7177 0.6888 0.1024
vn 0.6598 0.7447 0.1007
vn 0.6160 0.7820 0.0947
vn -0.7388 -0.6701 0.0716
vn -0.7248 -0.6848 0.0755
vn -0.6167 -0.7835 0.0759
vn -0.6696 0.6819 0.2945
vn -0.7804 -0.6232 0.0514
vn 0.4282 -0.4810 0.7650
vn -0.6698 0.7400 -0.0622
vn 0.5666 0.8233 0.0324
vn 0.5526 0.8307 0.0678
vn 0.5709 0.8210 0.0046
vn -0.1195 0.9863 0.1135
vn -0.3924 -0.9149 0.0947
vn -0.5350 -0.8014 0.2676
vn 0.6115 -0.7886 -0.0645
vn 0.5869 -0.7629 0.2713
vn -0.6236 -0.7760 0.0949
vn -0.6194 -0.7851 -0.0000
vn -0.7517 -0.6515 0.1024
vn -0.7143 -0.6999 -0.0000
vn -0.7534 -0.6494 0.1028
vn -0.7370 -0.6759 -0.0000
vn 0.6246 0.7772 0.0761
vn 0.6256 0.7801 -0.0000
vn 0.6930 0.7171 0.0752
vn 0.7090 0.7052 -0.0000
vn 0.7392 0.6696 0.0722
vn 0.7432 0.6691 -0.0000
vn -0.9848 -0.1562 0.0762
vn -0.9826 -0.1859 -0.0000
vn -0.8303 -0.5519 0.0783
vn -0.8357 -0.5491 -0.0000
vn -0.6541 -0.7510 0.0901
vn -0.6796 -0.7336 -0.0000
vn 0.9334 0.3532 0.0636
vn 0.9590 0.2833 -0.0000
vn 0.7624 0.6440 0.0637
vn 0.7911 0.6117 -0.0000
vn 0.6067 0.7920 0.0677
vn 0.6301 0.7765 -0.0000
vn -0.9291 0.3619 0.0758
vn -0.9173 0.3982 -0.0000
vn -0.8533 0.5158 0.0763
vn -0.8553 0.5181 -0.0000
vn 0.9204 -0.3849 0.0686
vn 0.9239 -0.3826 -0.0000
vn 0.8973 -0.4350 0.0743
vn 0.8858 -0.4640 -0.0000
vn 0.9924 -0.1004 0.0709
vn 0.9866 -0.1631 -0.0000
vn -0.9515 0.2966 0.0824
vn -0.9747 0.2233 -0.0000
vn 0.6425 0.7626 0.0756
vn 0.6344 0.7730 -0.0000
vn -0.6584 -0.7484 0.0807
vn -0.6547 -0.7559 -0.0000
vn -0.5863 -0.8043 0.0967
vn -0.6321 -0.7749 -0.0000
vn 0.7169 0.6939 0.0670
vn 0.6990 0.7151 -0.0000
vn -0.6847 -0.7273 0.0473
vn -0.6950 -0.7179 0.0391
vn 0.8199 0.5326 0.2100
vn 0.5941 0.7774 0.2068
vn 0.7862 -0.6180 -0.0000
vn 0.7771 -0.6259 0.0658
vn -0.7954 0.6061 -0.0000
vn -0.7948 0.6026 0.0715
vn -0.8010 0.5950 0.0661
vn 0.7839 -0.6168 0.0710
vn 0.1362 0.2051 0.9692
vn -0.9791 -0.1140 0.1683
vn 0.1140 -0.9791 0.1683
vn -0.1140 0.9791 0.1683
vn 0.7772 -0.6151 0.1332
vn -0.7772 0.6151 0.1332
vn -0.8362 -0.2826 0.4699
vn -0.6150 -0.7772 0.1332
vn 0.6150 0.7772 0.1332
vn 0.6145 0.7764 0.1400
vn 0.6466 0.7519 0.1284
vn -0.6466 -0.7519 0.1284
vn -0.7519 0.6466 0.1284
vn 0.7519 -0.6466 0.1284
vn 0.8021 -0.5832 0.1284
vn 0.5832 0.8021 0.1284
vn -0.5832 -0.8021 0.1284
vn -0.8021 0.5832 0.1284
vn 0.9788 0.1140 0.1703
vn 0.0852 -0.9237 0.3736
vn -0.1654 0.2067 0.9643
vn -0.7532 -0.6453 0.1275
vn -0.6519 -0.7572 0.0402
vn 0.4068 -0.5177 0.7527
vn -0.5468 -0.8334 0.0809
vn -0.7909 -0.6107 0.0390
vn -0.6529 -0.7468 0.1264
vn -0.0135 0.0570 0.9983
vn -0.6234 0.3743 0.6865
vn 0.5166 -0.1966 0.8334
vn -0.6734 -0.7296 0.1190
vn -0.8206 -0.5619 0.1041
vn -0.0175 0.0864 0.9961
vn -0.3444 0.3494 0.8714
vn -0.3908 0.2642 0.8817
vn 0.0196 0.0593 0.9980
vn 0.2728 -0.0699 0.9595
vn -0.6989 -0.7132 0.0537
vn -0.6933 -0.7176 0.0659
vn -0.5867 -0.7999 0.1262
vn 0.3591 -0.0474 0.9321
vn 0.5646 -0.0562 0.8235
vn -0.0403 0.0783 0.9961
vn -0.4373 -0.8945 0.0931
vn -0.3113 -0.9440 0.1097
vn -0.4808 -0.8725 0.0869
vn -0.0257 -0.0298 0.9992
vn -0.4600 0.4699 0.7534
vn -0.3366 0.2551 0.9064
vn -0.5492 -0.8339 0.0545
vn -0.7008 -0.7110 0.0575
vn -0.7022 -0.7091 0.0642
vn -0.0447 -0.0304 0.9985
vn 0.1958 -0.2846 0.9385
vn -0.7043 -0.7095 0.0256
vn -0.7078 -0.7058 0.0274
vn 0.7497 0.6484 0.1325
vn 0.7411 0.6694 0.0521
vn 0.6942 0.7063 0.1386
vn 0.7054 0.7069 0.0530
vn -0.7233 -0.6890 0.0462
vn -0.7332 -0.6780 -0.0520
vn -0.6931 -0.7194 0.0459
vn -0.6953 -0.7167 -0.0528
vn 0.6508 0.7544 0.0859
vn 0.6823 0.7310 0.0107
vn 0.6343 0.7683 0.0856
vn 0.6877 0.7258 0.0167
vn 0.5818 0.8077 0.0959
vn 0.6152 0.7880 0.0244
vn -0.6893 -0.7229 0.0471
vn -0.6790 -0.7340 -0.0100
vn -0.6994 -0.7130 0.0491
vn -0.6764 -0.7364 -0.0146
vn -0.5800 -0.8130 0.0519
vn -0.5683 -0.8226 -0.0203
vn 0.4399 0.8979 0.0149
vn 0.4897 0.8713 -0.0311
vn 0.4011 0.9150 0.0424
vn 0.3501 0.9361 -0.0348
vn 0.5218 0.8522 0.0385
vn 0.4562 0.8893 -0.0315
vn -0.5577 -0.8281 0.0572
vn -0.5227 -0.8522 0.0252
vn -0.3324 -0.9412 0.0608
vn -0.3469 -0.9372 0.0353
vn -0.4151 -0.9078 0.0600
vn -0.4406 -0.8971 0.0343
vn 0.6401 0.7658 0.0617
vn 0.6130 0.7894 -0.0331
vn 0.7232 0.6894 0.0417
vn 0.7073 0.7068 -0.0130
vn 0.6500 0.7598 0.0148
vn 0.6734 0.7390 -0.0205
vn -0.6156 -0.7857 0.0609
vn -0.6185 -0.7851 0.0319
vn -0.7120 -0.7001 0.0545
vn -0.7118 -0.7023 0.0120
vn -0.6868 -0.7247 0.0560
vn -0.6784 -0.7344 0.0194
vn -0.8033 -0.5922 0.0626
vn -0.7955 -0.6055 0.0209
vn -0.7038 -0.7075 0.0633
vn -0.6877 -0.7254 0.0314
vn 0.7479 0.6610 0.0610
vn 0.7830 0.6216 -0.0235
vn 0.6392 0.7661 0.0672
vn 0.6578 0.7522 -0.0377
vn -0.6994 -0.7124 0.0584
vn -0.7115 -0.7026 0.0120
vn -0.7851 -0.6173 0.0509
vn -0.7667 -0.6420 -0.0012
vn -0.5520 -0.8321 0.0546
vn -0.5393 -0.8418 0.0233
vn 0.7511 0.6533 0.0952
vn 0.7070 0.7071 -0.0131
vn 0.7380 0.6734 0.0423
vn 0.7656 0.6433 0.0009
vn 0.4635 0.8857 0.0247
vn 0.5037 0.8633 -0.0299
vn -0.6916 -0.7206 0.0500
vn -0.7153 -0.6974 -0.0452
vn 0.7620 0.6345 0.1296
vn 0.7246 0.6877 0.0454
vn 0.7212 0.6895 0.0663
vn 0.7429 0.6685 -0.0335
vn -0.7611 -0.6454 0.0650
vn -0.7512 -0.6592 0.0338
vn -0.1681 -0.9858 -0.0016
vn 0.7749 -0.5274 0.3482
vn 0.5988 -0.7108 0.3691
vn 0.6184 -0.7515 0.2300
vn 0.7038 -0.6803 0.2047
vn 0.7034 -0.6822 0.1996
vn 0.2703 0.2988 0.9152
vn 0.2237 0.3477 0.9106
vn 0.6074 -0.7862 0.1142
vn 0.6074 -0.7861 0.1143
vn -0.6073 0.7863 0.1139
vn 0.7131 -0.6704 0.2048
vn 0.7133 -0.6716 0.2003
vn 0.7225 -0.5412 0.4303
vn 0.7215 -0.6447 0.2526
vn -0.3781 0.9258 0.0027
vn -0.4294 0.8998 0.0772
vn 0.6242 0.7676 0.1452
vn 0.6290 0.7638 0.1451
vn 0.6228 0.7449 0.2395
vn 0.5826 0.7741 0.2476
vn 0.7044 0.7008 0.1131
vn -0.7043 -0.7008 0.1131
vn -0.2288 0.1678 0.9589
vn 0.6672 0.7087 0.2293
vn 0.6184 0.7723 0.1452
vn 0.1523 0.9588 0.2397
vn 0.1091 0.9634 0.2448
vn 0.1320 0.9810 0.1423
vn 0.1256 0.9818 0.1424
vn -0.3073 0.0199 0.9514
vn 0.1390 0.9800 0.1422
vn 0.2008 0.9514 0.2334
vn 0.9374 0.1877 0.2934
vn -0.3560 0.9023 0.2431
vn -0.3780 0.8929 0.2447
vn -0.3662 0.9212 0.1311
vn -0.3721 0.9189 0.1312
vn -0.2197 -0.1221 0.9679
vn -0.3599 0.9237 0.1310
vn -0.3308 0.9123 0.2412
vn 0.6576 -0.6392 0.3987
vn 0.6672 -0.7049 0.2410
vn -0.6977 -0.7161 0.0216
vn 0.2620 -0.8934 0.3650
vn -0.5868 0.6041 0.5392
vn -0.7670 0.5940 0.2424
vn -0.7701 0.5900 0.2425
vn -0.7684 0.6276 0.1250
vn -0.7691 0.6268 0.1250
vn -0.0982 -0.1784 0.9790
vn -0.7677 0.6284 0.1250
vn -0.7634 0.5987 0.2423
vn -0.7755 0.6314 0.0028
vn -0.6843 -0.1653 0.7103
vn -0.9754 0.1691 0.1416
vn -0.9733 0.1809 0.1414
vn -0.9681 0.1113 0.2244
vn -0.9679 0.1127 0.2245
vn 0.0090 -0.2606 0.9654
vn -0.9683 0.1096 0.2244
vn -0.9774 0.1566 0.1417
vn -0.8377 -0.1964 0.5096
vn -0.8925 -0.4123 0.1829
vn -0.8905 -0.4168 0.1826
vn -0.9085 -0.3507 0.2271
vn -0.9229 -0.3114 0.2264
vn 0.2305 -0.3772 0.8970
vn -0.8914 -0.3919 0.2274
vn -0.8950 -0.4067 0.1832
vn -0.2490 -0.9685 0.0038
vn -0.4789 -0.7012 0.5281
vn -0.5548 -0.6441 0.5266
vn -0.5829 -0.8005 0.1398
vn -0.5800 -0.8026 0.1396
vn -0.5902 -0.7986 0.1181
vn 0.4099 -0.2384 0.8804
vn -0.5865 -0.7977 0.1400
vn -0.3929 -0.7554 0.5245
vn -0.6677 -0.7301 0.1455
vn 0.6662 0.7413 0.0814
vn -0.0330 0.0199 0.9993
vn -0.6712 -0.7408 0.0274
vn 0.6561 0.7331 0.1792
vn 0.6712 0.7408 -0.0274
vn 0.6996 0.6998 0.1444
vn -0.3138 0.2844 0.9059
vn -0.7498 -0.6608 0.0334
vn -0.7136 -0.6992 -0.0436
vn 0.7216 0.6909 0.0437
vn 0.6666 0.7161 0.2071
vn 0.7365 0.6442 0.2062
vn 0.7018 0.6804 0.2111
vn 0.7333 0.6798 0.0099
vn 0.7305 0.6824 0.0275
vn -0.7252 -0.6885 -0.0099
vn -0.7226 -0.6908 -0.0275
vn -0.7311 -0.6765 0.0884
vn -0.7425 -0.6671 0.0610
vn 0.0925 -0.0933 0.9913
vn -0.0480 0.0119 0.9988
vn 0.7540 0.6481 0.1072
vn 0.7342 0.6659 0.1323
vn 0.0737 -0.1306 0.9887
vn -0.6838 -0.7285 0.0405
vn 0.8926 -0.0562 0.4472
vn 0.1239 0.9923 0.0027
vn -0.4717 0.8619 0.1860
vn 0.6999 -0.7142 -0.0006
vn -0.6914 -0.7224 0.0036
vn -0.1747 -0.9246 0.3385
vn 0.5434 0.8321 -0.1113
vn 0.9653 -0.1853 0.1841
vn 0.9637 -0.1835 0.1939
vn 0.9538 -0.2282 0.1952
vn 0.9524 -0.2249 0.2059
vn 0.9557 -0.2183 0.1974
vn 0.9546 -0.2139 0.2075
vn 0.0279 0.3704 0.9285
vn 0.0950 0.3508 0.9316
vn 0.9515 -0.2398 0.1927
vn 0.9496 -0.2381 0.2040
vn 0.9604 -0.2104 0.1825
vn 0.9590 -0.2069 0.1935
vn 0.8958 -0.1348 0.4235
vn 0.9334 0.3127 0.1759
vn 0.9316 0.3132 0.1844
vn 0.9281 0.2955 0.2265
vn 0.9217 0.2978 0.2486
vn 0.9171 0.3236 0.2330
vn 0.9101 0.3275 0.2540
vn -0.1188 0.2410 0.9632
vn -0.0693 0.2546 0.9646
vn 0.9396 0.2631 0.2189
vn 0.9339 0.2631 0.2421
vn 0.9397 0.2930 0.1763
vn 0.9377 0.2942 0.1847
vn -0.9596 -0.2813 0.0019
vn 0.0247 0.9972 -0.0707
vn -0.4399 0.8970 -0.0433
vn 0.3181 -0.9481 -0.0021
vn 0.9505 -0.1532 0.2705
vn 0.3011 -0.9233 0.2385
vn 0.4272 -0.8113 0.3992
vn 0.9297 -0.1499 0.3364
vn 0.9655 -0.1643 0.2022
vn 0.9518 -0.1535 0.2657
vn 0.5680 0.7926 0.2219
vn 0.6661 0.6395 0.3838
vn 0.9687 -0.1657 0.1850
vn 0.9670 -0.1651 0.1940
vn 0.8752 -0.1411 0.4628
vn 0.8341 -0.1345 0.5350
vn 0.7106 -0.6478 0.2747
vn 0.7110 -0.6482 0.2726
vn -0.2802 -0.9229 0.2641
vn -0.0756 -0.9196 0.3855
vn 0.8973 0.1740 0.4057
vn 0.9157 0.3439 0.2078
vn 0.7201 -0.6629 0.2048
vn 0.6957 -0.6342 0.3372
vn 0.7197 -0.6622 0.2085
vn 0.7206 -0.6636 0.2008
vn 0.5956 -0.5430 0.5920
vn 0.6509 -0.5934 0.4735
vn 0.9048 0.3349 0.2629
vn 0.9036 0.3344 0.2678
vn 0.6948 -0.6968 0.1781
vn 0.1166 0.9800 0.1611
vn 0.2526 0.9082 0.3337
vn 0.8005 -0.5002 0.3302
vn 0.9270 0.3316 0.1754
vn 0.8818 0.3264 0.3404
vn 0.9254 0.3313 0.1840
vn 0.9238 0.3313 0.1919
vn 0.8514 0.3151 0.4193
vn 0.8110 0.3002 0.5021
vn 0.2585 -0.9061 0.3349
vn -0.5451 -0.7529 0.3688
vn 0.8644 -0.3248 0.3839
vn 0.9629 -0.1828 0.1984
vn -0.7058 -0.6787 0.2031
vn 0.2452 -0.8594 0.4486
vn 0.2425 -0.8500 0.4677
vn 0.1205 -0.8110 0.5725
vn 0.3711 0.7336 0.5693
vn 0.5236 -0.0844 0.8478
vn -0.3300 -0.7532 0.5690
vn 0.7072 0.4161 0.5716
vn 0.3912 -0.3566 0.8484
vn -0.0041 0.8257 0.5642
vn 0.5152 -0.6386 0.5716
vn 0.4921 0.1822 0.8513
vn -0.6727 -0.4774 0.5652
vn 0.8197 -0.0132 0.5727
vn 0.1455 -0.5101 0.8477
vn -0.2081 -0.6768 0.7061
vn 0.4405 -0.8269 0.3496
vn -0.2944 -0.9557 0.0021
vn 0.8765 -0.1413 0.4602
vn 0.0161 0.7096 0.7045
vn 0.6795 0.6472 0.3455
vn 0.0233 0.9997 -0.0023
vn 0.3965 0.5887 0.7044
vn 0.9210 0.1744 0.3484
vn 0.5590 0.8292 -0.0017
vn 0.6558 -0.5978 0.4611
vn -0.5342 -0.4645 0.7063
vn -0.0729 -0.9356 0.3455
vn -0.7548 -0.6559 0.0012
vn -0.3017 0.6412 0.7056
vn 0.2979 0.8919 0.3402
vn -0.4254 0.9050 -0.0023
vn 0.8302 0.3073 0.4651
vn 0.1680 -0.6872 0.7068
vn 0.7961 -0.4942 0.3492
vn 0.2370 -0.9715 0.0023
vn 0.6445 0.2967 0.7047
vn 0.8760 -0.3334 0.3486
vn 0.2438 -0.8547 0.4583
vn -0.6971 -0.1244 0.7061
vn -0.5484 -0.7640 0.3399
vn -0.9844 -0.1757 -0.0000
vn 0.2380 -0.8343 0.4972
vn -0.8265 -0.5397 0.1602
vn 0.9857 -0.0027 0.1683
vn 0.8496 0.3144 0.4234
vn -0.0148 0.9835 0.1803
vn 0.5499 -0.8220 0.1484
vn 0.6134 -0.5592 0.5576
vn 0.8510 0.4901 0.1886
vn -0.5078 -0.8412 0.1856
vn 0.7947 -0.1281 0.5933
vn 0.4059 0.8917 0.2003
vn 0.1079 -0.9757 0.1909
vn 0.2311 -0.9727 -0.0217
vn -0.3904 0.9201 -0.0307
vn 0.0983 0.9949 -0.0231
vn -0.9846 -0.1628 -0.0633
vn 0.9315 0.3630 -0.0253
vn 0.9264 -0.1924 0.3238
vn 0.6245 0.7774 -0.0749
vn 0.0861 0.9809 0.1742
vn -0.2490 -0.9685 0.0040
vn -0.5905 -0.7998 0.1079
vn -0.6914 -0.7224 0.0038
vn 0.8677 -0.0673 -0.4924
vn -0.2964 0.9453 0.1364
vn 0.1139 0.9644 0.2387
vn 0.9006 -0.1704 0.3999
vn -0.7755 0.6313 0.0029
vn 0.4013 -0.8630 0.3069
vn -0.7504 -0.6579 -0.0646
vn 0.8094 0.4170 0.4134
vn -0.3633 0.9210 0.1408
vn 0.5546 -0.6969 0.4547
vn -0.3036 -0.9475 -0.1004
vn -0.6229 0.7537 0.2099
vn 0.6377 0.7702 0.0029
vn 0.6060 0.7336 0.3076
vn 0.7153 -0.5846 0.3829
vn 0.9084 0.4181 -0.0006
vn 0.9025 0.4258 -0.0643
vn -0.6770 -0.4041 0.6151
vn -0.7855 0.1872 0.5899
vn -0.5204 0.2859 0.8046
vn -0.3568 -0.4801 0.8014
vn -0.2116 -0.9655 0.1521
vn -0.5827 -0.8085 0.0819
vn -0.2268 -0.8599 -0.4573
vn -0.3549 -0.4106 -0.8399
vn -0.6731 -0.4002 -0.6219
vn -0.5977 -0.7230 -0.3465
vn -0.5734 0.3512 -0.7402
vn -0.8152 0.2138 -0.5383
vn -0.8600 0.5092 -0.0332
vn -0.6466 0.7569 -0.0950
vn -0.8348 0.4397 0.3313
vn -0.6038 0.6661 0.4378
vn -0.9887 -0.1441 0.0422
vn -0.9862 -0.1583 0.0485
vn -0.9878 -0.1550 -0.0127
vn -0.9894 -0.1434 -0.0207
vn -0.9841 -0.1737 0.0367
vn -0.9844 -0.1743 0.0235
vn -0.9926 -0.1210 0.0040
vn -0.9925 -0.1215 -0.0117
vn -0.9920 -0.1218 -0.0344
vn -0.9860 -0.1665 0.0051
vn -0.9835 -0.1727 0.0548
vn -0.9911 -0.1306 0.0245
vn 0.8954 -0.2700 -0.3540
vn 0.7772 0.0551 -0.6268
vn 0.5162 -0.1396 -0.8450
vn 0.6520 -0.5995 -0.4642
vn 0.6956 -0.7015 0.1553
vn 0.9316 -0.3536 0.0838
vn 0.5544 -0.1978 0.8084
vn 0.2791 0.5389 0.7948
vn 0.5437 0.6099 0.5765
vn 0.7807 0.0591 0.6221
vn 0.1467 0.8914 0.4288
vn 0.4487 0.8336 0.3220
vn 0.4343 0.9004 -0.0270
vn 0.1365 0.9866 -0.0893
vn 0.5568 0.6463 -0.5218
vn 0.2916 0.6198 -0.7286
vn 0.8986 0.4354 0.0545
vn 0.8918 0.4500 0.0477
vn 0.8917 0.4519 -0.0237
vn 0.8981 0.4396 -0.0146
vn 0.8806 0.4738 0.0042
vn 0.8810 0.4730 -0.0138
vn 0.9066 0.4200 0.0419
vn 0.9074 0.4195 0.0267
vn 0.9039 0.4277 0.0055
vn 0.8802 0.4729 -0.0398
vn 0.8853 0.4642 0.0277
vn 0.9053 0.4201 0.0626
vn -0.9449 -0.0589 0.3221
vn -0.9991 -0.0133 -0.0405
vn -0.9465 0.3060 -0.1020
vn -0.8670 0.2546 0.4283
vn -0.6000 -0.0232 0.7997
vn -0.7732 -0.2452 0.5848
vn -0.0558 -0.5920 0.8040
vn 0.3266 -0.9324 0.1550
vn -0.0748 -0.9936 0.0851
vn -0.3687 -0.6940 0.6184
vn 0.2597 -0.8526 -0.4535
vn -0.1331 -0.9293 -0.3446
vn -0.3641 -0.6927 -0.6226
vn -0.0829 -0.5386 -0.8384
vn -0.8051 -0.2413 -0.5419
vn -0.6694 -0.0033 -0.7429
vn -0.7554 -0.6545 0.0311
vn -0.7555 -0.6549 0.0203
vn -0.7835 -0.6213 -0.0089
vn -0.7837 -0.6211 0.0035
vn -0.7661 -0.6427 -0.0100
vn -0.7717 -0.6358 -0.0164
vn -0.7638 -0.6442 0.0409
vn -0.7714 -0.6354 0.0354
vn -0.7786 -0.6272 0.0204
vn -0.7830 -0.6214 -0.0280
vn -0.7600 -0.6499 0.0048
vn -0.7554 -0.6535 0.0468
vn 0.9070 0.2361 -0.3487
vn 0.6436 0.4464 -0.6216
vn 0.5226 0.1438 -0.8403
vn 0.8727 -0.1709 -0.4575
vn 0.9603 -0.2318 0.1552
vn 0.9790 0.1867 0.0822
vn 0.5752 0.1252 0.8084
vn -0.0502 0.6100 0.7908
vn 0.1392 0.8083 0.5721
vn 0.6343 0.4610 0.6206
vn -0.3456 0.8377 0.4230
vn -0.0559 0.9463 0.3185
vn -0.1008 0.9945 -0.0266
vn -0.4011 0.9113 -0.0926
vn 0.1427 0.8395 -0.5243
vn -0.0699 0.6766 -0.7330
vn 0.5398 0.8397 0.0595
vn 0.5256 0.8492 0.0511
vn 0.5262 0.8500 -0.0264
vn 0.5375 0.8431 -0.0170
vn 0.5022 0.8648 0.0033
vn 0.5024 0.8645 -0.0152
vn 0.5571 0.8293 0.0449
vn 0.5577 0.8296 0.0287
vn 0.5495 0.8355 0.0053
vn 0.5025 0.8635 -0.0441
vn 0.5122 0.8584 0.0287
vn 0.5554 0.8288 0.0688
vn -0.7735 -0.5433 0.3264
vn -0.8418 -0.5392 -0.0243
vn -0.9644 -0.2479 -0.0918
vn -0.8684 -0.2458 0.4307
vn -0.5073 -0.3358 0.7937
vn -0.5429 -0.6101 0.5771
vn 0.2561 -0.5275 0.8100
vn 0.7754 -0.6114 0.1579
vn 0.4609 -0.8835 0.0841
vn 0.0296 -0.7817 0.6229
vn 0.6732 -0.5794 -0.4594
vn 0.3790 -0.8572 -0.3487
vn 0.0550 -0.7824 -0.6203
vn 0.2145 -0.4988 -0.8397
vn -0.5622 -0.6358 -0.5288
vn -0.5704 -0.3632 -0.7367
vn -0.2967 -0.9537 0.0485
vn -0.2964 -0.9545 0.0317
vn -0.3620 -0.9320 -0.0147
vn -0.3626 -0.9319 0.0049
vn -0.3209 -0.9470 -0.0160
vn -0.3354 -0.9417 -0.0265
vn -0.3158 -0.9467 0.0638
vn -0.3338 -0.9410 0.0551
vn -0.3507 -0.9359 0.0316
vn -0.3616 -0.9313 -0.0449
vn -0.3065 -0.9518 0.0075
vn -0.2970 -0.9521 0.0732
vn -0.3296 0.7803 -0.5316
vn -0.6180 0.7853 -0.0362
vn -0.8277 0.5526 -0.0975
vn -0.4217 0.5297 -0.7359
vn 0.3591 0.4025 -0.8421
vn 0.2966 0.7208 -0.6265
vn 0.8246 0.3284 -0.4607
vn 0.9325 0.3254 0.1569
vn 0.7243 0.6843 0.0845
vn 0.6347 0.6882 -0.3514
vn 0.4179 0.4149 0.8082
vn 0.2938 0.7267 0.6210
vn -0.3062 0.7566 0.5778
vn -0.3644 0.4860 0.7944
vn -0.5515 0.7709 0.3187
vn -0.7394 0.5211 0.4263
vn -0.0285 0.9996 0.0020
vn -0.0277 0.9995 -0.0127
vn 0.0220 0.9995 0.0213
vn 0.0213 0.9992 0.0340
vn -0.0083 0.9997 -0.0210
vn 0.0034 0.9999 -0.0133
vn -0.0067 0.9992 0.0386
vn 0.0068 0.9990 0.0444
vn 0.0211 0.9984 0.0518
vn 0.0146 0.9999 0.0035
vn -0.0282 0.9990 -0.0347
vn -0.0196 0.9996 0.0217
vn -0.3804 -0.8642 0.3295
vn -0.4501 -0.8921 -0.0392
vn -0.7116 -0.6969 -0.0895
vn -0.6232 -0.6477 0.4382
vn -0.2307 -0.5302 0.8159
vn -0.1172 -0.7917 0.5996
vn 0.5245 -0.3017 0.7962
vn 0.9811 -0.1286 0.1442
vn 0.8557 -0.5110 0.0815
vn 0.4766 -0.6271 0.6161
vn 0.8752 -0.1580 -0.4572
vn 0.7668 -0.5388 -0.3489
vn 0.4334 -0.6447 -0.6297
vn 0.4165 -0.3331 -0.8459
vn -0.1736 -0.8267 -0.5351
vn -0.3281 -0.6012 -0.7286
vn 0.2344 -0.9718 0.0255
vn 0.2381 -0.9710 0.0236
vn 0.2125 -0.9771 -0.0115
vn 0.2070 -0.9783 -0.0057
vn 0.2203 -0.9754 -0.0124
vn 0.2139 -0.9768 -0.0106
vn 0.2316 -0.9725 0.0266
vn 0.2282 -0.9731 0.0306
vn 0.2195 -0.9755 0.0121
vn 0.1967 -0.9796 -0.0403
vn 0.2281 -0.9736 0.0067
vn 0.2393 -0.9702 0.0375
vn 0.2406 0.9068 -0.3461
vn -0.0729 0.7775 -0.6246
vn 0.1118 0.5238 -0.8445
vn 0.5656 0.6875 -0.4554
vn 0.6606 0.7378 0.1387
vn 0.3216 0.9440 0.0731
vn 0.2015 0.5847 0.7858
vn -0.5166 0.2712 0.8122
vn -0.5919 0.5425 0.5961
vn -0.0405 0.7981 0.6012
vn -0.8903 0.1053 0.4430
vn -0.8383 0.4287 0.3368
vn -0.9152 0.4020 -0.0277
vn -0.9934 0.0779 -0.0839
vn -0.6593 0.5305 -0.5329
vn -0.6352 0.2488 -0.7311
vn -0.4381 0.8980 0.0411
vn -0.4487 0.8929 0.0368
vn -0.4500 0.8928 -0.0186
vn -0.4411 0.8974 -0.0117
vn -0.4675 0.8840 0.0039
vn -0.4671 0.8841 -0.0109
vn -0.4266 0.9039 0.0316
vn -0.4261 0.9045 0.0196
vn -0.4322 0.9018 0.0035
vn -0.4675 0.8834 -0.0322
vn -0.4596 0.8878 0.0222
vn -0.4271 0.9030 0.0461
vn -0.1177 0.0865 0.9893
vn -0.6264 0.2494 0.7386
vn -0.4591 0.6758 0.5767
vn -0.3285 0.7563 0.5658
vn -0.2825 0.8780 0.3864
vn -0.2656 0.8426 0.4685
vn -0.8602 0.2359 0.4521
vn -0.9613 0.2737 0.0303
vn -0.5869 0.8016 0.1138
vn -0.5562 0.7399 0.3784
vn -0.2838 0.9495 0.1337
vn -0.2839 0.9251 0.2523
vn 0.3381 0.9066 0.2523
vn 0.3395 0.9311 0.1337
vn 0.6333 0.7655 0.1138
vn 0.5990 0.7057 0.3784
vn 0.9759 0.2163 0.0303
vn 0.8727 0.1846 0.4521
vn 0.3340 0.8598 0.3864
vn 0.5073 0.6404 0.5767
vn 0.6511 0.2189 0.7268
vn -0.8738 0.2334 -0.4266
vn -0.6827 0.1763 -0.7091
vn -0.5313 0.6988 -0.4789
vn -0.5943 0.7804 -0.1945
vn -0.3137 0.9329 -0.1770
vn -0.2946 0.9556 0.0065
vn -0.4498 0.1824 -0.8743
vn 0.0063 0.2124 -0.9772
vn 0.0236 0.7955 -0.6055
vn -0.3347 0.7226 -0.6049
vn 0.0286 0.9665 -0.2552
vn -0.1302 0.9540 -0.2701
vn 0.4598 0.1555 -0.8743
vn 0.3768 0.7015 -0.6049
vn 0.1864 0.9446 -0.2701
vn 0.3684 0.9127 -0.1770
vn 0.5717 0.6662 -0.4789
vn 0.6920 0.1356 -0.7091
vn 0.3506 0.9365 0.0065
vn 0.6394 0.7439 -0.1945
vn 0.8861 0.1813 -0.4266
vn 0.3150 0.8254 0.4684
vn 0.3889 0.7207 0.5739
vn 0.1240 0.0489 0.9911
vn 0.0293 0.9897 0.1400
vn 0.0309 0.9747 0.2213
vn 0.0268 0.9748 0.2213
vn 0.1390 -0.8693 0.4743
vn -0.0260 -0.8784 0.4771
vn -0.0251 -0.8480 0.5294
vn 0.2213 -0.7768 0.5896
vn -0.0127 -0.4336 0.9010
vn 0.2723 -0.3253 0.9056
vn 0.6542 -0.1881 0.7326
vn 0.4872 -0.6563 0.5761
vn 0.2825 -0.8780 0.3864
vn 0.8602 -0.2359 0.4521
vn 0.9613 -0.2737 0.0303
vn 0.5869 -0.8016 0.1138
vn 0.5562 -0.7399 0.3784
vn 0.2838 -0.9495 0.1337
vn 0.2839 -0.9251 0.2523
vn -0.3381 -0.9066 0.2524
vn -0.3395 -0.9311 0.1337
vn -0.6333 -0.7655 0.1138
vn -0.5990 -0.7057 0.3784
vn -0.9759 -0.2163 0.0303
vn -0.8727 -0.1846 0.4521
vn -0.3340 -0.8597 0.3864
vn -0.5252 -0.6263 0.5761
vn -0.6663 -0.1488 0.7307
vn 0.8738 -0.2334 -0.4266
vn 0.6827 -0.1763 -0.7091
vn 0.5313 -0.6988 -0.4789
vn 0.5943 -0.7804 -0.1945
vn 0.3137 -0.9329 -0.1770
vn 0.2946 -0.9556 0.0065
vn 0.4498 -0.1824 -0.8743
vn -0.0063 -0.2124 -0.9772
vn -0.0236 -0.7955 -0.6055
vn 0.3347 -0.7226 -0.6049
vn -0.0286 -0.9665 -0.2552
vn 0.1302 -0.9540 -0.2701
vn -0.4598 -0.1555 -0.8743
vn -0.3768 -0.7015 -0.6049
vn -0.1864 -0.9446 -0.2701
vn -0.3684 -0.9127 -0.1770
vn -0.5717 -0.6662 -0.4789
vn -0.6920 -0.1356 -0.7091
vn -0.3506 -0.9365 0.0065
vn -0.6394 -0.7438 -0.1945
vn -0.8861 -0.1813 -0.4266
vn -0.1902 -0.8596 0.4743
vn -0.2668 -0.7623 0.5896
vn -0.2934 -0.3087 0.9048
vn -0.0293 -0.9897 0.1400
vn -0.0365 -0.9782 0.2044
vn -0.0214 -0.9786 0.2044
vn 0.0009 -0.0065 1.0000
vn -0.0305 -0.9786 0.2037
vn -0.0274 -0.9786 0.2037
vn -0.7109 -0.7011 0.0555
vn -0.7045 -0.7075 0.0555
vn -0.6981 -0.7139 0.0556
vn -0.6908 -0.7202 0.0639
vn -0.7001 -0.7115 0.0596
vn -0.6960 -0.7155 0.0596
vn -0.6919 -0.7195 0.0597
vn -0.6879 -0.7226 0.0681
vn -0.7198 -0.6924 0.0496
vn -0.7116 -0.7009 0.0497
vn -0.7032 -0.7093 0.0497
vn -0.6934 -0.7184 0.0555
vn -0.6708 -0.7386 0.0672
vn -0.6707 -0.7387 0.0672
vn -0.6705 -0.7401 0.0523
vn -0.7686 -0.6377 0.0511
vn -0.7661 -0.6394 0.0649
vn -0.7636 -0.6424 0.0649
vn -0.7126 -0.6993 0.0565
vn -0.7053 -0.7072 0.0499
vn -0.6985 -0.7139 0.0500
vn -0.5740 -0.8172 0.0523
vn -0.5679 -0.8214 0.0539
vn -0.5601 -0.8267 0.0542
vn -0.7720 -0.6338 0.0471
vn -0.7790 -0.6249 0.0513
vn -0.7820 -0.6211 0.0511
vn -0.7117 -0.7009 0.0464
vn -0.7057 -0.7062 0.0581
vn -0.7025 -0.7093 0.0583
vn -0.7374 -0.6736 0.0504
vn -0.7254 -0.6856 0.0623
vn -0.7144 -0.6969 0.0628
vn -0.8022 -0.5950 0.0504
vn -0.8036 -0.5919 0.0626
vn -0.8034 -0.5921 0.0626
vn -0.6820 -0.7298 0.0474
vn -0.6857 -0.7257 0.0560
vn -0.6863 -0.7252 0.0560
vn -0.7140 -0.6988 0.0444
vn -0.7135 -0.6986 0.0544
vn -0.7127 -0.6993 0.0544
vn -0.6211 -0.7822 0.0486
vn -0.6198 -0.7824 0.0607
vn -0.6177 -0.7841 0.0608
vn -0.3922 -0.9180 0.0586
vn -0.3996 -0.9147 0.0606
vn -0.4073 -0.9113 0.0603
vn -0.3337 -0.9408 0.0594
vn -0.3319 -0.9413 0.0608
vn -0.3321 -0.9413 0.0608
vn -0.6113 -0.7896 0.0534
vn -0.5936 -0.8028 0.0556
vn -0.5752 -0.8161 0.0564
vn -0.5734 -0.8171 0.0598
vn -0.5760 -0.8158 0.0519
vn -0.5780 -0.8144 0.0519
vn -0.6876 -0.7240 0.0542
vn -0.6927 -0.7196 0.0493
vn -0.6959 -0.7164 0.0492
vn -0.6805 -0.7312 0.0485
vn -0.6845 -0.7275 0.0474
vn -0.6868 -0.7253 0.0472
vn -0.6863 -0.7256 0.0500
vn -0.6887 -0.7236 0.0459
vn -0.6909 -0.7215 0.0459
vn -0.7351 -0.6761 0.0506
vn -0.7310 -0.6809 0.0461
vn -0.7271 -0.6850 0.0462
vn -0.6786 -0.7331 0.0464
vn -0.7178 -0.6947 0.0475
vn -0.7487 -0.6611 0.0483
vn -0.7736 -0.6313 0.0548
vn -0.7699 0.0351 0.6372
vn 0.7739 0.0312 0.6325
vn 0.7449 0.1199 0.6563
vn 0.9296 0.0518 0.3650
vn -0.7432 0.1214 0.6579
vn -0.9258 0.0561 0.3739
vn 0.1832 0.0003 0.9831
vn 0.7119 0.0042 0.7022
vn 0.6777 0.0034 0.7353
vn 0.8917 0.0062 0.4525
vn 0.9003 0.0058 0.4353
vn 0.1739 0.1833 0.9676
vn 0.1813 0.1194 0.9762
vn 0.6804 0.0857 0.7278
vn 0.6561 0.1378 0.7420
vn 0.9054 0.0485 0.4218
vn 0.8840 0.0833 0.4599
vn 0.1856 0.0438 0.9816
vn 0.1866 0.0003 0.9824
vn 0.6946 0.0041 0.7194
vn 0.6918 0.0318 0.7214
vn 0.9140 0.0063 0.4056
vn 0.9204 0.0165 0.3907
vn 0.1664 0.2158 0.9622
vn 0.6377 0.1653 0.7523
vn 0.8629 0.1069 0.4939
vn 0.1723 0.2171 0.9608
vn 0.6875 0.1587 0.7086
vn 0.8561 0.1120 0.5044
vn 0.9828 -0.0098 -0.1844
vn 0.9833 0.0789 -0.1639
vn 0.9148 0.2115 -0.3440
vn 0.9053 -0.0290 -0.4237
vn 0.3607 0.5333 -0.7652
vn 0.4231 -0.0750 -0.9030
vn 0.9837 -0.1083 -0.1435
vn 0.9160 -0.2597 -0.3059
vn 0.4001 -0.6100 -0.6840
vn 0.8881 0.2170 0.4052
vn 0.8261 0.1736 0.5361
vn 0.7576 0.3103 0.5743
vn 0.8022 0.4187 0.4257
vn 0.4385 0.6965 0.5679
vn 0.3399 0.8622 0.3755
vn 0.9026 0.3164 0.2918
vn 0.8102 0.5461 0.2131
vn 0.3625 0.9313 0.0370
vn 0.3358 -0.7505 0.5691
vn 0.3438 -0.5866 0.7333
vn 0.6950 -0.3105 0.6485
vn 0.7824 -0.3971 0.4797
vn 0.8004 -0.1973 0.5661
vn 0.8761 -0.2391 0.4187
vn 0.3833 -0.9072 0.1734
vn 0.8129 -0.5178 0.2665
vn 0.8963 -0.3329 0.2930
vn 0.9494 -0.2920 0.1156
vn 0.8437 -0.5368 0.0099
vn 0.3444 -0.9171 -0.2006
vn 0.9518 0.2671 0.1506
vn 0.8443 0.5354 -0.0235
vn 0.3088 0.8698 -0.3848
vn -0.1856 0.0438 0.9816
vn -0.1813 0.1194 0.9762
vn -0.6804 0.0857 0.7278
vn -0.6918 0.0318 0.7214
vn -0.9054 0.0486 0.4218
vn -0.9204 0.0165 0.3907
vn -0.1739 0.1833 0.9676
vn -0.1664 0.2158 0.9622
vn -0.6377 0.1652 0.7523
vn -0.6561 0.1378 0.7420
vn -0.8629 0.1069 0.4939
vn -0.8840 0.0833 0.4599
vn -0.1832 0.0003 0.9831
vn -0.1866 0.0003 0.9824
vn -0.6946 0.0041 0.7194
vn -0.6777 0.0034 0.7353
vn -0.9140 0.0063 0.4056
vn -0.9003 0.0058 0.4353
vn -0.1723 0.2171 0.9608
vn -0.6875 0.1587 0.7086
vn -0.8561 0.1120 0.5044
vn -0.7119 0.0042 0.7022
vn -0.8917 0.0063 0.4525
vn -0.9818 -0.1070 -0.1571
vn -0.9179 -0.2756 0.2854
vn -0.8906 -0.4132 0.1901
vn -0.9221 -0.2267 -0.3137
vn -0.4420 -0.8779 -0.1843
vn -0.4469 -0.5889 -0.6734
vn -0.8780 -0.2817 0.3871
vn -0.8105 -0.4604 0.3621
vn -0.4044 -0.8851 0.2304
vn -0.8789 -0.1932 0.4362
vn -0.8056 -0.1692 0.5678
vn -0.7287 -0.2606 0.6333
vn -0.7872 -0.3737 0.4907
vn -0.3694 -0.5692 0.7345
vn -0.3535 -0.7440 0.5670
vn -0.9198 0.3139 0.2355
vn -0.9791 0.0828 -0.1858
vn -0.9088 0.1927 -0.3701
vn -0.9006 0.4202 0.1110
vn -0.4341 0.5048 -0.7461
vn -0.4466 0.8260 -0.3438
vn -0.4608 0.8802 0.1136
vn -0.8360 0.4631 0.2943
vn -0.8637 0.3518 0.3610
vn -0.3587 0.8435 0.3999
vn -0.4258 0.6970 0.5769
vn -0.7329 0.3375 0.5907
vn -0.8159 0.3869 0.4297
vn -0.8172 0.1855 0.5457
vn -0.8897 0.2326 0.3927
vn -0.9769 -0.0149 -0.2130
vn -0.8907 -0.0342 -0.4533
vn -0.4060 -0.0740 -0.9109
vn -0.9897 0.0314 0.1396
vn -0.0000 0.2209 0.9753
vn -0.0000 0.2198 0.9756
vn 0.9898 0.0312 0.1391
vn -0.9946 0.0230 0.1016
vn 0.9946 0.0231 0.1012
vn 0.9954 -0.0019 0.0962
vn -0.0000 0.1230 0.9924
vn -0.0000 0.0451 0.9990
vn -0.0000 0.1874 0.9823
vn 0.9996 -0.0220 0.0199
vn 0.9975 0.0252 0.0655
vn 0.9998 0.0173 0.0077
vn 0.9936 0.0093 0.1125
vn 0.8940 0.0965 0.4375
vn 0.8348 0.0164 0.5503
vn 0.8161 -0.0117 0.5778
vn 0.9255 0.0163 0.3784
vn 0.8833 0.2804 0.3757
vn 0.9544 0.1618 0.2510
vn -0.9951 -0.0050 0.0989
vn -0.9995 -0.0223 0.0223
vn -0.9924 0.0142 0.1222
vn -0.9998 0.0173 0.0079
vn -0.9974 0.0262 0.0670
vn -0.8338 0.0170 0.5518
vn -0.8894 0.0911 0.4480
vn -0.9544 0.1607 0.2515
vn -0.8482 0.3735 0.3757
vn -0.7950 -0.0229 0.6062
vn -0.9263 0.0219 0.3762
vn -0.6615 0.4931 0.5651
vn -0.0905 0.0694 0.9935
vn -0.0922 0.0706 0.9932
vn -0.1025 0.0968 0.9900
vn -0.0603 0.0426 0.9973
vn -0.0673 0.0669 0.9955
vn 0.7233 -0.0996 0.6833
vn -0.6466 0.4992 0.5768
vn -0.6451 0.5119 0.5672
vn -0.2930 0.9257 0.2391
vn 0.5998 0.7627 0.2421
vn 0.5742 0.7544 0.3181
vn 0.5410 0.8084 0.2320
vn 0.5267 0.7891 0.3161
vn 0.4192 0.8763 0.2375
vn 0.4144 0.8399 0.3505
vn 0.3856 0.8882 0.2500
vn 0.3798 0.8467 0.3727
vn 0.4823 0.8351 0.2645
vn 0.4710 0.8006 0.3703
vn 0.2709 0.9225 0.2750
vn 0.2539 0.8660 0.4307
vn 0.3649 0.8936 0.2615
vn 0.3421 0.8517 0.3968
vn 0.3317 0.9123 0.2404
vn 0.3147 0.8728 0.3730
vn 0.2490 0.9318 0.2640
vn 0.2337 0.8781 0.4176
vn 0.1871 0.9503 0.2489
vn 0.1755 0.8965 0.4068
vn 0.1287 0.9603 0.2473
vn 0.1163 0.9026 0.4146
vn 0.0440 0.9548 0.2939
vn 0.0304 0.8718 0.4889
vn 0.1276 0.9439 0.3046
vn 0.1131 0.8634 0.4916
vn 0.0776 0.9483 0.3077
vn 0.0705 0.8648 0.4971
vn 0.0774 0.9500 0.3025
vn 0.0705 0.8685 0.4907
vn 0.2844 0.9136 0.2907
vn 0.2632 0.8545 0.4477
vn 0.1736 0.9489 0.2634
vn 0.1583 0.8884 0.4310
vn 0.4834 0.8440 0.2322
vn 0.4757 0.8139 0.3335
vn 0.6287 0.7330 0.2597
vn 0.5949 0.7309 0.3345
vn 0.1274 0.9457 0.2991
vn 0.1133 0.8703 0.4793
vn 0.0779 0.9465 0.3130
vn 0.0705 0.8610 0.5037
vn 0.9767 0.1137 0.1820
vn -0.7794 0.6104 0.1412
vn -0.7862 0.6015 0.1420
vn -0.7940 0.5914 0.1406
vn -0.6104 -0.7794 0.1412
vn -0.6015 -0.7861 0.1420
vn -0.5914 -0.7940 0.1406
vn 0.6104 0.7794 0.1412
vn 0.6015 0.7861 0.1420
vn 0.5914 0.7940 0.1406
vn 0.7794 -0.6104 0.1412
vn 0.7862 -0.6015 0.1420
vn 0.7940 -0.5914 0.1406
vn 0.7732 -0.6183 0.1412
vn 0.7660 -0.6269 0.1420
vn 0.7580 -0.6369 0.1406
vn -0.7732 0.6183 0.1412
vn -0.7660 0.6269 0.1420
vn -0.7580 0.6369 0.1406
vn -0.6183 -0.7732 0.1412
vn -0.6269 -0.7660 0.1420
vn -0.6369 -0.7580 0.1406
vn 0.6183 0.7732 0.1412
vn 0.6269 0.7660 0.1420
vn 0.6369 0.7580 0.1406
vn 0.6139 0.7757 0.1467
vn -0.6139 -0.7757 0.1467
vn -0.7757 0.6139 0.1467
vn 0.7757 -0.6139 0.1467
vn -0.1137 0.9763 0.1844
vn 0.1137 -0.9763 0.1844
vn -0.9763 -0.1137 0.1844
vn 0.9791 0.1140 0.1683
vn -0.7803 0.6117 0.1303
vn -0.7866 0.6034 0.1309
vn -0.7938 0.5941 0.1298
vn -0.6117 -0.7803 0.1303
vn -0.6034 -0.7866 0.1309
vn -0.5941 -0.7938 0.1298
vn 0.6117 0.7803 0.1303
vn 0.6034 0.7866 0.1309
vn 0.5941 0.7938 0.1298
vn 0.7803 -0.6117 0.1303
vn 0.7866 -0.6034 0.1309
vn 0.7938 -0.5941 0.1298
vn 0.7746 -0.6189 0.1303
vn 0.7680 -0.6269 0.1309
vn 0.7606 -0.6361 0.1298
vn -0.7746 0.6189 0.1303
vn -0.7680 0.6269 0.1309
vn -0.7606 0.6361 0.1298
vn -0.6189 -0.7746 0.1303
vn -0.6269 -0.7680 0.1309
vn -0.6361 -0.7606 0.1298
vn 0.6189 0.7746 0.1303
vn 0.6269 0.7680 0.1309
vn 0.6361 0.7606 0.1298
vn 0.6149 0.7770 0.1349
vn -0.6149 -0.7770 0.1349
vn -0.7770 0.6149 0.1349
vn 0.7770 -0.6149 0.1349
vn -0.1140 0.9788 0.1703
vn 0.1140 -0.9788 0.1703
vn -0.9788 -0.1140 0.1703
vn -0.6663 0.7070 0.2368
vn -0.6655 0.7061 0.2417
vn -0.9830 0.0224 0.1824
vn -0.9829 0.0073 0.1842
vn -0.9833 -0.0092 0.1818
vn -0.9826 0.0358 0.1825
vn -0.9815 0.0509 0.1845
vn -0.9809 0.0675 0.1823
vn -0.9807 0.0290 0.1936
vn -0.7076 -0.6669 0.2334
vn 0.9830 -0.0224 0.1825
vn 0.9828 -0.0073 0.1845
vn 0.9832 0.0093 0.1823
vn 0.9826 -0.0358 0.1824
vn 0.9816 -0.0508 0.1842
vn 0.9810 -0.0674 0.1818
vn 0.9807 -0.0290 0.1936
vn 0.7061 0.6655 0.2417
vn 0.6669 -0.7076 0.2334
vn 0.7137 -0.5895 0.3783
vn 0.7129 -0.5871 0.3834
vn 0.7140 -0.5860 0.3832
vn 0.6595 -0.5769 0.4818
vn 0.6320 -0.6081 0.4805
vn 0.5991 -0.6482 0.4700
vn -0.3216 0.9364 0.1406
vn -0.3422 0.9292 0.1396
vn 0.8585 0.2714 0.4351
vn 0.8439 0.3158 0.4337
vn 0.8287 0.3646 0.4247
vn 0.0916 0.9671 0.2373
vn 0.1021 0.9659 0.2379
vn -0.9538 -0.3003 0.0035
vn 0.1562 -0.9877 -0.0020
vn -0.8027 -0.5930 0.0637
vn -0.7600 -0.6456 0.0752
vn -0.6950 -0.7134 0.0892
vn -0.0455 0.9837 0.1740
vn 0.0178 0.9845 0.1745
vn 0.6843 0.7288 -0.0234
vn 0.6683 0.7430 -0.0380
vn 0.6487 0.7591 -0.0548
vn 0.9495 0.3137 0.0003
vn 0.9440 0.3300 -0.0081
vn 0.9379 0.3464 -0.0166
vn 0.1447 0.9895 0.0040
vn 0.1320 0.9912 -0.0034
vn 0.1167 0.9931 -0.0123
vn -0.3436 0.9391 -0.0059
vn -0.3575 0.9338 -0.0132
vn -0.3730 0.9276 -0.0214
vn -0.0680 -0.9952 0.0704
vn -0.0190 -0.9943 0.1053
vn 0.0391 -0.9887 0.1448
vn 0.2344 0.9694 0.0730
vn 0.2840 0.9525 0.1102
vn 0.3411 0.9277 0.1520
vn 0.7993 -0.1289 0.5869
vn -0.6627 -0.7462 0.0641
vn -0.6273 -0.7729 0.0952
vn -0.5784 -0.8046 0.1341
vn 0.7722 0.6311 0.0730
vn 0.8009 0.5883 0.1115
vn 0.8275 0.5411 0.1498
vn 0.4110 -0.9098 0.0578
vn 0.4522 -0.8879 0.0846
vn 0.4984 -0.8594 0.1143
vn -0.2347 0.9702 0.0608
vn -0.1741 0.9801 0.0956
vn -0.1015 0.9856 0.1350
vn 0.9791 0.1920 0.0675
vn 0.9855 0.1395 0.0963
vn 0.9887 0.0755 0.1292
vn -0.9199 -0.3866 0.0659
vn -0.8971 -0.4317 0.0938
vn -0.8669 -0.4826 0.1247
vn 0.2390 -0.8379 0.4907
vn 0.8076 0.2989 0.5084
vn 0.5921 -0.5398 0.5984
vn 0.2734 -0.9616 -0.0253
vn 0.2901 -0.9568 -0.0167
vn 0.3049 -0.9523 -0.0090
vn -0.9719 -0.2346 -0.0185
vn -0.9672 -0.2538 -0.0101
vn -0.9631 -0.2690 -0.0034
vn 0.8133 -0.4527 0.3655
vn 0.8562 -0.3320 0.3959
vn 0.8809 -0.2256 0.4162
vn 0.9090 0.1311 0.3957
vn 0.9055 0.0570 0.4205
vn 0.8985 -0.0046 0.4390
vn 0.1288 -0.9281 0.3494
vn 0.1783 -0.9166 0.3579
vn 0.2222 -0.9042 0.3648
vn -0.7104 -0.7036 0.0127
vn -0.7052 -0.7088 0.0165
vn -0.7010 -0.7129 0.0195
vn -0.5894 0.8042 0.0769
vn -0.5161 0.8525 0.0827
vn -0.2203 -0.9748 -0.0354
vn -0.2015 -0.9792 -0.0232
vn -0.1841 -0.9828 -0.0120
vn 0.5887 0.7471 0.3088
vn 0.5547 0.7729 0.3080
vn 0.5232 0.7951 0.3067
vn 0.3327 0.8907 0.3096
vn 0.3826 0.8649 0.3249
vn 0.4265 0.8390 0.3378
vn 0.5805 0.7246 0.3714
vn 0.5595 0.7424 0.3686
vn 0.5401 0.7580 0.3658
vn 0.9835 -0.0047 0.1807
vn -0.7000 0.7002 0.1403
vn -0.7077 0.6942 0.1311
vn -0.7160 0.6859 0.1300
vn -0.7002 -0.7000 0.1403
vn -0.6942 -0.7077 0.1311
vn -0.6859 -0.7160 0.1300
vn 0.7002 0.7000 0.1403
vn 0.6942 0.7077 0.1311
vn 0.6859 0.7160 0.1300
vn 0.7000 -0.7002 0.1403
vn 0.7077 -0.6942 0.1311
vn 0.7160 -0.6859 0.1300
vn 0.6934 -0.7068 0.1403
vn 0.6874 -0.7144 0.1311
vn 0.6790 -0.7226 0.1300
vn -0.6934 0.7068 0.1403
vn -0.6874 0.7144 0.1311
vn -0.6790 0.7226 0.1300
vn -0.7068 -0.6934 0.1403
vn -0.7144 -0.6874 0.1311
vn -0.7226 -0.6790 0.1300
vn 0.7068 0.6934 0.1403
vn 0.7144 0.6874 0.1311
vn 0.7226 0.6790 0.1300
vn 0.7041 0.6973 0.1345
vn -0.7041 -0.6973 0.1345
vn -0.6973 0.7041 0.1345
vn 0.6973 -0.7041 0.1345
vn 0.0048 0.9854 0.1704
vn -0.0048 -0.9854 0.1704
vn -0.9854 0.0048 0.1704
vn 0.3307 -0.1926 0.9239
vn 0.7600 -0.4315 0.4860
vn 0.7461 -0.4345 0.5046
vn 0.7498 -0.4479 0.4870
vn 0.7326 -0.4267 0.5303
vn 0.3431 -0.1770 0.9225
vn 0.8222 -0.4243 0.3794
vn 0.3675 -0.1322 0.9206
vn 0.8753 -0.3130 0.3687
vn 0.8297 -0.4282 0.3581
vn 0.8827 -0.3158 0.3479
vn 0.5025 0.5055 0.7014
vn 0.5069 0.5302 0.6797
vn 0.5436 0.5157 0.6622
vn 0.6958 -0.1308 0.7063
vn 0.4982 0.3747 0.7819
vn 0.2006 0.4217 0.8843
vn 0.2102 0.1565 0.9650
vn -0.0603 0.2951 0.9536
vn 0.1310 -0.0079 0.9914
vn 0.0666 -0.1302 0.9892
vn 0.5153 -0.2018 0.8329
vn 0.4759 -0.0962 0.8742
vn 0.6102 -0.1964 0.7676
vn 0.7221 0.1744 0.6694
vn 0.6523 0.5632 0.5073
vn 0.8643 0.1268 0.4867
vn 0.9042 0.0742 0.4206
vn 0.4646 -0.5928 0.6578
vn 0.6018 0.4255 0.6758
vn 0.6733 -0.0610 0.7368
vn -0.1180 0.9930 -0.0000
vn -0.1179 0.9930 -0.0000
vn -0.2569 0.9664 -0.0000
vn -0.1439 0.9896 -0.0000
vn -0.4885 0.8726 -0.0000
vn 0.3362 0.2306 0.9131
vn 0.7314 -0.2234 0.6444
vn -0.7800 0.6058 0.1569
vn -0.7840 0.5980 0.1666
vn -0.6879 0.6728 0.2723
vn 0.1948 0.6901 0.6970
vn -0.1698 0.1269 0.9773
vn -0.1702 0.1274 0.9771
vn -0.3271 0.0908 0.9406
vn -0.9484 0.3088 0.0718
vn 0.6520 0.6424 0.4028
vn 0.6733 0.6612 0.3309
vn 0.6785 0.6254 0.3853
vn 0.7178 0.6229 0.3109
vn 0.6358 0.6689 0.3851
vn 0.6247 0.7028 0.3402
vn 0.6342 0.7055 0.3163
vn 0.6325 0.7095 0.3107
vn 0.7561 0.6196 0.2108
vn 0.7464 0.5926 0.3028
vn 0.7141 0.5905 0.3760
vn 0.6883 0.6956 0.2057
vn 0.6656 0.6715 0.3257
vn 0.6567 0.6585 0.3676
vn 0.6301 0.7554 0.1801
vn 0.5823 0.7427 0.3306
vn 0.6103 0.7065 0.3585
vn 0.6292 0.7536 0.1904
vn 0.5779 0.7397 0.3448
vn 0.6071 0.6849 0.4030
vn 0.6185 0.7595 0.2015
vn 0.6022 0.7167 0.3518
vn 0.5898 0.6787 0.4376
vn 0.4938 0.8511 0.1781
vn 0.4636 0.8067 0.3665
vn 0.4662 0.7890 0.4002
vn 0.4104 0.8964 0.1675
vn 0.4287 0.8256 0.3669
vn 0.3691 0.8506 0.3746
vn 0.4708 0.8668 0.1644
vn 0.4659 0.8128 0.3496
vn 0.4267 0.8362 0.3446
vn 0.6284 0.7592 0.1696
vn 0.6138 0.7262 0.3098
vn 0.5945 0.7406 0.3133
vn 0.6931 0.6999 0.1722
vn 0.6708 0.6810 0.2936
vn 0.6695 0.6767 0.3062
vn 0.6105 0.7737 0.1693
vn 0.5614 0.7620 0.3228
vn 0.6028 0.7297 0.3228
vn 0.7269 0.6609 0.1868
vn 0.6929 0.6553 0.3008
vn 0.7075 0.6212 0.3371
vn 0.6568 0.7309 0.1855
vn 0.6320 0.7049 0.3222
vn 0.6223 0.6947 0.3608
vn 0.7415 0.6451 0.1847
vn 0.7320 0.6181 0.2866
vn 0.6934 0.6366 0.3375
vn 0.6801 0.7092 0.1855
vn 0.6254 0.7100 0.3237
vn 0.6674 0.6489 0.3654
vn 0.5006 0.8502 0.1631
vn 0.4713 0.8122 0.3438
vn 0.4736 0.8141 0.3361
vn 0.7595 0.6138 0.2155
vn 0.7523 0.5829 0.3069
vn 0.7016 0.5812 0.4123
vn 0.7286 0.6600 0.1832
vn 0.7047 0.6466 0.2920
vn 0.7011 0.6385 0.3174
vn 0.8061 0.4711 0.3583
vn 0.8201 0.5048 0.2693
vt -12.472265 -25.636311
vt -15.448341 -28.432596
vt -12.275564 -28.453548
vt 8.104870 -25.636868
vt 11.080681 -28.432552
vt 12.424047 -25.636129
vt 5.165151 -28.521093
vt 7.907935 -28.453457
vt 5.165215 -24.870068
vt 2.225551 -26.992758
vt 2.225670 -23.561342
vt -0.714039 -25.976877
vt -0.584357 -22.835819
vt -3.653633 -25.976721
vt -6.593065 -23.561972
vt -3.783303 -22.836515
vt -9.532648 -24.871822
vt -6.593195 -26.993181
vt -9.532820 -28.520315
vt -12.471939 -1.527108
vt -9.532423 -6.614368
vt -9.532377 -1.526468
vt -12.472017 -6.741709
vt -9.532520 -10.264616
vt -12.472075 -10.520471
vt -9.532602 -13.915207
vt -12.472116 -14.299547
vt -9.532612 -17.567537
vt -12.472239 -18.076796
vt -9.532610 -21.220158
vt -12.472240 -21.856779
vt -6.592886 -6.394874
vt -6.592803 -1.526192
vt -6.592965 -9.827291
vt -6.592957 -13.261763
vt -6.593017 -16.694567
vt -6.592977 -20.129810
vt -3.653282 -6.250178
vt -3.653232 -1.525814
vt -3.653371 -9.537231
vt -3.653338 -12.827143
vt -3.653275 -16.117750
vt -3.783065 -19.257780
vt -4.583586 -21.046785
vt -0.713666 -1.525281
vt -0.713668 -6.250800
vt -0.713756 -9.537859
vt -0.713720 -12.827867
vt -0.713787 -16.115431
vt -2.183617 -18.648560
vt -0.585372 -19.261486
vt -2.196113 -21.057320
vt 2.225930 -1.525513
vt 2.225916 -6.395845
vt 2.225801 -9.827378
vt 2.225785 -13.261237
vt 2.225739 -16.694427
vt 2.225710 -20.128012
vt 5.165581 -1.526995
vt 5.165486 -6.613722
vt 5.165433 -10.265031
vt 5.165375 -13.916198
vt 5.165409 -17.569540
vt 5.165357 -21.220881
vt 8.105095 -1.525249
vt 8.105112 -6.742152
vt 8.104983 -10.519189
vt 8.104950 -14.298447
vt 8.104961 -18.078827
vt 8.104869 -21.856741
vt 12.709137 -5.519267
vt 11.339634 -1.523472
vt 14.054701 -9.153380
vt 14.953333 -13.613166
vt 14.953434 -18.449335
vt 14.054592 -22.906187
vt -17.076235 -5.520310
vt -18.421976 -9.154200
vt -19.320801 -13.611530
vt -19.320805 -18.447891
vt -18.422150 -22.906483
vt -16.791666 -25.635471
vt -2.183734 -23.446474
vt 0.216235 -21.048244
vt -15.706703 -1.524126
vt -21.592661 -12.797024
vt -7.178054 -27.951553
vt 14.359915 -26.414625
vt 16.206587 -23.322832
vt -21.592697 -18.273590
vt 14.682793 -3.631278
vt 13.131731 -1.514156
vt -3.848854 -26.800362
vt 17.224573 -18.275227
vt -20.574932 -23.323164
vt -0.519617 -26.800541
vt 17.224459 -12.798025
vt -18.728327 -26.413879
vt -17.206944 -29.581764
vt 2.809612 -27.951075
vt 16.206713 -7.747096
vt 9.245193 -29.605389
vt 12.838486 -29.581717
vt 6.138855 -29.681990
vt -19.050617 -3.632465
vt -13.613621 -29.605490
vt -20.574732 -7.748027
vt -10.507324 -29.681107
vt -17.499586 -1.514899
vt -0.324103 18.423340
vt 2.226320 28.861210
vt -0.713278 28.861450
vt 10.830505 18.423365
vt 11.339989 26.222492
vt 8.105466 27.494879
vt -11.478661 18.422152
vt -12.471567 27.493017
vt -15.196836 18.421515
vt -19.288364 18.424494
vt -17.499247 25.083260
vt -21.556026 18.433727
vt -15.706350 26.221834
vt -4.042283 18.422812
vt -3.652844 28.860918
vt 7.112372 18.421623
vt 5.165963 28.352558
vt -6.592415 28.860537
vt -7.760469 18.422428
vt 3.394110 18.423101
vt 14.921801 18.425144
vt 13.132071 25.084003
vt -9.531996 28.353085
vt -7.760639 5.123348
vt -11.478828 5.123074
vt -11.478745 11.772615
vt -7.760554 11.772890
vt 14.921631 5.126066
vt 17.188507 5.135378
vt 14.921715 11.775604
vt 17.188591 11.784920
vt 3.393939 5.124022
vt 7.112206 5.122540
vt 3.394026 11.773563
vt 7.112290 11.772082
vt -4.042452 5.123724
vt -4.042367 11.773266
vt 10.830336 5.124285
vt 10.830421 11.773827
vt -0.324273 5.124261
vt -0.324188 11.773803
vt -15.197006 5.122436
vt -19.288534 5.125416
vt -19.288450 11.774953
vt -15.196920 11.771977
vt -21.556196 5.134643
vt -21.556110 11.784184
vt 11.339743 27.514618
vt -6.592660 30.152664
vt 5.165718 29.644686
vt 2.226074 30.153343
vt -15.706594 27.513968
vt -9.532242 29.645218
vt -0.713524 30.153582
vt 8.105219 28.787014
vt -12.471813 28.785152
vt -3.653088 30.153042
vt 17.188677 18.434460
vt 19.952503 -26.730957
vt 19.952503 -26.180597
vt 19.789562 -26.489523
vt -24.161121 -14.255382
vt -24.161121 -20.457161
vt 9.464216 32.826992
vt -0.301219 -30.111765
vt -19.526327 28.633434
vt -23.008760 -26.174520
vt 6.135975 33.798088
vt 3.468287 -31.414454
vt -24.119604 21.104532
vt -20.917946 -29.673969
vt 2.807578 34.374016
vt 7.237807 -33.374275
vt -24.119699 13.575627
vt -0.520768 34.374275
vt 15.155458 -1.481372
vt 19.748734 6.047539
vt 10.754944 -33.287537
vt -24.119795 6.046707
vt -3.849079 34.373676
vt 19.748825 13.576451
vt 16.546064 -29.674816
vt -19.526711 -1.482210
vt -7.177396 34.373245
vt 19.748922 21.105360
vt 18.636951 -26.174145
vt -10.505724 33.798695
vt 19.789566 -20.459017
vt -13.834042 32.824894
vt 19.789433 -14.257478
vt -19.195374 -33.260792
vt 15.155842 28.634274
vt 13.126490 31.386343
vt 18.637091 -8.538588
vt 14.823437 -33.260738
vt 16.911644 -3.878472
vt -15.126848 -33.287655
vt -21.282867 -3.879813
vt -11.609758 -33.373276
vt -23.008535 -8.539641
vt -7.840203 -31.414997
vt -17.496607 31.385599
vt -4.070734 -30.111568
vt 19.789566 -27.728134
vt 19.975105 -27.171604
vt 19.789566 -27.063299
vt 20.364050 -26.947098
vt 20.365290 -26.730957
vt 20.941019 -27.063446
vt 20.753323 -27.621342
vt 20.941019 -27.728277
vt 20.694742 -27.586349
vt 20.652662 -27.203707
vt 20.365042 -27.015221
vt 20.365290 -28.060621
vt 20.364628 -27.845688
vt 20.035051 -27.205729
vt 19.975227 -27.621006
vt 20.035103 -27.586422
vt 20.753754 -27.171591
vt 20.365042 -27.776672
vt 20.266224 -29.789688
vt 20.266224 -31.642925
vt 22.337513 -30.716440
vt 24.409451 -29.790480
vt 23.027542 -28.557932
vt 21.411402 -28.646166
vt 24.408836 -31.642498
vt 21.648134 -32.878551
vt 23.264269 -32.787235
vt 20.127647 -29.727663
vt 23.326246 -32.925724
vt 24.547380 -31.704414
vt 21.602003 -33.023144
vt 20.127647 -31.704865
vt 24.548037 -29.728502
vt 23.073681 -28.413507
vt 21.349436 -28.507645
vt 24.885063 -29.576454
vt 21.489086 -33.374275
vt 23.476677 -33.261974
vt 21.197948 -28.169138
vt 19.789562 -29.575487
vt 24.884304 -31.854141
vt 19.789562 -31.854664
vt 23.185534 -28.060625
vt 45.159397 -47.572060
vt 47.392696 -47.750557
vt 46.696087 -46.332787
vt 48.909431 -46.560925
vt 48.251911 -45.089592
vt 46.811863 -43.304596
vt 45.140373 -43.531956
vt 47.604664 -48.730629
vt 49.835793 -46.982655
vt 44.290298 -42.562328
vt 44.324398 -48.447319
vt 46.771267 -42.206673
vt 48.886150 -44.812305
vt 51.167995 -47.595798
vt 49.785797 -44.422691
vt 46.707035 -40.627365
vt 43.059608 -41.163929
vt 43.142208 -49.691212
vt 47.900417 -50.123852
vt 48.152317 -51.243904
vt 52.143795 -48.030495
vt 42.210838 -50.628983
vt 50.540035 -44.075642
vt 46.669334 -39.504990
vt 42.210838 -40.197079
vt 12.913704 4.014433
vt 9.194464 1.196393
vt 13.294010 1.530494
vt 3.936338 2.962717
vt 4.065746 0.880772
vt -4.827307 0.344153
vt -7.849870 2.272445
vt -8.563833 0.111648
vt -0.184522 0.621162
vt -4.949302 2.429542
vt -11.929959 3.043576
vt 11.174705 -13.074915
vt 9.498693 -10.918437
vt 9.724321 -13.109501
vt 11.196083 14.318545
vt 7.792999 14.713685
vt 9.015661 12.920228
vt 12.405654 6.033137
vt 9.837722 3.352460
vt 10.398513 16.363342
vt 10.873076 15.090402
vt 9.913270 -0.609815
vt 13.358050 -0.715538
vt 10.557189 -14.656168
vt 7.255469 -15.464513
vt 9.545581 -2.565060
vt 13.175635 -2.962416
vt 5.699996 -13.414925
vt 3.917213 15.128184
vt 3.348408 12.476794
vt 9.490451 5.160107
vt 5.244908 17.191349
vt 4.177816 -0.948937
vt 4.286919 -15.765235
vt 4.294068 -2.871652
vt 0.015997 14.426763
vt -0.893313 12.230872
vt 3.822936 4.792704
vt -0.310184 2.704687
vt 2.628827 17.261810
vt -0.072547 -1.210633
vt 1.212685 -13.686843
vt 1.056749 -15.808791
vt 0.045245 -3.126837
vt 4.821916 -11.536064
vt -4.281252 14.414029
vt -5.490488 11.921360
vt -0.420055 4.533801
vt -1.569252 17.032322
vt -4.716184 -1.495672
vt -2.603507 -15.443752
vt -4.592935 -3.408465
vt 0.576546 -11.808283
vt -3.072752 -13.716815
vt -6.223885 9.270880
vt -10.002742 10.708991
vt -9.446971 8.671504
vt -4.683070 16.583532
vt -8.053304 13.367920
vt -7.800036 -2.607869
vt -6.834907 -13.517094
vt -4.543102 -15.441774
vt -9.065412 -4.492853
vt -4.467233 -5.332685
vt -8.536312 -7.384030
vt -4.252501 -8.702554
vt -8.990244 -10.195645
vt -8.594449 6.835113
vt -5.693582 6.734649
vt -4.049845 -12.073379
vt -9.013953 4.108074
vt -5.043858 4.258929
vt -6.574376 16.123486
vt -9.484571 14.989120
vt -12.266674 -1.927163
vt -11.928191 -4.351294
vt -8.766100 -15.209999
vt -12.381393 -5.659400
vt -11.905102 -8.209526
vt -11.720769 -12.051771
vt -11.960403 6.503566
vt -9.057751 -12.678679
vt -11.418625 4.577141
vt -11.972517 12.561529
vt -12.385640 8.603633
vt -10.257813 -13.241587
vt 12.362251 -11.967792
vt 11.764326 8.668473
vt 8.327084 9.581936
vt 9.283101 6.939168
vt 11.549119 11.151312
vt 9.989799 -4.471217
vt 12.858315 -5.031168
vt 10.021198 -7.843580
vt 12.264071 -8.231265
vt 4.908130 7.343297
vt 4.687819 10.161778
vt 4.407634 -4.784476
vt 4.610398 -8.161494
vt 0.618383 7.182726
vt 0.421839 9.660730
vt 0.163233 -5.042635
vt 0.370743 -8.422876
vt -3.173254 -18.014965
vt 1.094970 -18.458113
vt 14.906400 4.599962
vt 14.308529 6.946085
vt 4.863438 -18.410553
vt 8.322126 -18.042139
vt 15.421576 -0.889172
vt 15.346583 1.713851
vt -10.346912 -17.805380
vt -5.440284 -18.018904
vt 2.941811 20.009928
vt -1.972812 19.749887
vt -13.985793 -9.620152
vt -13.815016 -14.100377
vt 15.212947 -3.499404
vt -14.555970 9.944857
vt -14.062612 7.502981
vt 12.813426 -15.318375
vt 14.246334 -14.032431
vt -13.422604 5.253572
vt 12.904428 16.628267
vt 12.534071 17.528395
vt -14.016665 3.459870
vt 12.022687 18.979305
vt -14.412128 -2.305411
vt -14.023601 -5.134402
vt 12.162635 -17.165035
vt -5.616026 19.194147
vt -7.827534 18.660000
vt -14.555970 -6.650265
vt 6.014194 19.886938
vt 13.544204 10.011022
vt -12.033787 -15.394018
vt 14.112308 -9.644384
vt 14.841800 -5.904802
vt 13.293975 12.894725
vt -11.216204 17.349068
vt -14.095980 14.534992
vt 51.086445 36.621132
vt 57.716187 33.436481
vt 59.340302 36.734791
vt 53.693886 39.384789
vt 93.381073 -97.522346
vt 88.692314 -104.621346
vt 89.878853 -105.595512
vt 94.592926 -98.220634
vt -40.516357 -141.611816
vt -50.133709 -135.597443
vt -51.074345 -137.564484
vt -41.359020 -143.153778
vt 58.656929 -132.936554
vt 49.948551 -137.893188
vt 50.314384 -138.958527
vt 59.525742 -133.901825
vt 104.898300 -61.882362
vt 103.901733 -69.097206
vt 106.279541 -69.679893
vt 107.981544 -62.270725
vt 66.490829 27.951839
vt 75.072945 21.415823
vt 77.383789 23.758204
vt 68.233269 30.413744
vt 101.173241 -79.842918
vt 97.672554 -89.675209
vt 99.053589 -90.296654
vt 103.051628 -80.403793
vt -56.239582 -129.771545
vt -57.584045 -131.455811
vt 81.469284 14.935098
vt 87.551361 7.564359
vt 90.043709 9.241654
vt 83.831116 16.899637
vt -10.996128 -149.191681
vt -21.940313 -147.684601
vt -22.629759 -149.432983
vt -11.426418 -150.587555
vt 99.320816 -13.605076
vt 102.450241 -22.252087
vt 105.893005 -21.597357
vt 102.510674 -12.539075
vt 72.332504 -122.673256
vt 66.699600 -127.313446
vt 67.335625 -128.320953
vt 73.287468 -123.760391
vt 23.432827 -147.055054
vt 12.976623 -148.732819
vt 13.232867 -150.117310
vt 23.622805 -148.761200
vt 83.344719 -111.456436
vt 77.805893 -117.500572
vt 78.808693 -118.526749
vt 84.149925 -112.215546
vt 105.549828 -46.442337
vt 105.376694 -54.482227
vt 108.731750 -54.682056
vt 109.399025 -46.106388
vt -59.680004 -124.213242
vt -63.223145 -117.235344
vt -64.963371 -120.508011
vt -61.431248 -126.106720
vt -32.160744 -145.016205
vt -32.717186 -146.598419
vt 104.496078 -30.182898
vt 105.576202 -38.258484
vt 109.014275 -38.014130
vt 107.777153 -29.518682
vt 41.923187 -141.545929
vt 33.394688 -144.543701
vt 33.574139 -146.085724
vt 42.271553 -142.934784
vt 91.859375 1.400287
vt 95.561043 -5.223324
vt 98.578453 -3.865548
vt 94.721535 2.984330
vt 0.803437 -149.560852
vt 0.674587 -150.799377
vt 47.004345 38.261787
vt 50.886215 40.154949
vt -64.113266 -112.401718
vt -65.909233 -114.522499
vt 44.327785 -151.000519
vt 53.156277 -146.686218
vt 109.326118 -62.578026
vt 110.049072 -54.879963
vt -44.786880 -150.827271
vt -35.686611 -154.625580
vt 96.074203 3.511704
vt 91.668961 10.130859
vt 69.885162 32.069870
vt 60.851639 38.540016
vt 100.039032 -2.533218
vt -0.045796 -159.352631
vt 13.332026 -158.656921
vt 104.210770 -81.017044
vt 107.873352 -70.321724
vt -61.326527 -137.855316
vt -54.834988 -144.600800
vt -12.975059 -159.064728
vt 71.816963 -135.094574
vt 78.330566 -130.114349
vt 85.451859 18.342939
vt 79.020576 25.264988
vt -24.938562 -157.739380
vt 63.219856 -141.179169
vt 84.398682 -124.414795
vt 90.283180 -117.573006
vt -70.228592 -118.144066
vt -69.076195 -125.398079
vt 34.855362 -154.419891
vt 91.211067 -107.507439
vt 95.991371 -99.740402
vt 104.249359 -12.362277
vt 55.006962 41.135128
vt 24.362589 -157.225220
vt 100.289833 -91.449936
vt 110.705452 -46.276291
vt 51.870556 42.176838
vt 110.334953 -38.136272
vt 109.282524 -29.451899
vt -65.685646 -131.864105
vt 107.476814 -21.592405
vt 44.262981 29.828617
vt 48.253216 28.459436
vt 49.707123 32.510963
vt 44.721722 34.265293
vt -51.520447 41.322186
vt -47.901417 41.850655
vt -47.344688 46.074978
vt -51.112274 45.557087
vt -39.375587 41.434345
vt -36.600384 40.846382
vt -35.423904 45.700256
vt -38.375195 46.265759
vt -44.015209 41.859585
vt -43.205692 46.281830
vt -47.233303 50.204727
vt -50.997253 49.701180
vt -35.490894 49.825310
vt -38.275707 50.349701
vt -42.816071 50.398239
vt -49.364010 89.833542
vt -48.212402 89.164803
vt -43.408466 91.374138
vt -44.269775 91.956223
vt -44.991161 86.572929
vt -44.302017 85.683784
vt -40.560402 87.963226
vt -40.875717 88.687347
vt -46.479721 88.113678
vt -41.588768 90.156990
vt -42.263771 91.780190
vt -42.507389 92.379204
vt -39.078434 88.800316
vt -39.937790 89.354889
vt -39.269028 90.474159
vt -38.397953 90.463043
vt -38.702858 54.610374
vt -43.395302 54.478848
vt -51.559322 76.060844
vt -48.210251 75.671791
vt -48.090977 82.050156
vt -50.351109 83.406990
vt -35.484875 54.392048
vt -46.454388 75.225632
vt -46.503387 80.917252
vt -48.110950 54.110142
vt -52.582184 53.716564
vt -57.969788 76.575142
vt -55.152840 76.397972
vt -52.905945 84.278084
vt -54.888824 84.897415
vt -40.936382 91.690224
vt -39.702496 91.259384
vt -39.246082 91.624397
vt -40.842930 92.246796
vt -45.336098 58.377991
vt -50.751190 58.046242
vt -47.845161 64.024063
vt -53.161655 63.635349
vt -50.698837 69.861549
vt -54.982693 69.722839
vt -55.844353 57.657375
vt -57.515778 63.213589
vt -58.501930 69.401176
vt -36.769428 58.618900
vt -39.823616 58.608578
vt -40.094170 64.771347
vt -42.570953 64.761047
vt -43.691517 70.086815
vt -45.729523 70.157715
vt -45.292912 37.645916
vt -40.867920 36.961208
vt -53.377689 37.435364
vt -49.760014 37.967583
vt -38.092724 36.373245
vt -53.431618 35.275387
vt -48.554131 33.025856
vt -44.156464 31.287464
vt -41.707699 29.830118
vt -48.630535 27.104826
vt -46.071011 25.760311
vt -57.345238 31.789587
vt -52.915489 29.530045
vt -57.814251 24.401890
vt -53.337662 22.309004
vt -50.339207 20.908539
vt -63.248974 26.727795
vt -55.769009 16.258335
vt -60.069077 17.470734
vt -62.195107 11.703094
vt -57.242432 10.819860
vt -53.085087 15.342631
vt -54.501335 10.079949
vt -65.653008 18.466530
vt -66.876640 12.289569
vt -66.280441 2.171407
vt -62.601582 3.376199
vt -57.217148 4.746595
vt -54.467262 5.452897
vt -68.460869 11.969676
vt -67.864655 1.851514
vt -54.726841 -0.346644
vt -52.528584 1.408449
vt -59.113876 -3.923855
vt -63.705692 -7.888329
vt -62.396507 -6.931574
vt -52.384880 -10.898974
vt -51.010567 -7.389718
vt -48.883575 -3.469973
vt -48.058632 -1.098514
vt -53.117050 -12.357475
vt -39.758442 -9.511398
vt -40.309711 -5.783903
vt -40.874866 -2.370286
vt -41.315529 0.365569
vt -39.680996 -11.140288
vt -34.645016 -3.045753
vt -33.731812 -6.682336
vt -27.702286 -3.861287
vt -28.977432 -0.315645
vt -36.252666 2.941507
vt -35.541050 0.278649
vt -30.204351 2.919556
vt -31.189802 5.517460
vt -33.495956 -8.288225
vt -27.310909 -5.436162
vt -21.173695 10.179158
vt -19.828220 7.107850
vt -15.254765 10.822786
vt -17.005022 13.963083
vt -17.786270 3.137480
vt -13.184218 7.251938
vt -22.115707 12.919543
vt -18.462128 16.338039
vt -17.209610 1.634385
vt -12.158962 5.169658
vt -9.148214 10.593549
vt -7.733737 8.341811
vt -3.829902 11.147706
vt -5.446618 14.156520
vt -13.320095 17.568398
vt -11.313933 14.488253
vt -7.700914 17.897850
vt -9.877785 21.283199
vt -14.886582 19.841654
vt -11.468835 23.517097
vt -39.666817 -12.841727
vt -33.308018 -9.975754
vt -22.260256 -1.900889
vt -26.949217 -7.109796
vt -21.739889 -3.582835
vt -11.321238 3.471102
vt -6.818139 6.818506
vt -70.228600 12.111167
vt -69.632401 1.993005
vt -64.630882 -8.770842
vt -54.029762 -13.757581
vt -16.530561 -0.055859
vt -22.745430 -0.358723
vt -25.246925 6.905321
vt -26.388830 9.426793
vt -24.205748 3.560303
vt -2.873306 9.750918
vt 42.215183 24.983191
vt 45.342537 24.461607
vt -7.267190 23.980747
vt -9.139370 26.132992
vt 10.125295 37.357998
vt 9.415970 42.097328
vt 6.535653 43.521065
vt 6.333402 39.746784
vt -2.582115 17.259338
vt -4.857853 20.883858
vt 1.134479 47.319382
vt -0.744573 49.177269
vt -1.082892 45.498211
vt 0.849823 43.684898
vt -0.549734 14.046719
vt 1.118259 12.050535
vt 3.888827 33.351109
vt 6.037260 31.596884
vt 6.350304 35.948067
vt 4.237198 37.530262
vt -0.471298 37.163242
vt 1.739733 35.205284
vt 2.465518 38.801899
vt 0.317617 40.433327
vt 5.486854 24.277925
vt 6.914019 19.476746
vt 9.205571 19.628725
vt 1.951685 16.866072
vt 4.166250 13.625051
vt 9.026291 17.132746
vt -0.266833 19.798124
vt 1.631964 22.978020
vt 2.856547 25.821289
vt 9.838373 28.656130
vt 10.399568 32.989651
vt -2.844790 39.100021
vt -1.974595 42.264072
vt 0.345736 28.373629
vt -1.147058 25.299797
vt -3.021121 23.035711
vt -5.323581 26.384270
vt -3.445910 28.607801
vt -2.029234 31.280966
vt 3.531722 29.559723
vt 5.657941 28.059389
vt -3.640322 36.000549
vt -1.282428 33.943855
vt 1.105273 31.634815
vt -4.524598 33.201363
vt -5.621936 30.613811
vt -7.611680 28.435789
vt 40.029381 21.202641
vt 42.833664 19.631231
vt 37.986263 17.555674
vt 41.097332 16.162651
vt 36.249512 13.742895
vt 38.990746 12.170780
vt 33.836174 3.914032
vt 31.329853 6.439615
vt 27.239920 5.297091
vt 27.072899 1.779507
vt 33.419708 9.957708
vt 36.153671 8.168600
vt 24.090927 5.895541
vt 22.440090 3.064138
vt 20.927702 7.966492
vt 19.676035 5.472162
vt 15.958759 7.773415
vt 17.225752 9.886333
vt 14.120917 12.331462
vt 13.064473 10.230548
vt 10.805331 14.729763
vt 9.651471 13.060599
vt 42.662716 34.513874
vt 42.234539 30.265921
vt 9.778573 24.661091
vt 40.157406 25.410172
vt 36.019066 18.191710
vt 34.530727 14.729268
vt 22.128292 10.016616
vt 18.599501 11.764086
vt 38.067398 21.645330
vt 27.126682 7.111136
vt 24.767521 7.889429
vt 48.912762 41.259499
vt 45.686935 39.508938
vt 32.362061 11.150558
vt 15.741436 13.835006
vt 12.881089 16.066204
vt 30.035334 8.046015
vt 31.775333 -0.101412
vt 4.665701 44.688412
vt 4.358501 40.964394
vt 7.297320 46.979530
vt 5.619845 48.418488
vt 1.660045 50.595848
vt 0.036443 52.642235
vt 3.750704 49.304836
vt 5.638525 51.592949
vt 10.223656 44.314224
vt 10.730684 46.406563
vt 7.125618 50.511433
vt 3.471997 54.740658
vt 10.623282 48.482841
vt 9.239429 51.940899
vt 6.884572 54.543228
vt 2.739153 42.206245
vt 2.957864 45.698833
vt -9.537159 32.373291
vt -9.537161 31.676725
vt -8.926596 31.752750
vt -8.926596 32.296810
vt -30.281582 31.450153
vt -30.281578 32.146721
vt -30.892138 32.070698
vt -30.892138 31.526640
vt 20.791775 16.041237
vt 20.175169 15.274648
vt 20.753132 15.119892
vt 21.268124 15.886482
vt 22.353367 7.188294
vt 21.813583 6.402764
vt 22.415949 6.287357
vt 22.867617 7.072882
vt -19.582458 -7.149139
vt -19.582458 -7.844745
vt -18.971043 -7.768364
vt -18.971041 -7.225062
vt 20.770409 23.883406
vt 20.057920 23.192745
vt 20.611244 22.933661
vt 21.223690 23.618515
vt 25.148603 21.685947
vt 25.403851 22.746214
vt 24.598543 22.933666
vt 24.376265 21.865726
vt 30.212137 -24.842545
vt 30.238686 -23.852577
vt 29.407526 -23.865582
vt 29.414999 -24.855017
vt 24.526241 8.152665
vt 24.228283 6.402764
vt 24.914753 6.285861
vt 25.212708 8.035757
vt 29.391712 -24.609041
vt 29.407513 -23.555885
vt 28.574730 -23.555882
vt 28.593014 -24.609039
vt -2.531683 15.475924
vt -3.106495 14.866447
vt -2.510135 14.761084
vt -2.024518 15.406731
vt -23.655754 24.658932
vt -23.600121 23.202417
vt -23.066450 22.398136
vt -23.131918 24.104534
vt 22.922392 17.511562
vt 22.648363 16.041237
vt 22.960049 15.274648
vt 23.341135 17.000500
vt 26.962219 2.096342
vt 27.023758 0.751065
vt 27.618984 -0.043435
vt 27.555565 1.520414
vt 27.943075 -5.735485
vt 28.010502 -7.223745
vt 28.599886 -7.980349
vt 28.528053 -6.229346
vt -9.537161 32.372326
vt -10.148574 32.295948
vt -10.148574 31.752645
vt -39.917252 30.420912
vt -40.842583 30.420904
vt -41.231625 29.830549
vt -3.033784 16.601822
vt -2.465417 16.933065
vt 27.510511 -7.361106
vt 28.007383 -8.122787
vt -12.007170 22.555344
vt -12.007165 20.252024
vt -11.521340 20.504845
vt -11.521340 22.303869
vt 20.335905 24.739639
vt 21.018576 25.212137
vt -24.121681 23.064665
vt -23.668966 22.269154
vt -17.435087 26.235218
vt -15.131773 26.235218
vt -15.384591 26.721048
vt -17.183615 26.721045
vt 20.218807 17.000500
vt 20.840836 17.511562
vt 23.677233 21.929607
vt 23.841778 22.933661
vt 20.814682 22.933666
vt 20.830280 21.929607
vt 17.424028 14.033801
vt 17.339909 14.831682
vt 16.857452 15.057149
vt 16.857452 14.273355
vt -39.248524 28.766663
vt -39.248531 31.069130
vt -39.734531 30.817751
vt -39.734531 29.019392
vt 21.818954 8.152660
vt 22.361721 8.676346
vt 24.713480 13.133865
vt 24.831820 14.145696
vt 22.207108 14.145696
vt 22.244963 13.133865
vt 26.528341 0.559950
vt 27.028898 -0.212272
vt -18.507908 29.605413
vt -18.504704 27.302946
vt -18.019047 27.555000
vt -18.021549 29.353354
vt -11.370567 32.372795
vt -11.370567 31.676725
vt -10.759569 31.753811
vt -10.759572 32.297485
vt 23.880615 14.321327
vt 23.880615 15.017404
vt 23.269621 14.940314
vt 23.269621 14.396640
vt 10.534725 -7.177089
vt 9.920574 -7.887495
vt 10.342523 -8.119780
vt 10.831257 -7.409371
vt 27.643791 -28.003706
vt 28.573126 -27.996988
vt 28.476084 -27.517845
vt 27.579094 -27.522219
vt -19.582458 -7.844747
vt -19.582460 -7.148647
vt -20.193438 -7.223969
vt -20.193438 -7.767659
vt 15.251909 15.997851
vt 14.661078 15.200740
vt 15.115004 15.118952
vt 15.581497 15.916061
vt 15.346671 -0.200134
vt 15.646866 1.368896
vt 14.973366 1.664535
vt 14.707546 0.080421
vt 20.020758 -21.952017
vt 20.260244 -20.280527
vt 19.629967 -20.121820
vt 19.422644 -21.801413
vt 14.228606 -28.646173
vt 14.433264 -30.391558
vt 14.916587 -30.265245
vt 14.711929 -28.519863
vt 19.812519 23.628939
vt 20.057911 25.314629
vt 19.344893 25.418726
vt 19.135883 23.727726
vt -25.397903 29.774137
vt -24.453144 29.492992
vt -24.492386 29.974417
vt -25.376089 30.248943
vt 17.668165 17.492643
vt 17.523355 15.997856
vt 18.068249 15.200745
vt 18.289522 16.961235
vt 13.020864 -5.776244
vt 12.826070 -7.177087
vt 13.357592 -7.887495
vt 13.635568 -6.249849
vt 20.098087 -5.920988
vt 19.998196 -7.330335
vt 20.585205 -8.122787
vt 20.750475 -6.449290
vt 17.943712 -27.998802
vt 17.800711 -29.483654
vt 18.372749 -30.265247
vt 18.586880 -28.519865
vt 23.880608 15.017417
vt 23.880608 14.321322
vt 24.491585 14.396636
vt 24.491590 14.940328
vt 19.552837 -9.689999
vt 20.371595 -9.301803
vt 20.371595 -8.452998
vt 15.496598 -29.483654
vt 15.360414 -27.998802
vt 18.503925 -21.736277
vt 18.643101 -20.121820
vt 14.695635 -20.121820
vt 14.827695 -21.736277
vt 18.156660 31.604568
vt 18.156660 32.284737
vt 17.650026 32.276978
vt 17.638241 31.572599
vt -11.520903 22.555344
vt -11.520903 24.856556
vt -12.007176 24.604660
vt -12.007176 22.807280
vt 14.469501 16.961235
vt 15.121485 17.492640
vt 18.231768 23.794151
vt 18.372009 25.418726
vt 14.480497 25.418726
vt 14.607653 23.794151
vt 22.581894 -21.254667
vt 22.570101 -20.269037
vt 22.063040 -20.147995
vt 22.063040 -21.073359
vt 22.063036 -21.254673
vt 22.063036 -23.555882
vt 22.549309 -23.303986
vt 22.549305 -21.506609
vt 9.782087 -6.249849
vt 10.451879 -5.776246
vt 13.797016 0.139621
vt 13.991961 1.664535
vt 10.066363 1.664535
vt 10.141160 0.139621
vt 28.573126 -23.555882
vt 27.643791 -23.562599
vt 27.579094 -24.053459
vt 28.476084 -24.049086
vt -1.321521 28.313204
vt 0.983045 28.313204
vt 0.730741 28.798765
vt -1.069254 28.798765
vt 16.886751 -6.449290
vt 17.139050 -8.122787
vt 17.700758 -7.330335
vt 17.522272 -5.920988
vt 20.474941 0.008716
vt 20.566912 1.537710
vt 16.630871 1.537710
vt 16.809362 0.008716
vt 18.499094 14.033792
vt 18.479391 14.930565
vt 17.961561 15.003887
vt 17.961561 14.129542
vt -15.798588 31.926092
vt -15.798588 29.621531
vt -15.313026 29.873831
vt -15.313026 31.673824
vt 24.491590 15.017499
vt 24.491590 14.321304
vt 25.102486 14.398390
vt 25.102482 14.942159
vt 22.658607 14.321322
vt 22.658611 15.017521
vt 22.047716 14.940446
vt 22.047716 14.396676
vt 27.853376 -11.682785
vt 28.702612 -11.959962
vt 28.799072 -11.498973
vt 27.971676 -11.222850
vt 18.510153 14.964109
vt 18.499088 14.033796
vt 19.016079 14.144014
vt 19.016079 15.041549
vt -20.804420 -7.844742
vt -20.804422 -7.148759
vt -21.415504 -7.224087
vt -21.415508 -7.767686
vt -8.408173 32.409332
vt -8.408173 31.730604
vt -7.904845 31.676735
vt -7.910804 32.380283
vt 16.412252 -10.396096
vt 16.705626 -8.435634
vt 16.046364 -8.122785
vt 15.794563 -10.102975
vt 9.993463 -10.102975
vt 9.743093 -8.122785
vt 9.084960 -8.435632
vt 9.376828 -10.396094
vt -28.494358 11.628531
vt -28.261738 9.883448
vt -27.725187 10.010336
vt -27.957811 11.755419
vt -11.819360 15.736559
vt -11.522072 17.841463
vt -12.212787 17.950811
vt -12.466520 15.839008
vt -40.722763 26.465414
vt -39.737522 26.465536
vt -39.917252 26.951483
vt -40.842579 26.951473
vt -14.085030 7.886134
vt -14.226460 6.391256
vt -13.657856 5.593842
vt -13.444439 7.354526
vt 14.183204 -17.555416
vt 14.043076 -18.957886
vt 14.618844 -19.669493
vt 14.828905 -18.029823
vt -41.165092 16.964067
vt -41.324398 15.554487
vt -40.755077 14.761958
vt -40.523891 16.435713
vt -24.756937 12.276313
vt -24.878469 10.791678
vt -24.284796 10.010336
vt -24.100544 11.755419
vt 21.436634 15.017308
vt 21.436634 14.321327
vt 22.047716 14.396649
vt 22.047720 14.940250
vt -42.621498 27.761244
vt -42.016861 26.465418
vt -41.231625 26.705557
vt -42.000111 28.352528
vt -27.172064 10.791678
vt -27.328449 12.276313
vt -24.215244 20.237247
vt -24.071896 22.269154
vt -28.254076 22.269154
vt -28.064236 20.237247
vt -25.175283 10.666408
vt -24.707153 9.885071
vt -11.520907 27.157768
vt -11.520907 29.459017
vt -12.007172 29.206949
vt -12.007172 27.409542
vt -17.315149 7.354526
vt -17.110233 5.593846
vt -16.528044 6.391256
vt -16.665503 7.886134
vt -13.431558 15.905459
vt -13.261977 17.950806
vt -17.458723 17.950811
vt -17.293957 15.905459
vt -39.737518 30.907509
vt -40.722763 30.907385
vt -39.734528 28.766666
vt -39.734531 26.465414
vt -39.248268 26.717482
vt -39.248268 28.514889
vt 10.953192 -18.029823
vt 11.161997 -19.669491
vt 11.738509 -18.957886
vt 11.599392 -17.555416
vt 14.827744 -10.043675
vt 14.995820 -8.122785
vt 10.793642 -8.122785
vt 10.960344 -10.043674
vt -16.859562 29.621513
vt -15.969771 29.893320
vt -16.058758 30.349520
vt -16.913958 30.077120
vt 0.983045 28.313194
vt 3.287571 28.313194
vt 3.035444 28.798765
vt 1.235476 28.798765
vt -44.396564 16.435719
vt -44.209206 14.761958
vt -43.627151 15.554487
vt -43.746872 16.964067
vt -40.418972 24.538975
vt -40.224403 26.465408
vt -44.423283 26.465408
vt -44.283333 24.538975
vt 20.466099 14.033792
vt 20.460178 14.927093
vt 19.962782 14.977911
vt 19.962782 14.105660
vt -11.520907 29.459021
vt -11.520907 31.763546
vt -12.006478 31.511419
vt -12.006478 29.711456
vt 23.963173 7.188294
vt 24.166584 8.676346
vt 24.369999 10.164402
vt 22.370079 10.164397
vt 21.755013 10.957837
vt 21.824320 9.902556
vt 22.328371 11.154222
vt 23.196415 18.981882
vt 20.889900 18.981882
vt 20.210245 19.772812
vt 20.262451 18.726357
vt 20.870026 19.964458
vt 22.598112 23.989517
vt 23.067738 25.331104
vt 22.555447 25.301361
vt 22.043156 25.271624
vt 21.530865 25.241880
vt 21.017401 30.110289
vt 20.911154 29.140392
vt 20.812067 28.189108
vt 20.712976 27.237822
vt 20.613892 26.286537
vt 21.266741 26.540867
vt 21.328777 26.873053
vt 21.390820 27.205233
vt 21.452860 27.537418
vt 21.762396 30.153538
vt 21.080616 25.544319
vt 21.142658 25.876499
vt 21.204699 26.208685
vt 27.469316 -5.761488
vt 26.995556 -5.787491
vt 26.521797 -5.813492
vt 26.048037 -5.839496
vt 26.320271 -7.316515
vt -3.106495 22.529295
vt -3.073657 21.464991
vt -3.036127 20.422392
vt -2.998598 19.379795
vt -2.961064 18.337196
vt -2.399156 18.390200
vt -2.382589 18.754486
vt -2.366023 19.118771
vt -2.349456 19.483055
vt -2.442283 22.259962
vt -2.448850 17.297346
vt -2.432284 17.661631
vt -2.415718 18.025915
vt 27.910925 -0.250087
vt 27.825075 -3.131030
vt 27.841936 -3.503095
vt 27.858793 -3.875160
vt 27.875645 -4.247225
vt 28.456213 -4.478343
vt 28.493303 -3.417289
vt 28.530394 -2.356237
vt 28.567478 -1.295178
vt 28.599886 -0.212272
vt 27.892500 -4.619290
vt 27.909363 -4.991355
vt 27.926218 -5.363420
vt 26.914577 4.346400
vt 26.900686 3.441614
vt 27.492151 3.084263
vt 27.534426 4.036904
vt 23.356691 19.964458
vt 23.722227 18.726351
vt 23.940237 19.772812
vt -23.669321 30.017050
vt -23.753113 27.207830
vt -23.739204 26.843699
vt -23.725296 26.479572
vt -23.711388 26.115442
vt -23.197386 25.810936
vt -23.163504 26.840780
vt -23.129623 27.870628
vt -23.095739 28.900471
vt -23.066450 29.951731
vt -23.697479 25.751316
vt -23.683573 25.387190
vt -23.669664 25.023058
vt 29.367409 -31.070297
vt 29.355518 -29.389494
vt 28.659084 -29.389492
vt 28.670975 -31.070297
vt 29.343630 -27.708687
vt 28.647196 -27.708687
vt 24.989191 10.957842
vt 24.824202 9.902561
vt 25.510668 9.785653
vt 25.709253 10.835214
vt 30.102604 -31.059423
vt 30.117466 -29.402620
vt 29.422384 -29.413496
vt 29.407526 -31.070297
vt 30.132324 -27.745821
vt 29.437246 -27.756697
vt 23.633503 15.117890
vt 24.014589 16.843742
vt 24.395681 18.569592
vt -41.005783 18.373648
vt -43.866592 18.373648
vt -44.805927 20.230625
vt -44.583916 18.109472
vt -44.005505 20.428757
vt 14.323332 -16.152952
vt 11.460275 -16.152952
vt 10.494077 -14.294429
vt 10.744387 -16.390154
vt 11.293631 -14.116526
vt -13.943605 9.381011
vt -16.802959 9.381011
vt -17.766745 11.356474
vt -17.520061 9.115209
vt -16.966629 11.555829
vt -24.635403 13.760946
vt -27.484837 13.760946
vt -28.468554 15.724376
vt -28.190435 13.500498
vt -27.677967 15.919710
vt -24.495350 15.919710
vt -23.916290 13.500498
vt -23.694632 15.724376
vt -40.810181 20.428757
vt -40.292706 18.109468
vt -40.012943 20.230621
vt 14.491470 -14.116527
vt 15.038970 -16.390156
vt 15.290834 -14.294429
vt -13.772923 11.555829
vt -13.231027 9.115205
vt -12.976191 11.356474
vt -13.141355 5.512074
vt -12.927939 7.272758
vt -12.714527 9.033442
vt -29.050344 15.586790
vt -28.726980 13.373610
vt 10.461048 -18.263763
vt 10.669853 -19.903433
vt 10.252248 -16.624094
vt 15.111826 -19.903435
vt 15.321887 -18.263765
vt 15.531957 -16.624096
vt 20.197985 -4.511644
vt 17.343781 -4.511644
vt 16.387640 -3.202971
vt 16.634447 -4.775796
vt 17.165642 -3.004858
vt 13.215664 -4.375403
vt 10.369033 -4.375403
vt 9.503654 -3.047998
vt 9.643604 -4.612206
vt 10.293077 -2.870395
vt 17.812971 18.987427
vt 14.991056 18.987427
vt 14.085187 20.390392
vt 14.277925 18.721724
vt 14.863256 20.589666
vt 18.086718 -26.513950
vt 15.224224 -26.513950
vt 14.307617 -25.116793
vt 14.507271 -26.774481
vt 15.092046 -24.921394
vt 18.225786 -24.921394
vt 18.801006 -26.774483
vt 19.008221 -25.116795
vt 20.290304 -3.004858
vt 20.915749 -4.775794
vt 21.074629 -3.202971
vt 13.409449 -2.870395
vt 13.913553 -4.612206
vt 14.178213 -3.047998
vt 17.952568 20.589670
vt 18.510796 18.721724
vt 18.719162 20.390392
vt 18.635723 15.117894
vt 18.856997 16.878384
vt 19.078270 18.638874
vt 13.793305 -25.251202
vt 14.023948 -26.900793
vt 18.874371 -30.391558
vt 19.088495 -28.646175
vt 19.302628 -26.900793
vt 13.893610 -8.122787
vt 14.171591 -6.485140
vt 14.449572 -4.847497
vt -9.406688 29.138189
vt -10.509647 28.378349
vt -10.328325 27.657776
vt -9.335337 28.318184
vt -24.991604 25.362436
vt -24.919348 23.712326
vt -24.121683 23.723366
vt -24.121683 25.272707
vt 2.148294 -30.482132
vt 2.661264 -30.534979
vt 3.337506 -29.247038
vt 2.654769 -29.115679
vt -26.776184 25.433498
vt -26.552568 23.607157
vt -25.717010 23.701283
vt -25.861526 25.452173
vt -10.221953 19.136215
vt -10.607770 16.260128
vt -10.226375 16.180445
vt -9.647644 19.106949
vt 8.808756 -4.147257
vt 7.533883 -4.430383
vt 7.791644 -5.874387
vt 8.798512 -5.871178
vt -26.516584 -3.651771
vt -26.360012 -5.365886
vt -25.202908 -5.886895
vt -25.321234 -4.057298
vt 14.010592 7.212299
vt 14.350649 6.534920
vt 14.875046 6.584365
vt 14.271243 7.261314
vt 5.159837 -16.723551
vt 5.841060 -19.282476
vt 6.511880 -19.334423
vt 5.869606 -16.669106
vt -43.140041 3.809099
vt -44.325081 3.670122
vt -44.461151 2.581795
vt -43.165619 2.691618
vt -23.795280 -4.297146
vt -23.836449 -6.241489
vt -22.469986 -6.596081
vt -22.269325 -4.536995
vt 26.132044 0.749674
vt 25.933895 0.497827
vt 26.173422 -0.051353
vt 26.291729 0.197805
vt -20.627304 -4.636797
vt -20.867880 -6.836992
vt -20.285295 -6.924597
vt -20.030205 -4.673089
vt -9.128788 27.435341
vt -10.036686 26.896118
vt -9.745046 26.134457
vt -8.922240 26.552488
vt -43.241344 1.292989
vt -44.622913 1.220958
vt -44.784676 -0.139879
vt -43.317070 -0.105640
vt -28.380651 25.366035
vt -27.992628 23.371206
vt -27.388130 23.513023
vt -27.690840 25.414822
vt -7.017308 18.465981
vt -7.749932 16.004887
vt -7.009177 15.886953
vt -6.219626 18.134125
vt -43.556126 -1.435846
vt -45.128838 -1.416356
vt -45.473000 -2.692828
vt -43.795181 -2.766056
vt -5.505561 17.621639
vt -6.321586 15.587212
vt -5.633995 15.287471
vt -4.791495 17.109159
vt 3.442085 -27.935049
vt 4.275424 -28.118670
vt 5.213344 -26.990303
vt 4.229401 -26.754417
vt 1.383785 -34.644783
vt 1.985023 -31.822920
vt 1.641814 -31.848581
vt 1.298610 -31.874243
vt 0.955401 -31.899902
vt 1.169595 -33.272343
vt -8.490686 16.122818
vt -7.814992 18.797831
vt 13.439690 4.157379
vt 13.111620 5.673700
vt 10.907689 6.333303
vt 10.585657 5.140828
vt 7.595026 7.726489
vt 8.558468 8.335816
vt 8.047342 9.254032
vt 6.945713 8.908575
vt 9.414996 5.842615
vt 9.988644 6.875454
vt 9.069594 7.417600
vt 8.244336 6.544406
vt 6.993109 10.256544
vt 8.082475 10.304603
vt 8.117606 11.355173
vt 7.040506 11.604513
vt 14.738421 14.217945
vt 14.122050 13.375536
vt 15.013542 12.787107
vt 15.881524 13.469880
vt -8.565583 25.544165
vt -9.292360 25.273151
vt -9.127748 24.959948
vt -8.435891 25.177500
vt 25.532452 2.653595
vt 25.071297 2.311778
vt 25.275188 2.008080
vt 25.692909 2.267314
vt 7.764267 12.744325
vt 8.681935 12.243751
vt 9.246264 13.132324
vt 8.488032 13.884136
vt 7.883672 -16.810665
vt 8.304769 -19.751698
vt 8.956725 -19.903433
vt 8.616063 -16.862141
vt 9.688640 14.501011
vt 10.183000 13.611445
vt 11.119731 14.090562
vt 10.889251 15.117890
vt 12.242283 15.041947
vt 12.175147 14.027261
vt 13.230563 13.963964
vt 13.595315 14.966009
vt 13.301868 6.436038
vt 13.489276 7.114274
vt 11.501294 6.875255
vt 9.293456 9.742844
vt 9.320507 8.920052
vt 10.078747 9.191351
vt 10.058903 9.795004
vt 9.743978 8.255540
vt 10.167448 7.591029
vt 10.700122 8.216284
vt 10.389439 8.703817
vt 12.496405 12.752012
vt 11.652232 12.830171
vt 11.789464 12.060083
vt 12.408809 12.002742
vt 16.597198 11.689262
vt 15.612201 11.405104
vt 15.829894 10.902558
vt 16.857443 11.041765
vt 17.331501 -8.415578
vt 16.705635 -8.415578
vt 16.941418 -9.690006
vt 17.330576 -9.690006
vt 20.371586 -9.091216
vt 20.371586 -9.690003
vt 21.567955 -9.470588
vt 21.567955 -9.098271
vt 10.885969 12.435396
vt 10.119707 12.040616
vt 10.665099 11.480810
vt 11.227279 11.770449
vt -8.461627 14.911315
vt -8.001463 14.836202
vt 13.137383 7.866730
vt 11.678861 7.691370
vt -26.937914 22.269150
vt -26.418373 22.327682
vt 16.546412 9.096712
vt 15.557434 9.340364
vt 15.458357 8.772295
vt 16.433311 8.389422
vt 12.943408 8.281122
vt 11.776590 8.140835
vt 20.965258 14.504424
vt 20.965258 14.975047
vt 20.466103 14.832499
vt 20.466103 14.487214
vt 19.962791 14.541265
vt 19.962791 15.048733
vt 19.483919 14.932215
vt 19.483919 14.559902
vt 15.290581 7.065712
vt 14.587810 7.664243
vt 19.016079 14.563560
vt 19.016075 14.033792
vt 19.483915 14.184504
vt 19.483915 14.573178
vt 26.906931 -8.388849
vt 26.159176 -8.388849
vt 26.418537 -9.690008
vt 26.883484 -9.690008
vt 25.398138 -8.392819
vt 24.605007 -8.392817
vt 24.664619 -9.690008
vt 25.158100 -9.685992
vt 27.638824 -8.390710
vt 26.906931 -8.449284
vt 26.906931 -9.690001
vt 27.362013 -9.653580
vt 18.156664 31.191780
vt 18.156670 31.572613
vt 17.674021 31.375834
vt 17.674021 31.096430
vt 22.119823 -8.465374
vt 21.567951 -8.465374
vt 21.826818 -9.690003
vt 22.169962 -9.690003
vt -30.892139 32.650101
vt -31.659842 32.650101
vt -31.538454 31.450144
vt -31.061111 31.450144
vt 25.872147 6.137021
vt 25.119574 6.207955
vt 25.403677 4.901432
vt 25.872147 4.853700
vt -11.370574 26.950327
vt -11.189237 26.476736
vt 25.119574 6.156955
vt 24.297049 6.156955
vt 24.504879 4.853700
vt 25.016314 4.853700
vt 4.105808 31.800837
vt 3.287566 31.800837
vt 3.434289 30.617779
vt 3.943062 30.617779
vt 26.159170 -8.383569
vt 25.398130 -8.383569
vt 25.491238 -9.690003
vt 25.964443 -9.690003
vt 25.514721 1.458894
vt 24.297045 1.066421
vt 24.446936 0.725438
vt -8.490190 24.959948
vt -9.068917 22.033449
vt -7.139293 21.472841
vt -6.463600 24.147852
vt 1.775406 -27.567808
vt 2.608746 -27.751431
vt 3.245459 -26.518534
vt 2.261512 -26.282650
vt -3.873506 21.690502
vt -4.689531 19.656071
vt -3.948995 18.930847
vt -3.106491 20.752535
vt -40.410709 -1.474834
vt -41.983421 -1.455340
vt -42.117367 -2.839284
vt -40.439545 -2.912511
vt -5.552060 23.388163
vt -6.284682 20.927069
vt -5.430071 20.381296
vt -4.640521 22.628471
vt -29.156700 29.355707
vt -28.768679 27.360870
vt -27.993553 27.316620
vt -28.296263 29.218420
vt -40.478207 1.437056
vt -41.859776 1.365025
vt -41.849468 -0.071396
vt -40.381870 -0.037153
vt -7.312998 28.513783
vt -8.220893 27.974560
vt -8.099440 26.970524
vt -7.276633 27.388561
vt 14.807425 11.310546
vt 14.646085 11.694049
vt 13.985966 11.226544
vt 14.104333 10.945182
vt -7.112034 26.086193
vt -7.838809 25.815180
vt -7.744034 25.395054
vt -7.052177 25.612606
vt -44.185646 32.274460
vt -44.185646 32.723312
vt -45.473000 32.398289
vt -45.473000 32.119198
vt -23.712946 -0.408468
vt -23.754112 -2.352806
vt -22.068666 -2.477909
vt -21.868004 -0.418825
vt -40.769962 4.087052
vt -41.955002 3.948075
vt -41.870087 2.801442
vt -40.574551 2.911270
vt 15.207503 9.858129
vt 15.251111 10.255914
vt 14.429851 10.171428
vt 14.397861 9.879586
vt 26.454756 3.337229
vt 25.993607 2.995417
vt 26.110630 2.526552
vt 26.528341 2.785791
vt 13.826262 6.485483
vt 13.749933 7.163284
vt -26.829731 -0.223545
vt -26.673157 -1.937657
vt -25.439560 -2.227699
vt -25.557884 -0.398107
vt -9.450315 24.888401
vt -9.836134 22.012314
vt -11.370565 24.745312
vt -11.370565 21.970034
vt -10.603349 21.991173
vt -10.410439 24.816854
vt -11.370563 19.194757
vt -10.796258 19.165487
vt -11.370563 16.419483
vt -10.989165 16.339806
vt -27.223408 29.086184
vt -26.999798 27.259840
vt -26.006042 27.203062
vt -26.150555 28.953947
vt 1.122353 -30.376432
vt 1.635323 -30.429279
vt 1.972032 -28.984322
vt 1.289300 -28.852964
vt 7.462581 -13.869633
vt 8.275397 -13.820847
vt 26.528341 1.253366
vt 26.330193 1.001520
vt 26.410034 0.446959
vt 26.528341 0.696117
vt -25.136118 28.662672
vt -25.063862 27.012554
vt -24.121683 26.822052
vt -24.121683 28.371393
vt -7.200768 30.657866
vt -8.303727 29.898026
vt -8.342349 28.978594
vt -7.349362 29.639000
vt 4.478614 -14.164626
vt 5.227331 -14.003794
vt -37.910801 -0.030209
vt -38.020649 1.650707
vt -35.642300 -0.096289
vt -35.389099 1.952651
vt -1.143587 -28.385111
vt -1.333945 -30.122189
vt -3.566108 -27.795740
vt -3.796411 -29.897339
vt -0.035059 -25.454405
vt -0.589325 -26.919758
vt -11.370569 -22.092867
vt -10.866073 -26.877542
vt -1.524307 -31.859270
vt -1.280080 -33.424145
vt -4.026719 -31.998938
vt -3.731242 -33.892197
vt -20.386728 -2.436604
vt -19.775116 -2.421583
vt -32.624386 31.450157
vt -31.827139 31.510635
vt -31.659838 33.083164
vt -32.624386 33.009991
vt -32.624386 32.620033
vt -32.624386 32.230072
vt -32.624386 31.840115
vt 6.739192 -8.441431
vt 7.757681 -8.271485
vt 6.559422 -6.079994
vt 6.604367 -6.670353
vt 6.649307 -7.260713
vt 6.694251 -7.851071
vt -21.644688 1.733725
vt -23.748312 1.745537
vt -21.255600 3.467948
vt -23.800663 3.482239
vt -37.976562 -3.308728
vt -37.943684 -1.669466
vt -35.721867 -4.062793
vt -35.682083 -2.079544
vt -19.230930 8.572536
vt -18.967487 9.826306
vt -20.561876 9.883448
vt -20.736891 8.634166
vt -38.130501 3.331623
vt -38.353306 4.672262
vt -34.791866 4.984133
vt -34.010143 7.925322
vt -25.851936 1.757348
vt -27.302111 1.956386
vt -38.154125 -4.491438
vt -38.331684 -5.674150
vt -36.151505 -6.924593
vt -35.936684 -5.493692
vt 0.974968 29.419538
vt 0.974891 31.703985
vt -1.312878 31.703989
vt -1.312805 29.419538
vt 3.276158 29.419367
vt 3.276879 31.703854
vt 0.989146 31.703857
vt 0.988430 29.419367
vt 13.881413 9.249359
vt 13.907004 9.482830
vt 13.951790 9.891412
vt 13.977386 10.124887
vt 13.882687 10.349977
vt 13.716968 10.743887
vt 13.622274 10.968978
vt 13.239147 11.256517
vt 12.856026 11.544058
vt 12.360551 11.589931
vt 11.865076 11.635805
vt 11.415325 11.404098
vt 10.965579 11.172389
vt 10.715165 10.739532
vt 10.464746 10.306669
vt 10.480624 9.823745
vt 10.496502 9.340821
vt 10.745053 8.950791
vt 10.993599 8.560766
vt 11.385098 8.350801
vt 13.193541 8.539318
vt 13.631276 8.991162
vt -42.016861 30.190645
vt -42.621498 28.941450
vt -41.231625 29.940237
vt -17.144581 32.831623
vt -16.559128 31.138563
vt -15.798586 31.101156
vt -16.542690 33.253025
vt -39.734528 27.336531
vt -40.446136 27.786903
vt -41.231625 27.542776
vt 17.957373 -9.280211
vt 18.775824 -9.690003
vt 17.957373 -8.421472
vt -40.446136 29.586897
vt 19.528465 -8.476173
vt 19.164240 -9.309467
vt -43.484222 28.621153
vt -43.484219 28.077194
vt 24.255901 -9.690003
vt 24.604998 -9.274150
vt 23.512632 -8.642603
vt 14.836801 30.540396
vt 14.242158 31.247078
vt 13.507628 31.166162
vt 14.836801 32.918587
vt 14.263412 33.290627
vt 27.087105 -24.636822
vt 19.164244 -9.314768
vt 23.512632 -9.441235
vt -25.555641 30.974970
vt 27.793142 -24.872509
vt 28.574739 -24.426588
vt 14.627275 30.144491
vt 24.270065 -8.538956
vt 28.574739 -27.126049
vt 27.087105 -26.924141
vt 28.993835 -11.139953
vt 28.394243 -10.443901
vt 27.678959 -10.475362
vt -15.123000 27.335842
vt -17.409534 27.335842
vt 28.993835 -8.749170
vt 28.441029 -8.321378
vt 18.800127 -8.466070
vt -24.192318 30.319397
vt -17.412718 29.621527
vt 3.040235 -9.213466
vt 3.938339 -8.908781
vt 3.170822 -6.645418
vt 2.084249 -7.014040
vt 2.323245 -7.563896
vt 2.562242 -8.113753
vt 2.801238 -8.663610
vt 13.787553 30.388102
vt 13.507057 11.585970
vt 13.028152 11.945400
vt -17.144581 30.440798
vt 11.189491 7.953827
vt 27.793148 -26.672152
vt -39.734531 30.036522
vt -24.725044 30.997442
vt -24.192318 32.705982
vt -24.878555 33.146503
vt 10.352077 10.939738
vt 10.039055 10.398662
vt -15.126182 29.621527
vt -32.915939 4.834908
vt -30.503866 7.802359
vt 13.997220 8.754278
vt 14.309888 9.077023
vt 29.039864 20.297812
vt 29.858097 20.449797
vt 30.105133 22.933661
vt 29.115194 22.749781
vt 29.096361 22.136791
vt 29.077530 21.523796
vt 29.058697 20.910801
vt 29.997414 12.854833
vt 30.008463 13.848524
vt 29.539005 13.839781
vt 29.509466 12.683825
vt 4.586720 2.943773
vt 4.520998 2.272726
vt 5.784267 2.454086
vt 5.870952 3.127368
vt 11.711853 -38.170460
vt 12.162202 -39.183765
vt 13.101476 -39.179607
vt 12.714515 -38.327515
vt 4.795511 5.252337
vt 4.718159 4.285872
vt 6.044321 4.473927
vt 6.156565 5.442296
vt 12.033985 -40.453831
vt 12.143605 -41.116394
vt 12.713223 -41.206657
vt 12.653335 -40.468884
vt 29.886356 15.660789
vt 29.956085 16.526056
vt 29.248579 16.443001
vt 29.409185 15.597292
vt 5.169999 17.285686
vt 5.325026 16.530140
vt 6.945718 16.582817
vt 6.945718 17.335264
vt 11.557701 -25.395512
vt 10.842276 -26.092680
vt 11.850068 -26.250408
vt 12.529469 -25.551859
vt -18.507906 -6.058725
vt -18.521143 -5.131751
vt -18.957167 -5.080156
vt -18.957167 -6.000031
vt 5.163734 14.407001
vt 5.185550 13.701915
vt 6.916609 13.894956
vt 6.923888 14.566923
vt 5.322845 11.325090
vt 5.159615 10.525550
vt 6.694242 10.712631
vt 6.749834 11.508214
vt 5.002566 8.020347
vt 5.083631 7.189913
vt 6.381062 7.379037
vt 6.459357 8.212436
vt 11.497886 -28.877182
vt 11.417936 -29.758047
vt 12.431209 -29.878700
vt 12.530507 -28.984335
vt 10.585081 -31.984875
vt 11.223381 -32.872299
vt 12.176479 -32.977695
vt 11.570946 -32.097904
vt 11.435400 -35.408543
vt 10.888644 -36.156116
vt 11.899595 -36.220055
vt 12.410413 -35.471577
vt 28.309359 2.502054
vt 28.424227 3.433169
vt 27.978895 3.185244
vt 27.931227 2.389289
vt 12.381586 -32.606701
vt 11.777833 -31.723146
vt 29.878942 9.398684
vt 29.909306 10.418256
vt 29.511633 10.307390
vt 29.478256 9.289839
vt 29.980280 14.797172
vt 29.455059 14.718927
vt 12.271821 -39.846329
vt 13.000600 -39.897293
vt 26.367872 5.463540
vt 26.311583 6.257795
vt 25.872139 5.767972
vt 25.872139 4.853695
vt 4.652437 3.614825
vt 5.957636 3.800645
vt 5.006274 6.223443
vt 6.268814 6.410669
vt 10.991532 -37.114365
vt 11.999674 -37.188450
vt 29.934746 11.602478
vt 29.497215 11.498247
vt 29.734766 6.407029
vt 29.841934 7.403826
vt 29.301636 7.265044
vt 29.248579 6.285861
vt 29.856180 8.392414
vt 29.412004 8.274999
vt 11.572083 -33.761768
vt 12.578353 -33.895042
vt 11.642759 -34.607185
vt 12.670558 -34.700371
vt 5.013930 9.687243
vt 6.615948 9.879232
vt 4.961579 8.852172
vt 6.537652 9.045834
vt 28.275021 4.317187
vt 27.883345 4.099612
vt 28.149065 5.226561
vt 27.736002 4.997608
vt 28.061533 6.127326
vt 27.618984 5.882574
vt 11.160773 -30.503565
vt 12.123761 -30.590815
vt 10.564214 -31.195301
vt 11.556600 -31.296431
vt 5.249069 12.910256
vt 6.861018 13.099377
vt 5.352664 12.119994
vt 6.805426 12.303793
vt 28.025023 -0.212272
vt 28.110775 0.696815
vt 27.695774 0.774671
vt 27.618984 -0.043317
vt 28.205170 1.597835
vt 27.832663 1.579093
vt 10.762326 -26.973545
vt 11.764109 -27.114584
vt 11.299805 -27.952253
vt 12.274355 -28.065273
vt 5.346845 15.825052
vt 6.938438 15.910849
vt 5.235249 15.115329
vt 6.931163 15.238886
vt -1.588832 20.362854
vt -1.543829 21.365850
vt -2.001194 21.499878
vt -2.024518 20.511415
vt -1.581653 22.186657
vt -2.024518 22.294939
vt 12.031728 -23.849550
vt 11.933730 -24.644560
vt 12.965935 -24.814283
vt 13.101476 -23.833313
vt 5.033433 18.802811
vt 5.055049 18.042627
vt 6.945718 18.087717
vt 6.945718 18.840164
vt -1.250387 17.874352
vt -0.799925 17.108543
vt 0.230435 17.138285
vt -0.186228 17.901705
vt 1.662949 17.188066
vt 1.318100 17.953989
vt -1.321521 18.850548
vt -0.251075 18.677361
vt 1.253257 18.729637
vt 5.292649 -23.552635
vt 5.252998 -24.382296
vt 10.286577 -25.194078
vt 10.599241 -24.433088
vt 5.332304 -22.722969
vt 10.697239 -23.638075
vt -0.574876 14.746675
vt -0.881901 13.946355
vt 0.183487 14.036426
vt 0.455299 14.819980
vt 1.687815 14.088704
vt 1.887813 14.869761
vt 0.000263 15.563896
vt 1.071112 15.615486
vt 2.208042 15.654996
vt -0.076872 16.351612
vt 0.991104 16.386812
vt 2.128033 16.426327
vt 5.239872 -27.206024
vt 5.253135 -28.203056
vt 10.163396 -28.665707
vt 10.028685 -27.750822
vt 5.226610 -26.208992
vt 9.753483 -26.813679
vt 5.213348 -25.211960
vt 9.833436 -25.932810
vt 0.278946 11.623368
vt 0.298228 10.842108
vt 1.376320 10.920878
vt 1.354591 11.714422
vt 2.513254 10.960389
vt 2.491525 11.753933
vt -0.398519 12.385302
vt 0.637044 12.483781
vt 2.069559 12.533566
vt -0.809634 13.189633
vt 0.263495 13.265096
vt 1.767823 13.317378
vt 5.443619 -30.802120
vt 5.532226 -31.603132
vt 9.576242 -31.825006
vt 9.555374 -31.035429
vt 5.355008 -30.001102
vt 9.889653 -30.302132
vt 5.266401 -29.200089
vt 10.083447 -29.546574
vt -0.718208 8.310311
vt -0.330241 7.464508
vt 0.700863 7.587920
vt 0.349496 8.414106
vt 2.133377 7.637705
vt 1.853828 8.466385
vt -0.725805 9.190083
vt 0.349953 9.252518
vt 1.854281 9.304796
vt -0.337035 10.023403
vt 0.702227 10.103153
vt 2.134741 10.152939
vt 5.895817 -34.131889
vt 6.033303 -34.995758
vt 10.164275 -35.207111
vt 10.308266 -34.395710
vt 5.758327 -33.268021
vt 10.237594 -33.550297
vt 5.620837 -32.404152
vt 9.952257 -32.670864
vt 6.350227 -36.828987
vt 6.529657 -37.798355
vt 10.440729 -37.969025
vt 9.982693 -36.954494
vt 6.170793 -35.859627
vt 9.879805 -35.996246
vt 0.318955 5.692003
vt -0.352391 4.707575
vt 0.685271 4.824184
vt 1.388662 5.811032
vt 2.117785 4.873970
vt 2.525592 5.850542
vt 0.327463 6.644349
vt 1.396227 6.773694
vt 2.533156 6.813204
vt -0.502065 3.093510
vt 0.007175 2.427915
vt 0.630123 2.528343
vt 0.205116 3.179338
vt 2.062638 2.578128
vt 2.086429 3.244716
vt -0.731185 3.745888
vt 0.228907 3.845925
vt 2.110220 3.911307
vt 6.869552 -39.434155
vt 7.030009 -40.100586
vt 10.762861 -40.252396
vt 10.653242 -39.589836
vt 6.709091 -38.767719
vt 10.543622 -38.927273
vt 7.190470 -40.767021
vt 10.872480 -40.914959
vt -22.078373 -7.165500
vt -22.078373 -7.844745
vt -21.432539 -7.820397
vt -21.415504 -7.214979
vt 0.606332 1.861755
vt 2.038846 1.911541
vt -1.441026 19.850899
vt -1.754723 20.362862
vt -2.024509 20.329067
vt -1.923565 19.793236
vt -20.217213 -19.248886
vt -19.794144 -18.338711
vt -20.843147 -18.665667
vt -21.250515 -19.205214
vt -20.843164 -16.229092
vt -20.974995 -14.971283
vt -22.078375 -14.989352
vt -21.976503 -16.250530
vt 29.248583 6.440792
vt 28.806461 7.623405
vt 28.389326 7.478436
vt 28.842024 6.285856
vt -4.392862 9.679556
vt -4.103210 10.813199
vt -10.992014 11.126198
vt -10.971634 9.980345
vt -3.798981 5.128427
vt -3.726193 6.402310
vt -11.053777 6.640790
vt -11.020023 5.350127
vt -19.956930 -11.803653
vt -20.603195 -10.670163
vt -21.630539 -10.669923
vt -21.144690 -11.804031
vt 27.819540 10.639403
vt 27.349453 11.682382
vt 26.900541 11.602396
vt 27.403553 10.564448
vt 26.666666 -38.696354
vt 27.349039 -38.170677
vt 27.412306 -31.326971
vt 26.620955 -31.387526
vt -4.225421 26.015808
vt -4.793177 26.689157
vt -4.795180 25.593548
vt -4.205958 24.959948
vt 26.938377 14.539923
vt 27.384710 15.109241
vt 27.153679 15.484179
vt 26.611650 14.858697
vt 28.050287 15.561671
vt 27.834013 15.925004
vt 28.786472 16.223186
vt 28.581964 16.535652
vt -5.575901 26.750301
vt -5.581277 25.658762
vt -6.562201 26.093096
vt -6.561440 25.035818
vt 28.125233 -38.061649
vt 28.204676 -31.319221
vt 29.020754 -38.329655
vt 29.095442 -31.282148
vt 26.917225 12.657104
vt 26.458744 12.699593
vt 26.750437 13.682905
vt 26.308853 13.863114
vt -20.856062 -9.633490
vt -21.958530 -9.610648
vt -20.841675 -8.627215
vt -21.949825 -8.589870
vt -20.559570 -7.906907
vt -21.601746 -7.844745
vt -3.894392 12.012926
vt -10.946346 12.474929
vt -3.801529 13.179780
vt -10.745206 13.771743
vt -3.800930 14.058554
vt -10.350145 14.761084
vt 28.537685 8.653271
vt 28.117098 8.548615
vt 28.224070 9.781923
vt 27.779531 9.720544
vt -20.764389 -13.919797
vt -21.805017 -13.925811
vt -20.010080 -12.751389
vt -21.115595 -12.748028
vt -3.918931 7.520617
vt -10.997031 7.801955
vt -4.319726 8.760845
vt -10.946723 9.086410
vt 4.635925 32.429951
vt 4.262058 32.428616
vt 4.328940 31.272413
vt 4.597901 31.290390
vt -4.274255 3.859781
vt -11.124375 3.651629
vt -23.990786 31.281923
vt -23.743927 30.017054
vt -23.309046 30.035126
vt -23.664576 31.274345
vt 5.079302 33.359787
vt 4.139802 33.359787
vt -20.048958 -17.735203
vt -21.037901 -17.480864
vt -11.817429 -17.774742
vt -11.784581 -16.057440
vt -19.388861 -16.202539
vt -19.140228 -17.679754
vt -18.976542 -18.406874
vt -17.544720 -18.280449
vt -16.112896 -18.154022
vt -14.681074 -18.027596
vt -13.249251 -17.901169
vt -2.210715 3.929347
vt -1.497425 5.053073
vt -2.557817 5.085685
vt -3.120831 3.653324
vt -23.668793 32.330978
vt -23.034981 33.213753
vt -24.121683 33.213753
vt -24.066191 32.327190
vt -2.236329 8.670086
vt -2.226561 9.588751
vt -3.372039 9.644402
vt -3.298897 8.725692
vt -1.628728 7.433700
vt -2.638129 7.476514
vt -1.412408 6.325162
vt -2.466895 6.358943
vt -11.890305 -12.723706
vt -11.895023 -11.754091
vt -18.819500 -11.782887
vt -18.872652 -12.730623
vt -11.863543 -13.818483
vt -19.318853 -13.893404
vt -11.826224 -14.813807
vt -19.480314 -14.943993
vt -1.451193 13.043921
vt -1.556416 13.901713
vt -2.514708 14.014256
vt -2.450827 13.133266
vt -1.530852 11.892352
vt -2.543689 11.966413
vt -1.824942 10.720250
vt -2.816988 10.768903
vt -11.922167 -8.834296
vt -11.982511 -8.237240
vt -19.126427 -7.880741
vt -19.337090 -8.599746
vt -11.893219 -9.710194
vt -19.351477 -9.606020
vt -11.902280 -10.610592
vt -19.170055 -10.643997
vt 28.074999 -40.311756
vt 28.969910 -40.840946
vt 28.975044 -39.771152
vt 28.088955 -39.205708
vt 27.304489 -40.423450
vt 27.312761 -39.314735
vt -5.530263 34.527943
vt -6.526162 34.459808
vt -6.542738 27.506538
vt -5.560454 27.872091
vt -4.759490 34.569908
vt -4.777730 27.810947
vt -4.310524 34.642929
vt -4.205958 27.429249
vt 26.633329 -41.206657
vt 26.620955 -40.137848
vt -2.238749 2.083369
vt -2.591236 2.632369
vt -3.556241 3.034909
vt -3.239475 2.040591
vt -4.445213 2.993441
vt -4.364276 2.079327
vt -17.512260 -19.194012
vt -18.963934 -19.226002
vt -7.031006 27.437258
vt -7.046874 26.284727
vt -7.000098 34.465172
vt 29.474974 -39.598770
vt 29.512251 -38.423241
vt 29.459484 -40.717941
vt 29.602072 -31.280970
vt -7.052173 25.171694
vt 29.248583 16.411459
vt 29.026365 16.775972
vt -10.759574 32.372803
vt -10.759579 31.676731
vt -10.148579 31.753815
vt -10.148579 32.297485
vt 23.269621 14.321327
vt 23.269621 15.017404
vt 22.658621 14.940314
vt 22.658621 14.396640
vt 8.366655 16.063583
vt 7.752501 15.353179
vt 8.174449 15.120895
vt 8.663184 15.831303
vt 28.044609 18.485842
vt 28.973942 18.492559
vt 28.876902 18.971703
vt 27.979912 18.967329
vt -20.193441 -7.844745
vt -20.193441 -7.148645
vt -20.804422 -7.223961
vt -20.804422 -7.767653
vt -37.446426 15.641915
vt -38.037254 14.844804
vt -37.583332 14.763015
vt -37.116833 15.560125
vt 13.200222 23.412312
vt 13.507624 25.105261
vt 12.834120 25.400898
vt 12.561092 23.692862
vt 20.020056 -32.358097
vt 20.260242 -30.550264
vt 19.629957 -30.391558
vt 19.421942 -32.207493
vt 14.225819 -39.461277
vt 14.430476 -41.206657
vt 14.913795 -41.080345
vt 14.709137 -39.334965
vt -32.873791 23.690142
vt -32.624393 25.514881
vt -33.337410 25.618979
vt -33.550426 23.788929
vt -18.350166 29.902666
vt -17.405405 29.621521
vt -17.444649 30.102945
vt -18.328352 30.377468
vt -35.030167 17.136703
vt -35.174980 15.641915
vt -34.630081 14.844804
vt -34.408813 16.605299
vt 10.852792 17.464428
vt 10.657996 16.063587
vt 11.189518 15.353179
vt 11.467499 16.990824
vt 21.165688 -17.701637
vt 21.065794 -19.110981
vt 21.652803 -19.903435
vt 21.818075 -18.229939
vt 17.940924 -38.813904
vt 17.797922 -40.298756
vt 18.369961 -41.080349
vt 18.584087 -39.334969
vt -39.859509 31.765224
vt -39.859509 31.069124
vt -39.248524 31.144442
vt -39.248531 31.688129
vt 15.493811 -40.298756
vt 15.357621 -38.813904
vt 18.503218 -32.142357
vt 18.643093 -30.391558
vt 14.695625 -30.391558
vt 14.826992 -32.142357
vt -8.408175 31.708694
vt -8.408175 32.388870
vt -8.914814 32.381104
vt -8.926599 31.676725
vt -11.520898 17.950811
vt -11.520903 20.252024
vt -12.007174 20.000128
vt -12.007174 18.202744
vt -38.228836 16.605299
vt -37.576851 17.136703
vt -34.454540 23.855354
vt -34.310295 25.618979
vt -38.201809 25.618979
vt -38.078659 23.855354
vt -43.666798 31.040104
vt -43.678585 32.025734
vt -44.185646 32.146778
vt -44.185646 31.221415
vt -12.007172 27.157768
vt -12.007174 24.856556
vt -11.520901 25.108452
vt -11.520905 26.905830
vt 7.614018 16.990824
vt 8.283805 17.464428
vt 11.650569 23.752062
vt 11.852715 25.400898
vt 7.927121 25.400898
vt 7.994710 23.752062
vt 28.973942 22.933666
vt 28.044609 22.926949
vt 27.979912 22.436083
vt 28.876902 22.440456
vt -32.624390 28.059372
vt -30.319828 28.059372
vt -30.572126 28.544935
vt -32.372124 28.544935
vt 17.954350 -18.229939
vt 18.206654 -19.903435
vt 18.768358 -19.110981
vt 18.589867 -17.701637
vt 21.535923 -11.357229
vt 21.625681 -9.690001
vt 17.689640 -9.690001
vt 17.870344 -11.357229
vt 17.961561 14.033796
vt 17.941858 14.930569
vt 17.424025 15.003887
vt 17.424025 14.129542
vt 3.287571 30.617775
vt 3.287571 28.313208
vt 3.773133 28.565508
vt 3.773133 30.365501
vt 21.265579 -16.292292
vt 18.411379 -16.292292
vt 17.453033 -14.845385
vt 17.702045 -16.556442
vt 18.231035 -14.647272
vt 11.047591 18.865269
vt 8.200959 18.865269
vt 7.342786 20.316599
vt 7.475526 18.628468
vt 8.132210 20.494202
vt -34.885361 18.631491
vt -37.707275 18.631491
vt -38.609138 20.173502
vt -38.420406 18.365788
vt -37.831066 20.372780
vt 18.083925 -37.329052
vt 15.221432 -37.329052
vt 14.305523 -35.795555
vt 14.504479 -37.589584
vt 15.089952 -35.600155
vt 18.223692 -35.600155
vt 18.798218 -37.589584
vt 19.006126 -35.795555
vt 21.355692 -14.647272
vt 21.983349 -16.556442
vt 22.140026 -14.845385
vt 11.248582 20.494202
vt 11.745480 18.628468
vt 12.017346 20.316599
vt -34.741756 20.372780
vt -34.187538 18.365788
vt -33.975163 20.173502
vt -34.062614 14.761954
vt -33.841335 16.522444
vt -33.620064 18.282938
vt 13.791206 -35.929962
vt 14.021160 -37.715893
vt 18.871582 -41.206657
vt 19.085709 -39.461277
vt 19.299839 -37.715893
vt 11.725536 15.117886
vt 12.003522 16.755535
vt 12.281498 18.393179
vt -30.327909 29.165707
vt -30.327984 31.450153
vt -32.615749 31.450153
vt -32.615673 29.165707
vt -33.101391 30.362307
vt -33.696037 31.068993
vt -34.430569 30.988073
vt -33.101391 32.740498
vt -33.674782 33.112541
vt 27.487921 21.852726
vt -18.507904 31.103504
vt 28.193960 21.617035
vt 28.975555 22.062960
vt -33.310921 29.966408
vt 28.975555 19.363495
vt 27.487921 19.565403
vt -17.144583 30.447931
vt -34.150642 30.210018
vt 28.193960 19.817394
vt -17.677305 31.125977
vt -17.144583 32.834515
vt -17.830818 33.275036
vt -19.190718 12.650093
vt -19.260788 11.315142
vt -18.791670 11.284524
vt -18.693598 12.722881
vt -2.602481 -17.198412
vt -2.341665 -18.483139
vt -1.357274 -18.418087
vt -1.602457 -17.075512
vt -3.467426 -2.892179
vt -4.086612 -3.667166
vt -3.085450 -3.661772
vt -2.505888 -2.930052
vt -18.507904 4.689164
vt -18.507904 5.512079
vt -18.941050 5.493519
vt -18.957914 4.665745
vt -3.074160 -6.454788
vt -2.978609 -7.226950
vt -1.965074 -7.058772
vt -2.047100 -6.285083
vt -3.383320 -9.977119
vt -2.710967 -10.782836
vt -1.746968 -10.628439
vt -2.386152 -9.818501
vt -2.533650 -13.760040
vt -3.195636 -14.853668
vt -2.173272 -14.673746
vt -1.547654 -13.587534
vt -18.627197 20.196360
vt -18.555792 20.978626
vt -19.060362 20.904274
vt -19.022030 20.199936
vt 20.965258 14.945676
vt 20.965258 14.033796
vt 21.432465 14.104631
vt 21.436644 15.017303
vt -19.063234 16.137766
vt -19.038828 15.034432
vt -18.647667 15.167186
vt -18.668955 16.268707
vt -3.205354 -15.818097
vt -2.111326 -15.802308
vt -18.992277 13.907842
vt -18.540321 13.960420
vt -19.256336 19.090940
vt -19.260788 18.174809
vt -18.728693 18.343483
vt -18.777327 19.239056
vt -19.218878 17.188719
vt -18.781622 17.330664
vt -2.359899 -11.713226
vt -1.341986 -11.556234
vt -2.369259 -12.716146
vt -1.329775 -12.542876
vt -18.594275 21.935719
vt -19.023167 21.805159
vt -18.729475 22.917576
vt -19.175316 22.760931
vt -18.754862 23.921587
vt -19.260790 23.910545
vt -3.101233 -8.141665
vt -2.153224 -7.962177
vt -3.542381 -9.035269
vt -2.569185 -8.856009
vt -18.533800 -5.080163
vt -18.553158 -4.272725
vt -18.957167 -4.153401
vt -18.957167 -4.966474
vt -18.957165 -3.317730
vt -18.908287 -4.129499
vt -18.537157 -4.153394
vt -18.537157 -3.363892
vt -18.899284 19.239056
vt -19.260790 19.329634
vt -4.024086 -4.510778
vt -3.024538 -4.453166
vt -3.391143 -5.419319
vt -2.420825 -5.279071
vt -2.024509 16.800474
vt -1.989813 15.790338
vt -1.515392 15.795858
vt -1.566319 16.785582
vt -1.935100 14.771006
vt -1.480999 14.761093
vt -3.149704 -1.069376
vt -3.164145 -1.903726
vt -2.145288 -1.919110
vt -2.120259 -0.908684
vt -21.482107 -23.247696
vt -21.082745 -24.276506
vt -20.067669 -24.268511
vt -20.435631 -23.256838
vt -18.650204 -24.245495
vt -18.949051 -23.261824
vt -21.492815 -22.256956
vt -20.446707 -22.452902
vt -18.959036 -22.439125
vt -6.210398 -1.844169
vt -6.414186 -2.800109
vt -4.718503 -2.849020
vt -4.473220 -1.887300
vt -6.198387 -0.983602
vt -4.461168 -1.034330
vt -21.080271 -26.588728
vt -21.486921 -27.496927
vt -20.433372 -27.633453
vt -20.063452 -26.740772
vt -18.946405 -27.851065
vt -18.647472 -26.948000
vt -20.437374 -25.827122
vt -19.375677 -25.918467
vt -18.246243 -26.002834
vt -20.426317 -25.022930
vt -19.371126 -25.062078
vt -18.243677 -25.091866
vt -6.349424 -5.599701
vt -6.136522 -6.673608
vt -4.403152 -6.652948
vt -4.657028 -5.608071
vt -6.653667 -4.540705
vt -5.030079 -4.580031
vt -6.710600 -3.637611
vt -5.084945 -3.681260
vt -20.652897 -29.933439
vt -20.779135 -31.030422
vt -19.706326 -31.172661
vt -19.591917 -30.049404
vt -18.575859 -31.336149
vt -18.473047 -30.210690
vt -21.228027 -29.050869
vt -20.204941 -29.159351
vt -18.793175 -29.364319
vt -21.535591 -28.171995
vt -20.471729 -28.309952
vt -18.981844 -28.528036
vt -6.150215 -9.218801
vt -6.031250 -10.135979
vt -4.403985 -10.126909
vt -4.535311 -9.181183
vt -6.042953 -8.372065
vt -4.357082 -8.327556
vt -6.048632 -7.463929
vt -4.314577 -7.425998
vt -21.975849 -33.743786
vt -21.690161 -34.805023
vt -20.663042 -34.924435
vt -20.912809 -33.875790
vt -19.238676 -35.130424
vt -19.417036 -34.092110
vt -21.981054 -32.733437
vt -20.910896 -32.880215
vt -19.415121 -33.096531
vt -21.521027 -31.829924
vt -20.486780 -31.965895
vt -19.062412 -32.171894
vt -5.466726 -12.942698
vt -5.525273 -13.972020
vt -3.819672 -13.948775
vt -3.719394 -12.914289
vt -5.455712 -11.938672
vt -3.710035 -11.911370
vt -5.697532 -10.991299
vt -3.996990 -10.971573
vt -5.884309 -15.951823
vt -5.692728 -17.193737
vt -3.974704 -17.228033
vt -4.241235 -15.962003
vt -5.851675 -15.017224
vt -4.216306 -15.003462
vt -21.077852 -37.107758
vt -21.701658 -38.348305
vt -20.697025 -38.532898
vt -19.935385 -37.119999
vt -19.170444 -38.573498
vt -18.798656 -37.276672
vt -21.006622 -35.896790
vt -19.941931 -36.019501
vt -18.811466 -36.182987
vt -22.047993 -39.787487
vt -21.081715 -39.782478
vt -19.193609 -39.527203
vt -5.725266 -18.163990
vt -4.001047 -18.206390
vt 30.117847 -14.117835
vt 30.248503 -12.914173
vt 28.570896 -12.259402
vt 28.501616 -13.463127
vt 0.570439 -10.051353
vt 1.468544 -9.746667
vt 1.147096 -9.224784
vt 0.825648 -8.702900
vt 0.504196 -8.181016
vt 0.182748 -7.659130
vt -0.903825 -8.027755
vt 14.341879 9.368864
vt 2.910232 -5.201885
vt 1.326077 -5.361437
vt 25.852594 1.715445
vt 6.601992 -16.720583
vt 7.163836 -19.486158
vt 16.017773 7.908071
vt 15.141795 8.369366
vt 18.156670 30.525320
vt 17.674021 30.607468
vt 18.156670 30.144487
vt 17.674021 30.328064
vt 24.709248 0.128711
vt 24.859138 -0.212272
vt -44.185646 31.488966
vt -45.473000 31.630789
vt -44.185646 31.040112
vt -45.473000 31.351698
vt 6.040152 -13.955009
vt 26.528341 2.228542
vt 26.190468 1.971996
vt -34.187454 -2.022823
vt -34.227257 -4.007288
vt -1.035858 -34.989017
vt -3.435771 -35.785454
vt -32.670208 -2.060471
vt -32.550220 0.023547
vt -34.147644 -0.038359
vt -26.345726 3.496530
vt -11.007898 26.003149
vt 19.962791 14.033796
vt 19.483919 14.187586
vt 20.371586 -8.492427
vt 21.567955 -8.725952
vt -28.101580 -0.048983
vt -28.752287 2.155423
vt -8.265105 30.817461
vt -9.478039 29.958189
vt -7.052177 31.676725
vt -27.906757 -1.647615
vt -27.711939 -3.246247
vt 13.340577 12.673853
vt -27.517118 -4.844877
vt -10.690969 29.098919
vt 18.626780 7.261182
vt 17.428711 6.473902
vt 18.149765 5.175470
vt 18.682444 5.721546
vt -19.538301 20.314850
vt -19.260790 21.647181
vt -21.853685 23.508514
vt -21.888926 22.014652
vt 4.956833 -8.738833
vt 4.818382 -8.164078
vt 4.679935 -7.589322
vt 4.541489 -7.014566
vt 4.403039 -6.439808
vt 13.450051 8.189474
vt 7.340153 0.028310
vt 7.271693 1.536092
vt 5.709331 1.515401
vt 5.891530 0.034153
vt 19.016075 15.093328
vt 19.483915 14.961853
vt -25.898836 22.386211
vt 17.957373 -8.415575
vt 17.719732 -9.690006
vt -33.649757 2.021541
vt 0.741279 -24.582405
vt -3.483063 -19.903437
vt -40.965374 5.262835
vt -38.576118 6.012907
vt -42.039917 5.094704
vt -43.114460 4.926579
vt -29.543802 27.405117
vt -29.070463 25.317253
vt -30.017139 29.492989
vt 9.266401 10.565636
vt -28.597126 23.229387
vt -44.189003 4.758449
vt -5.353684 -31.838018
vt -5.058027 -33.732437
vt 22.671700 -8.465374
vt 22.513113 -9.690003
vt 20.466103 14.141934
vt -7.541299 14.761088
vt -2.306048 -19.903437
vt -1.321521 -19.820433
vt -22.078375 -41.190620
vt -21.111818 -41.203579
vt -19.194502 9.914065
vt -18.725382 9.883448
vt -3.967433 -19.884779
vt -17.634176 -39.499462
vt -19.219744 -41.206657
vt -17.649908 -41.178795
vt -20.114832 -21.380232
vt -21.079117 -21.256111
vt -1.508625 17.787228
vt -1.974928 17.777935
vt -2.459620 0.076369
vt -3.408825 -0.024825
vt -4.684418 0.012356
vt -18.675932 -21.362886
vt -17.270485 -21.354935
vt -17.491280 -22.441631
vt -18.677563 -20.291845
vt -17.277477 -20.272394
vt -20.038334 -20.312227
vt -4.652119 1.050240
vt -3.438749 1.011831
vt -2.431296 1.048758
vt -1.947565 18.752232
vt -1.473144 18.785709
vt -21.075106 -20.262749
vt 6.791842 32.292801
vt 6.032704 32.387836
vt 6.032704 31.272419
vt 6.899295 31.363745
vt -11.097176 3.565057
vt -9.561698 3.426543
vt -7.856203 3.282177
vt -6.150709 3.137806
vt 3.343153 -0.066166
vt 3.131819 1.479608
vt 1.187880 0.765492
vt 1.621377 -0.742516
vt -26.355574 4.981536
vt -28.111137 5.222486
vt -28.100214 3.737335
vt -12.875317 27.438456
vt -12.039306 26.235214
vt -12.038896 33.349842
vt -12.875317 34.552467
vt -5.123236 -29.735138
vt -4.892793 -27.632252
vt -4.762373 -35.626854
vt -4.830411 -37.172874
vt -3.008692 -36.421371
vt -29.866699 5.463440
vt -29.854708 3.978135
vt 22.011963 -1.820685
vt 21.638010 -3.836381
vt 22.099056 -3.554199
vt 22.560101 -3.272015
vt 23.021147 -2.989832
vt 23.482189 -2.707650
vt 23.269644 -0.986725
vt 8.589911 -8.268834
vt 8.642062 -7.669418
vt 8.694209 -7.070006
vt 8.746361 -6.470593
vt 2.419643 -14.606912
vt 3.207975 -16.873272
vt 3.917739 -16.818827
vt 3.168360 -14.446081
vt 25.671795 4.284784
vt 25.091194 3.715873
vt 25.251652 3.329587
vt 25.788816 3.815925
vt 26.252396 4.853695
vt 26.325981 4.302257
vt 15.087595 8.764222
vt 15.131198 9.162007
vt 15.730817 10.334485
vt 16.744337 10.334473
vt 24.510595 3.146958
vt 24.714487 2.843255
vt 3.996306 -19.139633
vt 4.667122 -19.191576
vt 14.311483 10.452794
vt 23.851967 -30.197708
vt 23.973701 -28.630140
vt 22.439419 -28.277649
vt 22.381115 -29.803293
vt 27.654642 16.901764
vt 28.449133 16.812050
vt 28.449133 17.203363
vt 28.449133 17.594671
vt 28.449133 17.985983
vt 28.449133 18.377296
vt 27.487917 18.485832
vt -21.672230 -4.573287
vt -21.457052 -2.462888
vt -8.792548 26.185827
vt -8.004663 26.550398
vt -7.216776 26.914974
vt 15.089769 10.639417
vt 15.231236 12.284562
vt 16.141769 12.822379
vt -9.580433 25.821253
vt -21.887403 -6.683686
vt -8.860484 -37.880161
vt -10.223635 -38.113495
vt -11.042960 -40.227161
vt -9.636605 -39.794685
vt 19.054888 5.843109
vt 19.427326 5.964671
vt 19.799765 6.086239
vt 20.172209 6.207801
vt 20.068436 7.820724
vt 24.517204 -34.489761
vt 24.293390 -36.284184
vt 24.770878 -36.041309
vt 25.248369 -35.798428
vt 25.725861 -35.555550
vt 26.203344 -35.312675
vt 25.960211 -33.772522
vt 21.073727 -27.439835
vt 21.099314 -29.000683
vt 3.615681 -11.031577
vt 3.326143 -11.765573
vt 3.942990 -12.152619
vt 4.266441 -11.446574
vt 24.734697 -16.557941
vt 24.584833 -18.379297
vt 25.257345 -18.694008
vt 25.249603 -16.922277
vt 24.781424 -20.894457
vt 24.900402 -20.344347
vt 25.019381 -19.794233
vt 25.138361 -19.244120
vt 24.105589 -20.611916
vt 4.585061 -11.338482
vt 2.860021 -11.923706
vt 2.205445 -11.550608
vt 1.979887 -12.222296
vt 2.577983 -12.576789
vt 20.823154 6.580821
vt 20.825289 8.232392
vt 21.076845 4.597820
vt 20.236317 5.718922
vt 20.300425 5.230042
vt 20.364538 4.741161
vt 20.428646 4.252282
vt 1.631312 -12.340550
vt 22.684008 -20.351784
vt 22.665936 -18.028162
vt 22.708216 -16.187120
vt 6.974481 -10.377294
vt 6.523352 -11.015059
vt 7.115683 -11.446795
vt 7.557932 -10.842427
vt 5.997387 -11.102819
vt 5.362718 -10.646232
vt 4.961864 -11.275609
vt 5.582514 -11.702383
vt -22.634611 17.970083
vt -22.621517 16.188993
vt -22.025438 16.038513
vt -21.959272 17.581308
vt -22.247290 13.880306
vt -22.191826 14.419856
vt -22.136364 14.959410
vt -22.080902 15.498959
vt -22.840990 14.000636
vt 5.081863 20.704838
vt 4.590998 22.942707
vt 4.139806 22.749826
vt 4.261442 22.197531
vt 4.383072 21.645237
vt 4.504708 21.092941
vt 4.626338 20.540642
vt 23.928358 -2.301960
vt 23.937881 -0.428814
vt 7.934736 -10.779554
vt 6.695807 29.671099
vt 6.685381 31.272423
vt 4.139806 31.045301
vt 4.228807 29.450994
vt 6.646411 20.844431
vt 6.703802 23.131212
vt -20.880636 -0.314218
vt -21.188723 0.016852
vt -21.602495 -0.390696
vt -21.280397 -0.730315
vt -20.066751 0.135718
vt -20.507948 -0.274735
vt -20.187307 -0.612804
vt -19.785532 -0.198199
vt 20.530588 -33.164917
vt 20.431320 -35.020905
vt 20.968151 -35.223663
vt 21.201286 -33.622555
vt 28.599895 -3.385328
vt 28.718258 -4.836820
vt 29.199110 -4.784603
vt 29.089790 -3.232080
vt 29.566654 -6.585196
vt 28.799952 -5.299155
vt 28.881641 -5.761490
vt 28.963331 -6.223828
vt 29.045027 -6.686163
vt 20.815920 -37.467457
vt 20.853979 -36.906509
vt 20.892035 -36.345558
vt 20.930096 -35.784611
vt 20.281723 -37.287949
vt -20.930767 1.809359
vt -19.520023 -0.170070
vt -18.967487 2.017358
vt -19.681408 1.941719
vt 30.570431 -6.145165
vt 30.553320 -4.190953
vt 30.562943 1.100075
vt 30.570431 2.356278
vt 28.938896 1.641057
vt 28.981756 0.406927
vt 29.314024 18.336599
vt 28.975555 17.734333
vt 29.798466 17.887192
vt 9.084964 -10.775889
vt 8.648829 -10.246956
vt 8.246643 -10.778562
vt -1.635631 -37.498428
vt -2.184150 -37.627316
vt -2.732674 -37.756203
vt -3.281193 -37.885090
vt -3.829716 -38.013977
vt -3.861685 -38.725723
vt -1.638663 -38.197426
vt -31.476938 17.630619
vt -31.820982 19.880508
vt -32.435688 19.628576
vt -32.349735 19.073359
vt -32.263779 18.518145
vt -32.177826 17.962927
vt -32.091869 17.407713
vt -32.476383 21.449245
vt -31.930307 21.961843
vt -5.840751 -39.327168
vt -5.476915 -38.489956
vt 16.424417 5.494443
vt 15.320155 5.554195
vt 14.215888 5.613948
vt 13.779820 4.309745
vt 14.692538 4.718612
vt 15.170119 4.932557
vt 16.084288 5.342072
vt 30.105133 17.944153
vt -30.212830 17.790405
vt -30.116743 20.095928
vt -30.130533 22.189337
vt 23.916348 -23.455746
vt 24.682364 -23.146168
vt 24.587856 -22.164553
vt 23.821625 -22.475451
vt 20.098759 2.235699
vt 20.799154 2.082468
vt 21.250435 2.919152
vt 20.550426 3.073667
vt 28.160143 -28.104132
vt 26.763617 -28.300320
vt 27.086279 -29.345175
vt 28.191404 -29.189911
vt -22.529137 11.115859
vt -21.880630 11.510191
vt -22.378170 12.640861
vt -23.026358 12.245115
vt 23.264753 -7.327155
vt 23.763672 -7.495822
vt 24.297049 -6.389563
vt 23.798279 -6.219442
vt -35.914894 29.966408
vt -34.585567 30.120613
vt -34.897671 31.152849
vt -35.948921 31.031113
vt 25.696493 -39.996796
vt 25.994717 -40.373055
vt 26.620951 -39.361187
vt 26.323313 -38.983719
vt 20.747501 -40.287357
vt 21.286701 -40.031532
vt 20.799273 -38.958073
vt 20.260242 -39.215294
vt 17.569193 33.274368
vt 16.528730 33.274368
vt 16.634991 32.175446
vt 17.460615 32.175621
vt 1.143760 -36.922089
vt 0.641468 -36.364677
vt -0.332874 -37.131989
vt 0.170664 -37.688534
vt -32.147087 15.064900
vt -31.482077 14.761958
vt -31.299084 15.750986
vt -31.964018 16.055342
vt 15.671858 1.861751
vt 16.857443 2.392752
vt 16.254448 3.263176
vt 15.316633 2.843549
vt 29.371325 -22.608227
vt 28.175808 -22.022230
vt 27.685904 -22.650412
vt 29.329334 -23.455746
vt 29.866989 -21.142544
vt 29.361362 -20.887999
vt 28.855734 -20.633453
vt 28.350101 -20.378908
vt 27.844475 -20.124363
vt 27.678959 -21.145552
vt 27.633484 -31.280970
vt 28.191404 -31.202595
vt 22.609688 -22.253700
vt 26.620955 -29.718212
vt 27.028128 -31.160055
vt 18.623091 3.596899
vt 19.024555 1.861755
vt 19.977259 4.088435
vt 19.525867 3.924592
vt 19.074476 3.760746
vt -35.419388 33.098255
vt -34.430573 31.524446
vt -34.820709 32.980377
vt 24.108803 -4.536299
vt 23.665407 -4.911387
vt 21.550926 -6.276453
vt 22.005518 -8.122787
vt 23.136786 -5.252654
vt 22.608170 -5.593920
vt 22.079548 -5.935186
vt -35.948921 33.036808
vt 5.354274 18.850548
vt 6.687593 18.969391
vt -20.950621 9.883452
vt -20.701128 10.589228
vt -20.265291 12.304193
vt -20.760792 12.698219
vt -21.256292 13.092247
vt -21.751789 13.486279
vt 24.264446 -40.670490
vt 24.222900 -41.206657
vt 29.708849 -8.122787
vt 29.154949 -7.875943
vt 23.973701 -38.673649
vt 26.315077 -37.551796
vt 25.729731 -37.832264
vt 25.144388 -38.112724
vt 24.559044 -38.393188
vt 16.806393 30.144508
vt 17.223782 30.144482
vt 30.564480 -7.747581
vt 22.413904 -40.775185
vt 22.141113 -41.206657
vt 22.656952 -38.704021
vt 22.196695 -38.394878
vt 21.736439 -38.085735
vt 21.276176 -37.776600
vt 16.561029 3.745643
vt 15.739882 5.010114
vt -30.220480 15.887103
vt 1.871106 -35.370403
vt 1.191043 -35.192204
vt -0.682854 -35.514637
vt -0.921048 -36.010586
vt -1.159243 -36.506531
vt -1.397437 -37.002480
vt -30.125937 23.651615
vt -31.989086 23.416109
vt -7.218259 -39.797646
vt -6.863479 -38.924862
vt -32.550388 22.924047
vt 30.519917 -2.605155
vt 25.938242 -32.324772
vt 26.410065 -33.520699
vt 26.465412 -32.054295
vt 20.460899 -31.620653
vt 21.167292 -32.081932
vt 6.720396 24.932493
vt 4.489139 24.733419
vt 23.331884 0.686567
vt 24.030785 1.245257
vt -22.735497 19.555729
vt -21.935823 19.059090
vt 24.779659 -14.951904
vt 22.681808 -14.568023
vt 20.118597 9.266479
vt 20.934282 9.677896
vt 25.298803 -15.334627
vt 22.420544 -36.206448
vt 22.231415 -34.319557
vt 21.331247 -35.469357
vt 21.694345 -35.715054
vt 22.057446 -35.960751
vt 24.404455 -33.065380
vt 18.496002 8.633685
vt -3.624460 -37.615826
vt -3.419204 -37.217674
vt -3.213948 -36.819523
vt 25.619200 -15.742282
vt 25.706356 -17.250879
vt 27.259937 -16.179401
vt 27.169321 -14.694822
vt 22.952234 -36.195190
vt 23.511976 -34.839741
vt 21.946318 -0.239943
vt -28.296732 6.514025
vt -30.017139 6.789667
vt -6.260224 -33.587872
vt -5.964399 -35.483398
vt -6.173771 -37.408638
vt -6.325475 -29.588219
vt -6.094895 -27.484100
vt 22.063046 -25.620405
vt 22.063046 -26.967646
vt 21.873816 -20.130976
vt 20.260244 -25.822620
vt -32.016026 2.086302
vt -30.184357 4.755874
vt -26.441608 6.252048
vt 3.965503 -4.638821
vt -6.556054 -31.692339
vt 6.426478 -4.344919
vt -20.336582 14.657330
vt -20.335470 16.366085
vt -21.603224 15.693214
vt -21.181011 15.347921
vt -20.758797 15.002623
vt 17.288605 7.819070
vt -32.845573 -4.036545
vt 2.480615 -3.715428
vt 0.665146 -3.946549
vt 29.853319 -19.179878
vt 29.764658 -17.683283
vt 28.332561 -17.028767
vt 28.102055 -18.227350
vt 28.539869 -18.465485
vt 28.977686 -18.703615
vt 29.415503 -18.941748
vt -23.808956 4.967236
vt -20.391865 3.559455
vt -20.021652 4.877863
vt -21.262335 4.952936
vt 8.878778 -2.650394
vt 7.469303 -2.944153
vt 25.739712 -23.455740
vt 26.943632 -22.741730
vt 27.515625 -21.646120
vt 27.498823 -20.266548
vt 26.992352 -20.573820
vt 26.485876 -20.881094
vt 25.979406 -21.188366
vt 25.472931 -21.495638
vt 25.742897 -18.998281
vt 26.187263 -18.743494
vt 26.631630 -18.488705
vt 27.075994 -18.233913
vt 27.520361 -17.979124
vt -2.889540 -36.444210
vt -3.212674 -37.152683
vt -2.856045 -37.207031
vt -2.628987 -36.698669
vt -1.931855 -36.465019
vt -1.915679 -36.108952
vt 21.218061 30.820021
vt 20.907005 30.746494
vt 20.989307 30.482088
vt 21.429541 30.582920
vt -1.670459 -36.569515
vt -1.551199 -36.253914
vt 20.245337 30.629368
vt 20.057920 30.326540
vt 26.170406 19.235529
vt 25.403864 18.924442
vt 25.653349 18.632011
vt 26.198200 18.847607
vt 27.061785 19.006567
vt 26.674194 19.188522
vt 26.559889 18.811768
vt 26.834066 18.685242
vt -2.661898 -37.613503
vt -3.043475 -37.444618
vt -1.728131 -37.356487
vt -1.264316 -35.741318
vt -1.845773 -35.968002
vt -2.427235 -36.194687
vt -1.362817 -36.570591
vt 23.073421 31.913528
vt 22.853809 31.702286
vt 23.114273 31.512377
vt 23.274258 31.664537
vt 23.563053 31.770613
vt 23.466715 32.054970
vt -42.034031 31.936050
vt -41.380730 32.106964
vt -41.273781 32.386684
vt -42.164368 32.141243
vt 24.283632 31.778278
vt 24.449545 32.054970
vt 26.473888 -19.003092
vt 26.774059 -19.104353
vt 27.029478 -18.872257
vt 26.616776 -18.732477
vt 27.331364 -19.228191
vt 26.997972 -19.367466
vt 26.500557 -20.640079
vt 27.291853 -20.178692
vt 26.971352 -20.063631
vt 26.388725 -20.401766
vt 27.504208 -19.694695
vt 27.509592 -19.122837
vt 25.554747 16.954744
vt 26.094572 17.038031
vt 27.514977 -18.550980
vt 26.455971 17.009098
vt 25.675407 -19.622622
vt 25.607914 -20.246962
vt 25.784525 -20.142563
vt 25.839981 -19.131945
vt 23.643396 30.457785
vt 24.369366 30.365284
vt 25.540424 -20.871302
vt 26.082407 -20.490128
vt 23.356337 30.326550
vt 26.736099 16.954744
vt -41.937569 30.247824
vt -41.273781 30.190641
vt 20.742153 32.385628
vt 20.057920 32.466934
vt 21.058460 32.403137
vt -21.635653 15.126162
vt -22.004187 14.852926
vt -21.833025 14.543413
vt -21.575497 14.734740
vt -21.264370 14.761347
vt -21.187157 15.163754
vt -20.716152 14.359129
vt -20.739660 13.662550
vt -20.431425 13.585881
vt -20.401426 14.581495
vt -20.983444 13.478039
vt -20.780132 13.323302
vt 19.159409 30.340528
vt 19.569145 30.493393
vt 19.312635 30.766520
vt 19.029242 30.658876
vt 10.515711 -22.722971
vt 11.303185 -22.696203
vt 11.017594 -22.415903
vt 10.470050 -22.428576
vt 18.156673 30.185719
vt 18.332500 30.545481
vt -21.250237 13.273689
vt -22.079609 13.901537
vt -20.300936 13.480759
vt -20.283115 12.892475
vt -20.318760 14.069041
vt 22.107368 -5.295477
vt 22.604370 -5.410477
vt 22.568708 -5.063010
vt 22.224657 -4.983237
vt 21.966419 -4.754808
vt 21.736656 -4.966845
vt -13.682302 32.487133
vt -13.016113 32.667442
vt -12.879818 33.011806
vt -13.836361 32.736496
vt -40.927818 32.517864
vt -40.214836 32.605015
vt -39.992817 32.869244
vt -41.018368 32.759594
vt 9.852605 -20.477957
vt 10.135485 -20.417540
vt 10.035791 -20.044594
vt 9.626417 -20.136250
vt 10.547335 -20.044594
vt 10.493760 -20.414265
vt 23.494457 -4.871583
vt 23.186852 -4.690832
vt 11.336718 -20.252211
vt 11.041595 -20.549751
vt 23.429865 -3.900191
vt 23.619600 -4.360452
vt 23.573799 -3.809517
vt 23.044699 -3.573562
vt 23.527994 -3.258584
vt 10.111295 -22.423851
vt 21.616240 -4.446401
vt 21.594471 -5.056417
vt 21.706425 -3.924018
vt -40.144459 30.907503
vt -40.861828 30.941021
vt 21.572701 -5.666434
vt -41.231625 32.513725
vt -41.164268 30.907503
vt 22.563953 -3.458179
vt 9.830648 -22.405523
vt -12.879818 30.737583
vt -13.561131 30.792925
vt 18.874750 32.250580
vt 18.156673 32.335938
vt 19.163115 32.303440
vt 28.501234 -18.968752
vt 28.117315 -19.251081
vt 28.399275 -19.547686
vt 28.675579 -19.346216
vt 29.002970 -19.286095
vt 28.966173 -18.885784
vt 21.619513 31.999578
vt 22.343437 31.989204
vt 22.447594 32.300598
vt 21.429550 32.300598
vt 29.569796 -19.547403
vt 29.765692 -19.262421
vt 22.634516 31.896124
vt 22.853819 32.174419
vt -42.504509 30.365784
vt -42.164368 30.539511
vt -42.420551 30.786812
vt -42.659943 30.661772
vt 28.040243 -20.067728
vt 28.343502 -20.122488
vt -43.484222 30.190645
vt -43.355289 30.529245
vt 28.867102 -20.453564
vt 29.346979 -20.345633
vt 29.860155 -20.161213
vt 29.717869 -20.086908
vt 29.863571 -20.651878
vt 29.856737 -19.670546
vt 27.973267 -19.175858
vt 27.908869 -19.650108
vt 28.037661 -18.701605
vt 7.782801 -21.925301
vt 8.585351 -22.219698
vt 8.550337 -21.854490
vt 7.960014 -21.640846
vt 20.114418 4.612292
vt 19.597179 4.445662
vt 19.515566 4.137848
vt 20.222017 4.368328
vt 19.299957 4.601677
vt 19.077051 4.869551
vt 18.808453 4.713160
vt 19.108494 4.350143
vt 19.053333 5.508036
vt 18.780582 5.581690
vt 26.292164 16.954758
vt 25.403868 16.730593
vt 25.519394 16.525368
vt 26.173471 16.682938
vt 9.052992 -22.086124
vt 8.897620 -21.753807
vt 9.388395 -21.805405
vt 9.143320 -21.549505
vt 9.581128 -22.304638
vt 9.596221 -21.886305
vt 29.103899 -20.838657
vt 29.419695 -20.720703
vt 9.461596 -21.093542
vt 9.611319 -21.467974
vt 25.634977 14.636996
vt 26.292164 14.549387
vt -42.506443 32.464832
vt -42.751572 32.394753
vt 7.628050 -21.120167
vt 7.610056 -21.586996
vt 7.833792 -21.200254
vt -43.467678 32.464832
vt 8.645226 -20.618073
vt 8.638975 -20.785345
vt 9.135819 -20.833855
vt 21.516176 30.346928
vt 22.245344 30.447121
vt 8.154633 -20.402287
vt 8.188993 -20.924536
vt 22.535099 30.326563
vt 8.579046 -22.388399
vt 9.072536 -22.555687
vt 8.085552 -22.221111
vt 8.492017 -20.045912
vt 8.143668 -20.140699
vt 7.581787 -20.045912
vt 7.592057 -22.053825
vt 7.664039 -20.186504
vt 7.646045 -20.653336
vt 9.626412 -21.049641
vt 9.566030 -22.722971
vt -38.218910 32.456688
vt -38.709335 32.372108
vt -38.544205 32.028137
vt -38.191322 32.083935
vt -37.839249 32.047192
vt -37.732689 32.399483
vt 22.038664 -36.495037
vt 22.054708 -37.225677
vt 22.380486 -37.348587
vt 22.356880 -36.336708
vt 5.906827 31.553295
vt 5.219336 31.709446
vt 5.079302 31.491127
vt 6.032700 31.272429
vt 21.870588 -37.488434
vt 22.126976 -37.717667
vt 21.732985 -37.891144
vt 21.587835 -37.613838
vt -39.174683 31.981195
vt -38.878883 31.747999
vt -14.890104 30.737570
vt -13.836359 30.772747
vt -13.977749 31.084335
vt -14.738498 31.057676
vt 21.028093 -37.388443
vt 21.697872 -35.913525
vt 21.337103 -36.072727
vt 22.538748 -37.455235
vt 22.597853 -38.079624
vt 22.479645 -36.830841
vt 21.051992 -36.453350
vt -37.685966 31.057753
vt -37.540668 30.632450
vt -37.284851 30.854345
vt -37.390205 31.168112
vt -37.425541 31.514963
vt -37.732693 31.535025
vt 24.544380 -36.627129
vt 25.167667 -36.340462
vt 25.238693 -36.013805
vt 24.385733 -36.407822
vt -37.300781 32.072773
vt -37.553486 32.297832
vt 25.505701 -36.454380
vt 25.697912 -36.167713
vt 26.041983 -36.539200
vt 25.757357 -36.726280
vt 25.153917 -37.900669
vt 26.041203 -37.450108
vt 25.757311 -37.389362
vt 25.105232 -37.721977
vt 26.287140 -36.992016
vt 26.259212 -36.432236
vt -14.577832 32.381729
vt -14.955529 32.652813
vt -15.122993 31.230524
vt 26.231279 -35.872456
vt -38.432537 30.632450
vt -38.077271 30.694292
vt 24.213469 -36.881550
vt 24.133547 -37.478916
vt 24.348995 -37.372829
vt -36.179222 32.190922
vt -36.380657 31.630486
vt 24.053623 -38.076283
vt 24.672279 -37.724464
vt -36.327225 31.285437
vt -37.732689 30.714834
vt 6.032700 32.985149
vt 5.326653 32.961952
vt -13.836359 32.252853
vt -36.179222 30.975193
vt 29.970364 27.977922
vt 30.040182 27.998745
vt 30.116428 28.149742
vt 29.899437 28.189882
vt 27.101503 -3.394427
vt 27.287134 -3.571033
vt 27.455347 -3.541757
vt 27.114885 -3.216842
vt 27.301535 -3.863872
vt 27.436195 -4.320199
vt 27.592972 -4.277049
vt 27.462498 -3.833975
vt 27.773508 -4.252831
vt 27.653170 -3.841743
vt 27.135498 -3.616261
vt 26.870485 22.933666
vt 26.487328 22.885063
vt 26.512442 22.701372
vt 26.925484 22.752972
vt 26.559444 22.547901
vt 26.984859 22.600750
vt 27.160917 22.857328
vt 27.180239 22.684053
vt 28.523558 28.193708
vt 28.316805 28.149597
vt 28.395668 27.997164
vt 28.591627 28.038727
vt 27.402218 -4.803875
vt 27.277008 -5.083708
vt 27.428877 -5.039898
vt 27.560823 -4.742106
vt 27.597677 -5.014045
vt 27.745806 -4.672915
vt 18.549904 29.989180
vt 19.074934 29.934448
vt 19.074287 30.045782
vt 18.574751 30.097874
vt 27.256485 -5.246168
vt 26.908386 -5.400568
vt 26.967237 -5.540246
vt 27.272449 -5.404870
vt 18.378180 30.044373
vt 18.303183 30.185719
vt 19.591146 30.016806
vt 19.565434 30.124159
vt 25.564995 21.538481
vt 25.670195 21.956463
vt 25.496086 21.896860
vt 25.403854 21.530373
vt 25.817078 22.389887
vt 25.839542 22.217438
vt 25.778877 21.903841
vt 25.885427 22.068663
vt 26.110613 22.682259
vt 26.095547 22.475349
vt 26.125893 22.312273
vt 27.487913 22.646376
vt 27.358023 22.568806
vt 28.754417 28.221483
vt 28.664125 27.975307
vt 25.877949 -4.356869
vt 25.903196 -3.937791
vt 25.707748 -3.993221
vt 25.775808 -4.362475
vt 26.000940 -4.768682
vt 25.843864 -4.731731
vt 26.224874 -5.089392
vt 25.911922 -5.100986
vt 26.635010 -5.439855
vt 25.979980 -5.470241
vt 26.030247 -3.619975
vt 26.292490 -3.261977
vt 25.571630 -3.254714
vt 25.639687 -3.623968
vt 27.221966 -0.287902
vt 25.844036 -0.363532
vt 25.155077 -0.401347
vt -14.740186 30.693060
vt -15.122991 30.495441
vt -14.993190 30.371264
vt -14.601896 30.573265
vt 23.108425 27.411287
vt 22.696548 27.543306
vt 22.665705 27.150810
vt 23.176065 27.263874
vt -14.562898 30.422989
vt -14.395973 30.439220
vt -14.345998 30.597799
vt -14.269502 30.737579
vt -14.094967 30.412672
vt -13.644437 30.253059
vt -13.589639 30.413864
vt -14.026866 30.569000
vt -13.501519 30.558897
vt -13.906625 30.703253
vt 21.555487 26.925440
vt 21.376373 26.547235
vt 21.560921 26.519894
vt 21.754864 26.927742
vt 21.703533 26.436310
vt 21.903618 26.856440
vt 21.806063 27.214003
vt 21.976559 27.180788
vt 22.113323 27.094803
vt -13.274366 29.969702
vt -13.124459 29.737564
vt -13.073187 29.895527
vt -13.233551 30.141790
vt -12.993557 30.033829
vt -13.179188 30.314104
vt 19.671480 25.715487
vt 19.154572 25.670391
vt 19.158955 25.512754
vt 19.650667 25.555624
vt -13.011302 29.672331
vt -13.098248 29.364000
vt -12.951505 29.341171
vt -12.875313 29.611364
vt 19.836130 25.747223
vt 19.911352 25.606007
vt 18.630238 25.687855
vt 18.660179 25.529343
vt 18.727116 25.433258
vt 19.164185 25.418732
vt 18.215044 25.502098
vt 18.389198 25.565617
vt 18.459118 25.710686
vt 21.357164 26.177601
vt 21.478289 25.891081
vt 21.649836 25.860985
vt 21.541264 26.110691
vt 18.156673 25.623529
vt 18.238949 25.765091
vt 21.683680 26.010727
vt 22.701824 27.721992
vt 22.215582 27.541216
vt 22.199528 27.358515
vt 22.259001 27.210630
vt 24.297045 -5.588046
vt 24.350632 -6.036357
vt 24.227179 23.680370
vt 24.495079 24.026443
vt 23.419960 26.337296
vt 23.537367 26.672695
vt 23.427734 26.666332
vt 23.245684 26.287243
vt -14.342306 26.411407
vt -13.952770 26.235210
vt 23.654774 27.008095
vt 23.449490 27.035398
vt -14.811588 26.467789
vt 18.156673 30.170286
vt 21.786940 25.579596
vt 23.185143 25.666502
vt 23.302549 26.001902
vt 22.964237 25.977354
vt 22.475691 25.619581
vt 19.755192 30.080914
vt 27.225338 19.235529
vt 27.487913 19.432394
vt 22.102800 25.493513
vt 29.908028 22.955978
vt 29.765007 22.947926
vt 24.742390 24.223745
vt 23.772181 27.343489
vt 23.348560 27.303556
vt -15.122991 26.437098
vt 23.889587 27.678888
vt 23.104753 27.592842
vt 28.459467 22.995956
vt 28.609735 22.979811
vt 23.252392 30.240046
vt 22.507393 30.196793
vt 23.997393 30.283295
vt 29.317247 27.976618
vt 29.182585 22.933670
vt 24.742390 30.326550
vt -6.353046 1.098838
vt -6.377934 0.061140
vt -8.053970 1.147431
vt -8.071450 0.109919
vt -9.754893 1.196025
vt -9.764967 0.158698
vt -11.231131 1.236881
vt -11.251128 0.200339
vt -6.123718 2.129493
vt -7.883162 2.179663
vt -9.642604 2.229830
vt -11.211135 2.273424
vt -7.935604 -0.932874
vt -9.672818 -0.882146
vt -11.271124 -0.836204
vt -5.693647 -19.842375
vt -7.449486 -18.121592
vt -7.419867 -19.799976
vt -9.173705 -18.079191
vt -9.146080 -19.757574
vt -11.357444 -18.020969
vt -11.370569 -19.698011
vt -11.285020 -17.075760
vt -9.128779 -17.125145
vt -7.410756 -17.159439
vt -11.336865 -2.659020
vt -11.370567 -3.514145
vt -9.961904 -3.550319
vt -9.805555 -2.702274
vt -8.336250 -3.593966
vt -8.109870 -2.751194
vt -11.356505 -6.734906
vt -11.314531 -7.575531
vt -9.516745 -7.539794
vt -9.603266 -6.714929
vt -7.782690 -7.501862
vt -7.869895 -6.694267
vt -10.986321 -10.160661
vt -11.052216 -11.041771
vt -9.098618 -11.030757
vt -9.285770 -10.154116
vt -7.398073 -11.011028
vt -7.658512 -10.145046
vt -11.079343 -14.026706
vt -11.117146 -15.046146
vt -9.122416 -15.044758
vt -8.936477 -14.018516
vt -7.487045 -15.030993
vt -7.230878 -13.995270
vt -11.166628 -15.909126
vt -9.170456 -15.931465
vt -7.527380 -15.941645
vt -11.065622 -12.007730
vt -8.947065 -11.993272
vt -7.201388 -11.965972
vt -11.102606 -13.014362
vt -8.961383 -12.999516
vt -7.214053 -12.971108
vt -11.165500 -8.503359
vt -9.414689 -8.461084
vt -7.728821 -8.416574
vt -11.005993 -9.331271
vt -9.380018 -9.294036
vt -7.765116 -9.256418
vt -11.322568 -4.429673
vt -9.900839 -4.462049
vt -8.277252 -4.501376
vt -11.341856 -5.577512
vt -9.734221 -5.582963
vt -8.041823 -5.591332
vt -11.286704 -1.719442
vt -9.684750 -1.757915
vt -7.947574 -1.801042
vt 13.407990 27.375452
vt 12.010851 28.173298
vt 12.136693 27.052404
vt 13.316717 25.400892
vt 7.544525 25.400898
vt 8.452488 27.382914
vt 8.486917 28.678898
vt 7.240083 27.614685
vt -18.511639 -6.058730
vt -18.844091 -6.860271
vt -18.844091 -7.844745
vt -18.507906 -7.530530
vt 8.974194 27.866901
vt 9.031679 28.995201
vt 11.467463 28.432976
vt 10.912866 28.680429
vt 11.058890 27.996157
vt 11.596065 27.371777
vt 29.966057 29.239559
vt 30.129419 27.954689
vt 30.121052 29.240711
vt 9.998620 32.831619
vt 9.859702 33.834812
vt 9.690538 33.844261
vt 9.837257 32.801079
vt 29.962885 32.525738
vt 29.960814 31.430523
vt 30.114624 31.446064
vt 30.119919 32.529888
vt 10.121634 30.282343
vt 10.172030 31.114424
vt 10.014937 31.058418
vt 9.960284 30.243015
vt 29.961081 30.698362
vt 29.963570 29.968964
vt 30.116863 29.946297
vt 30.111244 30.702080
vt 10.156856 31.691797
vt 10.074858 32.280949
vt 9.908164 32.298054
vt 9.998756 31.663649
vt 29.966393 33.380478
vt 30.125299 33.400513
vt 10.031010 29.619617
vt 9.873078 29.547375
vt 29.970545 34.372562
vt 30.129419 34.401363
vt 9.922877 28.859625
vt 9.767220 28.770832
vt -27.792732 29.556072
vt -27.794950 30.229530
vt -28.028831 30.362682
vt -27.965267 29.567104
vt -28.322254 30.358644
vt -28.122284 29.492992
vt 9.837638 31.023945
vt 9.855673 31.673870
vt 9.711842 31.718004
vt 9.551571 31.007414
vt 11.336713 -20.904114
vt 11.396851 -21.816837
vt 11.554628 -21.777441
vt 11.498551 -20.789089
vt 15.956125 30.292170
vt 15.599414 31.721828
vt 14.836801 31.370268
vt 15.468745 30.422661
vt -29.249271 31.831158
vt -29.840462 32.633545
vt -30.017139 31.924660
vt -29.522430 31.503532
vt -28.517532 31.731428
vt -28.863558 32.201279
vt -28.891315 31.481432
vt -29.100523 31.263321
vt 7.838428 30.731737
vt 6.945713 30.873741
vt 6.945713 30.019556
vt 8.041836 30.269163
vt 7.037043 29.132175
vt 8.469522 29.685762
vt 8.386957 30.737659
vt 8.554652 30.378752
vt 8.878729 29.996925
vt 9.310114 30.496515
vt 9.077408 30.674263
vt 9.319918 31.120651
vt 8.961751 30.865475
vt -28.226940 31.137245
vt -28.533606 31.000620
vt -28.684004 30.827005
vt 28.654839 30.695747
vt 28.654572 31.427908
vt 28.504681 31.442842
vt 28.508673 30.698872
vt 10.172030 30.730680
vt 10.200931 30.168697
vt 10.360711 30.159327
vt 10.327755 30.748402
vt 28.656647 32.523121
vt 28.660154 33.377869
vt 28.505106 33.397274
vt 28.503595 32.526653
vt 23.512629 -9.674917
vt 23.366299 -9.046902
vt 23.203079 -9.039382
vt 23.348742 -9.690003
vt 28.659819 29.236944
vt 28.657326 29.966349
vt 28.508215 29.943073
vt 28.508837 29.237484
vt 10.227818 31.876175
vt 10.201225 31.322834
vt 10.363494 31.386761
vt 10.390341 31.892630
vt 28.664303 34.369946
vt 28.509230 34.398121
vt 23.194271 -8.322422
vt 23.031929 -8.300575
vt 10.303185 29.379004
vt 10.467960 29.387022
vt 28.509226 27.951443
vt 10.276528 32.884258
vt 10.446059 32.941639
vt 10.561579 30.183979
vt 11.070100 29.533360
vt 11.251655 29.894808
vt 10.758098 30.241587
vt 11.224931 30.266344
vt 10.905355 30.380383
vt 11.501217 29.278086
vt 11.781532 29.919786
vt 11.806556 30.306629
vt 11.951774 29.098434
vt 13.471032 28.942297
vt 13.471032 29.852646
vt 12.298862 29.986315
vt 13.284958 30.850443
vt 12.325636 30.456253
vt -36.813511 27.728777
vt -36.183792 28.508520
vt -36.433132 28.502089
vt -37.000801 27.988895
vt -36.636784 28.593718
vt -37.060326 28.377693
vt -37.663929 28.192379
vt -37.477455 27.773237
vt -37.229485 27.457146
vt -38.199165 28.184959
vt -39.074871 28.075209
vt -39.155560 27.418533
vt -38.011490 27.656488
vt -39.174683 26.725790
vt -37.780159 27.270773
vt 10.447541 30.798306
vt 10.564970 30.894587
vt 12.990211 -21.806602
vt 13.063715 -20.901003
vt 12.890246 -20.735794
vt 12.836558 -21.777445
vt -36.101505 29.131145
vt -36.271664 29.213045
vt 13.029731 -22.714996
vt 12.855776 -22.722973
vt 22.844769 -8.846251
vt 22.671701 -8.138709
vt 29.317423 34.371254
vt 29.313276 33.379173
vt 9.416723 28.645166
vt 9.526624 29.392351
vt 29.312941 29.238255
vt -36.320457 27.458014
vt -35.948921 27.172531
vt -35.953518 28.094658
vt 9.002599 33.154102
vt 9.363611 33.547237
vt 29.307692 31.429216
vt 29.307959 30.697058
vt 29.309769 32.524433
vt 29.310448 29.967653
vt 9.674235 32.383625
vt 16.528725 30.144487
vt 16.528725 32.119305
vt -38.218178 30.632450
vt -37.643463 29.843748
vt 11.191925 32.724064
vt 10.975655 31.664715
vt 11.441048 -20.348042
vt 12.929053 -20.348042
vt 10.643474 31.347790
vt 10.359886 31.040707
vt -27.792732 31.365717
vt -28.051764 32.012085
vt -29.808573 29.954990
vt -29.205429 29.863520
vt -28.459194 32.571812
vt -37.185287 29.621128
vt -28.816977 29.512968
vt 11.494423 -22.673306
vt 22.671701 -9.544678
vt -35.955524 28.538630
vt -35.957146 29.101898
vt -39.174683 25.618988
vt -37.386391 26.696527
vt -36.817352 27.005226
vt -20.635799 26.608732
vt -20.619888 24.328754
vt -18.877647 24.714298
vt -18.893885 27.042976
vt -43.103188 -29.826082
vt -43.076206 -28.620785
vt -43.551311 -29.545019
vt -43.838459 -30.645216
vt -16.142328 5.317918
vt -18.507904 5.146053
vt -18.387142 3.041843
vt -16.050278 3.239403
vt -18.443668 1.122375
vt -15.866869 1.309705
vt -32.460678 -14.373539
vt -31.178459 -16.429922
vt -29.747984 -14.115122
vt -31.114971 -11.922786
vt -29.896235 -18.486307
vt -28.380991 -16.307455
vt -28.614014 -20.542694
vt -27.014004 -18.499788
vt -13.063540 3.159436
vt -13.290067 1.497035
vt -34.013008 -16.942713
vt -32.526905 -18.493904
vt -11.370567 5.512079
vt -13.754991 5.393716
vt -1.434903 29.251032
vt -2.190065 32.011452
vt -3.995150 32.244678
vt -4.205963 27.914204
vt -20.636311 31.206915
vt -20.631643 28.910501
vt -18.878906 29.405569
vt -18.877647 31.759817
vt -15.640888 -1.597603
vt -13.123405 -1.310906
vt -15.215439 -4.462722
vt -12.956744 -4.118845
vt -25.345438 -16.896894
vt -26.860006 -14.675272
vt -23.676872 -15.293998
vt -25.339020 -13.043090
vt -28.374575 -12.453650
vt -27.001165 -10.792177
vt -29.889141 -10.232029
vt -28.663313 -8.541269
vt -18.466425 -1.919382
vt -18.489180 -4.961136
vt -40.162109 -26.549540
vt -41.175793 -24.923826
vt -41.650894 -25.848066
vt -40.897377 -27.368675
vt -42.125999 -26.772305
vt -41.632648 -28.187809
vt -42.601101 -27.696545
vt -42.367920 -29.006943
vt -22.112461 32.539513
vt -23.026356 31.086248
vt 3.416472 17.236877
vt 3.186572 17.998308
vt 3.143345 18.766224
vt 3.425772 14.247855
vt 3.561531 14.992546
vt 3.777443 15.740026
vt 3.726529 16.478233
vt 3.918052 11.142742
vt 3.922095 11.936960
vt 3.659312 12.721911
vt 3.476686 13.509644
vt 3.567972 7.829024
vt 3.407706 8.659276
vt 3.434108 9.496019
vt 3.647178 10.339245
vt 3.456648 5.063153
vt 3.765935 6.036993
vt 3.808396 7.001558
vt 3.324678 2.760953
vt 3.369433 3.429770
vt 3.414187 4.098592
vt 3.279924 2.092131
vt 13.101476 -20.280527
vt 13.332014 -21.952019
vt 13.908305 -21.801411
vt 13.708759 -20.121820
vt 13.562657 -23.601610
vt 14.107959 -23.459101
vt 18.092171 22.191910
vt 18.927523 22.059057
vt 13.603233 -1.365387
vt 14.442882 -1.483791
vt 21.392391 -0.057323
vt 21.550922 1.537710
vt 20.382624 -1.498068
vt 21.233513 -1.630147
vt 18.364853 -23.328838
vt 19.215429 -23.459103
vt 14.959872 -23.328836
vt 13.507619 25.418726
vt 13.699713 23.727726
vt 13.892450 22.059057
vt 14.735457 22.191910
vt 9.084960 1.664531
vt 9.223750 0.080421
vt 9.363702 -1.483791
vt 10.217120 -1.365387
vt 15.646866 1.537706
vt 15.894024 -0.057323
vt 16.140831 -1.630147
vt 16.987505 -1.498073
vt 19.323019 20.302231
vt 19.567772 21.965582
vt 19.542004 -25.251202
vt 19.781382 -23.601610
vt 14.748607 -3.298376
vt 15.047641 -1.749253
vt 13.101473 -30.550264
vt 13.331307 -32.358097
vt 13.907602 -32.207493
vt 13.708755 -30.391558
vt 13.561257 -34.144028
vt 14.106563 -34.001522
vt -34.598152 22.114069
vt -33.762794 21.981215
vt 11.449577 22.123129
vt 12.289222 22.004730
vt 22.453369 -11.423265
vt 22.609692 -9.690001
vt 21.445808 -13.002249
vt 22.296698 -13.134325
vt 18.363453 -33.871258
vt 19.214033 -34.001522
vt 14.958472 -33.871258
vt -39.174686 25.618979
vt -38.986599 23.788929
vt -38.797867 21.981215
vt -37.954865 22.114069
vt 6.945718 25.400898
vt 7.077302 23.692862
vt 7.210046 22.004730
vt 8.063460 22.123129
vt 16.705635 -9.690001
vt 16.955006 -11.423265
vt 17.204020 -13.134325
vt 18.050690 -13.002249
vt -33.371307 20.085339
vt -33.122551 21.887741
vt 19.539909 -35.929962
vt 19.779980 -34.144032
vt 12.587740 20.066221
vt 12.893981 21.739267
vt 25.488001 14.145696
vt 25.319168 13.068406
vt 26.106426 12.934334
vt 26.308863 14.005908
vt 25.154175 12.013122
vt 25.907841 11.884773
vt 26.942362 6.155972
vt 26.928471 5.251186
vt 27.576706 4.989540
vt 27.618984 5.942181
vt 21.550930 14.145696
vt 21.616394 13.068401
vt 21.685701 12.013122
vt 22.286667 12.144044
vt 24.484491 11.154222
vt 24.598984 12.144044
vt 29.359657 -26.675472
vt 28.629139 -26.675472
vt 29.375685 -25.642256
vt 28.611076 -25.642254
vt 23.516962 20.947035
vt 24.158249 20.819267
vt 20.057911 22.933666
vt 20.105843 21.865726
vt 20.158045 20.819267
vt 20.850155 20.947035
vt 30.158930 -26.778061
vt 29.429831 -26.789471
vt 30.185537 -25.810305
vt 29.422415 -25.822245
vt 24.646652 19.608379
vt 24.897629 20.647163
vt 9.084964 1.861755
vt 9.018821 0.343336
vt 7.404727 -1.457924
vt 8.948802 -1.153527
vt -1.321521 0.319671
vt -0.656711 -1.116773
vt 0.004220 -2.531660
vt 2.050998 -2.228972
vt -30.017139 -2.126301
vt -31.407244 -2.091809
vt -31.463888 -4.065803
vt -30.082205 -4.095060
vt 18.092829 12.770581
vt 16.857447 11.873963
vt 17.008390 10.509405
vt 18.234444 11.378693
vt 17.148495 9.164238
vt 18.365221 10.006189
vt -30.085114 0.119084
vt -30.218332 2.157563
vt -31.439291 0.066601
vt -8.960798 -31.400982
vt -8.664619 -33.298740
vt -7.462425 -33.443306
vt -7.758426 -31.546663
vt -26.613672 8.793063
vt -28.667915 9.097093
vt -28.482323 7.805559
vt -26.527639 7.522556
vt -7.826927 -25.410730
vt -6.625220 -25.559923
vt -5.953448 -23.783901
vt -7.154758 -23.633661
vt -1.413613 22.529291
vt -1.413613 24.934416
vt -3.106491 24.448795
vt -8.499093 -27.187794
vt -7.296993 -27.335947
vt -5.423512 -25.709120
vt -8.729947 -29.294388
vt -7.527712 -29.441307
vt -9.590260 -35.050613
vt -8.368443 -35.196495
vt -7.517128 -37.644402
vt -7.166420 -35.339951
vt -30.251976 -6.034936
vt -31.648718 -5.836311
vt -33.045464 -5.637686
vt 21.736946 4.520680
vt 21.815033 2.921546
vt 23.456371 4.033156
vt 23.506165 5.724845
vt 21.880678 1.340799
vt 23.394131 2.359864
vt 25.348005 -11.196532
vt 25.444897 -12.725086
vt 26.988091 -11.725661
vt 26.887735 -10.221120
vt 25.532049 -14.233685
vt 27.078705 -13.210240
vt 20.218922 12.157986
vt 20.258245 13.623121
vt 20.168760 10.712231
vt 24.055723 -28.772501
vt 24.178967 -30.216612
vt 25.894302 -29.429268
vt 25.861835 -27.961790
vt 24.291714 -31.640993
vt 25.916271 -30.877018
vt 27.678959 -11.959967
vt 27.694275 -13.212591
vt 27.722521 -14.450034
vt 28.445263 -14.651675
vt 24.824617 -13.345863
vt 25.348005 -13.746980
vt 21.152275 12.568902
vt 21.250435 14.033792
vt 21.043282 11.123397
vt 24.921637 -10.113064
vt 22.609692 -9.690006
vt 22.629000 -11.329825
vt 24.869581 -11.739823
vt 22.655407 -12.948924
vt -23.026358 24.328754
vt -22.937265 22.727028
vt -22.836378 21.141380
vt -21.912374 20.536871
vt 24.216591 4.593400
vt 24.297049 6.285865
vt 24.123688 2.919329
vt 20.260242 -26.967649
vt 20.321524 -28.532133
vt 20.391212 -30.076393
vt 21.133303 -30.541304
vt 26.576101 -29.121485
vt 26.620951 -27.635355
vt 26.520760 -30.587891
vt 27.678965 -11.192536
vt 27.678965 -9.691146
vt 27.669224 -12.673968
vt -32.624393 24.398851
vt -32.047863 24.870380
vt -11.370569 -41.206657
vt -9.973273 -40.738613
vt -8.595766 -40.268127
vt -8.250042 -39.359776
vt -30.118635 28.059368
vt -32.171902 27.799835
vt -32.106640 26.324646
vt -30.116743 26.576170
vt -30.121340 25.113895
vt 30.534256 -1.370078
vt 29.053780 -2.019080
vt 30.548603 -0.135002
vt 29.017767 -0.806076
vt 6.712201 26.512026
vt 4.402363 26.305944
vt 6.704006 28.091562
vt 4.315583 27.878469
vt 22.281313 -32.814137
vt 22.331217 -31.308714
vt 23.625307 -33.292397
vt 23.738634 -31.745050
vt 3.758049 -3.114604
vt 3.550603 -1.590383
vt 6.248163 -2.885230
vt 6.069844 -1.425539
vt -20.069746 17.682339
vt -19.804024 18.998594
vt 29.882387 -16.494801
vt 28.388910 -15.840221
vt 30.000120 -15.306319
vt -23.771194 6.211863
vt -23.733437 7.456485
vt -23.695677 8.701112
vt -19.758078 6.109423
vt -21.087187 6.180012
vt -19.494503 7.340982
vt -20.912041 7.407089
vt -30.017139 22.099464
vt -29.697067 20.013145
vt -29.024794 20.172132
vt -29.299622 22.269154
vt -29.373707 17.799969
vt -28.746675 17.948256
vt -13.602240 13.730642
vt -12.721355 13.597743
vt 14.659610 -12.080101
vt 15.542699 -12.198702
vt -39.453415 24.472931
vt -39.174683 26.465408
vt -40.614574 22.483866
vt -39.733177 22.351778
vt -23.251310 20.172132
vt -23.026358 22.269150
vt -24.355295 18.078480
vt -23.472971 17.948256
vt -27.871101 18.078480
vt -18.507904 17.950811
vt -18.260118 15.839013
vt -18.013432 13.597743
vt -17.130291 13.730646
vt 10.243772 -12.198700
vt 11.126987 -12.080099
vt -45.473000 26.465408
vt -45.249954 24.472935
vt -45.027943 22.351778
vt -44.144417 22.483866
vt -12.416137 11.267813
vt -12.117748 13.502189
vt 9.960438 -14.548096
vt 9.668634 -12.472094
vt 15.825389 -14.548098
vt 16.118820 -12.472095
vt -27.631649 -7.118318
vt -25.835253 -9.381725
vt -25.691010 -9.199875
vt -27.496828 -6.924593
vt 28.316801 22.964437
vt 28.316801 25.837761
vt 27.019533 25.888222
vt 28.075026 22.933661
vt -24.037682 -11.646611
vt -23.884842 -11.475587
vt 28.316801 28.711622
vt 27.019533 28.767750
vt -22.239080 -13.912791
vt -22.078375 -13.751678
vt 28.316801 31.585970
vt 28.075026 31.572250
vt 24.742390 26.050087
vt 24.742390 23.170555
vt 24.742390 28.929615
vt 24.742384 31.809145
vt -14.729193 -6.550599
vt -18.507904 -7.463830
vt -18.502439 -7.844740
vt -14.606705 -6.904083
vt -15.942807 18.152405
vt -12.017631 18.315893
vt -12.007174 18.717840
vt -15.939000 18.554161
vt -12.101596 -5.543818
vt -12.070938 -5.919989
vt -18.507858 17.950815
vt -18.507904 18.352467
vt -12.007174 26.235210
vt -15.939002 26.071535
vt -18.507904 25.869837
vt -27.149137 -37.337975
vt -26.050934 -39.099239
vt -23.868341 -38.221020
vt -25.049814 -36.326210
vt -29.483395 -38.480091
vt -28.440201 -40.153130
vt -32.052639 -39.555248
vt -31.038958 -41.180958
vt -31.236689 -20.383535
vt -29.792850 -22.623978
vt -1.434903 24.959944
vt -1.970450 25.491932
vt -41.945087 -40.276772
vt -42.998631 -38.405571
vt -45.473000 -37.886921
vt -45.074631 -40.358345
vt -43.180595 -36.510921
vt -45.295860 -36.417015
vt -43.203400 -34.660862
vt -44.979332 -35.059586
vt -43.184135 -33.441978
vt -44.699909 -33.945801
vt -43.157154 -32.236675
vt -44.412758 -32.845604
vt -43.130173 -31.031376
vt -44.125607 -31.745409
vt -37.828938 -25.095770
vt -38.872128 -23.422729
vt -39.148422 -28.175251
vt -36.785744 -26.768810
vt -38.134743 -29.800966
vt -35.742550 -28.441849
vt -37.121059 -31.426678
vt -34.699356 -30.114887
vt -36.107372 -33.052395
vt -33.656162 -31.787931
vt -34.890583 -35.003845
vt -32.467007 -33.695061
vt -34.080009 -36.303825
vt -31.569780 -35.134014
vt -33.066322 -37.929535
vt -30.526588 -36.807053
vt -35.934769 -23.247847
vt -37.032974 -21.486582
vt -34.836567 -25.009115
vt -33.738361 -26.770376
vt -32.640156 -28.531643
vt -31.541956 -30.292908
vt -30.443748 -32.054176
vt -29.345545 -33.815441
vt -28.247341 -35.576706
vt -34.501602 -21.167728
vt -35.683079 -19.272919
vt -33.320129 -23.062538
vt -32.138653 -24.957348
vt -30.957184 -26.852156
vt -29.775709 -28.746965
vt -28.561777 -30.482744
vt -27.412762 -32.536591
vt -26.231287 -34.431400
vt -29.130589 -24.772978
vt -27.909985 -26.730547
vt -25.645651 -29.375565
vt -40.143864 -28.889284
vt -41.139297 -29.603313
vt -42.134735 -30.317347
vt -39.390343 -30.409893
vt -40.645950 -31.018822
vt -41.901554 -31.627748
vt -38.636826 -31.930502
vt -40.152599 -32.434330
vt -41.668369 -32.938152
vt -37.883308 -33.451115
vt -39.659245 -33.849834
vt -41.435181 -34.248558
vt -36.922523 -35.634563
vt -38.938541 -36.126751
vt -41.061749 -36.370956
vt -36.567982 -37.361015
vt -38.486946 -37.837761
vt -40.754692 -38.148716
vt -35.929455 -39.027950
vt -38.196953 -39.794292
vt -40.355595 -40.342186
vt -35.032070 -41.206657
vt 24.892166 -26.781921
vt 24.892166 -23.555882
vt 22.521719 -23.723579
vt 22.063049 -26.967644
vt -32.984940 25.618992
vt -32.984940 29.966417
vt -34.644886 28.372425
vt -35.948921 27.837858
vt -27.561449 29.492983
vt -25.555639 29.515379
vt -25.555639 32.363415
vt -27.792732 32.496899
vt 27.087105 -23.555885
vt 24.892159 -23.583834
vt 27.087105 -27.199352
vt 17.961943 26.359085
vt 18.156664 30.144482
vt 14.753520 27.625103
vt 16.979895 25.418726
vt -43.518917 31.040094
vt -45.432976 30.943846
vt -45.473000 26.465399
vt -43.484222 26.465399
vt 0.115032 25.517183
vt 0.223264 26.449192
vt -0.672008 26.449192
vt -0.780236 25.517183
vt -0.101424 23.653166
vt 0.006804 24.585178
vt -0.888464 24.585178
vt -0.996697 23.653166
vt -0.341187 21.157204
vt -0.229093 22.490047
vt -1.124360 22.490047
vt -1.236459 21.157204
vt 0.331492 27.381195
vt 0.439720 28.313204
vt -0.455552 28.313204
vt -0.563780 27.381195
vt -0.426249 18.850548
vt 4.139806 18.850548
vt 1.404667 21.157204
vt 0.531740 21.157204
vt 0.446678 18.850548
vt 1.803784 22.490047
vt 1.931452 23.653166
vt 0.771502 23.653166
vt 0.643834 22.490047
vt 1.752657 24.585178
vt 1.860885 25.517183
vt 0.987958 25.517183
vt 0.879730 24.585178
vt 1.969113 26.449192
vt 2.077341 27.381195
vt 1.204419 27.381195
vt 1.096186 26.449192
vt 2.185574 28.313198
vt 1.312647 28.313204
vt 13.507619 30.144482
vt 5.213352 -20.834488
vt 7.581791 -22.722969
vt 7.581791 -19.992414
vt -23.016363 28.841869
vt -23.010780 26.594809
vt -22.995165 24.358643
vt -22.078373 -36.741020
vt -23.283422 -34.808331
vt -24.464422 -32.855061
vt -25.657085 -30.908998
vt -30.017139 14.761958
vt -14.477306 -20.233490
vt -15.877392 -20.252943
vt -15.865038 -21.346981
vt -14.459591 -21.339027
vt -14.608917 -19.130035
vt -16.060589 -19.162024
vt -16.023523 -22.444136
vt -14.555767 -22.446640
vt -14.515306 -39.443981
vt -16.074741 -39.471722
vt -16.080072 -41.150928
vt -14.510237 -41.123062
vt -17.231819 -24.246044
vt -17.479057 -23.261957
vt -15.813434 -24.246590
vt -16.009062 -23.262091
vt -14.395048 -24.247137
vt -14.539067 -23.262222
vt -17.450190 -27.856739
vt -17.214291 -26.968218
vt -15.953975 -27.862415
vt -15.781107 -26.988434
vt -14.457758 -27.868090
vt -14.347923 -27.008648
vt -16.898640 -26.017752
vt -15.551035 -26.032669
vt -14.203430 -26.047588
vt -16.900229 -25.099669
vt -15.556780 -25.107471
vt -14.213331 -25.115274
vt -17.180233 -31.316635
vt -17.092293 -30.161140
vt -15.784607 -31.297119
vt -15.711538 -30.111591
vt -14.388979 -31.277603
vt -14.330784 -30.062040
vt -17.338156 -29.330416
vt -15.883136 -29.296513
vt -14.428116 -29.262608
vt -17.481844 -28.516863
vt -15.981844 -28.505688
vt -14.481842 -28.494511
vt -17.695530 -35.118408
vt -17.837963 -34.089458
vt -16.152386 -35.106392
vt -16.258890 -34.086807
vt -14.609240 -35.094376
vt -14.679815 -34.084152
vt -17.841238 -33.095024
vt -16.267355 -33.093521
vt -14.693472 -33.092014
vt -17.561886 -32.163624
vt -16.061359 -32.155354
vt -14.560831 -32.147083
vt -17.621964 -38.551456
vt -17.335331 -37.273693
vt -16.073483 -38.529415
vt -15.872005 -37.270714
vt -14.525000 -38.507374
vt -14.408679 -37.267735
vt -17.348967 -36.158386
vt -15.886466 -36.133781
vt -14.423965 -36.109177
s 1
g old.mainIsland.sand.mesh_sand_01.mat
usemtl sand_01.mat
f 80/1/1 4/2/1 13/3/1
f 38/4/2 3/5/2 21/6/2
f 38/4/3 19/7/4 20/8/5
f 44/9/6 18/10/6 19/7/6
f 50/11/7 17/12/7 18/10/7
f 56/13/8 16/14/9 17/12/10
f 68/15/11 16/14/11 62/16/11
f 74/17/12 15/18/13 68/15/14
f 80/1/15 14/19/16 74/17/17
f 12/20/18 69/21/19 11/22/20
f 75/23/21 70/24/21 69/21/21
f 76/25/22 71/26/23 70/24/24
f 77/27/25 72/28/26 71/26/27
f 78/29/28 73/30/29 72/28/30
f 79/31/31 74/17/32 73/30/33
f 11/22/34 63/32/35 10/33/36
f 69/21/37 64/34/38 63/32/39
f 70/24/40 65/35/40 64/34/40
f 71/26/41 66/36/42 65/35/43
f 72/28/44 67/37/44 66/36/44
f 73/30/45 68/15/45 67/37/45
f 10/33/46 57/38/47 9/39/48
f 63/32/49 58/40/50 57/38/51
f 64/34/52 59/41/53 58/40/54
f 65/35/55 60/42/55 59/41/55
f 66/36/56 61/43/56 60/42/56
f 67/37/57 211/44/57 61/43/57
f 8/45/58 57/38/59 51/46/60
f 57/38/51 52/47/61 51/46/62
f 52/47/63 59/41/53 53/48/64
f 59/41/65 54/49/65 53/48/65
f 54/49/66 210/50/66 55/51/66
f 55/51/67 210/50/68 208/52/69
f 7/53/70 51/46/60 45/54/71
f 45/54/72 52/47/73 46/55/74
f 46/55/75 53/48/75 47/56/75
f 47/56/76 54/49/77 48/57/78
f 48/57/79 55/51/79 49/58/79
f 49/58/80 56/13/80 50/11/80
f 6/59/81 45/54/81 39/60/81
f 39/60/82 46/55/83 40/61/84
f 40/61/85 47/56/86 41/62/87
f 41/62/88 48/57/88 42/63/88
f 42/63/89 49/58/90 43/64/91
f 43/64/92 50/11/93 44/9/94
f 5/65/95 39/60/95 33/66/95
f 33/66/96 40/61/97 34/67/98
f 34/67/99 41/62/100 35/68/101
f 35/68/102 42/63/103 36/69/104
f 36/69/105 43/64/106 37/70/107
f 37/70/108 44/9/108 38/4/108
f 5/65/109 26/71/110 1/72/111
f 33/66/112 25/73/113 26/71/110
f 34/67/114 24/74/114 25/73/114
f 35/68/115 23/75/115 24/74/115
f 36/69/105 22/76/116 23/75/117
f 37/70/118 21/6/118 22/76/118
f 12/20/119 27/77/120 75/23/121
f 75/23/121 28/78/122 76/25/123
f 76/25/123 29/79/124 77/27/125
f 77/27/126 30/80/127 78/29/128
f 78/29/129 31/81/130 79/31/31
f 79/31/131 32/82/132 80/1/133
f 80/1/133 32/82/132 4/2/134
f 38/4/3 20/8/5 3/5/135
f 38/4/136 44/9/136 19/7/136
f 44/9/94 50/11/93 18/10/137
f 50/11/138 56/13/8 17/12/10
f 212/83/139 16/14/139 56/13/139
f 68/15/14 15/18/13 16/14/140
f 74/17/17 14/19/16 15/18/141
f 80/1/142 13/3/142 14/19/142
f 12/20/143 75/23/143 69/21/143
f 75/23/144 76/25/22 70/24/24
f 76/25/145 77/27/25 71/26/27
f 77/27/126 78/29/128 72/28/146
f 78/29/129 79/31/31 73/30/33
f 79/31/31 80/1/147 74/17/32
f 11/22/20 69/21/19 63/32/148
f 69/21/37 70/24/149 64/34/38
f 70/24/150 71/26/41 65/35/43
f 71/26/151 72/28/151 66/36/151
f 72/28/30 73/30/29 67/37/152
f 73/30/153 74/17/153 68/15/153
f 10/33/36 63/32/35 57/38/154
f 63/32/49 64/34/155 58/40/50
f 64/34/156 65/35/156 59/41/156
f 65/35/157 66/36/157 60/42/157
f 66/36/158 67/37/158 61/43/158
f 67/37/159 68/15/159 62/16/159
f 8/45/160 9/39/48 57/38/47
f 57/38/51 58/40/50 52/47/61
f 52/47/63 58/40/54 59/41/53
f 59/41/161 60/42/161 54/49/161
f 54/49/162 60/42/162 61/43/162
f 210/50/163 61/43/164 208/52/165
f 7/53/70 8/45/58 51/46/60
f 45/54/166 51/46/62 52/47/61
f 46/55/167 52/47/167 53/48/167
f 47/56/76 53/48/168 54/49/77
f 48/57/169 54/49/169 55/51/169
f 49/58/170 209/84/170 56/13/170
f 6/59/171 7/53/172 45/54/173
f 39/60/174 45/54/72 46/55/74
f 40/61/84 46/55/83 47/56/175
f 41/62/87 47/56/86 48/57/176
f 42/63/89 48/57/177 49/58/90
f 43/64/91 49/58/90 50/11/178
f 5/65/179 6/59/180 39/60/181
f 33/66/182 39/60/82 40/61/84
f 34/67/183 40/61/183 41/62/183
f 35/68/184 41/62/184 42/63/184
f 36/69/185 42/63/185 43/64/185
f 37/70/186 43/64/186 44/9/186
f 5/65/109 33/66/112 26/71/110
f 33/66/96 34/67/98 25/73/187
f 34/67/99 35/68/101 24/74/188
f 35/68/102 36/69/104 23/75/189
f 36/69/105 37/70/107 22/76/116
f 37/70/190 38/4/190 21/6/190
f 12/20/191 2/85/191 27/77/191
f 75/23/121 27/77/120 28/78/122
f 76/25/123 28/78/122 29/79/124
f 77/27/192 29/79/192 30/80/192
f 78/29/129 30/80/193 31/81/130
f 79/31/194 31/81/194 32/82/194
f 28/78/195 101/86/195 29/79/195
f 14/19/196 87/87/196 15/18/196
f 22/76/197 93/88/198 94/89/197
f 29/79/199 102/90/200 30/80/201
f 1/72/202 98/91/202 81/92/202
f 15/18/203 88/93/203 16/14/203
f 23/75/204 94/89/204 95/94/204
f 30/80/201 103/95/205 31/81/205
f 16/14/206 89/96/206 17/12/206
f 24/74/207 95/94/207 96/97/207
f 31/81/208 104/98/208 32/82/208
f 4/2/209 104/98/209 84/99/209
f 18/10/210 89/96/210 90/100/210
f 25/73/211 96/97/212 97/101/213
f 3/5/214 92/102/215 83/103/214
f 19/7/216 90/100/216 91/104/216
f 26/71/217 97/101/213 98/91/218
f 20/8/219 91/104/220 92/102/215
f 2/85/221 99/105/222 27/77/223
f 4/2/224 85/106/224 13/3/224
f 27/77/223 100/107/225 28/78/225
f 13/3/226 86/108/226 14/19/226
f 3/5/227 93/88/198 21/6/228
f 28/78/229 100/107/229 101/86/229
f 14/19/196 86/108/196 87/87/196
f 22/76/197 21/6/228 93/88/198
f 29/79/230 101/86/230 102/90/230
f 1/72/231 26/71/217 98/91/218
f 15/18/203 87/87/203 88/93/203
f 23/75/204 22/76/204 94/89/204
f 30/80/201 102/90/200 103/95/205
f 16/14/206 88/93/206 89/96/206
f 24/74/207 23/75/207 95/94/207
f 31/81/208 103/95/208 104/98/208
f 4/2/209 32/82/209 104/98/209
f 18/10/210 17/12/210 89/96/210
f 25/73/211 24/74/212 96/97/212
f 3/5/214 20/8/219 92/102/215
f 19/7/216 18/10/216 90/100/216
f 26/71/217 25/73/211 97/101/213
f 20/8/219 19/7/220 91/104/220
f 2/85/232 82/109/232 99/105/232
f 4/2/224 84/99/224 85/106/224
f 27/77/223 99/105/222 100/107/225
f 13/3/226 85/106/226 86/108/226
f 3/5/227 83/103/227 93/88/198
f 117/110/233 109/111/234 110/112/235
f 123/113/236 105/114/237 107/115/238
f 134/116/239 114/117/240 129/118/241
f 140/119/242 116/120/242 135/121/242
f 129/118/243 106/122/243 140/119/243
f 141/123/244 110/112/235 111/124/245
f 144/125/246 107/115/238 108/126/247
f 141/123/244 112/127/248 147/128/249
f 122/129/250 108/126/251 109/111/252
f 128/130/253 115/131/253 105/114/253
f 147/128/249 113/132/254 134/116/239
f 11/22/20 149/133/255 132/134/256
f 149/133/255 133/135/257 132/134/256
f 148/136/258 134/116/239 133/135/257
f 81/92/259 126/137/259 1/72/259
f 150/138/260 127/139/260 126/137/260
f 151/140/260 128/130/260 127/139/260
f 6/59/171 120/141/261 7/53/172
f 146/142/262 121/143/263 120/141/261
f 145/144/263 122/129/250 121/143/263
f 10/33/46 143/145/264 149/133/255
f 143/145/264 148/136/258 149/133/255
f 142/146/257 147/128/249 148/136/258
f 5/65/179 146/142/265 6/59/180
f 125/147/266 145/144/267 146/142/267
f 124/148/268 144/125/246 145/144/267
f 8/45/160 143/145/264 9/39/48
f 119/149/269 142/146/257 143/145/264
f 118/150/270 141/123/244 142/146/257
f 2/85/271 131/151/272 138/152/273
f 131/151/274 139/153/274 138/152/274
f 130/154/274 140/119/274 139/153/274
f 82/109/275 138/152/275 137/155/275
f 138/152/276 136/156/276 137/155/276
f 139/153/276 135/121/276 136/156/276
f 12/20/18 132/134/256 131/151/277
f 132/134/256 130/154/278 131/151/277
f 133/135/257 129/118/241 130/154/278
f 1/72/279 125/147/280 5/65/179
f 126/137/281 124/148/268 125/147/266
f 127/139/281 123/113/236 124/148/268
f 7/53/282 119/149/269 8/45/283
f 120/141/284 118/150/270 119/149/269
f 121/143/285 117/110/233 118/150/270
f 105/114/286 115/131/286 153/157/286
f 111/124/287 160/158/288 112/127/288
f 109/111/289 156/159/289 157/160/289
f 116/120/290 106/122/290 154/161/290
f 114/117/291 154/161/291 106/122/291
f 112/127/292 161/162/292 113/132/292
f 110/112/293 157/160/293 158/163/293
f 107/115/294 153/157/294 155/164/294
f 113/132/295 162/165/295 114/117/295
f 110/112/296 159/166/296 111/124/287
f 108/126/297 155/164/297 156/159/297
f 117/110/233 122/129/298 109/111/234
f 123/113/236 128/130/299 105/114/237
f 134/116/239 113/132/254 114/117/240
f 140/119/300 106/122/300 116/120/300
f 129/118/301 114/117/301 106/122/301
f 141/123/244 117/110/233 110/112/235
f 144/125/246 123/113/236 107/115/238
f 141/123/244 111/124/245 112/127/248
f 122/129/250 144/125/302 108/126/251
f 128/130/303 152/167/303 115/131/303
f 147/128/249 112/127/248 113/132/254
f 11/22/20 10/33/46 149/133/255
f 149/133/255 148/136/258 133/135/257
f 148/136/258 147/128/249 134/116/239
f 81/92/304 150/138/304 126/137/304
f 150/138/260 151/140/260 127/139/260
f 151/140/260 152/167/260 128/130/260
f 6/59/171 146/142/262 120/141/261
f 146/142/262 145/144/263 121/143/263
f 145/144/263 144/125/302 122/129/250
f 10/33/46 9/39/48 143/145/264
f 143/145/264 142/146/257 148/136/258
f 142/146/257 141/123/244 147/128/249
f 5/65/179 125/147/280 146/142/265
f 125/147/266 124/148/268 145/144/267
f 124/148/268 123/113/236 144/125/246
f 8/45/160 119/149/269 143/145/264
f 119/149/269 118/150/270 142/146/257
f 118/150/270 117/110/233 141/123/244
f 2/85/271 12/20/305 131/151/272
f 131/151/274 130/154/274 139/153/274
f 130/154/274 129/118/274 140/119/274
f 82/109/306 2/85/306 138/152/306
f 138/152/276 139/153/276 136/156/276
f 139/153/276 140/119/276 135/121/276
f 12/20/18 11/22/20 132/134/256
f 132/134/256 133/135/257 130/154/278
f 133/135/257 134/116/239 129/118/241
f 1/72/279 126/137/307 125/147/280
f 126/137/281 127/139/281 124/148/268
f 127/139/281 128/130/299 123/113/236
f 7/53/282 120/141/284 119/149/269
f 120/141/284 121/143/285 118/150/270
f 121/143/285 122/129/298 117/110/233
f 111/124/287 159/166/296 160/158/288
f 109/111/289 108/126/289 156/159/289
f 114/117/291 162/165/291 154/161/291
f 112/127/292 160/158/292 161/162/292
f 110/112/293 109/111/293 157/160/293
f 107/115/294 105/114/294 153/157/294
f 113/132/295 161/162/295 162/165/295
f 110/112/296 158/163/296 159/166/296
f 108/126/297 107/115/297 155/164/297
f 165/168/308 164/169/308 163/170/308
f 102/90/309 186/171/310 187/172/311
f 153/157/312 200/173/312 155/164/312
f 88/93/313 174/174/313 89/96/313
f 154/161/314 191/175/314 116/120/314
f 103/95/315 187/172/315 188/176/315
f 155/164/316 201/177/316 156/159/316
f 90/100/317 174/174/317 175/178/317
f 116/120/318 192/179/318 135/121/318
f 104/98/319 188/176/319 189/180/319
f 157/160/320 201/177/320 202/181/320
f 91/104/321 175/178/321 176/182/321
f 135/121/322 193/183/322 136/156/322
f 157/160/323 203/184/323 158/163/323
f 150/138/324 166/185/324 195/186/324
f 92/102/325 176/182/326 177/187/327
f 136/156/322 194/188/322 137/155/322
f 158/163/328 204/189/329 159/166/330
f 151/140/331 195/186/331 196/190/331
f 83/103/332 178/191/332 93/88/332
f 137/155/333 167/192/333 82/109/333
f 160/158/334 204/189/334 205/193/334
f 152/167/331 196/190/331 197/194/331
f 93/88/335 179/195/335 94/89/335
f 161/162/336 205/193/336 206/196/336
f 94/89/337 180/197/337 95/94/337
f 98/91/338 166/185/338 81/92/338
f 161/162/339 207/198/339 162/165/339
f 95/94/340 181/199/340 96/97/340
f 84/99/341 189/180/341 169/200/341
f 153/157/342 190/201/342 198/202/342
f 96/97/343 182/203/343 97/101/343
f 83/103/344 177/187/327 168/204/344
f 97/101/345 183/205/345 98/91/345
f 115/131/346 197/194/346 190/201/346
f 84/99/347 170/206/347 85/106/347
f 99/105/348 167/192/348 184/207/348
f 85/106/349 171/208/349 86/108/349
f 100/107/350 184/207/350 185/209/350
f 86/108/351 172/210/351 87/87/351
f 101/86/352 185/209/353 186/171/354
f 154/161/355 207/198/355 199/211/355
f 87/87/356 173/212/356 88/93/356
f 102/90/309 101/86/357 186/171/310
f 153/157/358 198/202/358 200/173/358
f 88/93/313 173/212/313 174/174/313
f 154/161/314 199/211/314 191/175/314
f 103/95/315 102/90/315 187/172/315
f 155/164/359 200/173/359 201/177/359
f 90/100/317 89/96/317 174/174/317
f 116/120/318 191/175/318 192/179/318
f 104/98/319 103/95/319 188/176/319
f 157/160/360 156/159/360 201/177/360
f 91/104/321 90/100/321 175/178/321
f 135/121/322 192/179/322 193/183/322
f 157/160/361 202/181/361 203/184/361
f 150/138/324 81/92/324 166/185/324
f 92/102/325 91/104/326 176/182/326
f 136/156/322 193/183/322 194/188/322
f 158/163/362 203/184/362 204/189/362
f 151/140/331 150/138/331 195/186/331
f 83/103/332 168/204/332 178/191/332
f 137/155/333 194/188/333 167/192/333
f 160/158/363 159/166/330 204/189/329
f 152/167/331 151/140/331 196/190/331
f 93/88/335 178/191/335 179/195/335
f 161/162/364 160/158/364 205/193/364
f 94/89/337 179/195/337 180/197/337
f 98/91/338 183/205/338 166/185/338
f 161/162/365 206/196/365 207/198/365
f 95/94/340 180/197/340 181/199/340
f 84/99/341 104/98/341 189/180/341
f 153/157/366 115/131/366 190/201/366
f 96/97/343 181/199/343 182/203/343
f 83/103/344 92/102/325 177/187/327
f 97/101/345 182/203/345 183/205/345
f 115/131/367 152/167/367 197/194/367
f 84/99/347 169/200/347 170/206/347
f 99/105/348 82/109/348 167/192/348
f 85/106/349 170/206/349 171/208/349
f 100/107/350 99/105/350 184/207/350
f 86/108/351 171/208/351 172/210/351
f 101/86/352 100/107/368 185/209/353
f 154/161/355 162/165/355 207/198/355
f 87/87/356 172/210/356 173/212/356
f 62/16/369 212/83/370 208/52/371
f 56/13/372 209/84/373 208/52/374
f 61/43/375 211/44/376 208/52/377
f 211/44/378 62/16/379 208/52/380
f 209/84/381 55/51/382 208/52/383
f 212/83/384 56/13/385 208/52/386
f 67/37/387 62/16/387 211/44/387
f 54/49/388 61/43/388 210/50/388
f 212/83/389 62/16/389 16/14/389
f 49/58/390 55/51/390 209/84/390
f 213/213/391 225/214/391 215/215/391
f 215/215/392 227/216/392 217/217/392
f 227/216/393 219/218/393 217/217/393
f 219/218/394 229/219/394 221/220/394
f 222/221/395 220/222/395 218/223/395
f 229/219/396 223/224/396 221/220/396
f 230/225/397 213/213/397 223/224/397
f 216/226/398 226/227/398 214/228/398
f 218/223/399 225/214/399 216/226/399
f 220/222/400 227/216/400 218/223/400
f 222/221/401 228/229/401 220/222/401
f 222/221/402 230/225/402 229/219/402
f 224/230/403 226/227/403 230/225/403
f 213/213/404 226/227/404 225/214/404
f 215/215/405 225/214/405 227/216/405
f 227/216/406 228/229/406 219/218/406
f 219/218/407 228/229/407 229/219/407
f 218/223/408 216/226/408 222/221/408
f 216/226/409 214/228/409 222/221/409
f 214/228/410 224/230/410 222/221/410
f 229/219/411 230/225/411 223/224/411
f 230/225/412 226/227/412 213/213/412
f 216/226/413 225/214/413 226/227/413
f 218/223/414 227/216/414 225/214/414
f 220/222/415 228/229/415 227/216/415
f 222/221/416 229/219/416 228/229/416
f 222/221/417 224/230/417 230/225/417
f 224/230/418 214/228/418 226/227/418
f 233/231/419 237/232/420 239/233/420
f 235/234/421 231/235/422 239/233/421
f 231/235/423 236/236/424 239/233/424
f 232/237/425 235/234/421 239/233/421
f 234/238/426 238/239/427 239/233/427
f 236/236/424 233/231/428 239/233/424
f 238/239/427 232/237/429 239/233/427
f 237/232/420 234/238/430 239/233/420
f 236/236/431 242/240/431 233/231/431
f 232/237/432 247/241/432 241/242/432
f 237/232/433 243/243/433 234/238/433
f 233/231/433 246/244/433 237/232/433
f 231/235/434 244/245/434 240/246/434
f 231/235/431 245/247/431 236/236/431
f 235/234/434 241/242/434 244/245/434
f 238/239/432 243/243/432 247/241/432
f 241/242/435 252/248/435 244/245/435
f 247/241/436 251/249/436 255/250/436
f 242/240/437 253/251/437 250/252/437
f 241/242/438 255/250/438 249/253/438
f 246/244/439 251/249/439 243/243/439
f 246/244/440 250/252/440 254/254/440
f 244/245/441 248/255/441 240/246/441
f 245/247/442 248/255/442 253/251/442
f 236/236/431 245/247/431 242/240/431
f 232/237/432 238/239/432 247/241/432
f 237/232/433 246/244/433 243/243/433
f 233/231/433 242/240/433 246/244/433
f 231/235/434 235/234/434 244/245/434
f 231/235/431 240/246/431 245/247/431
f 235/234/434 232/237/434 241/242/434
f 238/239/432 234/238/432 243/243/432
f 241/242/435 249/253/435 252/248/435
f 247/241/436 243/243/436 251/249/436
f 242/240/437 245/247/437 253/251/437
f 241/242/438 247/241/438 255/250/438
f 246/244/439 254/254/439 251/249/439
f 246/244/440 242/240/440 250/252/440
f 244/245/441 252/248/441 248/255/441
f 245/247/442 240/246/442 248/255/442
f 258/256/443 261/257/106 259/258/107
f 259/258/108 262/259/108 260/260/108
f 259/258/118 256/261/118 257/262/118
f 259/258/186 261/257/186 262/259/186
f 258/256/443 259/258/107 257/262/444
f 259/258/190 260/260/190 256/261/190
f 262/259/445 261/257/445 267/263/446 268/264/446
f 258/256/447 257/262/447 264/265/448 265/266/449
f 261/257/450 258/256/450 265/266/451 267/263/452
f 257/262/453 256/261/453 263/267/454 264/265/455
f 256/261/456 260/260/456 266/268/456 263/267/456
f 260/260/457 262/259/457 268/264/457 266/268/457
f 266/268/458 268/264/458 274/269/458 272/270/458
f 264/265/455 263/267/454 269/271/459 270/272/459
f 265/266/449 264/265/448 270/272/460 271/273/460
f 263/267/461 266/268/461 272/270/461 269/271/461
f 268/264/446 267/263/446 273/274/462 274/269/462
f 267/263/452 265/266/451 271/273/463 273/274/463
f 274/269/464 273/274/464 279/275/464 280/276/464
f 273/274/465 271/273/465 277/277/465 279/275/465
f 272/270/466 274/269/466 280/276/466 278/278/466
f 270/272/467 269/271/467 275/279/467 276/280/467
f 271/273/468 270/272/468 276/280/468 277/277/468
f 269/271/469 272/270/469 278/278/469 275/279/469
f 283/168/470 282/169/470 281/170/470
s 0
f 289/281/471 299/282/471 288/283/471
f 299/282/308 311/284/308 310/285/308
f 333/286/308 348/287/308 347/288/308
f 311/284/308 321/289/308 310/285/308
f 321/289/308 334/290/308 333/286/308
f 362/291/472 347/288/472 348/287/472
f 291/292/473 295/293/473 302/294/473
f 285/295/474 303/296/474 296/297/474
f 290/298/475 300/299/475 289/281/475
f 294/300/476 303/296/476 292/301/476
f 288/283/477 298/302/477 287/303/477
f 293/304/478 302/294/478 304/305/478
f 287/303/479 297/306/479 286/307/479
f 295/293/480 313/308/480 302/294/480
f 296/297/308 314/309/308 307/310/308
f 301/311/308 311/284/308 300/299/308
f 305/312/481 314/309/481 303/296/481
f 299/282/308 309/313/308 298/302/308
f 304/305/482 313/308/482 315/314/482
f 298/302/308 308/315/308 297/306/308
f 307/310/308 325/316/308 318/317/308
f 312/318/308 322/319/308 311/284/308
f 316/320/483 325/316/483 314/309/483
f 310/285/308 320/321/308 309/313/308
f 315/314/484 324/322/484 326/323/484
f 309/313/308 319/324/308 308/315/308
f 306/325/485 324/322/485 313/308/485
f 318/317/308 339/326/308 329/327/308
f 323/328/308 334/290/308 322/319/308
f 327/329/486 339/326/486 325/316/486
f 321/289/308 332/330/308 320/321/308
f 324/322/487 340/331/487 326/323/487
f 320/321/308 331/332/308 319/324/308
f 317/333/488 338/334/488 324/322/488
f 337/335/308 343/336/308 351/337/308
f 341/338/489 353/339/489 339/326/489
f 332/330/308 347/288/308 346/340/308
f 340/331/490 352/341/490 354/342/490
f 331/332/308 346/340/308 345/343/308
f 330/344/308 345/343/308 344/345/308
f 368/346/308 344/345/308 369/347/308
f 337/335/308 350/348/308 336/349/308
f 328/350/491 352/341/491 338/334/491
f 336/349/308 349/351/308 335/352/308
f 329/327/308 353/339/308 343/336/308
f 335/352/308 348/287/308 334/290/308
f 353/339/492 355/353/492 367/354/492
f 346/340/493 361/355/493 360/356/493
f 354/342/494 352/341/495 366/357/496
f 345/343/497 360/356/497 359/358/497
f 344/345/498 359/358/498 358/359/498
f 369/347/499 358/359/499 370/360/499
f 351/337/500 364/361/500 350/348/500
f 342/362/501 366/357/502 352/341/503
f 350/348/504 363/363/504 349/351/504
f 353/339/505 357/364/506 343/336/507
f 348/287/508 363/363/508 362/291/508
f 343/336/509 365/365/509 351/337/509
f 342/362/510 370/360/510 356/366/510
f 328/350/511 369/347/511 342/362/511
f 289/281/512 300/299/512 299/282/512
f 299/282/308 300/299/308 311/284/308
f 333/286/308 334/290/308 348/287/308
f 311/284/308 322/319/308 321/289/308
f 321/289/308 322/319/308 334/290/308
f 362/291/513 361/355/513 347/288/513
f 291/292/514 284/367/514 295/293/514
f 285/295/515 292/301/515 303/296/515
f 290/298/516 301/311/516 300/299/516
f 294/300/517 305/312/517 303/296/517
f 288/283/518 299/282/518 298/302/518
f 293/304/519 291/292/519 302/294/519
f 287/303/520 298/302/520 297/306/520
f 295/293/521 306/325/521 313/308/521
f 296/297/308 303/296/308 314/309/308
f 301/311/308 312/318/308 311/284/308
f 305/312/522 316/320/522 314/309/522
f 299/282/308 310/285/308 309/313/308
f 304/305/523 302/294/523 313/308/523
f 298/302/308 309/313/308 308/315/308
f 307/310/308 314/309/308 325/316/308
f 312/318/308 323/328/308 322/319/308
f 316/320/524 327/329/524 325/316/524
f 310/285/308 321/289/308 320/321/308
f 315/314/525 313/308/525 324/322/525
f 309/313/308 320/321/308 319/324/308
f 306/325/526 317/333/526 324/322/526
f 318/317/308 325/316/308 339/326/308
f 323/328/308 335/352/308 334/290/308
f 327/329/527 341/338/527 339/326/527
f 321/289/308 333/286/308 332/330/308
f 324/322/528 338/334/528 340/331/528
f 320/321/308 332/330/308 331/332/308
f 317/333/529 328/350/529 338/334/529
f 337/335/308 329/327/308 343/336/308
f 341/338/530 355/353/530 353/339/530
f 332/330/308 333/286/308 347/288/308
f 340/331/531 338/334/531 352/341/531
f 331/332/308 332/330/308 346/340/308
f 330/344/308 331/332/308 345/343/308
f 368/346/308 330/344/308 344/345/308
f 337/335/308 351/337/308 350/348/308
f 328/350/532 342/362/532 352/341/532
f 336/349/308 350/348/308 349/351/308
f 329/327/308 339/326/308 353/339/308
f 335/352/308 349/351/308 348/287/308
f 346/340/533 347/288/533 361/355/533
f 345/343/534 346/340/534 360/356/534
f 344/345/535 345/343/535 359/358/535
f 369/347/536 344/345/536 358/359/536
f 351/337/537 365/365/537 364/361/537
f 342/362/538 356/366/539 366/357/540
f 350/348/541 364/361/541 363/363/541
f 353/339/542 367/354/543 357/364/544
f 348/287/545 349/351/545 363/363/545
f 343/336/546 357/364/546 365/365/546
f 342/362/547 369/347/547 370/360/547
f 328/350/308 368/346/308 369/347/308
f 372/368/548 376/369/548 375/370/548
f 290/298/549 375/370/549 301/311/549
f 285/295/550 376/369/550 373/371/550
f 286/307/551 374/372/551 371/373/551
f 371/373/552 384/374/552 383/375/552
f 301/311/308 378/376/308 312/318/308
f 296/297/308 379/377/308 376/369/308
f 297/306/308 377/378/308 374/372/308
f 374/372/308 385/379/308 384/374/308
f 376/369/308 378/376/308 375/370/308
f 312/318/308 381/380/308 323/328/308
f 307/310/308 382/381/308 379/377/308
f 308/315/308 380/382/308 377/378/308
f 377/378/308 386/383/308 385/379/308
f 378/376/308 382/381/308 381/380/308
f 318/317/308 337/335/308 382/381/308
f 319/324/308 330/344/308 380/382/308
f 380/382/308 368/346/308 386/383/308
f 382/381/308 336/349/308 381/380/308
f 323/328/308 336/349/308 335/352/308
f 386/383/308 328/350/308 317/333/308
f 385/379/308 317/333/308 306/325/308
f 384/374/308 306/325/308 295/293/308
f 383/375/553 295/293/553 284/367/553
f 372/368/554 373/371/554 376/369/554
f 290/298/555 372/368/555 375/370/555
f 285/295/556 296/297/556 376/369/556
f 286/307/557 297/306/557 374/372/557
f 371/373/558 374/372/558 384/374/558
f 301/311/308 375/370/308 378/376/308
f 296/297/308 307/310/308 379/377/308
f 297/306/308 308/315/308 377/378/308
f 374/372/308 377/378/308 385/379/308
f 376/369/308 379/377/308 378/376/308
f 312/318/308 378/376/308 381/380/308
f 307/310/308 318/317/308 382/381/308
f 308/315/308 319/324/308 380/382/308
f 377/378/308 380/382/308 386/383/308
f 378/376/308 379/377/308 382/381/308
f 318/317/308 329/327/308 337/335/308
f 319/324/308 331/332/308 330/344/308
f 380/382/308 330/344/308 368/346/308
f 382/381/308 337/335/308 336/349/308
f 323/328/308 381/380/308 336/349/308
f 386/383/308 368/346/308 328/350/308
f 385/379/308 386/383/308 317/333/308
f 384/374/308 385/379/308 306/325/308
f 383/375/559 384/374/559 295/293/559
f 326/323/560 340/331/560 404/384/560 402/385/560
f 290/298/561 289/281/561 392/386/561 393/387/561
f 304/305/562 315/314/562 400/388/562 398/389/562
f 288/283/563 287/303/563 390/390/563 391/391/563
f 354/342/564 366/357/565 418/392/566 406/393/567
f 327/329/568 316/320/568 401/394/568 403/395/568
f 370/360/569 358/359/569 410/396/569 420/397/569
f 287/303/570 286/307/570 389/398/570 390/390/570
f 364/361/571 365/365/571 417/399/571 416/400/571
f 284/367/572 291/292/572 394/401/572 387/402/572
f 315/314/573 326/323/573 402/385/573 400/388/573
f 363/363/574 364/361/574 416/400/574 415/403/574
f 292/301/575 285/295/575 388/404/575 395/405/575
f 362/291/576 363/363/576 415/403/576 414/406/576
f 294/300/577 292/301/577 395/405/577 397/407/577
f 360/356/578 361/355/578 413/408/578 412/409/578
f 291/292/579 293/304/579 396/410/579 394/401/579
f 355/353/580 341/338/580 405/411/580 407/412/580
f 289/281/581 288/283/581 391/391/581 392/386/581
f 359/358/582 360/356/582 412/409/582 411/413/582
f 305/312/583 294/300/583 397/407/583 399/414/583
f 358/359/584 359/358/584 411/413/584 410/396/584
f 340/331/585 354/342/585 406/393/585 404/384/585
f 361/355/586 362/291/586 414/406/586 413/408/586
f 372/368/587 290/298/587 393/387/587 422/415/587
f 356/366/588 370/360/588 420/397/588 408/416/588
f 371/373/589 383/375/589 424/417/589 421/418/589
f 373/371/590 372/368/590 422/415/590 423/419/590
f 286/307/591 371/373/591 421/418/591 389/398/591
f 293/304/592 304/305/592 398/389/592 396/410/592
f 366/357/593 356/366/594 408/416/595 418/392/596
f 383/375/597 284/367/597 387/402/597 424/417/597
f 357/364/598 367/354/599 419/420/600 409/421/601
f 341/338/602 327/329/602 403/395/602 405/411/602
f 285/295/603 373/371/603 423/419/603 388/404/603
f 365/365/604 357/364/604 409/421/604 417/399/604
f 316/320/605 305/312/605 399/414/605 401/394/605
f 367/354/606 355/353/606 407/412/606 419/420/606
f 694/422/308 712/423/308 447/424/308 459/425/308
f 685/426/308 707/427/308 439/428/308 450/429/308
f 676/430/308 710/431/308 444/432/308 433/433/308
f 698/434/308 703/435/308 430/436/308 464/437/308
f 687/438/308 711/439/308 446/440/308 452/441/308
f 693/442/308 709/443/308 443/444/308 458/445/308
f 686/446/308 682/447/308 445/448/308 451/449/308
f 710/431/308 706/450/308 436/451/308 444/432/308
f 692/452/308 702/453/308 428/454/308 457/455/308
f 672/456/308 705/457/308 434/458/308 425/459/308
f 690/460/308 704/461/308 432/462/308 455/463/308
f 683/464/308 681/465/308 441/466/308 448/467/308
f 700/468/308 701/469/308 426/470/308 466/471/308
f 684/472/308 679/473/308 438/474/308 449/475/308
f 688/476/308 678/477/308 437/478/308 453/479/308
f 695/480/607 677/481/607 435/482/607 461/483/607
f 696/484/308 676/430/308 433/433/308 462/485/308
f 689/486/308 675/487/308 431/488/308 454/489/308
f 699/490/308 674/491/308 429/492/308 465/493/308
f 691/494/308 673/495/308 427/496/308 456/497/308
f 697/498/308 672/456/308 425/459/308 463/499/308
f 679/473/308 683/464/308 448/467/308 438/474/308
f 707/427/308 684/472/308 449/475/308 439/428/308
f 682/447/308 685/426/308 450/429/308 445/448/308
f 711/439/308 686/446/308 451/449/308 446/440/308
f 678/477/308 687/438/308 452/441/308 437/478/308
f 675/487/308 688/476/308 453/479/308 431/488/308
f 704/461/308 689/486/308 454/489/308 432/462/308
f 673/495/308 690/460/308 455/463/308 427/496/308
f 702/453/308 691/494/308 456/497/308 428/454/308
f 709/443/308 692/452/308 457/455/308 443/444/308
f 712/423/308 693/442/308 458/445/308 447/424/308
f 680/500/308 694/422/308 459/425/308 440/501/308
f 677/481/608 713/502/608 460/503/608 435/482/608
f 706/450/609 695/480/609 461/483/609 436/451/609
f 705/457/308 696/484/308 462/485/308 434/458/308
f 701/469/308 697/498/308 463/499/308 426/470/308
f 681/465/308 698/434/308 464/437/308 441/466/308
f 703/435/308 699/490/308 465/493/308 430/436/308
f 674/491/308 700/468/308 466/471/308 429/492/308
f 430/436/610 465/493/610 510/504/610 472/505/610
f 437/478/611 452/441/611 495/506/611 480/507/611
f 462/485/612 433/433/612 475/508/612 507/509/612
f 428/454/613 456/497/613 499/510/613 470/511/613
f 447/424/614 458/445/614 501/512/614 490/513/614
f 456/497/615 427/496/615 469/514/615 499/510/615
f 426/470/616 463/499/616 508/515/616 468/516/616
f 446/440/617 451/449/617 494/517/617 489/518/617
f 444/432/618 436/451/618 479/519/618 487/520/618
f 463/499/619 425/459/619 467/521/619 508/515/619
f 448/467/620 441/466/620 484/522/620 491/523/620
f 443/444/621 457/455/621 500/524/621 486/525/621
f 457/455/622 428/454/622 470/511/622 500/524/622
f 425/459/623 434/458/623 476/526/623 467/521/623
f 464/437/624 430/436/624 472/505/624 509/527/624
f 449/475/625 438/474/625 481/528/625 492/529/625
f 435/482/626 460/503/626 505/530/626 478/531/626
f 458/445/627 443/444/627 486/525/627 501/512/627
f 465/493/628 429/492/628 471/532/628 510/504/628
f 450/429/629 439/428/629 482/533/629 493/534/629
f 427/496/630 455/463/630 498/535/630 469/514/630
f 459/425/631 447/424/631 490/513/631 502/536/631
f 438/474/632 448/467/632 491/523/632 481/528/632
f 466/471/633 426/470/633 468/516/633 511/537/633
f 451/449/634 445/448/634 488/538/634 494/517/634
f 452/441/635 446/440/635 489/518/635 495/506/635
f 429/492/636 466/471/636 511/537/636 471/532/636
f 453/479/637 437/478/637 480/507/637 496/539/637
f 439/428/638 449/475/638 492/529/638 482/533/638
f 440/501/639 459/425/639 502/536/639 483/540/639
f 431/488/640 453/479/640 496/539/640 473/541/640
f 454/489/641 431/488/641 473/541/641 497/542/641
f 436/451/642 461/483/642 506/543/642 479/519/642
f 445/448/643 450/429/643 493/534/643 488/538/643
f 461/483/644 435/482/644 478/531/644 506/543/644
f 434/458/645 462/485/645 507/509/645 476/526/645
f 433/433/646 444/432/646 487/520/646 475/508/646
f 455/463/647 432/462/647 474/544/647 498/535/647
f 432/462/648 454/489/648 497/542/648 474/544/648
f 441/466/649 464/437/649 509/527/649 484/522/649
f 715/545/308 716/546/308 516/547/308 514/548/308
f 504/549/650 477/550/650 517/551/650 520/552/650
f 503/553/651 485/554/651 518/555/651 519/556/651
f 545/557/652 503/553/652 519/556/652 546/558/652
f 520/552/653 517/551/653 521/559/653 524/560/653
f 519/556/654 518/555/654 522/561/654 523/562/654
f 546/558/655 519/556/655 523/562/655 547/563/655
f 533/564/656 538/565/656 525/566/656 528/567/656
f 539/568/657 544/569/657 526/570/657 527/571/657
f 553/572/658 539/568/658 527/571/658 548/573/658
f 528/567/659 525/566/659 529/574/659 532/575/659
f 527/571/660 526/570/660 530/576/660 531/577/660
f 548/573/308 527/571/308 531/577/308 549/578/308
f 530/576/661 575/579/661 549/578/661 531/577/661
f 547/563/662 523/562/662 541/580/662 551/581/662
f 574/582/663 563/583/663 540/584/663 552/585/663
f 552/585/308 540/584/308 539/568/308 553/572/308
f 523/562/664 522/561/664 542/586/664 541/580/664
f 563/583/665 570/587/665 543/588/665 540/584/665
f 540/584/666 543/588/666 544/569/666 539/568/666
f 524/560/667 521/559/667 536/589/667 535/590/667
f 555/591/668 562/592/668 537/593/668 534/594/668
f 534/594/669 537/593/669 538/565/669 533/564/669
f 537/593/308 552/585/308 553/572/308 538/565/308
f 562/592/670 574/582/670 552/585/670 537/593/670
f 521/559/671 547/563/671 551/581/671 536/589/671
f 525/566/308 548/573/308 550/595/308 529/574/308
f 538/565/672 553/572/672 548/573/672 525/566/672
f 517/551/673 546/558/673 547/563/673 521/559/673
f 477/550/674 545/557/674 546/558/674 517/551/674
f 550/595/675 554/596/675 577/597/675 576/598/675
f 536/589/676 551/581/676 571/599/676 559/600/676
f 559/600/308 571/599/308 572/601/308 560/602/308
f 560/602/677 572/601/677 573/603/677 561/604/677
f 561/604/308 573/603/308 574/582/308 562/592/308
f 535/590/678 536/589/678 559/600/678 558/605/678
f 558/605/679 559/600/679 560/602/679 557/606/679
f 557/606/680 560/602/680 561/604/680 556/607/680
f 556/607/681 561/604/681 562/592/681 555/591/681
f 541/580/682 542/586/682 567/608/682 566/609/682
f 566/609/683 567/608/683 568/610/683 565/611/683
f 565/611/684 568/610/684 569/612/684 564/613/684
f 564/613/685 569/612/685 570/587/685 563/583/685
f 551/581/686 541/580/686 566/609/686 571/599/686
f 571/599/308 566/609/308 565/611/308 572/601/308
f 572/601/677 565/611/677 564/613/677 573/603/677
f 573/603/308 564/613/308 563/583/308 574/582/308
f 529/574/687 550/595/687 576/598/687 532/575/687
f 554/596/688 549/578/688 575/579/688 577/597/688
f 550/595/308 548/573/308 549/578/308 554/596/308
f 503/553/308 545/557/308 583/614/308 581/615/308
f 477/550/689 504/549/689 582/616/689 579/617/689
f 545/557/308 477/550/308 579/617/308 583/614/308
f 485/554/690 503/553/690 581/615/690 580/618/690
f 579/617/691 582/616/691 584/619/691
f 581/615/308 583/614/308 588/620/308 586/621/308
f 580/618/692 581/615/692 586/621/692 585/622/692
f 583/614/308 579/617/308 584/619/308 588/620/308
f 585/622/693 586/621/693 591/623/693 590/624/693
f 588/620/308 584/619/308 589/625/308 592/626/308
f 586/621/308 588/620/308 592/626/308 591/623/308
f 591/623/308 592/626/308 596/627/308 595/628/308
f 590/624/694 591/623/694 595/628/694 594/629/694
f 592/626/308 589/625/308 593/630/308 596/627/308
f 601/631/308 602/632/308 600/633/308 599/634/308
f 603/635/695 601/631/695 599/634/695 598/636/695
f 602/632/308 604/637/308 597/638/308 600/633/308
f 596/627/308 593/630/308 604/637/308 602/632/308
f 594/629/696 595/628/696 601/631/696 603/635/696
f 595/628/308 596/627/308 602/632/308 601/631/308
f 600/633/308 597/638/308 587/639/308 607/640/308
f 599/634/308 600/633/308 607/640/308 606/641/308
f 598/636/697 599/634/697 606/641/697 605/642/697
f 587/639/698 597/638/698 609/643/698 608/644/698
f 605/642/699 606/641/699 612/645/699 611/646/699
f 606/641/700 607/640/700 613/647/700 612/645/700
f 587/639/701 608/644/701 614/648/701 610/649/701
f 607/640/702 587/639/702 610/649/702 613/647/702
f 613/647/703 610/649/703 615/650/703 618/651/703
f 611/646/704 612/645/704 617/652/704 616/653/704
f 610/649/705 614/648/705 619/654/705 615/650/705
f 612/645/706 613/647/706 618/651/706 617/652/706
f 618/651/707 615/650/707 620/655/707 623/656/707
f 616/653/708 617/652/708 622/657/708 621/658/708
f 615/650/709 619/654/709 624/659/709 620/655/709
f 617/652/710 618/651/710 623/656/710 622/657/710
f 649/660/711 648/661/711 625/662/711 628/663/711
f 651/664/712 650/665/712 627/666/712 626/667/712
f 648/661/713 652/668/713 629/669/713 625/662/713
f 650/665/714 649/660/714 628/663/714 627/666/714
f 656/670/308 655/671/308 633/672/308 632/673/308
f 655/671/308 659/674/308 630/675/308 633/672/308
f 660/676/715 656/670/715 632/673/715 631/677/715
f 659/674/716 663/678/716 634/679/716 630/675/716
f 667/680/717 666/681/717 639/682/717 635/683/717
f 669/684/718 668/685/718 638/686/718 637/687/718
f 668/685/719 667/680/719 635/683/719 638/686/719
f 670/688/720 669/684/720 637/687/720 636/689/720
f 652/668/721 624/659/721 644/690/721 653/691/721
f 662/692/722 629/669/722 645/693/722 664/694/722
f 666/681/723 634/679/723 646/695/723 671/696/723
f 608/644/724 609/643/724 641/697/724 640/698/724
f 614/648/725 608/644/725 640/698/725 642/699/725
f 619/654/726 614/648/726 642/699/726 643/700/726
f 624/659/727 619/654/727 643/700/727 644/690/727
f 629/669/728 652/668/728 653/691/728 645/693/728
f 622/657/308 623/656/308 649/660/308 650/665/308
f 620/655/729 624/659/729 652/668/729 648/661/729
f 621/658/730 622/657/730 650/665/730 651/664/730
f 623/656/308 620/655/308 648/661/308 649/660/308
f 634/679/731 663/678/731 665/701/731 646/695/731
f 663/678/732 662/692/732 664/694/732 665/701/732
f 625/662/733 629/669/733 662/692/733 658/702/733
f 658/702/734 662/692/734 663/678/734 659/674/734
f 626/667/735 627/666/735 657/703/735 661/704/735
f 661/704/736 657/703/736 656/670/736 660/676/736
f 628/663/308 625/662/308 658/702/308 654/705/308
f 654/705/737 658/702/737 659/674/737 655/671/737
f 627/666/308 628/663/308 654/705/308 657/703/308
f 657/703/738 654/705/738 655/671/738 656/670/738
f 639/682/739 666/681/739 671/696/739 647/706/739
f 631/677/740 632/673/740 669/684/740 670/688/740
f 633/672/741 630/675/741 667/680/741 668/685/741
f 632/673/742 633/672/742 668/685/742 669/684/742
f 630/675/743 634/679/743 666/681/743 667/680/743
f 514/548/744 516/547/744 694/422/744 680/500/744
f 513/707/308 515/708/308 716/546/308 715/545/308
f 726/709/745 721/710/745 636/689/745 637/687/745
f 812/711/746 811/712/746 808/713/746 807/714/746
f 736/715/747 727/716/747 638/686/747 635/683/747
f 816/717/748 809/718/748 806/719/748 814/720/748
f 737/721/749 639/682/749 647/706/749 746/722/749
f 731/723/750 732/724/750 791/725/750 442/726/750
f 717/727/751 722/728/751 512/729/751 578/730/751
f 740/731/752 739/732/752 743/733/752
f 739/732/753 738/734/753 745/735/753 744/736/753
f 738/734/754 737/721/754 746/722/754 745/735/754
f 639/682/755 737/721/755 736/715/755 635/683/755
f 737/721/756 738/734/756 735/737/756 736/715/756
f 738/734/757 739/732/757 734/738/757 735/737/757
f 739/732/758 740/731/758 733/739/758 734/738/758
f 722/728/759 731/723/759 442/726/759 512/729/759
f 732/724/760 741/740/760 792/741/760 791/725/760
f 714/742/761 717/727/761 578/730/761 708/743/761
f 733/739/762 730/744/762 729/745/762 734/738/762
f 734/738/763 729/745/763 728/746/763 735/737/763
f 735/737/764 728/746/764 727/716/764 736/715/764
f 638/686/765 727/716/765 726/709/765 637/687/765
f 727/716/766 728/746/766 725/747/766 726/709/766
f 728/746/767 729/745/767 724/748/767 725/747/767
f 729/745/768 730/744/768 723/749/768 724/748/768
f 767/750/769 766/751/769 732/724/769 731/723/769
f 774/752/770 772/753/770 717/727/770 714/742/770
f 771/754/771 767/750/771 731/723/771 722/728/771
f 723/749/772 718/755/772 719/756/772 724/748/772
f 724/748/773 719/756/773 720/757/773 725/747/773
f 725/747/774 720/757/774 721/710/774 726/709/774
f 515/708/308 513/707/308 747/758/308 748/759/308
f 748/759/308 747/758/308 749/760/308 750/761/308
f 750/761/308 749/760/308 751/762/308 752/763/308
f 783/764/308 784/765/308 753/766/308 754/767/308
f 752/763/308 751/762/308 756/768/308 755/769/308
f 754/767/308 753/766/308 757/770/308 758/771/308
f 758/771/308 757/770/308 759/772/308 760/773/308
f 788/774/308 789/775/308 761/776/308 762/777/308
f 762/777/308 761/776/308 763/778/308 764/779/308
f 745/735/775 764/779/775 763/778/775 744/736/775
f 715/545/776 514/548/776 769/780/776 773/781/776
f 766/751/777 742/782/777 741/740/777 732/724/777
f 513/707/778 715/545/778 773/781/778 768/783/778
f 772/753/779 771/754/779 722/728/779 717/727/779
f 751/762/780 749/760/780 776/784/780 777/785/780
f 789/775/781 759/772/781 780/786/781 790/787/781
f 740/731/782 743/733/782 742/782/782 766/751/782
f 747/758/783 513/707/783 768/783/783 775/788/783
f 723/749/784 730/744/784 771/754/784 772/753/784
f 757/770/785 753/766/785 778/789/785 779/790/785
f 730/744/786 733/739/786 767/750/786 771/754/786
f 680/500/787 440/501/787 765/791/787 770/792/787
f 756/768/788 751/762/788 777/785/788 786/793/788
f 514/548/789 680/500/789 770/792/789 769/780/789
f 763/778/790 761/776/790 781/794/790 782/795/790
f 733/739/791 740/731/791 766/751/791 767/750/791
f 744/736/792 763/778/792 782/795/792 743/733/792
f 749/760/793 747/758/793 775/788/793 776/784/793
f 759/772/794 757/770/794 779/790/794 780/786/794
f 483/540/795 765/791/795 440/501/795
f 718/755/796 723/749/796 772/753/796 774/752/796
f 753/766/797 784/765/797 785/796/797 778/789/797
f 755/769/308 756/768/308 784/765/308 783/764/308
f 784/765/798 756/768/798 786/793/798 785/796/798
f 783/764/308 754/767/308 787/797/308
f 761/776/799 789/775/799 790/787/799 781/794/799
f 760/773/308 759/772/308 789/775/308 788/774/308
f 808/713/800 813/798/800 810/799/800 807/714/800
f 797/800/801 793/801/801 813/798/801 808/713/801
f 795/802/802 796/803/802 809/718/802 816/717/802
f 795/802/308 794/804/308 800/805/308
f 797/800/803 798/806/803 802/807/803
f 794/804/308 793/801/308 799/808/308 800/805/308
f 796/803/804 795/802/804 800/805/804 801/809/804
f 793/801/308 797/800/308 799/808/308
f 797/800/805 802/807/805 805/810/805
f 800/805/806 799/808/806 803/811/806 804/812/806
f 801/809/807 800/805/807 804/812/807
f 799/808/808 797/800/808 805/810/808 803/811/808
f 743/733/809 739/732/809 744/736/809
f 814/720/810 806/719/810 708/743/810 578/730/810
f 792/741/811 812/711/811 807/714/811 791/725/811
f 807/714/812 810/799/812 442/726/812 791/725/812
f 817/813/813 815/814/813 816/717/813 814/720/813
f 811/712/814 798/806/814 797/800/814 808/713/814
f 512/729/815 817/813/815 814/720/815 578/730/815
f 815/814/816 794/804/816 795/802/816 816/717/816
f 813/798/817 815/814/817 817/813/817 810/799/817
f 793/801/818 794/804/818 815/814/818 813/798/818
f 810/799/819 817/813/819 512/729/819 442/726/819
f 672/456/820 697/498/820 823/498/820 818/456/820
f 676/430/821 696/484/821 822/484/821 820/430/821
f 705/457/822 672/456/822 818/456/822 826/457/822
f 710/431/823 676/430/823 820/430/823 828/431/823
f 697/498/824 701/469/824 825/469/824 823/498/824
f 701/469/825 700/468/825 824/468/825 825/469/825
f 700/468/826 674/491/826 819/491/826 824/468/826
f 677/481/827 695/480/827 821/480/827 713/481/827
f 696/484/828 705/457/828 826/457/828 822/484/828
f 706/450/829 710/431/829 828/431/829 827/450/829
f 695/480/830 706/450/830 827/450/830 821/480/830
f 841/815/308 842/816/308 833/817/308 834/818/308
f 845/819/308 846/820/308 831/821/308 832/822/308
f 868/823/831 845/824/831 832/825/831 866/826/831
f 874/827/832 841/828/832 834/829/832 872/830/832
f 849/831/308 850/832/308 829/833/308 830/834/308
f 862/835/833 837/836/833 836/837/833 860/838/833
f 2889/839/834 840/840/834 839/841/834 2899/842/834
f 2892/843/835 848/844/835 847/845/835 2902/846/835
f 982/847/836 850/848/836 849/849/836 983/850/836
f 2874/851/837 844/852/837 843/853/837 2884/854/837
f 856/855/838 849/856/838 830/857/838 854/858/838
f 995/859/839 861/860/839 842/861/839 988/862/839
f 999/863/840 867/864/840 838/865/840 976/866/840
f 1003/867/841 873/868/841 850/869/841 982/870/841
f 991/871/842 855/872/842 846/873/842 980/874/842
f 837/816/308 838/875/308 835/876/308 836/877/308
f 929/878/843 955/879/843 1232/880/843
f 983/881/844 849/856/844 856/855/844 989/882/844
f 846/873/845 855/872/845 853/883/845 831/884/845
f 855/885/308 856/886/308 854/887/308 853/888/308
f 973/889/846 837/836/846 862/835/846 993/890/846
f 842/861/847 861/860/847 859/891/847 833/892/847
f 861/893/308 862/894/308 860/895/308 859/896/308
f 977/897/848 845/824/848 868/823/848 997/898/848
f 2898/899/849 869/900/849 870/901/849 2895/902/849
f 838/903/850 867/904/850 865/905/850 835/906/850
f 867/907/308 868/908/308 866/909/308 865/910/308
f 985/911/851 841/828/851 874/827/851 1001/912/851
f 2880/913/852 876/914/852 875/915/852 2877/916/852
f 850/869/853 873/868/853 871/917/853 829/918/853
f 873/919/308 874/920/308 872/921/308 871/922/308
f 889/923/308 890/924/308 881/925/308 882/926/308
f 893/927/308 894/928/308 879/929/308 880/930/308
f 916/931/854 893/932/854 880/933/854 914/934/854
f 922/935/855 889/936/855 882/937/855 920/938/855
f 897/939/308 898/940/308 877/941/308 878/942/308
f 910/943/856 885/944/856 884/945/856 908/946/856
f 2775/947/857 888/948/857 887/949/857 2809/950/857
f 2778/951/858 896/952/858 895/953/858 2812/954/858
f 1046/955/859 898/956/859 897/957/859 1047/958/859
f 2784/959/860 892/960/860 891/961/860 2818/962/860
f 904/963/861 897/964/861 878/965/861 902/966/861
f 1059/967/862 909/968/862 890/969/862 1052/970/862
f 1063/971/863 915/972/863 886/973/863 1040/974/863
f 1067/975/864 921/976/864 898/977/864 1046/978/864
f 1055/979/865 903/980/865 894/981/865 1044/982/865
f 885/983/308 886/984/308 883/985/308 884/986/308
f 835/987/866 865/988/866 1222/989/866
f 1047/958/867 897/957/867 904/990/867 1053/991/867
f 2790/992/868 906/993/868 905/994/868 2787/995/868
f 894/996/869 903/997/869 901/998/869 879/999/869
f 903/1000/308 904/1001/308 902/1002/308 901/1003/308
f 1037/1004/870 885/944/870 910/943/870 1057/1005/870
f 2796/1006/871 911/1007/871 912/1008/871 2793/1009/871
f 890/1010/872 909/1011/872 907/1012/872 881/1013/872
f 909/1014/308 910/1015/308 908/1016/308 907/1017/308
f 1041/1018/873 893/932/873 916/931/873 1061/1019/873
f 2802/1020/874 917/1021/874 918/1022/874 2799/1023/874
f 886/1024/875 915/1025/875 913/1026/875 883/1027/875
f 915/1028/308 916/1029/308 914/1030/308 913/1031/308
f 1049/1032/876 889/1033/876 922/1034/876 1065/1035/876
f 2808/1036/877 924/1037/877 923/1038/877 2805/1039/877
f 898/1040/878 921/1041/878 919/1042/878 877/1043/878
f 921/1044/308 922/1045/308 920/1046/308 919/1047/308
f 937/1048/308 938/1049/308 929/1050/308 930/1051/308
f 941/1052/308 942/1053/308 927/1054/308 928/1055/308
f 964/1056/879 941/1057/879 928/1058/879 962/1059/879
f 970/1060/880 937/1061/880 930/1062/880 968/1063/880
f 945/1064/308 946/1065/308 925/1066/308 926/1067/308
f 958/1068/881 933/1069/881 932/1070/881 956/1071/881
f 3032/1072/882 936/1073/882 935/1074/882 3066/1075/882
f 3035/1076/883 944/1077/883 943/1078/883 3069/1079/883
f 1014/1080/884 946/1081/884 945/1082/884 1015/1083/884
f 3041/1084/885 940/1085/885 939/1086/885 3075/1087/885
f 952/1088/886 945/1089/886 926/1090/886 950/1091/886
f 1027/1092/887 957/1093/887 938/1094/887 1020/1095/887
f 1031/1096/888 963/1097/888 934/1098/888 1008/1099/888
f 1035/1100/889 969/1101/889 946/1102/889 1014/1103/889
f 1023/1104/890 951/1105/890 942/1106/890 1012/1107/890
f 933/1108/308 934/1109/308 931/1110/308 932/1111/308
f 853/1112/891 854/1113/891 1221/1114/891 1223/1115/891
f 1015/1083/892 945/1082/892 952/1116/892 1021/1117/892
f 3047/1118/893 954/1119/893 953/1120/893 3044/1121/893
f 942/1106/894 951/1105/894 949/1122/894 927/1123/894
f 951/1124/308 952/1125/308 950/1126/308 949/1127/308
f 1005/1128/895 933/1129/895 958/1130/895 1025/1131/895
f 3053/1132/896 959/1133/896 960/1134/896 3050/1135/896
f 938/1136/897 957/1137/897 955/879/897 929/878/897
f 957/1138/308 958/1139/308 956/1140/308 955/1141/308
f 1009/1142/898 941/1143/898 964/1144/898 1029/1145/898
f 3059/1146/899 965/1147/899 966/1148/899 3056/1149/899
f 934/1150/900 963/1151/900 961/1152/900 931/1153/900
f 963/1154/308 964/1155/308 962/1156/308 961/1157/308
f 1017/1158/901 937/1159/901 970/1160/901 1033/1161/901
f 3065/1162/902 972/1163/902 971/1164/902 3062/1165/902
f 946/1166/903 969/1167/903 967/1168/903 925/1169/903
f 969/1170/308 970/1171/308 968/1172/308 967/1173/308
f 873/1174/904 1003/1175/904 1001/912/904 874/827/904
f 1003/1175/905 1004/1176/905 1002/1177/905 1001/912/905
f 2872/1178/906 986/1179/906 1002/1177/906 2875/1180/906
f 986/1179/907 985/911/907 1001/912/907 1002/1177/907
f 867/864/908 999/863/908 997/898/908 868/823/908
f 999/863/909 1000/1181/909 998/1182/909 997/898/909
f 2890/1183/910 978/1184/910 998/1182/910 2893/1185/910
f 978/1184/911 977/897/911 997/898/911 998/1182/911
f 861/1186/912 995/1187/912 2351/1188/912 2339/1189/912 2345/1190/912 993/890/912 862/835/912
f 840/1191/913 2889/1192/913 2888/1193/913 2887/1194/913 974/1195/913 994/1196/913 2347/1197/913 2335/1198/913 2341/1199/913 864/1200/913
f 974/1195/914 973/889/914 993/890/914 2349/1201/914 2337/1202/914 2343/1203/914 994/1196/914
f 855/872/915 991/871/915 2333/1204/915 2321/1205/915 2327/1206/915 989/1207/915 856/1208/915
f 852/1209/916 2871/1210/916 2870/1211/916 2869/1212/916 984/1213/916 990/1214/916 2329/1215/916 2317/1216/916 2323/1217/916 857/1218/916
f 984/1213/917 983/881/917 989/882/917 2331/1219/917 2319/1220/917 2325/1221/917 990/1214/917
f 858/1222/918 2324/1223/918 2318/1224/918 2330/1225/918 992/1226/918 979/1227/918 2904/1228/918 2903/1229/918 2902/1230/918 847/1231/918
f 992/1226/919 2326/1232/919 2320/1233/919 2332/1234/919 991/871/919 980/874/919 979/1227/919
f 2878/1235/920 1004/1236/920 981/1237/920 2883/1238/920
f 1004/1236/921 1003/867/921 982/870/921 981/1237/921
f 2896/1239/922 1000/1181/922 975/1240/922 2901/1241/922
f 1000/1181/923 999/863/923 976/866/923 975/1240/923
f 863/1242/924 2342/1243/924 2336/1244/924 2348/1245/924 996/1246/924 987/1247/924 2886/1248/924 2885/1249/924 2884/1250/924 843/1251/924
f 996/1246/925 2344/1252/925 2338/1253/925 2350/1254/925 995/859/925 988/862/925 987/1247/925
f 841/1255/926 985/1256/926 988/1257/926 842/1258/926
f 985/1256/926 986/1259/926 987/1260/926 988/1257/926
f 2883/1261/927 981/1262/927 984/1263/927 2869/1264/927
f 981/1262/836 982/847/836 983/850/836 984/1263/836
f 845/1265/928 977/1266/928 980/1267/928 846/1268/928
f 977/1266/929 978/1269/929 979/1270/929 980/1267/929
f 837/1271/930 973/1272/930 976/866/930 838/865/930
f 973/1272/930 974/1273/930 975/1240/930 976/866/930
f 969/1101/931 1035/1100/931 1033/1161/931 970/1160/931
f 1035/1100/931 1036/1274/931 1034/1275/931 1033/1161/931
f 3039/1276/932 1018/1277/932 1034/1275/932 3060/1278/932
f 1018/1277/933 1017/1158/933 1033/1161/933 1034/1275/933
f 963/1097/934 1031/1096/934 1029/1145/934 964/1144/934
f 1031/1096/934 1032/1279/934 1030/1280/934 1029/1145/934
f 3033/1281/935 1010/1282/935 1030/1280/935 3054/1283/935
f 1010/1282/936 1009/1142/936 1029/1145/936 1030/1280/936
f 957/1093/937 1027/1092/937 1025/1131/937 958/1130/937
f 1027/1092/938 1028/1284/938 1026/1285/938 1025/1131/938
f 3030/1286/939 1006/1287/939 1026/1285/939 3048/1288/939
f 1006/1287/940 1005/1128/940 1025/1131/940 1026/1285/940
f 951/1105/941 1023/1104/941 1021/1117/941 952/1116/941
f 1023/1104/941 1024/1289/941 1022/1290/941 1021/1117/941
f 3036/1291/942 1016/1292/942 1022/1290/942 3042/1293/942
f 1016/1292/943 1015/1083/943 1021/1117/943 1022/1290/943
f 3045/1294/944 1024/1289/944 1011/1295/944 3071/1296/944
f 1024/1289/945 1023/1104/945 1012/1107/945 1011/1295/945
f 3063/1297/946 1036/1274/946 1013/1298/946 3074/1299/946
f 1036/1274/947 1035/1100/947 1014/1103/947 1013/1298/947
f 3057/1300/948 1032/1279/948 1007/1301/948 3068/1302/948
f 1032/1279/949 1031/1096/949 1008/1099/949 1007/1301/949
f 3051/1303/950 1028/1284/950 1019/1304/950 3077/1305/950
f 1028/1284/951 1027/1092/951 1020/1095/951 1019/1304/951
f 937/1306/952 1017/1307/952 1020/1095/952 938/1094/952
f 1017/1307/952 1018/1308/952 1019/1304/952 1020/1095/952
f 3074/1309/953 1013/1310/953 1016/1292/953 3036/1291/953
f 1013/1310/884 1014/1080/884 1015/1083/884 1016/1292/884
f 941/1143/954 1009/1142/954 1012/1311/954 942/1312/954
f 1009/1142/954 1010/1282/954 1011/1313/954 1012/1311/954
f 933/1314/955 1005/1315/955 1008/1099/955 934/1098/955
f 1005/1315/956 1006/1316/956 1007/1301/956 1008/1099/956
f 921/976/957 1067/975/957 1065/1035/957 922/1034/957
f 1067/975/957 1068/1317/957 1066/1318/957 1065/1035/957
f 2782/1319/958 1050/1320/958 1066/1318/958 2803/1321/958
f 1050/1320/959 1049/1032/959 1065/1035/959 1066/1318/959
f 915/972/960 1063/971/960 1061/1019/960 916/931/960
f 1063/971/961 1064/1322/961 1062/1323/961 1061/1019/961
f 2776/1324/962 1042/1325/962 1062/1323/962 2797/1326/962
f 1042/1325/963 1041/1018/963 1061/1019/963 1062/1323/963
f 909/968/964 1059/967/964 1057/1005/964 910/943/964
f 1059/967/964 1060/1327/964 1058/1328/964 1057/1005/964
f 2773/1329/965 1038/1330/965 1058/1328/965 2791/1331/965
f 1038/1330/966 1037/1004/966 1057/1005/966 1058/1328/966
f 903/980/967 1055/979/967 1053/991/967 904/990/967
f 1055/979/967 1056/1332/967 1054/1333/967 1053/991/967
f 2779/1334/968 1048/1335/968 1054/1333/968 2785/1336/968
f 1048/1335/969 1047/958/969 1053/991/969 1054/1333/969
f 2788/1337/970 1056/1332/970 1043/1338/970 2814/1339/970
f 1056/1332/971 1055/979/971 1044/982/971 1043/1338/971
f 2806/1340/972 1068/1317/972 1045/1341/972 2817/1342/972
f 1068/1317/973 1067/975/973 1046/978/973 1045/1341/973
f 2800/1343/974 1064/1322/974 1039/1344/974 2811/1345/974
f 1064/1322/975 1063/971/975 1040/974/975 1039/1344/975
f 2794/1346/976 1060/1327/976 1051/1347/976 2820/1348/976
f 1060/1327/977 1059/967/977 1052/970/977 1051/1347/977
f 889/1349/978 1049/1350/978 1052/970/978 890/969/978
f 1049/1350/978 1050/1351/978 1051/1347/978 1052/970/978
f 2817/1352/979 1045/1353/979 1048/1335/979 2779/1334/979
f 1045/1353/980 1046/955/980 1047/958/980 1048/1335/980
f 893/1354/981 1041/1355/981 1044/982/981 894/981/981
f 1041/1355/981 1042/1356/981 1043/1338/981 1044/982/981
f 885/1357/982 1037/1358/982 1040/974/982 886/973/982
f 1037/1358/982 1038/1359/982 1039/1344/982 1040/974/982
f 1802/1360/983 1796/1361/983 1101/1362/983 1149/1363/983
f 1814/1364/984 1806/1365/984 1103/1366/984 1167/1367/984
f 1875/1368/985 1865/1369/985 1078/1370/985 1185/1371/985
f 1837/1372/986 1829/1373/986 1081/1374/986 1157/1375/986
f 1196/1376/987 1145/1377/987 1080/1378/987 1165/1379/987
f 2051/1380/988 2054/1381/988 1210/1382/988 1823/1383/988
f 1800/1384/989 1794/1385/989 1076/1386/989 1181/1387/989
f 1162/1388/990 1146/1389/990 1091/1390/990 1112/1391/990
f 1907/1392/991 1748/1393/991 1072/1394/991 1187/1395/991
f 1849/1396/992 1841/1397/992 1071/1398/992 1179/1399/992
f 1790/1400/993 1782/1401/993 1075/1402/993 1177/1403/993
f 1760/1404/994 1818/1405/994 1093/1406/994 1161/1407/994
f 1931/1408/995 1917/1409/995 1092/1410/995 1183/1411/995
f 1788/1412/996 1780/1413/996 1099/1414/996 1159/1415/996
f 1835/1416/997 1827/1417/997 1070/1418/997 1173/1419/997
f 1847/1420/998 1843/1421/998 1083/1422/998 1155/1423/998
f 1873/1424/999 1866/1425/999 1087/1426/999 1151/1427/999
f 1812/1428/1000 1807/1429/1000 1074/1430/1000 1171/1431/1000
f 1861/1432/1001 1854/1433/1001 1085/1434/1001 1163/1435/1001
f 1859/1436/1002 1853/1437/1002 1079/1438/1002 1191/1439/1002
f 1073/1440/1003 1077/1441/1003 1190/1442/1003 1189/1443/1003 1090/1444/1003 1777/1445/1003
f 1165/1379/1004 1080/1378/1004 1089/1446/1004 1144/1447/1004
f 1073/1448/1005 1114/1449/1005 1108/1450/1005 1077/1451/1005
f 1853/1452/1006 1856/1453/1006 1113/1454/1006 1079/1455/1006
f 1865/1456/1007 1868/1457/1007 1106/1458/1007 1078/1459/1007
f 1841/1460/1008 1844/1461/1008 1109/1462/1008 1071/1463/1008
f 1782/1464/1009 1783/1465/1009 1111/1466/1009 1075/1467/1009
f 1927/1468/1010 1918/1469/1010 1097/1470/1010 1147/1471/1010
f 1903/1472/1011 1751/1473/1011 1095/1474/1011 1153/1475/1011
f 1827/1476/1012 1830/1477/1012 1110/1478/1012 1070/1479/1012
f 1764/1480/1013 1819/1481/1013 1091/1482/1013 1175/1483/1013
f 1807/1484/1014 1809/1485/1014 1115/1486/1014 1074/1487/1014
f 1794/1488/1015 1797/1489/1015 1105/1490/1015 1076/1491/1015
f 1080/1492/308 1093/1493/308 1089/1494/308
f 1843/1495/308 1085/1496/308 1118/1497/308 1845/1498/308
f 1854/1499/308 1087/1500/308 1119/1501/308 1857/1502/308
f 1796/1503/308 1103/1504/308 1126/1505/308 1798/1506/308
f 1917/1507/1016 1921/1508/1016 1104/1509/1016 1092/1510/1016
f 1831/1511/1017 1116/1512/1017 1141/1513/1017 1833/1514/1017
f 1784/1515/1018 1124/1516/1018 1135/1517/1018 1786/1518/1018
f 1806/1519/308 1081/1520/308 1116/1521/308 1810/1522/308
f 1866/1425/1019 1089/1446/1019 1130/1523/1019 1870/1524/1019
f 1089/1494/1020 1093/1493/1020 1121/1525/1020 1120/1526/1020
f 1829/1373/1021 1083/1422/1021 1134/1527/1021 1832/1528/1021
f 1748/1529/1022 1897/1530/1022 1107/1531/1022 1072/1532/1022
f 1120/1526/308 1121/1525/308 1242/1533/308 1241/1534/308
f 1870/1535/308 1130/1536/308 1138/1537/308 1871/1538/308
f 1785/1539/308 1128/1540/308 1136/1541/308 1786/1542/308
f 1819/1543/1023 1774/1544/1023 1112/1391/1023 1091/1390/1023
f 1832/1545/308 1134/1546/308 1142/1547/308 1833/1548/308
f 1124/1549/1024 1099/1550/1024 1127/1551/1024 1135/1552/1024
f 1089/1553/1025 1120/1554/1025 1138/1555/1025 1130/1556/1025
f 1083/1557/1026 1117/1558/1026 1142/1559/1026 1134/1560/1026
f 1770/1561/308 1132/1562/308 1140/1563/308 1768/1564/308
f 1869/1565/1027 1119/1566/1027 1137/1567/1027 1871/1568/1027
f 1116/1569/1028 1081/1570/1028 1133/1571/1028 1141/1572/1028
f 1121/1573/1029 1093/1574/1029 1131/1575/1029 1139/1576/1029
f 1780/1413/1030 1101/1362/1030 1128/1577/1030 1785/1578/1030
f 1119/1579/1031 1087/1580/1031 1129/1581/1031 1137/1582/1031
f 1095/1583/1032 1122/1584/1032 1140/1585/1032 1132/1586/1032
f 1101/1587/1033 1125/1588/1033 1136/1589/1033 1128/1590/1033
f 1776/1591/1034 1095/1474/1034 1132/1592/1034 1770/1593/1034
f 1114/1594/1035 1166/1595/1035 1143/1596/1035 1108/1597/1035
f 1166/1595/1036 1165/1379/1036 1144/1447/1036 1143/1596/1036
f 1855/1598/1037 1858/1599/1037 1192/1600/1037 1086/1601/1037
f 1858/1599/1038 1859/1436/1038 1191/1439/1038 1192/1600/1038
f 1856/1602/1039 1860/1603/1039 1164/1604/1039 1113/1605/1039
f 1860/1603/1040 1861/1432/1040 1163/1435/1040 1164/1604/1040
f 1808/1606/1041 1811/1607/1041 1172/1608/1041 1069/1609/1041
f 1811/1607/1042 1812/1428/1042 1171/1431/1042 1172/1608/1042
f 1868/1610/1043 1872/1611/1043 1152/1612/1043 1106/1613/1043
f 1872/1611/1044 1873/1424/1044 1151/1427/1044 1152/1612/1044
f 1844/1614/1045 1846/1615/1045 1156/1616/1045 1109/1617/1045
f 1846/1615/1046 1847/1420/1046 1155/1423/1046 1156/1616/1046
f 1828/1618/1047 1834/1619/1047 1174/1620/1047 1082/1621/1047
f 1834/1619/1048 1835/1416/1048 1173/1419/1048 1174/1620/1048
f 1783/1622/1049 1787/1623/1049 1160/1624/1049 1111/1625/1049
f 1787/1623/1050 1788/1412/1050 1159/1415/1050 1160/1624/1050
f 1919/1626/308 1099/1627/308 1124/1628/308 1923/1629/308
f 1921/1630/1051 1925/1631/1051 1148/1632/1051 1104/1633/1051
f 1773/1634/1052 1121/1635/1052 1139/1636/1052 1769/1637/1052
f 1781/1638/1053 1789/1639/1053 1178/1640/1053 1100/1641/1053
f 1789/1639/1054 1790/1400/1054 1177/1403/1054 1178/1640/1054
f 1842/1642/1055 1848/1643/1055 1180/1644/1055 1084/1645/1055
f 1848/1643/1056 1849/1396/1056 1179/1399/1056 1180/1644/1056
f 1750/1646/308 1097/1647/308 1123/1648/308 1899/1649/308
f 1897/1650/1057 1901/1651/1057 1154/1652/1057 1107/1653/1057
f 1093/1493/1058 1080/1492/1058 1145/1654/1058 1161/1655/1058
f 1161/1655/1059 1145/1654/1059 1146/1389/1059 1162/1388/1059
f 1795/1656/1060 1799/1657/1060 1182/1658/1060 1102/1659/1060
f 1799/1657/1061 1800/1384/1061 1181/1387/1061 1182/1658/1061
f 1925/1631/1062 1927/1468/1062 1147/1471/1062 1148/1632/1062
f 1170/1660/1063 1194/1661/1063 1166/1595/1063 1114/1594/1063
f 1194/1661/1064 1196/1376/1064 1165/1379/1064 1166/1595/1064
f 1094/1662/1065 1176/1663/1065 1193/1664/1065 1169/1665/1065
f 1169/1665/1066 1193/1664/1066 1194/1661/1066 1170/1660/1066
f 1176/1663/1067 1175/1666/1067 1195/1667/1067 1193/1664/1067
f 1193/1664/1068 1195/1667/1068 1196/1376/1068 1194/1661/1068
f 1175/1666/1069 1091/1668/1069 1146/1669/1069 1195/1667/1069
f 1195/1667/1070 1146/1669/1070 1145/1377/1070 1196/1376/1070
f 1830/1670/1071 1836/1671/1071 1158/1672/1071 1110/1673/1071
f 1836/1671/1072 1837/1372/1072 1157/1375/1072 1158/1672/1072
f 1867/1674/1073 1874/1675/1073 1186/1676/1073 1088/1677/1073
f 1874/1675/1074 1875/1368/1074 1185/1371/1074 1186/1676/1074
f 1766/1678/1075 1764/1480/1075 1175/1483/1075 1176/1679/1075
f 1774/1680/1076 1762/1681/1076 1162/1682/1076 1112/1683/1076
f 1901/1651/1077 1903/1472/1077 1153/1475/1077 1154/1652/1077
f 1809/1684/1078 1813/1685/1078 1168/1686/1078 1115/1687/1078
f 1813/1685/1079 1814/1364/1079 1167/1367/1079 1168/1686/1079
f 1797/1688/1080 1801/1689/1080 1150/1690/1080 1105/1691/1080
f 1801/1689/1081 1802/1360/1081 1149/1363/1081 1150/1690/1081
f 1905/1692/1082 1907/1392/1082 1187/1395/1082 1188/1693/1082
f 1828/1618/1083 1082/1621/1083 1206/1694/1083 1838/1695/1083
f 1838/1695/1084 1206/1694/1084 1205/1696/1084 1839/1697/1084
f 1867/1674/1085 1088/1677/1085 1220/1698/1085 1876/1699/1085
f 1876/1699/1086 1220/1698/1086 1219/1700/1086 1877/1701/1086
f 1855/1598/1087 1086/1601/1087 1204/1702/1087 1862/1703/1087
f 1862/1703/1088 1204/1702/1088 1203/1704/1088 1863/1705/1088
f 1777/1445/1089 1090/1444/1089 1215/1706/1089 1778/1707/1089
f 1778/1707/1090 1215/1706/1090 1216/1708/1090 1779/1709/1090
f 1929/1710/1091 1931/1408/1091 1183/1411/1091 1184/1711/1091
f 1932/1712/1092 1213/1713/1092 1214/1714/1092 1934/1715/1092 2140/1716/1092 2112/1717/1092 2168/1718/1092
f 1762/1681/1093 1760/1404/1093 1161/1407/1093 1162/1682/1093
f 1759/1719/1094 1209/1720/1094 1210/1382/1094 1757/1721/1094 2134/1722/1094 2106/1723/1094 2162/1724/1094
f 1781/1638/1095 1100/1641/1095 1207/1725/1095 1791/1726/1095
f 1791/1726/1096 1207/1725/1096 1208/1727/1096 1792/1728/1096
f 1808/1606/1097 1069/1609/1097 1200/1729/1097 1815/1730/1097
f 1815/1730/1098 1200/1729/1098 1199/1731/1098 1816/1732/1098
f 3003/1733/1099 1939/1734/1099 1244/1735/1099 2922/1736/1099
f 1842/1642/1100 1084/1645/1100 1201/1737/1100 1850/1738/1100
f 1850/1738/1101 1201/1737/1101 1202/1739/1101 1851/1740/1101
f 1795/1656/1102 1102/1659/1102 1197/1741/1102 1803/1742/1102
f 1803/1743/1103 1197/1744/1103 1198/1745/1103 1804/1746/1103
f 1227/1747/308 1225/1748/308 1228/1749/308 1226/1750/308
f 1231/1751/308 1229/1752/308 1232/1753/308 1230/1754/308
f 1233/1755/308 1912/1756/308 1913/1757/308 1234/1758/308 1936/1759/308 1937/1760/308 1235/1761/308 1793/1762/308 1236/1763/308 1805/1764/308 1237/1765/308 1817/1766/308 1238/1767/308 1840/1768/308 1243/1769/308 1852/1770/308 1239/1771/308 1864/1772/308 1240/1773/308 1878/1774/308 1241/1534/308 1242/1533/308 1755/1775/308 1754/1776/308
f 865/1777/1104 866/1778/1104 1223/1115/1104 1222/1779/1104
f 955/1780/1105 956/1781/1105 1230/1782/1105 1232/1783/1105
f 925/1784/1106 967/1785/1106 1229/1786/1106
f 854/1787/1107 830/1788/1107 1221/1789/1107
f 967/1785/1108 968/1790/1108 1232/880/1108 1229/1786/1108
f 860/1791/1109 836/1792/1109 1222/989/1109
f 832/1793/1110 831/1794/1110 1223/1115/1110
f 834/1795/1111 833/1796/1111 1224/1797/1111
f 879/1798/1112 901/1799/1112 1227/1800/1112
f 836/1792/1113 835/987/1113 1222/989/1113
f 901/1799/1114 902/1801/1114 1225/1802/1114 1227/1800/1114
f 883/1027/1115 913/1026/1115 1226/1803/1115
f 830/1788/1116 829/1804/1116 1221/1789/1116
f 913/1031/1117 914/1030/1117 1227/1747/1117 1226/1750/1117
f 866/1778/1118 832/1793/1118 1223/1115/1118
f 872/1805/1119 834/1795/1119 1224/1797/1119
f 902/966/1120 878/965/1120 1225/1806/1120
f 908/1807/1121 884/1808/1121 1226/1803/1121
f 880/1809/1122 879/1798/1122 1227/1800/1122
f 833/1796/1123 859/1810/1123 1224/1797/1123
f 882/937/1124 881/1811/1124 1228/1812/1124
f 927/1813/1125 949/1814/1125 1231/1815/1125
f 859/896/1126 860/895/1126 1222/1816/1126 1224/1817/1126
f 884/1808/1127 883/1027/1127 1226/1803/1127
f 949/1814/1128 950/1818/1128 1229/1819/1128 1231/1815/1128
f 829/1804/1129 871/1820/1129 1221/1789/1129
f 931/1153/1130 961/1152/1130 1230/1782/1130
f 878/965/1131 877/1821/1131 1225/1806/1131
f 871/922/1132 872/921/1132 1224/1817/1132 1221/1822/1132
f 961/1157/1133 962/1156/1133 1231/1751/1133 1230/1754/1133
f 1908/1823/1134 1212/1824/1134 1211/1825/1134 1910/1826/1134 2138/1827/1134 2110/1828/1134 2166/1829/1134
f 914/1830/1135 880/1809/1135 1227/1800/1135
f 1784/1831/308 1125/1832/308 1236/1763/308 1793/1762/308
f 920/938/1136 882/937/1136 1228/1812/1136
f 950/1091/1137 926/1090/1137 1229/1786/1137
f 1810/1522/308 1116/1521/308 1238/1767/308 1817/1766/308
f 956/1781/1138 932/1833/1138 1230/1782/1138
f 1857/1502/308 1119/1501/308 1240/1773/308 1864/1772/308
f 928/1058/1139 927/1813/1139 1231/1815/1139
f 1869/1834/308 1120/1526/308 1241/1534/308 1878/1774/308
f 881/1811/1140 907/1835/1140 1228/1812/1140
f 930/1836/1141 929/878/1141 1232/880/1141
f 907/1835/1142 908/1807/1142 1226/1803/1142 1228/1812/1142
f 932/1833/1143 931/1153/1143 1230/1782/1143
f 877/1821/1144 919/1837/1144 1225/1806/1144
f 1798/1506/308 1126/1505/308 1237/1765/308 1805/1764/308
f 926/1090/1145 925/1784/1145 1229/1786/1145
f 919/1837/1146 920/1838/1146 1228/1839/1146 1225/1806/1146
f 962/1059/1147 928/1058/1147 1231/1815/1147
f 1845/1498/308 1118/1497/308 1239/1771/308 1852/1770/308
f 968/1790/1148 930/1836/1148 1232/880/1148
f 1831/1840/308 1117/1841/308 1243/1769/308 1840/1768/308
f 831/1794/1149 853/1112/1149 1223/1115/1149
f 1223/1842/308 1221/1822/308 1224/1817/308 1222/1816/308
f 2066/1843/1150 2068/1844/1150 1851/1740/1150 1202/1739/1150
f 1772/1845/308 1122/1846/308 1233/1755/308 1754/1776/308
f 1923/1629/308 1124/1628/308 1235/1761/308 1937/1760/308
f 1826/1847/1151 1218/1848/1151 1217/1849/1151 1824/1850/1151 2133/1851/1151 2105/1852/1151 2161/1853/1151
f 1899/1649/308 1123/1648/308 1234/1758/308 1913/1757/308
f 1285/1854/1152 1250/1855/1152 1249/1856/1152 1287/1857/1152
f 2744/1858/1153 2732/1859/1153 1254/1860/1153 1280/1861/1153
f 1376/1862/1154 1340/1863/1154 1250/1864/1154 1285/1865/1154
f 2748/1866/1155 2730/1867/1155 1251/1868/1155 1282/1869/1155
f 1364/1870/1156 1343/1871/1156 1256/1872/1156 1275/1873/1156
f 1275/1874/1157 1256/1875/1157 1253/1876/1157 1273/1877/1157
f 2772/1878/1158 2734/1879/1158 1257/1880/1158 1333/1881/1158
f 1418/1882/1159 1348/1883/1159 1259/1884/1159 1325/1885/1159
f 1325/1886/1160 1259/1887/1160 1260/1888/1160 1328/1889/1160
f 2766/1890/1161 2736/1891/1161 1261/1892/1161 1321/1893/1161
f 2760/1894/1162 2738/1895/1162 1262/1896/1162 1303/1897/1162
f 2754/1898/1163 2740/1899/1163 1263/1900/1163 1291/1901/1163
f 1406/1902/1164 1356/1903/1164 1269/1904/1164 1313/1905/1164
f 1394/1906/1165 1358/1907/1165 1268/1908/1165 1307/1909/1165
f 1382/1910/1166 1360/1911/1166 1267/1912/1166 1295/1913/1166
f 1313/1914/1167 1269/1915/1167 1272/1916/1167 1316/1917/1167
f 1307/1909/1168 1268/1908/1168 1271/1918/1168 1310/1919/1168
f 1295/1920/1169 1267/1921/1169 1270/1922/1169 1298/1923/1169
f 1250/1855/1170 1276/1924/1170 1274/1925/1170 1249/1856/1170
f 1276/1924/1171 1275/1874/1171 1273/1877/1171 1274/1925/1171
f 1340/1863/1172 1362/1926/1172 1276/1927/1172 1250/1864/1172
f 1362/1928/1173 1364/1929/1173 1275/1930/1173 1276/1931/1173
f 2730/1867/1174 2742/1932/1174 1279/1933/1174 1251/1868/1174
f 2742/1932/1175 2744/1858/1175 1280/1861/1175 1279/1933/1175
f 2740/1899/1176 2746/1934/1176 1281/1935/1176 1263/1900/1176
f 2746/1934/1177 2748/1866/1177 1282/1869/1177 1281/1935/1177
f 1360/1911/1178 1374/1936/1178 1286/1937/1178 1267/1912/1178
f 1374/1936/1179 1376/1862/1179 1285/1865/1179 1286/1937/1179
f 1267/1921/1180 1286/1938/1180 1288/1939/1180 1270/1922/1180
f 1286/1938/1181 1285/1854/1181 1287/1857/1181 1288/1939/1181
f 1268/1940/1182 1297/1941/1182 1300/1942/1182 1271/1943/1182
f 1297/1941/1183 1296/1944/1183 1299/1945/1183 1300/1942/1183
f 1296/1944/1184 1295/1920/1184 1298/1923/1184 1299/1945/1184
f 1358/1907/1185 1378/1946/1185 1297/1947/1185 1268/1908/1185
f 1378/1946/1186 1380/1948/1186 1296/1949/1186 1297/1947/1186
f 1380/1948/1187 1382/1910/1187 1295/1913/1187 1296/1949/1187
f 2738/1895/1188 2750/1950/1188 1289/1951/1188 1262/1896/1188
f 2750/1950/1189 2752/1952/1189 1290/1953/1189 1289/1951/1189
f 2752/1952/1190 2754/1898/1190 1291/1901/1190 1290/1953/1190
f 1269/1915/1191 1309/1954/1191 1312/1955/1191 1272/1916/1191
f 1309/1954/1192 1308/1956/1192 1311/1957/1192 1312/1955/1192
f 1308/1956/1193 1307/1958/1193 1310/1959/1193 1311/1957/1193
f 1356/1903/1194 1390/1960/1194 1309/1961/1194 1269/1904/1194
f 1390/1960/1195 1392/1962/1195 1308/1963/1195 1309/1961/1195
f 1392/1962/1196 1394/1906/1196 1307/1909/1196 1308/1963/1196
f 2736/1891/1197 2756/1964/1197 1301/1965/1197 1261/1892/1197
f 2756/1964/1198 2758/1966/1198 1302/1967/1198 1301/1965/1198
f 2758/1966/1199 2760/1894/1199 1303/1897/1199 1302/1967/1199
f 1259/1968/1200 1315/1969/1200 1318/1970/1200 1260/1971/1200
f 1315/1969/1201 1314/1972/1201 1317/1973/1201 1318/1970/1201
f 1314/1972/1202 1313/1914/1202 1316/1917/1202 1317/1973/1202
f 1348/1883/1203 1402/1974/1203 1315/1975/1203 1259/1884/1203
f 1402/1974/1204 1404/1976/1204 1314/1977/1204 1315/1975/1204
f 1404/1976/1205 1406/1902/1205 1313/1905/1205 1314/1977/1205
f 2734/1879/1206 2762/1978/1206 1319/1979/1206 1257/1880/1206
f 2762/1978/1207 2764/1980/1207 1320/1981/1207 1319/1979/1207
f 2764/1980/1208 2766/1890/1208 1321/1893/1208 1320/1981/1208
f 1327/1982/1209 1326/1983/1209 1329/1984/1209 1330/1985/1209
f 1326/1983/1210 1325/1986/1210 1328/1987/1210 1329/1984/1210
f 1414/1988/1211 1416/1989/1211 1326/1990/1211 1327/1991/1211
f 1416/1989/1212 1418/1882/1212 1325/1885/1212 1326/1990/1212
f 2768/1992/1213 2770/1993/1213 1332/1994/1213 1331/1995/1213
f 2770/1993/1214 2772/1878/1214 1333/1881/1214 1332/1994/1214
f 1329/1996/1215 1328/1997/1215 1423/1998/1215 1421/1999/1215
f 1421/1999/1216 1423/1998/1216 1424/2000/1216 1422/2001/1216
f 1330/2002/1217 1329/1996/1217 1421/1999/1217 1419/2003/1217
f 1419/2003/1218 1421/1999/1218 1422/2001/1218 1420/2004/1218
f 1335/2005/1219 1336/2006/1219 1417/2007/1219 1415/2008/1219
f 1415/2008/1220 1417/2007/1220 1418/1882/1220 1416/1989/1220
f 1334/2009/1221 1335/2005/1221 1415/2008/1221 1413/2010/1221
f 1413/2010/1220 1415/2008/1220 1416/1989/1220 1414/1988/1220
f 1317/2011/1222 1316/2012/1222 1411/2013/1222 1409/2014/1222
f 1409/2014/1223 1411/2013/1223 1412/2015/1223 1410/2016/1223
f 1318/2017/1224 1317/2011/1224 1409/2014/1224 1407/2018/1224
f 1407/2018/1225 1409/2014/1225 1410/2016/1225 1408/2019/1225
f 1260/2020/1226 1318/2017/1226 1407/2018/1226 1345/2021/1226
f 1345/2021/1227 1407/2018/1227 1408/2019/1227 1346/2022/1227
f 1323/2023/1228 1324/2024/1228 1405/2025/1228 1403/2026/1228
f 1403/2026/1229 1405/2025/1229 1406/1902/1229 1404/1976/1229
f 1322/2027/1230 1323/2023/1230 1403/2026/1230 1401/2028/1230
f 1401/2028/1229 1403/2026/1229 1404/1976/1229 1402/1974/1229
f 1258/2029/1231 1322/2027/1231 1401/2028/1231 1347/2030/1231
f 1347/2030/1229 1401/2028/1229 1402/1974/1229 1348/1883/1229
f 1311/2031/1232 1310/2032/1232 1399/2033/1232 1397/2034/1232
f 1397/2034/1233 1399/2033/1233 1400/2035/1233 1398/2036/1233
f 1312/2037/1234 1311/2031/1234 1397/2034/1234 1395/2038/1234
f 1395/2038/1235 1397/2034/1235 1398/2036/1235 1396/2039/1235
f 1272/2040/1236 1312/2037/1236 1395/2038/1236 1349/2041/1236
f 1349/2041/1237 1395/2038/1237 1396/2039/1237 1350/2042/1237
f 1305/2043/1238 1306/2044/1238 1393/2045/1238 1391/2046/1238
f 1391/2046/1239 1393/2045/1239 1394/1906/1239 1392/1962/1239
f 1304/2047/1240 1305/2043/1240 1391/2046/1240 1389/2048/1240
f 1389/2048/1239 1391/2046/1239 1392/1962/1239 1390/1960/1239
f 1264/2049/1241 1304/2047/1241 1389/2048/1241 1355/2050/1241
f 1355/2050/1239 1389/2048/1239 1390/1960/1239 1356/1903/1239
f 1299/2051/1242 1298/2052/1242 1387/2053/1242 1385/2054/1242
f 1385/2054/1243 1387/2053/1243 1388/2055/1243 1386/2056/1243
f 1300/2057/1244 1299/2051/1244 1385/2054/1244 1383/2058/1244
f 1383/2058/1245 1385/2054/1245 1386/2056/1245 1384/2059/1245
f 1271/2060/1246 1300/2057/1246 1383/2058/1246 1351/2061/1246
f 1351/2061/1247 1383/2058/1247 1384/2059/1247 1352/2062/1247
f 1293/2063/1248 1294/2064/1248 1381/2065/1248 1379/2066/1248
f 1379/2066/1249 1381/2065/1249 1382/1910/1249 1380/1948/1249
f 1292/2067/1250 1293/2063/1250 1379/2066/1250 1377/2068/1250
f 1377/2068/1249 1379/2066/1249 1380/1948/1249 1378/1946/1249
f 1265/2069/1251 1292/2067/1251 1377/2068/1251 1357/2070/1251
f 1357/2070/1252 1377/2068/1252 1378/1946/1252 1358/1907/1252
f 1283/2071/1253 1284/2072/1253 1375/2073/1253 1373/2074/1253
f 1373/2074/1254 1375/2073/1254 1376/1862/1254 1374/1936/1254
f 1266/2075/1255 1283/2071/1255 1373/2074/1255 1359/2076/1255
f 1359/2076/1254 1373/2074/1254 1374/1936/1254 1360/1911/1254
f 1288/2077/1256 1287/2078/1256 1371/2079/1256 1369/2080/1256
f 1369/2080/1257 1371/2079/1257 1372/2081/1257 1370/2082/1257
f 1270/2083/1258 1288/2077/1258 1369/2080/1258 1353/2084/1258
f 1353/2084/1259 1369/2080/1259 1370/2082/1259 1354/2085/1259
f 1274/2086/1260 1273/2087/1260 1367/2088/1260 1365/2089/1260
f 1365/2089/1261 1367/2088/1261 1368/2090/1261 1366/2091/1261
f 1249/2092/1262 1274/2086/1262 1365/2089/1262 1337/2093/1262
f 1337/2093/1263 1365/2089/1263 1366/2091/1263 1338/2094/1263
f 1277/2095/1264 1278/2096/1264 1363/2097/1264 1361/2098/1264
f 1361/2098/1265 1363/2097/1265 1364/1870/1265 1362/1926/1265
f 1252/2099/1266 1277/2095/1266 1361/2098/1266 1339/2100/1266
f 1339/2100/1265 1361/2098/1265 1362/1926/1265 1340/1863/1265
f 1294/2064/1267 1266/2075/1267 1359/2076/1267 1381/2065/1267
f 1381/2065/1252 1359/2076/1252 1360/1911/1252 1382/1910/1252
f 1306/2044/1268 1265/2069/1268 1357/2070/1268 1393/2045/1268
f 1393/2045/1239 1357/2070/1239 1358/1907/1239 1394/1906/1239
f 1324/2024/1269 1264/2049/1269 1355/2050/1269 1405/2025/1269
f 1405/2025/1229 1355/2050/1229 1356/1903/1229 1406/1902/1229
f 1298/2052/1270 1270/2083/1270 1353/2084/1270 1387/2053/1270
f 1387/2053/1271 1353/2084/1271 1354/2085/1271 1388/2055/1271
f 1310/2032/1272 1271/2060/1272 1351/2061/1272 1399/2033/1272
f 1399/2033/1273 1351/2061/1273 1352/2062/1273 1400/2035/1273
f 1316/2012/1274 1272/2040/1274 1349/2041/1274 1411/2013/1274
f 1411/2013/1275 1349/2041/1275 1350/2042/1275 1412/2015/1275
f 1336/2006/1276 1258/2029/1276 1347/2030/1276 1417/2007/1276
f 1417/2007/1220 1347/2030/1220 1348/1883/1220 1418/1882/1220
f 1328/1997/1277 1260/2020/1277 1345/2021/1277 1423/1998/1277
f 1423/1998/1278 1345/2021/1278 1346/2022/1278 1424/2000/1278
f 1278/2096/1279 1255/2101/1279 1344/2102/1279 1363/2097/1279
f 1363/2097/1265 1344/2102/1265 1343/1871/1265 1364/1870/1265
f 1287/2078/1280 1249/2092/1280 1337/2093/1280 1371/2079/1280
f 1371/2079/1281 1337/2093/1281 1338/2094/1281 1372/2081/1281
f 1284/2072/1282 1252/2099/1282 1339/2100/1282 1375/2073/1282
f 1375/2073/1254 1339/2100/1254 1340/1863/1254 1376/1862/1254
f 1273/2103/1283 1253/2104/1283 1341/2105/1283 1367/2106/1283
f 1367/2088/1284 1341/2107/1284 1342/2108/1284 1368/2090/1284
f 1479/2109/1285 1427/2110/1285 1425/2111/1285 1480/2112/1285
f 1540/2113/1286 1484/2114/1286 1427/2115/1286 1479/2116/1286
f 1536/2117/1287 1486/2118/1287 1430/2119/1287 1475/2120/1287
f 1475/2121/1288 1430/2122/1288 1429/2123/1288 1477/2124/1288
f 1528/2125/1289 1490/2126/1289 1433/2127/1289 1469/2128/1289
f 1532/2129/1290 1488/2130/1290 1432/2131/1290 1474/2132/1290
f 1522/2133/1291 1492/2134/1291 1435/2135/1291 1461/2136/1291
f 1461/2137/1292 1435/2138/1292 1436/2139/1292 1464/2140/1292
f 1516/2141/1293 1494/2142/1293 1437/2143/1293 1457/2144/1293
f 1510/2145/1294 1496/2146/1294 1439/2147/1294 1449/2148/1294
f 1449/2149/1295 1439/2150/1295 1440/2151/1295 1452/2152/1295
f 1439/2150/1296 1442/2153/1296 1444/2154/1296 1440/2151/1296
f 1442/2153/1297 1441/2155/1297 1443/2156/1297 1444/2154/1297
f 1496/2146/1298 1498/2157/1298 1442/2158/1298 1439/2147/1298
f 1498/2157/1299 1500/2159/1299 1441/2160/1299 1442/2158/1299
f 1494/2142/1300 1502/2161/1300 1445/2162/1300 1437/2143/1300
f 1502/2161/1301 1504/2163/1301 1446/2164/1301 1445/2162/1301
f 1435/2138/1302 1451/2165/1302 1454/2166/1302 1436/2139/1302
f 1451/2165/1303 1450/2167/1303 1453/2168/1303 1454/2166/1303
f 1450/2167/1304 1449/2149/1304 1452/2152/1304 1453/2168/1304
f 1492/2134/1305 1506/2169/1305 1451/2170/1305 1435/2135/1305
f 1506/2169/1306 1508/2171/1306 1450/2172/1306 1451/2170/1306
f 1508/2171/1307 1510/2173/1307 1449/2174/1307 1450/2172/1307
f 1490/2126/1308 1512/2175/1308 1455/2176/1308 1433/2127/1308
f 1512/2175/1309 1514/2177/1309 1456/2178/1309 1455/2176/1309
f 1514/2177/1310 1516/2179/1310 1457/2180/1310 1456/2178/1310
f 1430/2122/1311 1463/2181/1311 1466/2182/1311 1429/2123/1311
f 1463/2181/1312 1462/2183/1312 1465/2184/1312 1466/2182/1312
f 1462/2183/1313 1461/2137/1313 1464/2140/1313 1465/2184/1313
f 1486/2118/1314 1518/2185/1314 1463/2186/1314 1430/2119/1314
f 1518/2185/1315 1520/2187/1315 1462/2188/1315 1463/2186/1315
f 1520/2187/1316 1522/2133/1316 1461/2136/1316 1462/2188/1316
f 1488/2130/1317 1524/2189/1317 1467/2190/1317 1432/2131/1317
f 1524/2189/1318 1526/2191/1318 1468/2192/1318 1467/2190/1318
f 1526/2191/1319 1528/2125/1319 1469/2128/1319 1468/2192/1319
f 1484/2193/1320 1481/2194/1320 1425/2195/1320 1427/2196/1320
f 1530/2197/1321 1532/2129/1321 1474/2132/1321 1426/2198/1321
f 1476/2199/1322 1475/2200/1322 1477/2201/1322 1478/2202/1322
f 1484/2193/1323 1483/2203/1323 1482/2204/1323 1481/2194/1323
f 1534/2205/1324 1536/2117/1324 1475/2120/1324 1476/2206/1324
f 1428/2207/1325 1473/2208/1325 1535/2209/1325 1533/2210/1325
f 1533/2210/1326 1535/2209/1326 1536/2117/1326 1534/2205/1326
f 1483/2211/1327 3237/2212/1327 3236/2213/1327 3235/2214/1327 3234/2215/1327 1428/2207/1327 1533/2210/1327
f 1478/2216/1328 1477/2217/1328 1531/2218/1328 1529/2219/1328
f 1529/2219/1329 1531/2218/1329 1532/2129/1329 1530/2197/1329
f 1529/2220/1330 1530/2221/1330 1533/2222/1330 1534/2223/1330
f 1478/2202/1331 1529/2220/1331 1534/2223/1331 1476/2199/1331
f 1465/2224/1332 1464/2225/1332 1527/2226/1332 1525/2227/1332
f 1525/2227/1333 1527/2226/1333 1528/2125/1333 1526/2191/1333
f 1466/2228/1334 1465/2224/1334 1525/2227/1334 1523/2229/1334
f 1523/2229/1335 1525/2227/1335 1526/2191/1335 1524/2189/1335
f 1429/2230/1336 1466/2228/1336 1523/2229/1336 1487/2231/1336
f 1487/2231/1337 1523/2229/1337 1524/2189/1337 1488/2130/1337
f 1471/2232/1338 1472/2233/1338 1521/2234/1338 1519/2235/1338
f 1519/2235/1339 1521/2234/1339 1522/2133/1339 1520/2187/1339
f 1470/2236/1340 1471/2232/1340 1519/2235/1340 1517/2237/1340
f 1517/2237/1341 1519/2235/1341 1520/2187/1341 1518/2185/1341
f 1431/2238/1342 1470/2236/1342 1517/2237/1342 1485/2239/1342
f 1485/2239/1343 1517/2237/1343 1518/2185/1343 1486/2118/1343
f 1453/2240/1344 1452/2241/1344 1515/2242/1344 1513/2243/1344
f 1513/2243/1345 1515/2242/1345 1516/2179/1345 1514/2177/1345
f 1454/2244/1346 1453/2240/1346 1513/2243/1346 1511/2245/1346
f 1511/2245/1347 1513/2243/1347 1514/2177/1347 1512/2175/1347
f 1436/2246/1348 1454/2244/1348 1511/2245/1348 1489/2247/1348
f 1489/2247/1349 1511/2245/1349 1512/2175/1349 1490/2126/1349
f 1459/2248/1350 1460/2249/1350 1509/2250/1350 1507/2251/1350
f 1507/2251/1351 1509/2250/1351 1510/2173/1351 1508/2171/1351
f 1458/2252/1352 1459/2248/1352 1507/2251/1352 1505/2253/1352
f 1505/2253/1353 1507/2251/1353 1508/2171/1353 1506/2169/1353
f 1434/2254/1354 1458/2252/1354 1505/2253/1354 1491/2255/1354
f 1491/2255/1355 1505/2253/1355 1506/2169/1355 1492/2134/1355
f 1444/2256/1356 1443/2257/1356 1503/2258/1356 1501/2259/1356
f 1501/2259/1357 1503/2258/1357 1504/2163/1357 1502/2161/1357
f 1440/2260/1358 1444/2256/1358 1501/2259/1358 1493/2261/1358
f 1493/2261/1359 1501/2259/1359 1502/2161/1359 1494/2142/1359
f 1447/2262/1360 1448/2263/1360 1499/2264/1360 1497/2265/1360
f 1497/2265/1361 1499/2264/1361 1500/2159/1361 1498/2157/1361
f 1438/2266/1362 1447/2262/1362 1497/2265/1362 1495/2267/1362
f 1495/2267/1363 1497/2265/1363 1498/2157/1363 1496/2146/1363
f 1460/2268/1364 1438/2266/1364 1495/2267/1364 1509/2269/1364
f 1509/2269/1365 1495/2267/1365 1496/2146/1365 1510/2145/1365
f 1452/2270/1366 1440/2260/1366 1493/2261/1366 1515/2271/1366
f 1515/2271/1367 1493/2261/1367 1494/2142/1367 1516/2141/1367
f 1472/2233/1368 1434/2254/1368 1491/2255/1368 1521/2234/1368
f 1521/2234/1369 1491/2255/1369 1492/2134/1369 1522/2133/1369
f 1477/2217/1370 1429/2230/1370 1487/2231/1370 1531/2218/1370
f 1531/2218/1371 1487/2231/1371 1488/2130/1371 1532/2129/1371
f 1464/2225/1372 1436/2246/1372 1489/2247/1372 1527/2226/1372
f 1527/2226/1373 1489/2247/1373 1490/2126/1373 1528/2125/1373
f 1473/2208/1374 1431/2238/1374 1485/2239/1374 1535/2209/1374
f 1535/2209/1375 1485/2239/1375 1486/2118/1375 1536/2117/1375
f 1480/2272/1376 1425/2273/1376 1481/2274/1376 1537/2275/1376
f 1537/2275/1377 1481/2274/1377 1482/2276/1377 1538/2277/1377
f 3240/2278/1378 3237/2212/1378 1483/2211/1378 1539/2279/1378
f 1539/2279/1379 1483/2211/1379 1484/2114/1379 1540/2113/1379
f 1499/2264/1380 1547/2280/1380 1548/2281/1380 1500/2159/1380
f 1448/2263/1381 1544/2282/1381 1547/2280/1381 1499/2264/1381
f 1503/2258/1382 1545/2283/1382 1546/2284/1382 1504/2163/1382
f 1443/2257/1383 1542/2285/1383 1545/2283/1383 1503/2258/1383
f 1504/2163/1384 1546/2284/1384 1543/2286/1384 1446/2164/1384
f 1500/2159/1385 1548/2281/1385 1541/2287/1385 1441/2160/1385
f 1441/2155/1386 1541/2288/1386 1542/2289/1386 1443/2156/1386
f 1561/2290/308 1562/2291/308 1553/2292/308 1554/2293/308
f 1565/2294/308 1566/2295/308 1551/2296/308 1552/2297/308
f 1588/2298/854 1565/2299/854 1552/2300/854 1586/2301/854
f 1594/2302/855 1561/2303/855 1554/2304/855 1592/2305/855
f 1569/2306/308 1570/2307/308 1549/2308/308 1550/2309/308
f 1582/2310/856 1557/2311/856 1556/2312/856 1580/2313/856
f 2823/2314/1387 1560/2315/1387 1559/2316/1387 2857/2317/1387
f 2826/2318/1388 1568/2319/1388 1567/2320/1388 2860/2321/1388
f 1606/2322/980 1570/2323/980 1569/2324/980 1607/2325/980
f 2832/2326/1389 1564/2327/1389 1563/2328/1389 2866/2329/1389
f 1576/2330/861 1569/2331/861 1550/2332/861 1574/2333/861
f 1619/2334/862 1581/2335/862 1562/2336/862 1612/2337/862
f 1623/2338/863 1587/2339/863 1558/2340/863 1600/2341/863
f 1627/2342/864 1593/2343/864 1570/2344/864 1606/2345/864
f 1615/2346/865 1575/2347/865 1566/2348/865 1604/2349/865
f 1557/2350/308 1558/2351/308 1555/2352/308 1556/2353/308
f 1607/2325/867 1569/2324/867 1576/2354/867 1613/2355/867
f 2838/2356/1390 1578/2357/1390 1577/2358/1390 2835/2359/1390
f 1566/2360/869 1575/2361/869 1573/2362/869 1551/2363/869
f 1575/2364/308 1576/2365/308 1574/2366/308 1573/2367/308
f 1597/2368/870 1557/2311/870 1582/2310/870 1617/2369/870
f 2844/2370/1391 1583/2371/1391 1584/2372/1391 2841/2373/1391
f 1562/2374/1392 1581/2375/1392 1579/2376/1392 1553/2377/1392
f 1581/2378/308 1582/2379/308 1580/2380/308 1579/2381/308
f 1601/2382/873 1565/2299/873 1588/2298/873 1621/2383/873
f 2850/2384/1393 1589/2385/1393 1590/2386/1393 2847/2387/1393
f 1558/2388/875 1587/2389/875 1585/2390/875 1555/2391/875
f 1587/2392/308 1588/2393/308 1586/2394/308 1585/2395/308
f 1609/2396/876 1561/2397/876 1594/2398/876 1625/2399/876
f 2856/2400/1394 1596/2401/1394 1595/2402/1394 2853/2403/1394
f 1570/2404/878 1593/2405/878 1591/2406/878 1549/2407/878
f 1593/2408/308 1594/2409/308 1592/2410/308 1591/2411/308
f 1593/2343/1395 1627/2342/1395 1625/2399/1395 1594/2398/1395
f 1627/2342/957 1628/2412/957 1626/2413/957 1625/2399/957
f 2830/2414/1396 1610/2415/1396 1626/2413/1396 2851/2416/1396
f 1610/2415/959 1609/2396/959 1625/2399/959 1626/2413/959
f 1587/2339/960 1623/2338/960 1621/2383/960 1588/2298/960
f 1623/2338/960 1624/2417/960 1622/2418/960 1621/2383/960
f 2824/2419/1397 1602/2420/1397 1622/2418/1397 2845/2421/1397
f 1602/2420/963 1601/2382/963 1621/2383/963 1622/2418/963
f 1581/2335/964 1619/2334/964 1617/2369/964 1582/2310/964
f 1619/2334/964 1620/2422/964 1618/2423/964 1617/2369/964
f 2821/2424/1398 1598/2425/1398 1618/2423/1398 2839/2426/1398
f 1598/2425/966 1597/2368/966 1617/2369/966 1618/2423/966
f 1575/2347/967 1615/2346/967 1613/2355/967 1576/2354/967
f 1615/2346/967 1616/2427/967 1614/2428/967 1613/2355/967
f 2827/2429/1399 1608/2430/1399 1614/2428/1399 2833/2431/1399
f 1608/2430/969 1607/2325/969 1613/2355/969 1614/2428/969
f 2836/2432/1400 1616/2427/1400 1603/2433/1400 2862/2434/1400
f 1616/2427/971 1615/2346/971 1604/2349/971 1603/2433/971
f 2854/2435/1401 1628/2412/1401 1605/2436/1401 2865/2437/1401
f 1628/2412/973 1627/2342/973 1606/2345/973 1605/2436/973
f 2848/2438/1402 1624/2417/1402 1599/2439/1402 2859/2440/1402
f 1624/2417/975 1623/2338/975 1600/2341/975 1599/2439/975
f 2842/2441/1403 1620/2422/1403 1611/2442/1403 2868/2443/1403
f 1620/2422/977 1619/2334/977 1612/2337/977 1611/2442/977
f 1561/2444/978 1609/2445/978 1612/2337/978 1562/2336/978
f 1609/2445/978 1610/2446/978 1611/2442/978 1612/2337/978
f 2865/2447/1404 1605/2448/1404 1608/2430/1404 2827/2429/1404
f 1605/2448/980 1606/2322/980 1607/2325/980 1608/2430/980
f 1565/2449/981 1601/2450/981 1604/2349/981 1566/2348/981
f 1601/2450/981 1602/2451/981 1603/2433/981 1604/2349/981
f 1557/2452/982 1597/2453/982 1600/2341/982 1558/2340/982
f 1597/2453/982 1598/2454/982 1599/2439/982 1600/2341/982
f 1631/2455/308 1629/2456/308 1632/2457/308 1630/2458/308
f 1551/2459/1112 1573/2460/1112 1631/2461/1112
f 1573/2460/1114 1574/2462/1114 1629/2463/1114 1631/2461/1114
f 1555/2391/1115 1585/2390/1115 1630/2464/1115
f 1585/2395/1117 1586/2394/1117 1631/2455/1117 1630/2458/1117
f 1574/2333/1120 1550/2332/1120 1629/2465/1120
f 1580/2466/1121 1556/2467/1121 1630/2464/1121
f 1552/2468/1122 1551/2459/1122 1631/2461/1122
f 1554/2304/1124 1553/2469/1124 1632/2470/1124
f 1556/2467/1127 1555/2391/1127 1630/2464/1127
f 1550/2332/1131 1549/2471/1131 1629/2465/1131
f 1586/2472/1135 1552/2468/1135 1631/2461/1135
f 1592/2305/1136 1554/2304/1136 1632/2470/1136
f 1553/2469/1405 1579/2473/1405 1632/2470/1405
f 1579/2473/1142 1580/2466/1142 1630/2464/1142 1632/2470/1142
f 1549/2471/1144 1591/2474/1144 1629/2465/1144
f 1591/2474/1146 1592/2475/1146 1632/2476/1146 1629/2465/1146
f 1643/2477/1406 1634/2478/1406 1633/2479/1406 1645/2480/1406
f 1698/2481/1407 1674/2482/1407 1634/2483/1407 1643/2484/1407
f 1740/2485/1408 1678/2486/1408 1635/2487/1408 1665/2488/1408
f 1665/2489/1409 1635/2490/1409 1636/2491/1409 1668/2492/1409
f 1728/2493/1410 1686/2494/1410 1639/2495/1410 1659/2496/1410
f 1716/2497/1411 1688/2498/1411 1638/2499/1411 1653/2500/1411
f 1704/2501/1412 1690/2502/1412 1637/2503/1412 1647/2504/1412
f 1659/2505/1413 1639/2506/1413 1642/2507/1413 1662/2508/1413
f 1653/2509/1414 1638/2510/1414 1641/2511/1414 1656/2512/1414
f 1647/2513/1415 1637/2514/1415 1640/2515/1415 1650/2516/1415
f 1690/2502/1416 1696/2517/1416 1644/2518/1416 1637/2503/1416
f 1696/2517/1417 1698/2481/1417 1643/2484/1417 1644/2518/1417
f 1637/2514/1418 1644/2519/1418 1646/2520/1418 1640/2515/1418
f 1644/2519/1419 1643/2477/1419 1645/2480/1419 1646/2520/1419
f 1638/2521/1420 1649/2522/1420 1652/2523/1420 1641/2524/1420
f 1649/2522/1421 1648/2525/1421 1651/2526/1421 1652/2523/1421
f 1648/2525/1422 1647/2513/1422 1650/2516/1422 1651/2526/1422
f 1688/2498/1423 1700/2527/1423 1649/2528/1423 1638/2499/1423
f 1700/2527/1424 1702/2529/1424 1648/2530/1424 1649/2528/1424
f 1702/2529/1425 1704/2501/1425 1647/2504/1425 1648/2530/1425
f 1639/2506/1426 1655/2531/1426 1658/2532/1426 1642/2507/1426
f 1655/2531/1427 1654/2533/1427 1657/2534/1427 1658/2532/1427
f 1654/2533/1428 1653/2535/1428 1656/2536/1428 1657/2534/1428
f 1686/2494/1429 1712/2537/1429 1655/2538/1429 1639/2495/1429
f 1712/2537/1430 1714/2539/1430 1654/2540/1430 1655/2538/1430
f 1714/2539/1431 1716/2497/1431 1653/2500/1431 1654/2540/1431
f 1635/2541/1432 1661/2542/1432 1664/2543/1432 1636/2544/1432
f 1661/2545/1433 1660/2546/1433 1663/2547/1433 1664/2548/1433
f 1660/2549/1434 1659/2505/1434 1662/2508/1434 1663/2550/1434
f 1678/2486/1435 1724/2551/1435 1661/2552/1435 1635/2487/1435
f 1724/2551/1436 1726/2553/1436 1660/2554/1436 1661/2552/1436
f 1726/2553/1437 1728/2493/1437 1659/2496/1437 1660/2554/1437
f 1667/2555/1438 1666/2556/1438 1669/2557/1438 1670/2558/1438
f 1666/2556/1439 1665/2559/1439 1668/2560/1439 1669/2557/1439
f 1736/2561/1440 1738/2562/1440 1666/2563/1440 1667/2564/1440
f 1738/2562/1441 1740/2485/1441 1665/2488/1441 1666/2563/1441
f 1669/2565/1442 1668/2566/1442 1745/2567/1442 1743/2568/1442
f 1743/2568/1443 1745/2567/1443 1746/2569/1443 1744/2570/1443
f 1670/2571/1444 1669/2565/1444 1743/2568/1444 1741/2572/1444
f 1741/2572/1445 1743/2568/1445 1744/2570/1445 1742/2573/1445
f 2525/2574/1446 2529/2575/1446 1739/2576/1446 1737/2577/1446
f 1737/2577/1447 1739/2576/1447 1740/2485/1447 1738/2562/1447
f 2521/2578/1448 2525/2574/1448 1737/2577/1448 1735/2579/1448
f 1735/2579/1449 1737/2577/1449 1738/2562/1449 1736/2561/1449
f 1663/2580/1450 1662/2581/1450 1733/2582/1450 1731/2583/1450
f 1731/2583/1451 1733/2582/1451 1734/2584/1451 1732/2585/1451
f 1664/2586/1452 1663/2580/1452 1731/2583/1452 1729/2587/1452
f 1729/2587/1453 1731/2583/1453 1732/2585/1453 1730/2588/1453
f 1636/2589/1454 1664/2586/1454 1729/2587/1454 1675/2590/1454
f 1675/2590/1455 1729/2587/1455 1730/2588/1455 1676/2591/1455
f 2513/2592/1456 2517/2593/1456 1727/2594/1456 1725/2595/1456
f 1725/2595/1457 1727/2594/1457 1728/2493/1457 1726/2553/1457
f 2509/2596/1458 2513/2592/1458 1725/2595/1458 1723/2597/1458
f 1723/2597/1459 1725/2595/1459 1726/2553/1459 1724/2551/1459
f 2461/2598/1460 2509/2596/1460 1723/2597/1460 1677/2599/1460
f 1677/2599/1461 1723/2597/1461 1724/2551/1461 1678/2486/1461
f 1657/2600/1462 1656/2601/1462 1721/2602/1462 1719/2603/1462
f 1719/2603/1463 1721/2602/1463 1722/2604/1463 1720/2605/1463
f 1658/2606/1464 1657/2600/1464 1719/2603/1464 1717/2607/1464
f 1717/2607/1465 1719/2603/1465 1720/2605/1465 1718/2608/1465
f 1642/2609/1466 1658/2606/1466 1717/2607/1466 1679/2610/1466
f 1679/2610/1467 1717/2607/1467 1718/2608/1467 1680/2611/1467
f 2501/2612/1468 2505/2613/1468 1715/2614/1468 1713/2615/1468
f 1713/2615/1469 1715/2614/1469 1716/2497/1469 1714/2539/1469
f 2497/2616/1470 2501/2612/1470 1713/2615/1470 1711/2617/1470
f 1711/2617/1471 1713/2615/1471 1714/2539/1471 1712/2537/1471
f 2465/2618/1472 2497/2616/1472 1711/2617/1472 1685/2619/1472
f 1685/2619/1473 1711/2617/1473 1712/2537/1473 1686/2494/1473
f 1651/2620/1474 1650/2621/1474 1709/2622/1474 1707/2623/1474
f 1707/2623/1475 1709/2622/1475 1710/2624/1475 1708/2625/1475
f 1652/2626/1476 1651/2620/1476 1707/2623/1476 1705/2627/1476
f 1705/2627/1477 1707/2623/1477 1708/2625/1477 1706/2628/1477
f 1641/2629/1478 1652/2626/1478 1705/2627/1478 1681/2630/1478
f 1681/2630/1479 1705/2627/1479 1706/2628/1479 1682/2631/1479
f 2489/2632/1480 2493/2633/1480 1703/2634/1480 1701/2635/1480
f 1701/2635/1481 1703/2634/1481 1704/2501/1481 1702/2529/1481
f 2485/2636/1482 2489/2632/1482 1701/2635/1482 1699/2637/1482
f 1699/2637/1483 1701/2635/1483 1702/2529/1483 1700/2527/1483
f 2469/2638/1484 2485/2636/1484 1699/2637/1484 1687/2639/1484
f 1687/2639/1485 1699/2637/1485 1700/2527/1485 1688/2498/1485
f 2477/2640/1486 2481/2641/1486 1697/2642/1486 1695/2643/1486
f 1695/2643/1487 1697/2642/1487 1698/2481/1487 1696/2517/1487
f 2473/2644/1488 2477/2640/1488 1695/2643/1488 1689/2645/1488
f 1689/2645/1489 1695/2643/1489 1696/2517/1489 1690/2502/1489
f 1646/2646/1490 1645/2647/1490 1693/2648/1490 1691/2649/1490
f 1691/2649/1491 1693/2648/1491 1694/2650/1491 1692/2651/1491
f 1640/2652/1492 1646/2646/1492 1691/2649/1492 1683/2653/1492
f 1683/2653/1493 1691/2649/1493 1692/2651/1493 1684/2654/1493
f 2493/2633/1494 2473/2644/1494 1689/2645/1494 1703/2634/1494
f 1703/2634/1495 1689/2645/1495 1690/2502/1495 1704/2501/1495
f 2505/2613/1496 2469/2638/1496 1687/2639/1496 1715/2614/1496
f 1715/2614/1497 1687/2639/1497 1688/2498/1497 1716/2497/1497
f 2517/2593/1498 2465/2618/1498 1685/2619/1498 1727/2594/1498
f 1727/2594/1499 1685/2619/1499 1686/2494/1499 1728/2493/1499
f 1650/2621/1500 1640/2652/1500 1683/2653/1500 1709/2622/1500
f 1709/2622/1501 1683/2653/1501 1684/2654/1501 1710/2624/1501
f 1656/2601/1502 1641/2629/1502 1681/2630/1502 1721/2602/1502
f 1721/2602/1503 1681/2630/1503 1682/2631/1503 1722/2604/1503
f 1662/2581/1504 1642/2609/1504 1679/2610/1504 1733/2582/1504
f 1733/2582/1505 1679/2610/1505 1680/2611/1505 1734/2584/1505
f 2529/2575/1506 2461/2598/1506 1677/2599/1506 1739/2576/1506
f 1739/2576/1507 1677/2599/1507 1678/2486/1507 1740/2485/1507
f 1668/2566/1508 1636/2589/1508 1675/2590/1508 1745/2567/1508
f 1745/2567/1509 1675/2590/1509 1676/2591/1509 1746/2569/1509
f 1645/2647/1510 1633/2655/1510 1671/2656/1510 1693/2648/1510
f 1693/2648/1511 1671/2656/1511 1672/2657/1511 1694/2650/1511
f 2481/2641/1512 2457/2658/1512 1673/2659/1512 1697/2642/1512
f 1697/2642/1513 1673/2659/1513 1674/2482/1513 1698/2481/1513
f 2994/2660/1514 1915/2661/1514 1951/2662/1514 3012/2663/1514
f 1213/2664/1134 1909/2665/1134 2165/2666/1134 2109/2667/1134 2137/2668/1134 1911/2669/1134 1214/2670/1134
f 1898/2671/308 1899/1649/308 1913/1757/308 1912/1756/308
f 1122/1846/308 1898/2671/308 1912/1756/308 1233/1755/308
f 2067/2672/1515 2073/2673/1515 1910/1826/1515 1211/1825/1515
f 1761/2674/1516 1776/1591/1516 1818/1405/1516 1760/1404/1516
f 1153/1475/1517 1095/1474/1517 1776/1591/1517 1761/2674/1517
f 1765/2675/1518 1820/2676/1518 1819/1481/1518 1764/1480/1518
f 1187/1395/1519 1072/1394/1519 1820/2676/1519 1765/2675/1519
f 1820/2677/1520 1775/2678/1520 1774/1544/1520 1819/1543/1520
f 1072/1532/1521 1107/1531/1521 1775/2678/1521 1820/2677/1521
f 1771/2679/308 1770/1561/308 1768/1564/308 1769/2680/308
f 1131/2681/308 1771/2679/308 1769/2680/308 1139/2682/308
f 1818/1405/1522 1776/1591/1522 1770/1593/1522 1771/2683/1522
f 1093/1406/1523 1818/1405/1523 1771/2683/1523 1131/2684/1523
f 1772/2685/1524 1773/1634/1524 1769/1637/1524 1768/2686/1524
f 1122/2687/1524 1772/2685/1524 1768/2686/1524 1140/2688/1524
f 1767/2689/1525 1765/2675/1525 1764/1480/1525 1766/1678/1525
f 1188/1693/1526 1187/1395/1526 1765/2675/1526 1767/2689/1526
f 1775/2690/1527 1763/2691/1527 1762/1681/1527 1774/1680/1527
f 1107/1653/1528 1154/1652/1528 1763/2691/1528 1775/2690/1528
f 2056/2692/1529 1816/1732/1529 1199/1731/1529 2060/2693/1529
f 1218/2694/1090 1778/1707/1090 1779/1709/1090 1217/2695/1090
f 1073/1440/1089 1777/1445/1089 1778/1707/1089 1218/2694/1089
f 2966/2696/1530 2914/2697/1530 2058/2698/1530 2056/2692/1530
f 1124/1628/308 1784/1831/308 1793/1762/308 1235/1761/308
f 1197/1741/1096 1791/1726/1096 1792/1728/1096 1198/2699/1096
f 1102/1659/1095 1781/1638/1095 1791/1726/1095 1197/1741/1095
f 1182/1658/1531 1181/1387/1531 1790/1400/1531 1789/1639/1531
f 1102/1659/1532 1182/1658/1532 1789/1639/1532 1781/1638/1532
f 1150/1690/1533 1149/1363/1533 1788/1412/1533 1787/1623/1533
f 1105/1691/1534 1150/1690/1534 1787/1623/1534 1783/1622/1534
f 1099/1414/1535 1780/1413/1535 1785/1578/1535 1127/2700/1535
f 1127/2701/308 1785/1539/308 1786/1542/308 1135/2702/308
f 1125/2703/1536 1784/1515/1536 1786/1518/1536 1136/2704/1536
f 1076/1491/1537 1105/1490/1537 1783/1465/1537 1782/1464/1537
f 1149/1363/1538 1101/1362/1538 1780/1413/1538 1788/1412/1538
f 1181/1387/1539 1076/1386/1539 1782/1401/1539 1790/1400/1539
f 1125/1832/308 1798/1506/308 1805/1764/308 1236/1763/308
f 1200/1729/1103 1803/1743/1103 1804/1746/1103 1199/1731/1103
f 1069/2705/1102 1795/1656/1102 1803/1742/1102 1200/2706/1102
f 1168/2707/1540 1167/2708/1540 1802/1360/1540 1801/1689/1540
f 1115/2709/1541 1168/2707/1541 1801/1689/1541 1797/1688/1541
f 1172/2710/1542 1171/2711/1542 1800/1384/1542 1799/1657/1542
f 1069/2705/1543 1172/2710/1543 1799/1657/1543 1795/1656/1543
f 1101/2712/308 1796/1503/308 1798/1506/308 1125/1832/308
f 1074/1487/1544 1115/1486/1544 1797/1489/1544 1794/1488/1544
f 1171/2711/1545 1074/2713/1545 1794/1385/1545 1800/1384/1545
f 1167/2708/1546 1103/2714/1546 1796/1361/1546 1802/1360/1546
f 1126/1505/308 1810/1522/308 1817/1766/308 1237/1765/308
f 2074/2715/1547 2055/2716/1547 1214/2717/1547 1911/2718/1547
f 1206/1694/1098 1815/1730/1098 1816/1732/1098 1205/1696/1098
f 1082/1621/1097 1808/1606/1097 1815/1730/1097 1206/1694/1097
f 1158/1672/1548 1157/1375/1548 1814/1364/1548 1813/1685/1548
f 1110/1673/1549 1158/1672/1549 1813/1685/1549 1809/1684/1549
f 1174/1620/1550 1173/1419/1550 1812/1428/1550 1811/1607/1550
f 1082/1621/1551 1174/1620/1551 1811/1607/1551 1808/1606/1551
f 1103/1504/308 1806/1519/308 1810/1522/308 1126/1505/308
f 1070/1479/1552 1110/1478/1552 1809/1485/1552 1807/1484/1552
f 1173/1419/1553 1070/1418/1553 1807/1429/1553 1812/1428/1553
f 1157/1375/1554 1081/1374/1554 1806/1365/1554 1814/1364/1554
f 1763/2691/1555 1761/2674/1555 1760/1404/1555 1762/1681/1555
f 1154/1652/1556 1153/1475/1556 1761/2674/1556 1763/2691/1556
f 2905/2719/1557 1753/2720/1557 1946/2721/1557 3009/2722/1557
f 1212/1824/1094 1758/2723/1094 2163/2724/1094 2107/2725/1094 2135/2726/1094 1756/2727/1094 1211/1825/1094
f 1773/2728/308 1772/1845/308 1754/1776/308 1755/1775/308
f 1121/1525/308 1773/2728/308 1755/1775/308 1242/1533/308
f 2910/2729/1558 1245/2730/1558 1753/2731/1558 2905/2732/1558
f 1116/1521/308 1831/1840/308 1840/1768/308 1238/1767/308
f 1201/1737/1559 1838/1695/1559 1839/1697/1559 1202/1739/1559
f 1084/1645/1083 1828/1618/1083 1838/1695/1083 1201/1737/1083
f 1156/1616/1560 1155/1423/1560 1837/1372/1560 1836/1671/1560
f 1109/1617/1561 1156/1616/1561 1836/1671/1561 1830/1670/1561
f 1180/1644/1562 1179/1399/1562 1835/1416/1562 1834/1619/1562
f 1084/1645/1563 1180/1644/1563 1834/1619/1563 1828/1618/1563
f 1133/2733/308 1832/1545/308 1833/1548/308 1141/2734/308
f 1081/1374/1021 1829/1373/1021 1832/1528/1021 1133/2735/1021
f 1117/2736/1017 1831/1511/1017 1833/1514/1017 1142/2737/1017
f 1071/1463/1564 1109/1462/1564 1830/1477/1564 1827/1476/1564
f 1179/1399/1565 1071/1398/1565 1827/1417/1565 1835/1416/1565
f 1155/1423/1566 1083/1422/1566 1829/1373/1566 1837/1372/1566
f 2058/2698/1567 2061/2738/1567 1839/1697/1567 1205/1696/1567
f 1117/1841/308 1845/1498/308 1852/1770/308 1243/1769/308
f 1204/1702/1568 1850/2739/1568 1851/2740/1568 1203/1704/1568
f 1086/2741/1100 1842/1642/1100 1850/1738/1100 1204/2742/1100
f 1192/2743/1569 1191/2744/1569 1849/1396/1569 1848/1643/1569
f 1086/2741/1570 1192/2743/1570 1848/1643/1570 1842/1642/1570
f 1164/2745/1571 1163/2746/1571 1847/1420/1571 1846/1615/1571
f 1113/2747/1572 1164/2745/1572 1846/1615/1572 1844/1614/1572
f 1083/2748/308 1843/1495/308 1845/1498/308 1117/1841/308
f 1079/1455/1573 1113/1454/1573 1844/1461/1573 1841/1460/1573
f 1163/2746/1574 1085/2749/1574 1843/1421/1574 1847/1420/1574
f 1191/2744/1575 1079/2750/1575 1841/1397/1575 1849/1396/1575
f 1118/1497/308 1857/1502/308 1864/1772/308 1239/1771/308
f 1220/1698/1576 1862/1703/1576 1863/1705/1576 1219/1700/1576
f 1088/1677/1087 1855/1598/1087 1862/1703/1087 1220/1698/1087
f 1152/1612/1577 1151/1427/1577 1861/1432/1577 1860/1603/1577
f 1106/1613/1578 1152/1612/1578 1860/1603/1578 1856/1602/1578
f 1186/1676/1579 1185/1371/1579 1859/1436/1579 1858/1599/1579
f 1088/1677/1580 1186/1676/1580 1858/1599/1580 1855/1598/1580
f 1085/1496/308 1854/1499/308 1857/1502/308 1118/1497/308
f 1078/1459/1581 1106/1458/1581 1856/1453/1581 1853/1452/1581
f 1185/1371/1582 1078/1370/1582 1853/1437/1582 1859/1436/1582
f 1151/1427/1583 1087/1426/1583 1854/1433/1583 1861/1432/1583
f 1119/1501/308 1869/1834/308 1878/1774/308 1240/1773/308
f 2059/2751/1584 2071/2752/1584 1779/1709/1584 1216/1708/1584
f 1215/1706/1086 1876/1699/1086 1877/1701/1086 1216/1708/1086
f 1090/1444/1085 1867/1674/1085 1876/1699/1085 1215/1706/1085
f 1189/1443/1585 1190/1442/1585 1875/1368/1585 1874/1675/1585
f 1090/1444/1586 1189/1443/1586 1874/1675/1586 1867/1674/1586
f 1143/1596/1587 1144/1447/1587 1873/1424/1587 1872/1611/1587
f 1108/1597/1588 1143/1596/1588 1872/1611/1588 1868/1610/1588
f 1120/2753/1027 1869/1565/1027 1871/1568/1027 1138/2754/1027
f 1129/2510/308 1870/1535/308 1871/1538/308 1137/2755/308
f 1087/1426/1589 1866/1425/1589 1870/1524/1589 1129/2756/1589
f 1077/1451/1590 1108/1450/1590 1868/1457/1590 1865/1456/1590
f 1144/1447/1591 1089/1446/1591 1866/1425/1591 1873/1424/1591
f 1190/1442/1592 1077/1441/1592 1865/1369/1592 1875/1368/1592
f 1634/2483/1593 1674/2482/1593 1884/2757/1593 1880/2758/1593
f 1671/2656/1594 1633/2655/1594 1879/2759/1594 1881/2760/1594
f 1633/2479/1595 1634/2478/1595 1880/2761/1595 1879/2762/1595
f 1674/2482/1596 1673/2659/1596 1883/2763/1596 1884/2757/1596
f 3241/2764/1597 1672/2657/1597 1882/2765/1597 3298/2766/1597
f 1672/2657/1598 1671/2656/1598 1881/2760/1598 1882/2765/1598
f 1886/2767/1599 1888/2768/1599 1670/2571/1599 1741/2572/1599
f 1888/2769/1600 1890/2770/1600 1667/2555/1600 1670/2558/1600
f 1890/2771/1601 1892/2772/1601 1736/2561/1601 1667/2564/1601
f 1892/2772/1602 1894/2773/1602 1735/2579/1602 1736/2561/1602
f 1896/2774/1603 1886/2767/1603 1741/2572/1603 1742/2573/1603
f 3304/2775/1604 1896/2774/1604 1742/2573/1604 3289/2776/1604
f 3240/2278/1605 1539/2279/1605 1895/2777/1605 3301/2778/1605
f 3301/2778/1606 1895/2777/1606 1896/2774/1606 3304/2775/1606
f 1539/2279/1607 1540/2113/1607 1885/2779/1607 1895/2777/1607
f 1895/2777/1608 1885/2779/1608 1886/2767/1608 1896/2774/1608
f 1537/2275/1609 1538/2277/1609 1893/2780/1609 1891/2781/1609
f 1891/2781/1610 1893/2780/1610 1894/2773/1610 1892/2772/1610
f 1480/2272/1611 1537/2275/1611 1891/2781/1611 1889/2782/1611
f 1889/2782/1612 1891/2781/1612 1892/2772/1612 1890/2771/1612
f 1479/2109/1613 1480/2112/1613 1889/2783/1613 1887/2784/1613
f 1887/2784/1614 1889/2783/1614 1890/2770/1614 1888/2769/1614
f 1540/2113/1615 1479/2116/1615 1887/2785/1615 1885/2779/1615
f 1885/2779/1616 1887/2785/1616 1888/2768/1616 1886/2767/1616
f 1483/2786/1617 1533/2787/1617 1530/2788/1617 1482/2789/1617
f 1426/2198/1618 2449/2790/1618 2448/2791/1618 2447/2792/1618 2446/2793/1618 1482/2276/1618 1530/2197/1618
f 2978/2794/1619 1752/2795/1619 1246/2796/1619 2982/2797/1619
f 2062/2798/1620 2070/2799/1620 1804/2800/1620 1198/2699/1620
f 2061/2738/1621 2066/1843/1621 1202/1739/1621 1839/1697/1621
f 2053/2801/1622 1219/2802/1622 1863/2803/1622 2069/2804/1622
f 2057/2805/1623 1877/1701/1623 1219/1700/1623 2053/2806/1623
f 2065/2807/1624 2052/2808/1624 1824/2809/1624 1217/2695/1624
f 2071/2752/1584 2065/2807/1584 1217/2695/1584 1779/1709/1584
f 2070/2799/1620 2060/2810/1620 1199/2811/1620 1804/2800/1620
f 2063/2812/1625 1756/2813/1625 2141/2814/1625 2113/2815/1625 2169/2816/1625 1945/2817/1625 2079/2818/1625
f 1209/1720/1151 1825/2819/1151 2101/2820/1151 2093/2821/1151 2097/2822/1151 1823/1383/1151 1210/1382/1151
f 1184/2823/1626 1183/2824/1626 1906/2825/1626 1904/2826/1626
f 1904/2826/1627 1906/2825/1627 1907/1392/1627 1905/1692/1627
f 1148/2827/1628 1147/2828/1628 1902/2829/1628 1900/2830/1628
f 1900/2830/1629 1902/2829/1629 1903/1472/1629 1901/1651/1629
f 1104/2831/1630 1148/2827/1630 1900/2830/1630 1747/2832/1630
f 1747/2832/1631 1900/2830/1631 1901/1651/1631 1897/1650/1631
f 1095/2833/308 1751/2834/308 1898/2671/308 1122/1846/308
f 1751/2834/308 1750/1646/308 1899/1649/308 1898/2671/308
f 1092/1510/1632 1104/1509/1632 1747/2835/1632 1749/2836/1632
f 1749/2836/1633 1747/2835/1633 1897/1530/1633 1748/1529/1633
f 1147/2828/1634 1097/2837/1634 1750/2838/1634 1902/2829/1634
f 1902/2829/1635 1750/2838/1635 1751/1473/1635 1903/1472/1635
f 1183/2824/1636 1092/2839/1636 1749/2840/1636 1906/2825/1636
f 1906/2825/1637 1749/2840/1637 1748/1393/1637 1907/1392/1637
f 1123/1648/308 1922/2841/308 1936/1759/308 1234/1758/308
f 1922/2841/308 1923/1629/308 1937/1760/308 1936/1759/308
f 2913/2842/1638 1247/2843/1638 1938/2844/1638 3000/2845/1638
f 1207/2846/1092 1933/2847/1092 2167/2848/1092 2111/2849/1092 2139/2850/1092 1935/2851/1092 1208/2852/1092
f 1178/1640/1639 1177/1403/1639 1930/2853/1639 1928/2854/1639
f 1928/2854/1640 1930/2853/1640 1931/1408/1640 1929/1710/1640
f 1160/1624/1641 1159/1415/1641 1926/2855/1641 1924/2856/1641
f 1924/2856/1642 1926/2855/1642 1927/1468/1642 1925/1631/1642
f 1111/1625/1643 1160/1624/1643 1924/2856/1643 1920/2857/1643
f 1920/2857/1644 1924/2856/1644 1925/1631/1644 1921/1630/1644
f 1097/1647/308 1918/2858/308 1922/2841/308 1123/1648/308
f 1918/2858/308 1919/1626/308 1923/1629/308 1922/2841/308
f 1075/1467/1645 1111/1466/1645 1920/2859/1645 1916/2860/1645
f 1916/2860/1646 1920/2859/1646 1921/1508/1646 1917/1507/1646
f 1159/1415/1647 1099/1414/1647 1919/2861/1647 1926/2855/1647
f 1926/2855/1648 1919/2861/1648 1918/1469/1648 1927/1468/1648
f 1177/1403/1649 1075/1402/1649 1916/2862/1649 1930/2853/1649
f 1930/2853/1650 1916/2862/1650 1917/1409/1650 1931/1408/1650
f 2958/2863/1651 1821/2864/1651 1943/2865/1651 3006/2866/1651
f 2074/2715/1652 1911/2718/1652 2173/2867/1652 2117/2868/1652 2145/2869/1652 1949/2870/1652 2082/2871/1652
f 2076/2872/1653 1935/2873/1653 2174/2874/1653 2118/2875/1653 2146/2876/1653 1955/2877/1653 2083/2878/1653
f 3000/2845/1654 1938/2844/1654 1952/2879/1654 3015/2880/1654
f 1956/2881/1655 1957/2882/1655 1958/2883/1655 1959/2884/1655
f 2085/2885/1656 1962/2886/1656 1950/2887/1656 2081/2888/1656
f 1961/2889/1657 2148/2890/1657 2120/2891/1657 2176/2892/1657 1950/2887/1657 1962/2886/1657 1960/2893/1657
f 1956/2881/1658 1959/2884/1658 1096/2894/1658 1212/1824/1658 1908/1823/1658
f 1959/2884/1659 1958/2883/1659 1905/1692/1659 1188/1693/1659 1096/2894/1659
f 1964/2895/1660 1965/2896/1660 1966/2897/1660 1967/2898/1660
f 2082/2871/1661 1949/2870/1661 1970/2899/1661 2086/2900/1661
f 1969/2901/1662 1970/2899/1662 1949/2870/1662 2178/2902/1662 2122/2903/1662 2150/2904/1662 1968/2905/1662
f 1098/2906/1663 1184/2823/1663 1904/2826/1663 1967/2898/1663 1966/2897/1663
f 1098/2906/1658 1966/2897/1658 1965/2896/1658 1909/2665/1658 1213/2664/1658
f 1964/2895/1664 1967/2898/1664 1904/2826/1664 1905/1692/1664 1958/2883/1664 1957/2882/1664
f 1969/2907/1665 1960/2893/1665 1962/2886/1665 1970/2908/1665
f 2085/2885/1666 2086/2909/1666 1970/2908/1666 1962/2886/1666
f 1972/2910/1667 1973/2911/1667 1974/2912/1667 1975/2913/1667
f 1976/2914/1668 1977/2915/1668 1978/2916/1668 1979/2917/1668
f 2087/2918/1669 1981/2919/1669 1944/2920/1669 2080/2921/1669
f 1984/2922/1670 2181/2923/1670 2125/2924/1670 2153/2925/1670 1944/2920/1670 1981/2919/1670 1985/2926/1670
f 1986/2927/1671 1983/2928/1671 1945/2929/1671 2182/2930/1671 2126/2931/1671 2154/2932/1671 1987/2933/1671
f 2079/2818/1672 1945/2817/1672 1983/2934/1672 2088/2935/1672
f 1976/2914/1673 1979/2917/1673 1767/2689/1673 1766/1678/1673 1974/2912/1673 1973/2911/1673
f 1972/2910/1674 1975/2913/1674 1094/2936/1674 1209/1720/1674 1759/1719/1674
f 1975/2913/1675 1974/2912/1675 1766/1678/1675 1176/1679/1675 1094/2936/1675
f 1096/2894/1676 1188/1693/1676 1767/2689/1676 1979/2917/1676 1978/2916/1676
f 1096/2894/1674 1978/2916/1674 1977/2915/1674 1758/2723/1674 1212/1824/1674
f 3021/2937/1677 1980/2938/1677 1982/2939/1677 2948/2940/1677
f 1986/2927/1678 1985/2941/1678 1981/2942/1678 1983/2928/1678
f 1988/2943/1679 1989/2944/1679 1990/2945/1679 1991/2946/1679
f 1992/2947/1680 1993/2948/1680 1994/2949/1680 1995/2950/1680
f 2089/2951/1681 2000/2952/1681 1954/2953/1681 2084/2954/1681
f 2083/2955/1682 1955/2956/1682 2001/2957/1682 2090/2958/1682
f 1999/2959/1683 2001/2957/1683 1955/2956/1683 2158/2960/1683 2130/2961/1683 2186/2962/1683 1998/2963/1683
f 1997/2964/1684 2157/2965/1684 2129/2966/1684 2185/2967/1684 1954/2953/1684 2000/2952/1684 1996/2968/1684
f 1100/1641/1685 1178/1640/1685 1928/2854/1685 1991/2946/1685 1990/2945/1685
f 1100/1641/1686 1990/2945/1686 1989/2944/1686 1933/2969/1686 1207/1725/1686
f 1988/2943/1687 1991/2946/1687 1928/2854/1687 1929/1710/1687 1994/2949/1687 1993/2948/1687
f 1992/2947/1686 1995/2950/1686 1098/2970/1686 1213/2971/1686 1932/2972/1686
f 1995/2950/1688 1994/2949/1688 1929/1710/1688 1184/1711/1688 1098/2970/1688
f 1999/2959/1689 1996/2973/1689 2000/2974/1689 2001/2957/1689
f 3024/2975/1690 2002/2976/1690 2003/2977/1690 2951/2978/1690
f 2004/2979/1691 2005/2980/1691 2006/2981/1691
f 2007/2982/1691 2008/2983/1691 2009/2984/1691
f 2011/2985/1692 2160/2986/1692 2132/2987/1692 2188/2988/1692 1940/2989/1692 2012/2990/1692 2010/2991/1692
f 2014/2992/1693 2015/2993/1693 1941/2994/1693 2104/2995/1693 2096/2996/1693 2100/2997/1693 2013/2998/1693
f 2078/2999/1694 1941/2994/1694 2015/2993/1694 2091/3000/1694
f 2092/3001/1695 2012/2990/1695 1940/2989/1695 2077/3002/1695
f 1094/3003/308 1169/3004/308 1170/3005/308 1114/1449/308 1073/1448/308 2006/3006/308 2005/3007/308 2007/3008/308 2009/3009/308
f 2004/2979/1691 2006/2981/1691 1073/3010/1691 1218/1848/1691 1826/1847/1691
f 1094/2936/1691 2009/2984/1691 2008/2983/1691 1825/2819/1691 1209/1720/1691
f 2014/2992/1696 2010/3011/1696 2012/3012/1696 2015/2993/1696
f 2092/3013/1697 2091/3000/1697 2015/2993/1697 2012/3012/1697
f 2021/3014/1698 2019/3015/1698 2018/3016/1698 2020/3017/1698
f 2022/3018/1699 2024/3019/1699 2025/3020/1699 2023/3021/1699
f 2020/3022/1700 2025/3023/1700 2024/3024/1700 2021/3025/1700
f 2033/3026/1701 2031/3027/1701 2030/3028/1701 2032/3029/1701
f 2026/3030/1702 2028/3031/1702 2029/3032/1702 2027/3033/1702
f 2032/3034/1703 2029/3035/1703 2028/3036/1703 2033/3037/1703
f 2034/3038/1704 2036/3039/1704 2037/3040/1704 2035/3041/1704
f 2041/3042/1705 2039/3043/1705 2038/3044/1705 2040/3045/1705
f 2040/3046/1706 2037/3047/1706 2036/3048/1706 2041/3049/1706
f 2049/3050/1707 2047/3051/1707 2046/3052/1707 2048/3053/1707
f 2042/3054/1708 2044/3055/1708 2045/3056/1708 2043/3057/1708
f 2048/3058/1709 2045/3059/1709 2044/3060/1709 2049/3061/1709
f 1956/3062/1710 2019/3063/1710 2021/3064/1710 1957/3065/1710
f 2018/3016/1711 1961/2889/1711 1960/2893/1711 2020/3017/1711
f 1956/3062/1712 1908/3066/1712 2175/3067/1712 2119/3068/1712 2147/3069/1712 1961/3070/1712 2018/3071/1712 2019/3063/1712
f 1964/3072/308 1957/3073/308 2021/3025/308 2024/3024/308
f 2025/3074/1713 2020/3017/1713 1960/2893/1713 1969/2907/1713
f 2022/3075/1714 1965/3076/1714 1964/3072/1714 2024/3024/1714
f 2025/3020/1715 1969/2901/1715 1968/2905/1715 2023/3021/1715
f 1909/3077/1716 1965/3078/1716 2022/3018/1716 2023/3021/1716 1968/2905/1716 2177/3079/1716 2121/3080/1716 2149/3081/1716
f 1976/3082/1717 2028/3036/1717 2026/3083/1717 1977/3084/1717
f 2029/3032/1718 1986/3085/1718 1987/3086/1718 2027/3033/1718
f 1758/3087/1719 1977/3088/1719 2026/3030/1719 2027/3033/1719 1987/3086/1719 2180/3089/1719 2124/3090/1719 2152/3091/1719
f 1976/3082/308 1973/3092/308 2033/3037/308 2028/3036/308
f 2029/3093/1720 2032/3094/1720 1985/2941/1720 1986/2927/1720
f 2033/3026/1721 1973/3095/1721 1972/3096/1721 2031/3027/1721
f 2030/3028/1722 1984/2922/1722 1985/2926/1722 2032/3029/1722
f 1972/3096/1723 1759/3097/1723 2179/3098/1723 2123/3099/1723 2151/3100/1723 1984/2922/1723 2030/3028/1723 2031/3027/1723
f 2034/3038/1724 1989/3101/1724 1988/3102/1724 2036/3039/1724
f 2037/3103/1725 1999/2959/1725 1998/2963/1725 2035/3104/1725
f 1933/3105/1726 1989/3101/1726 2034/3038/1726 2035/3041/1726 1998/3106/1726 2183/3107/1726 2127/3108/1726 2155/3109/1726
f 1988/3110/308 1993/3111/308 2041/3049/308 2036/3048/308
f 2037/3103/1727 2040/3112/1727 1996/2973/1727 1999/2959/1727
f 1992/3113/1728 2039/3043/1728 2041/3042/1728 1993/3114/1728
f 2038/3044/1729 1997/2964/1729 1996/2968/1729 2040/3045/1729
f 1992/3113/1730 1932/3115/1730 2184/3116/1730 2128/3117/1730 2156/3118/1730 1997/2964/1730 2038/3044/1730 2039/3043/1730
f 2007/3008/1731 2044/3060/1731 2042/3119/1731 2008/3120/1731
f 2045/3056/1732 2014/2992/1732 2013/2998/1732 2043/3057/1732
f 2007/3008/308 2005/3007/308 2049/3061/308 2044/3060/308
f 2045/3056/1733 2048/3121/1733 2010/3011/1733 2014/2992/1733
f 2049/3050/1734 2005/3122/1734 2004/3123/1734 2047/3051/1734
f 2046/3052/1735 2011/2985/1735 2010/2991/1735 2048/3053/1735
f 2004/3123/1736 1826/3124/1736 2187/3125/1736 2131/3126/1736 2159/3127/1736 2011/2985/1736 2046/3052/1736 2047/3051/1736
f 2056/2692/1529 2058/2698/1529 1205/1696/1529 1816/1732/1529
f 3029/3128/1737 2952/3129/1737 2091/3000/1737 2092/3013/1737
f 3029/3130/1738 2092/3001/1738 2077/3002/1738 3008/3131/1738
f 2931/3132/1739 2078/2999/1739 2091/3000/1739 2952/3129/1739
f 2000/2974/1740 2089/3133/1740 2090/2958/1740 2001/2957/1740
f 2940/3134/1741 2083/2878/1741 2090/3135/1741 2949/3136/1741
f 3026/3137/1742 2089/2951/1742 2084/2954/1742 3017/3138/1742
f 1981/2942/1743 2087/3139/1743 2088/3140/1743 1983/2928/1743
f 2934/3141/1744 2079/2818/1744 2088/2935/1744 2946/3142/1744
f 3023/3143/1745 2087/2918/1745 2080/2921/1745 3011/3144/1745
f 3020/3145/1746 2943/3146/1746 2086/2909/1746 2085/2885/1746
f 2937/3147/1747 2082/2871/1747 2086/2900/1747 2943/3148/1747
f 3020/3145/1748 2085/2885/1748 2081/2888/1748 3014/3149/1748
f 1934/3150/1749 2075/3151/1749 2084/2954/1749 1954/2953/1749 2170/3152/1749 2114/3153/1749 2142/3154/1749
f 3005/3155/1750 2076/2872/1750 2083/2878/1750 2940/3134/1750
f 2999/3156/1751 2074/2715/1751 2082/2871/1751 2937/3147/1751
f 1824/2809/1752 2052/2808/1752 2077/3002/1752 1940/2989/1752 2143/3157/1752 2115/3158/1752 2171/3159/1752
f 2957/3160/1753 2051/3161/1753 2078/3162/1753 2931/3163/1753
f 1214/3164/1754 2055/3165/1754 2075/3151/1754 1934/3150/1754
f 2980/3166/1755 2063/2812/1755 2079/2818/1755 2934/3141/1755
f 2990/3167/1756 2917/3168/1756 2060/2810/1756 2070/2799/1756
f 2928/3169/1757 2923/3170/1757 2065/2807/1757 2071/2752/1757
f 2923/3170/1758 2960/3171/1758 2052/2808/1758 2065/2807/1758
f 2969/3172/1759 2057/2805/1759 2053/2806/1759 2963/3173/1759
f 2963/3174/1760 2053/3175/1760 2069/3176/1760 2987/3177/1760
f 1877/1701/1623 2057/2805/1623 2059/2751/1623 1216/1708/1623
f 2974/3178/1761 2981/3179/1761 2066/1843/1761 2061/2738/1761
f 2977/3180/1762 2990/3167/1762 2070/2799/1762 2062/2798/1762
f 1756/2727/1763 2063/3181/1763 2067/2672/1763 1211/1825/1763
f 2972/3182/1757 2928/3169/1757 2071/2752/1757 2059/2751/1757
f 2914/2697/1764 2974/3178/1764 2061/2738/1764 2058/2698/1764
f 1210/1382/1765 2054/1381/1765 2050/3183/1765 1757/1721/1765
f 1757/3184/1766 2050/3185/1766 2080/2921/1766 1944/2920/1766 2144/3186/1766 2116/3187/1766 2172/3188/1766
f 2999/3156/1767 2911/3189/1767 2055/2716/1767 2074/2715/1767
f 2966/2696/1768 2056/2692/1768 2060/2693/1768 2917/3190/1768
f 2984/3191/1769 2996/3192/1769 2073/2673/1769 2067/2672/1769
f 1910/3193/1770 2073/3194/1770 2081/3195/1770 1950/3196/1770 2164/3197/1770 2108/3198/1770 2136/3199/1770
f 2066/1843/1771 2981/3179/1771 2068/1844/1771
f 1792/1728/1772 2072/3200/1772 2062/2798/1772 1198/2699/1772
f 1935/3201/1773 2076/3202/1773 2064/3203/1773 1208/1727/1773
f 1208/1727/1772 2064/3203/1772 2072/3200/1772 1792/1728/1772
f 2957/3204/1774 2908/3205/1774 2054/1381/1774 2051/1380/1774
f 2008/3206/1775 2042/3207/1775 2043/3208/1775 2013/3209/1775 2103/3210/1775 2095/3211/1775 2099/3212/1775 1825/3213/1775
f 2051/3161/1776 1823/3214/1776 2098/3215/1776 2094/3216/1776 2102/3217/1776 1941/3218/1776 2078/3162/1776
s 1
f 2198/3219/1777 2195/3220/1778 2196/3221/1779 2197/3222/1780
f 2197/3222/1780 2191/3223/1781 2192/3224/1782 2198/3219/1777
f 2200/3225/1783 2193/3226/1784 2194/3227/1785 2199/3228/1786
f 2191/3223/1781 2200/3229/1783 2199/3230/1786 2192/3224/1782
f 2193/3226/1784 2201/3231/1787 2202/3232/1788 2194/3227/1785
f 2190/3233/1789 2202/3234/1788 2201/3235/1787 2189/3236/1790
f 2195/3237/1778 2203/3238/1791 2204/3239/1792 2196/3240/1779
f 2203/3238/1791 2190/3233/1789 2189/3236/1790 2204/3239/1792
s 0
f 2190/3241/1793 2203/3242/1793 2188/2988/1793 2132/2987/1793
f 2202/3243/1794 2190/3241/1794 2132/2987/1794 2160/2986/1794
f 2161/3244/1795 2105/3245/1795 2192/3224/1795 2199/3230/1795
f 2105/3245/1796 2133/3246/1796 2198/3219/1796 2192/3224/1796
f 2131/3126/1797 2194/3247/1797 2202/3243/1797 2159/3127/1797
f 2187/3125/1798 2199/3230/1798 2194/3247/1798 2131/3126/1798
f 2195/3220/1799 2115/3158/1799 2143/3157/1799 2203/3242/1799
f 2198/3219/1800 2171/3159/1800 2115/3158/1800 2195/3220/1800
f 2133/3246/1801 1824/2809/1801 2171/3159/1801 2198/3219/1801
f 1826/3124/1802 2161/3244/1802 2199/3230/1802 2187/3125/1802
f 2159/3127/1803 2202/3243/1803 2160/2986/1803 2011/2985/1803
f 2203/3242/1804 2143/3157/1804 1940/2989/1804 2188/2988/1804
s 1
f 2214/3248/1805 2211/3249/1806 2212/3250/1807 2213/3251/1808
f 2213/3251/1808 2207/3252/1809 2208/3253/1810 2214/3248/1805
f 2216/3254/1811 2209/3255/1812 2210/3256/1813 2215/3257/1814
f 2207/3252/1809 2216/3258/1811 2215/3259/1814 2208/3253/1810
f 2209/3260/1812 2217/3261/1815 2218/3262/1816 2210/3263/1813
f 2206/3264/1817 2218/3262/1816 2217/3261/1815 2205/3265/1818
f 2211/3266/1806 2219/3267/1819 2220/3268/1820 2212/3269/1807
f 2219/3267/1819 2206/3264/1817 2205/3265/1818 2220/3268/1820
s 0
f 2206/3264/1821 2219/3267/1821 2100/3270/1821 2096/3271/1821
s 1
f 2201/3235/1787 2220/3272/1820 2205/3273/1818 2189/3236/1790
s 0
f 2218/3262/1822 2206/3264/1822 2096/3271/1822 2104/3274/1822
s 1
f 2205/3273/1818 2217/3275/1815 2204/3239/1792 2189/3236/1790
s 0
f 2097/3276/1823 2093/3277/1823 2208/3278/1823 2215/3279/1823
s 1
f 2191/3280/1781 2197/3281/1780 2216/3258/1811 2207/3252/1809
s 0
f 2093/3277/1824 2101/3282/1824 2214/3283/1824 2208/3278/1824
s 1
f 2191/3280/1781 2207/3252/1809 2213/3251/1808 2200/3284/1783
s 0
f 2094/3216/1825 2210/3263/1825 2218/3262/1825 2102/3217/1825
s 1
f 2217/3275/1815 2209/3285/1812 2196/3240/1779 2204/3239/1792
s 0
f 2098/3215/1826 2215/3279/1826 2210/3263/1826 2094/3216/1826
s 1
f 2209/3255/1812 2216/3254/1811 2197/3286/1780 2196/3287/1779
s 0
f 2211/3266/1827 2095/3211/1827 2103/3210/1827 2219/3267/1827
f 2214/3283/1828 2099/3212/1828 2095/3211/1828 2211/3266/1828
s 1
f 2201/3231/1787 2193/3226/1784 2212/3288/1807 2220/3289/1820
f 2200/3225/1783 2213/3290/1808 2212/3288/1807 2193/3226/1784
s 0
f 2101/3282/1829 1825/3213/1829 2099/3212/1829 2214/3283/1829
f 1823/3214/1830 2097/3276/1830 2215/3279/1830 2098/3215/1830
f 2102/3217/1831 2218/3262/1831 2104/3274/1831 1941/3218/1831
f 2219/3267/1832 2103/3210/1832 2013/3209/1832 2100/3270/1832
s 1
f 2230/3291/1833 2227/3292/1834 2228/3293/1835 2229/3294/1836
f 2229/3294/1836 2223/3295/1837 2224/3296/1838 2230/3291/1833
f 2232/3297/1839 2225/3298/1840 2226/3299/1841 2231/3300/1842
f 2223/3295/1837 2232/3297/1839 2231/3300/1842 2224/3296/1838
f 2225/3298/1840 2233/3301/1843 2234/3302/1844 2226/3299/1841
f 2222/3303/1845 2234/3304/1844 2233/3305/1843 2221/3306/1846
f 2227/3307/1834 2235/3308/1847 2236/3309/1848 2228/3310/1835
f 2235/3311/1847 2222/3303/1845 2221/3306/1846 2236/3312/1848
s 0
f 2222/3313/1849 2235/3314/1849 2151/3100/1849 2123/3099/1849
f 2234/3302/1850 2222/3313/1850 2123/3099/1850 2179/3098/1850
f 2172/3188/1851 2116/3187/1851 2224/3296/1851 2231/3300/1851
f 2116/3187/1852 2144/3186/1852 2230/3291/1852 2224/3296/1852
f 2106/3315/1853 2226/3299/1853 2234/3302/1853 2162/3316/1853
f 2134/3317/1854 2231/3300/1854 2226/3299/1854 2106/3315/1854
f 2227/3292/1855 2125/2924/1855 2181/2923/1855 2235/3314/1855
f 2230/3291/1856 2153/2925/1856 2125/2924/1856 2227/3292/1856
f 2144/3186/1857 1944/2920/1857 2153/2925/1857 2230/3291/1857
f 1757/3184/1858 2172/3188/1858 2231/3300/1858 2134/3317/1858
f 2162/3316/1859 2234/3302/1859 2179/3098/1859 1759/3097/1859
f 2235/3314/1860 2181/2923/1860 1984/2922/1860 2151/3100/1860
s 1
f 2246/3318/1861 2243/3319/1862 2244/3320/1863 2245/3321/1864
f 2245/3321/1864 2239/3322/1865 2240/3323/1866 2246/3318/1861
f 2248/3324/1867 2241/3325/1868 2242/3326/1869 2247/3327/1870
f 2239/3328/1865 2248/3329/1867 2247/3330/1870 2240/3331/1866
f 2241/3332/1868 2249/3333/1871 2250/3334/1872 2242/3335/1869
f 2238/3336/1873 2250/3334/1872 2249/3333/1871 2237/3337/1874
f 2243/3319/1862 2251/3338/1875 2252/3339/1876 2244/3320/1863
f 2251/3340/1875 2238/3336/1873 2237/3337/1874 2252/3341/1876
s 0
f 2238/3342/1877 2251/3338/1877 2154/3343/1877 2126/3344/1877
s 1
f 2252/3341/1876 2237/3337/1874 2228/3310/1835 2236/3309/1848
s 0
f 2250/3345/1878 2238/3342/1878 2126/3344/1878 2182/3346/1878
s 1
f 2229/3347/1836 2228/3310/1835 2237/3337/1874 2249/3333/1871
s 0
f 2135/3348/1879 2107/3349/1879 2240/3323/1879 2247/3350/1879
s 1
f 2232/3351/1839 2248/3329/1867 2239/3328/1865 2225/3352/1840
s 0
f 2107/3349/1880 2163/3353/1880 2246/3318/1880 2240/3323/1880
s 1
f 2225/3352/1840 2239/3328/1865 2245/3354/1864 2233/3355/1843
s 0
f 2113/2815/1881 2242/3356/1881 2250/3345/1881 2169/2816/1881
s 1
f 2229/3347/1836 2249/3333/1871 2241/3332/1868 2223/3357/1837
s 0
f 2141/2814/1882 2247/3350/1882 2242/3356/1882 2113/2815/1882
s 1
f 2223/3358/1837 2241/3325/1868 2248/3324/1867 2232/3359/1839
s 0
f 2243/3319/1883 2124/3090/1883 2180/3089/1883 2251/3338/1883
f 2246/3318/1884 2152/3091/1884 2124/3090/1884 2243/3319/1884
s 1
f 2244/3360/1863 2252/3361/1876 2236/3312/1848 2221/3306/1846
f 2221/3306/1846 2233/3305/1843 2245/3362/1864 2244/3360/1863
s 0
f 2163/3353/1885 1758/3087/1885 2152/3091/1885 2246/3318/1885
f 1756/2813/1886 2135/3348/1886 2247/3350/1886 2141/2814/1886
f 2169/2816/1887 2250/3345/1887 2182/3346/1887 1945/2817/1887
f 2251/3338/1888 2180/3089/1888 1987/3086/1888 2154/3343/1888
s 1
f 2262/3363/1889 2259/3364/1890 2260/3365/1891 2261/3366/1892
f 2261/3366/1892 2255/3367/1893 2256/3368/1894 2262/3363/1889
f 2264/3369/1895 2257/3370/1896 2258/3371/1897 2263/3372/1898
f 2255/3367/1893 2264/3373/1895 2263/3374/1898 2256/3368/1894
f 2257/3370/1896 2265/3375/1899 2266/3376/1900 2258/3371/1897
f 2254/3377/1901 2266/3378/1900 2265/3379/1899 2253/3380/1902
f 2259/3364/1890 2267/3381/1903 2268/3382/1904 2260/3365/1891
f 2267/3383/1903 2254/3377/1901 2253/3380/1902 2268/3384/1904
s 0
f 2254/3385/1905 2267/3381/1905 2147/3069/1905 2119/3068/1905
f 2266/3386/1906 2254/3385/1906 2119/3068/1906 2175/3067/1906
f 2136/3199/1907 2108/3198/1907 2256/3368/1907 2263/3374/1907
f 2108/3198/1908 2164/3197/1908 2262/3363/1908 2256/3368/1908
f 2110/3387/1909 2258/3388/1909 2266/3386/1909 2166/3389/1909
f 2138/3390/1910 2263/3374/1910 2258/3388/1910 2110/3387/1910
f 2259/3364/1911 2120/3391/1911 2148/3392/1911 2267/3381/1911
f 2262/3363/1912 2176/3393/1912 2120/3391/1912 2259/3364/1912
f 2164/3197/1913 1950/3196/1913 2176/3393/1913 2262/3363/1913
f 1910/3193/1914 2136/3199/1914 2263/3374/1914 2138/3390/1914
f 2166/3389/1915 2266/3386/1915 2175/3067/1915 1908/3066/1915
f 2267/3381/1916 2148/3392/1916 1961/3070/1916 2147/3069/1916
s 1
f 2278/3394/1917 2275/3395/1918 2276/3396/1919 2277/3397/1920
f 2277/3398/1920 2271/3399/1921 2272/3400/1922 2278/3401/1917
f 2280/3402/1923 2273/3403/1924 2274/3404/1925 2279/3405/1926
f 2271/3399/1921 2280/3402/1923 2279/3405/1926 2272/3400/1922
f 2273/3403/1924 2281/3406/1927 2282/3407/1928 2274/3404/1925
f 2270/3408/1929 2282/3409/1928 2281/3410/1927 2269/3411/1930
f 2275/3395/1918 2283/3412/1931 2284/3413/1932 2276/3396/1919
f 2283/3412/1931 2270/3414/1929 2269/3415/1930 2284/3413/1932
s 0
f 2270/3414/1933 2283/3412/1933 2145/3416/1933 2117/3417/1933
s 1
f 2255/3367/1893 2261/3366/1892 2284/3418/1932 2269/3419/1930
s 0
f 2282/3420/1934 2270/3414/1934 2117/3417/1934 2173/3421/1934
s 1
f 2264/3422/1895 2255/3423/1893 2269/3411/1930 2281/3410/1927
s 0
f 2149/3081/1935 2121/3080/1935 2272/3400/1935 2279/3405/1935
s 1
f 2265/3379/1899 2280/3424/1923 2271/3425/1921 2253/3380/1902
s 0
f 2121/3426/1936 2177/3427/1936 2278/3394/1936 2272/3428/1936
s 1
f 2271/3425/1921 2277/3429/1920 2268/3384/1904 2253/3380/1902
s 0
f 2109/3430/1937 2274/3431/1937 2282/3420/1937 2137/3432/1937
s 1
f 2264/3369/1895 2281/3433/1927 2273/3434/1924 2257/3370/1896
s 0
f 2165/3435/1938 2279/3436/1938 2274/3431/1938 2109/3430/1938
s 1
f 2257/3370/1896 2273/3434/1924 2280/3437/1923 2265/3375/1899
s 0
f 2275/3395/1939 2122/3438/1939 2178/3439/1939 2283/3412/1939
f 2278/3394/1940 2150/3440/1940 2122/3438/1940 2275/3395/1940
s 1
f 2261/3441/1892 2260/3442/1891 2276/3396/1919 2284/3413/1932
f 2277/3397/1920 2276/3396/1919 2260/3442/1891 2268/3443/1904
s 0
f 2177/3427/1941 1968/3444/1941 2150/3440/1941 2278/3394/1941
f 1909/3445/1942 2149/3446/1942 2279/3436/1942 2165/3435/1942
f 2137/3432/1943 2282/3420/1943 2173/3421/1943 1911/3447/1943
f 2283/3412/1944 2178/3439/1944 1949/3448/1944 2145/3416/1944
s 1
f 2294/3449/1945 2291/3450/1946 2292/3451/1947 2293/3452/1948
f 2293/3452/1948 2287/3453/1949 2288/3454/1950 2294/3449/1945
f 2296/3455/1951 2289/3456/1952 2290/3457/1953 2295/3458/1954
f 2287/3459/1949 2296/3460/1951 2295/3461/1954 2288/3462/1950
f 2289/3456/1952 2297/3463/1955 2298/3464/1956 2290/3457/1953
f 2286/3465/1957 2298/3464/1956 2297/3463/1955 2285/3466/1958
f 2291/3450/1946 2299/3467/1959 2300/3468/1960 2292/3451/1947
f 2299/3469/1959 2286/3470/1957 2285/3471/1958 2300/3472/1960
s 0
f 2286/3465/1961 2299/3473/1961 2156/3118/1961 2128/3117/1961
f 2298/3464/1962 2286/3465/1962 2128/3117/1962 2184/3116/1962
f 2142/3154/1963 2114/3153/1963 2288/3474/1963 2295/3458/1963
f 2114/3153/1964 2170/3152/1964 2294/3475/1964 2288/3474/1964
f 2112/3476/1965 2290/3457/1965 2298/3464/1965 2168/3477/1965
f 2140/3478/1966 2295/3458/1966 2290/3457/1966 2112/3476/1966
f 2291/3479/1967 2129/2966/1967 2157/2965/1967 2299/3473/1967
f 2294/3475/1968 2185/2967/1968 2129/2966/1968 2291/3479/1968
f 2170/3152/1969 1954/2953/1969 2185/2967/1969 2294/3475/1969
f 1934/3150/1970 2142/3154/1970 2295/3458/1970 2140/3478/1970
f 2168/3477/1971 2298/3464/1971 2184/3116/1971 1932/3115/1971
f 2299/3473/1972 2157/2965/1972 1997/2964/1972 2156/3118/1972
s 1
f 2310/3480/1973 2307/3481/1974 2308/3482/1975 2309/3483/1976
f 2309/3483/1976 2303/3484/1977 2304/3485/1978 2310/3480/1973
f 2312/3486/1979 2305/3487/1980 2306/3488/1981 2311/3489/1982
f 2303/3484/1977 2312/3490/1979 2311/3491/1982 2304/3485/1978
f 2305/3487/1980 2313/3492/1983 2314/3493/1984 2306/3488/1981
f 2302/3494/1985 2314/3493/1984 2313/3492/1983 2301/3495/1986
f 2307/3496/1974 2315/3497/1987 2316/3498/1988 2308/3499/1975
f 2315/3497/1987 2302/3494/1985 2301/3495/1986 2316/3498/1988
s 0
f 2302/3494/1989 2315/3497/1989 2186/3500/1989 2130/3501/1989
s 1
f 2316/3502/1988 2301/3503/1986 2292/3504/1947 2300/3472/1960
s 0
f 2314/3493/1990 2302/3494/1990 2130/3501/1990 2158/3505/1990
s 1
f 2293/3452/1948 2292/3451/1947 2301/3506/1986 2313/3507/1983
s 0
f 2139/3508/1991 2111/3509/1991 2304/3510/1991 2311/3489/1991
s 1
f 2296/3511/1951 2312/3490/1979 2303/3484/1977 2289/3512/1952
s 0
f 2111/3509/1992 2167/3513/1992 2310/3514/1992 2304/3510/1992
s 1
f 2289/3512/1952 2303/3484/1977 2309/3483/1976 2297/3515/1955
s 0
f 2118/2875/1993 2306/3488/1993 2314/3493/1993 2146/2876/1993
s 1
f 2293/3452/1948 2313/3507/1983 2305/3516/1980 2287/3453/1949
s 0
f 2174/2874/1994 2311/3489/1994 2306/3488/1994 2118/2875/1994
s 1
f 2287/3459/1949 2305/3517/1980 2312/3518/1979 2296/3460/1951
s 0
f 2307/3496/1995 2127/3108/1995 2183/3107/1995 2315/3497/1995
f 2310/3514/1996 2155/3109/1996 2127/3108/1996 2307/3496/1996
s 1
f 2308/3519/1975 2316/3502/1988 2300/3472/1960 2285/3471/1958
f 2285/3520/1958 2297/3515/1955 2309/3483/1976 2308/3482/1975
s 0
f 2167/3513/1997 1933/3105/1997 2155/3109/1997 2310/3514/1997
f 1935/2873/1998 2139/3508/1998 2311/3489/1998 2174/2874/1998
f 2146/2876/1999 2314/3493/1999 2158/3505/1999 1955/2877/1999
f 2315/3497/2000 2183/3107/2000 1998/3106/2000 2186/3500/2000
s 1
f 2374/3521/2001 2370/3522/2002 2372/3523/2003 2376/3524/2004
f 2376/3525/2004 2372/3526/2003 2371/3527/2005 2375/3528/2006
f 2378/3529/2007 2355/3530/2008 2357/3531/2009 2379/3532/2010
f 2379/3532/2010 2357/3531/2009 2356/3533/2011 2377/3534/2012
f 2370/3535/2002 2378/3529/2007 2379/3532/2010 2372/3526/2003
f 2372/3526/2003 2379/3532/2010 2377/3534/2012 2371/3527/2005
f 2381/3536/2013 2352/3537/2014 2354/3538/2015 2382/3539/2016
f 2382/3539/2016 2354/3538/2015 2353/3540/2017 2380/3541/2018
f 2368/3542/2019 2381/3536/2013 2382/3539/2016 2369/3543/2020
f 2369/3544/2020 2382/3545/2016 2380/3546/2018 2367/3547/2021
f 2384/3548/2022 2361/3549/2023 2363/3550/2024 2385/3551/2025
f 2385/3551/2025 2363/3550/2024 2362/3552/2026 2383/3553/2027
f 2355/3530/2008 2384/3548/2022 2385/3551/2025 2357/3531/2009
f 2357/3531/2009 2385/3551/2025 2383/3553/2027 2356/3533/2011
f 2387/3554/2028 2364/3555/2029 2366/3556/2030 2388/3557/2031
f 2388/3558/2031 2366/3559/2030 2365/3560/2032 2386/3561/2033
f 2361/3562/2023 2387/3554/2028 2388/3557/2031 2363/3563/2024
f 2363/3550/2024 2388/3558/2031 2386/3561/2033 2362/3552/2026
f 2364/3555/2029 2389/3564/2034 2391/3565/2035 2366/3556/2030
f 2366/3566/2030 2391/3567/2035 2390/3568/2036 2365/3569/2032
f 2359/3570/2037 2390/3568/2036 2391/3567/2035 2360/3571/2038
f 2360/3571/2038 2391/3567/2035 2389/3572/2034 2358/3573/2039
f 2393/3574/2040 2359/3570/2037 2360/3571/2038 2394/3575/2041
f 2394/3575/2041 2360/3571/2038 2358/3573/2039 2392/3576/2042
f 2352/3537/2014 2393/3574/2040 2394/3575/2041 2354/3538/2015
f 2354/3538/2015 2394/3575/2041 2392/3576/2042 2353/3540/2017
f 2395/3577/2043 2368/3542/2019 2369/3543/2020 2397/3578/2044
f 2397/3579/2044 2369/3544/2020 2367/3547/2021 2396/3580/2045
s 0
f 2352/3581/915 2381/3582/915 2329/3583/915 990/3584/915
f 2393/3585/915 2352/3581/915 990/3584/915 2325/3586/915
f 2326/1232/915 992/1226/915 2356/3533/915 2383/3553/915
f 992/1226/915 2330/1225/915 2377/3534/915 2356/3533/915
f 2359/3587/915 2393/3585/915 2325/3586/915 2319/3588/915
f 2390/3589/2046 2359/3587/2046 2319/3588/2046 2331/3590/2046
f 2332/1234/915 2320/1233/915 2362/3552/915 2386/3561/915
f 2320/1233/2046 2326/1232/2046 2383/3553/2046 2362/3552/2046
f 2321/1205/2046 2365/3560/2046 2390/3589/2046 2327/1206/2046
f 2333/1204/915 2386/3561/915 2365/3560/915 2321/1205/915
f 2368/3591/915 2395/3592/915 2323/3593/915 2317/3594/915
f 2381/3582/2046 2368/3591/2046 2317/3594/2046 2329/3583/2046
f 2330/1225/915 2318/1224/915 2371/3527/915 2377/3534/915
f 2318/1224/915 2324/1223/915 2375/3528/915 2371/3527/915
f 2324/1223/2047 858/1222/2047 2322/3595/2047 2375/3528/2047
f 991/871/915 2332/1234/915 2386/3561/915 2333/1204/915
f 2327/1206/915 2390/3589/915 2331/3590/915 989/1207/915
f 2395/3592/2048 2328/3596/2048 857/3597/2048 2323/3593/2048
s 1
f 2423/3598/2049 2419/3599/2050 2421/3600/2051 2424/3601/2052
f 2424/3602/2052 2421/3603/2051 2420/3604/2053 2422/3605/2054
f 2422/3606/2054 2416/3607/2055 2418/3608/2056 2424/3601/2052
f 2424/3601/2052 2418/3608/2056 2417/3609/2057 2423/3598/2049
f 2426/3610/2058 2401/3611/2059 2403/3612/2060 2427/3613/2061
f 2427/3613/2061 2403/3612/2060 2402/3614/2062 2425/3615/2063
f 2416/3607/2055 2426/3610/2058 2427/3613/2061 2418/3608/2056
f 2418/3608/2056 2427/3613/2061 2425/3615/2063 2417/3609/2057
f 2429/3616/2064 2398/3617/2065 2400/3618/2066 2430/3619/2067
f 2430/3619/2067 2400/3618/2066 2399/3620/2068 2428/3621/2069
f 2414/3622/2070 2429/3616/2064 2430/3619/2067 2415/3623/2071
f 2415/3623/2071 2430/3619/2067 2428/3621/2069 2413/3624/2072
f 2432/3625/2073 2407/3626/2074 2409/3627/2075 2433/3628/2076
f 2433/3628/2076 2409/3627/2075 2408/3629/2077 2431/3630/2078
f 2401/3611/2059 2432/3625/2073 2433/3628/2076 2403/3612/2060
f 2403/3612/2060 2433/3628/2076 2431/3630/2078 2402/3614/2062
f 2435/3631/2079 2410/3632/2080 2412/3633/2081 2436/3634/2082
f 2436/3635/2082 2412/3636/2081 2411/3637/2083 2434/3638/2084
f 2407/3639/2074 2435/3631/2079 2436/3634/2082 2409/3640/2075
f 2409/3627/2075 2436/3635/2082 2434/3638/2084 2408/3629/2077
f 2410/3632/2080 2437/3641/2085 2439/3642/2086 2412/3633/2081
f 2412/3633/2081 2439/3642/2086 2438/3643/2087 2411/3644/2083
f 2405/3645/2088 2438/3643/2087 2439/3642/2086 2406/3646/2089
f 2406/3646/2089 2439/3642/2086 2437/3641/2085 2404/3647/2090
f 2441/3648/2091 2405/3649/2088 2406/3650/2089 2442/3651/2092
f 2442/3652/2092 2406/3646/2089 2404/3647/2090 2440/3653/2093
f 2398/3617/2065 2441/3648/2091 2442/3651/2092 2400/3618/2066
f 2400/3618/2066 2442/3651/2092 2440/3654/2093 2399/3620/2068
f 2419/3655/2050 2443/3656/2094 2445/3657/2095 2421/3603/2051
f 2421/3603/2051 2445/3657/2095 2444/3658/2096 2420/3604/2053
f 2443/3656/2094 2414/3622/2070 2415/3623/2071 2445/3657/2095
f 2445/3657/2095 2415/3623/2071 2413/3624/2072 2444/3658/2096
s 0
f 2398/3617/912 2429/3616/912 2347/1197/912 994/1196/912
s 1
f 2399/3659/2068 2440/3660/2093 2384/3548/2022 2355/3530/2008
f 2428/3621/2069 2399/3620/2068 2355/3661/2008 2378/3662/2007
s 0
f 2441/3648/2097 2398/3617/2097 994/1196/2097 2343/1203/2097
f 2344/3663/2097 996/3664/2097 2402/3665/2097 2431/3666/2097
s 1
f 2432/3625/2073 2401/3611/2059 2353/3667/2017 2392/3668/2042
s 0
f 996/3664/912 2348/3669/912 2425/3670/912 2402/3665/912
s 1
f 2401/3611/2059 2426/3610/2058 2380/3671/2018 2353/3667/2017
s 0
f 2405/3649/2097 2441/3648/2097 2343/1203/2097 2337/1202/2097
s 1
f 2404/3647/2090 2361/3562/2023 2384/3672/2022 2440/3653/2093
s 0
f 2438/3673/912 2405/3649/912 2337/1202/912 2349/1201/912
s 1
f 2404/3647/2090 2437/3641/2085 2387/3554/2028 2361/3562/2023
s 0
f 2350/3674/912 2338/3675/912 2408/3676/912 2434/3677/912
s 1
f 2407/3639/2074 2358/3678/2039 2389/3564/2034 2435/3631/2079
s 0
f 2338/3675/2097 2344/3663/2097 2431/3666/2097 2408/3676/2097
s 1
f 2407/3679/2074 2432/3680/2073 2392/3576/2042 2358/3573/2039
s 0
f 2339/1189/2097 2411/3681/2097 2438/3673/2097 2345/1190/2097
s 1
f 2437/3641/2085 2410/3632/2080 2364/3555/2029 2387/3554/2028
s 0
f 2351/1188/912 2434/3677/912 2411/3681/912 2339/1189/912
s 1
f 2410/3632/2080 2435/3631/2079 2389/3564/2034 2364/3555/2029
s 0
f 2414/3622/912 2443/3656/912 2341/1199/912 2335/1198/912
s 1
f 2413/3682/2072 2370/3522/2002 2374/3521/2001 2444/3683/2096
s 0
f 2429/3616/912 2414/3622/912 2335/1198/912 2347/1197/912
s 1
f 2413/3624/2072 2428/3621/2069 2378/3662/2007 2370/3684/2002
s 0
f 2348/3669/2097 2336/3685/2097 2417/3686/2097 2425/3670/2097
s 1
f 2426/3610/2058 2416/3607/2055 2367/3687/2021 2380/3671/2018
s 0
f 2336/3685/912 2342/3688/912 2423/3689/912 2417/3686/912
s 1
f 2416/3690/2055 2422/3691/2054 2396/3580/2045 2367/3547/2021
s 0
f 2419/3655/2098 2334/3692/2098 2340/3693/2098 2443/3656/2098
f 2423/3689/2099 2346/3694/2099 2334/3692/2099 2419/3655/2099
s 1
f 2374/3521/2001 2373/3695/2100 2420/3696/2053 2444/3683/2096
f 2420/3696/2053 2373/3695/2100 2396/3580/2045 2422/3691/2054
s 0
f 2342/3688/2101 863/3697/2101 2346/3694/2101 2423/3689/2101
f 995/1187/912 2350/3674/912 2434/3677/912 2351/1188/912
f 2345/1190/912 2438/3673/912 2349/1201/912 993/890/912
f 2443/3656/2102 2340/3693/2102 864/1200/2102 2341/1199/2102
f 1893/2780/2103 2537/3698/2103 2541/3699/2103 1894/2773/2103
f 2537/3698/2104 2536/3700/2104 2540/3701/2104 2541/3699/2104
f 2536/3700/2105 2535/3702/2105 2539/3703/2105 2540/3701/2105
f 2535/3702/2106 2534/3704/2106 2538/3705/2106 2539/3703/2106
f 1538/2277/2107 2450/3706/2107 2537/3698/2107 1893/2780/2107
f 2450/3706/2108 2451/3707/2108 2536/3700/2108 2537/3698/2108
f 2451/3707/2109 2452/3708/2109 2535/3702/2109 2536/3700/2109
f 2452/3708/2110 2453/3709/2110 2534/3704/2110 2535/3702/2110
f 1894/2773/2111 2541/3699/2111 2521/2578/2111 1735/2579/2111
f 2541/3699/2112 2540/3701/2112 2520/3710/2112 2521/2578/2112
f 2540/3701/2113 2539/3703/2113 2519/3711/2113 2520/3710/2113
f 2539/3703/2114 2538/3705/2114 2518/3712/2114 2519/3711/2114
f 1673/2659/2115 2457/2658/2115 2533/3713/2115 1883/2763/2115
f 2457/2658/2115 2456/3714/2115 2532/3715/2115 2533/3713/2115
f 2456/3714/2116 2455/3716/2116 2531/3717/2116 2532/3715/2116
f 2455/3716/2117 2454/3718/2117 2530/3719/2117 2531/3717/2117
f 2478/3720/2118 2454/3718/2118 2455/3716/2118 2479/3721/2118
f 2479/3721/2119 2455/3716/2119 2456/3714/2119 2480/3722/2119
f 2480/3722/2120 2456/3714/2120 2457/2658/2120 2481/2641/2120
f 2526/3723/2121 2458/3724/2121 2459/3725/2121 2527/3726/2121
f 2527/3726/2122 2459/3725/2122 2460/3727/2122 2528/3728/2122
f 2528/3728/2123 2460/3727/2123 2461/2598/2123 2529/2575/2123
f 2514/3729/2124 2462/3730/2124 2463/3731/2124 2515/3732/2124
f 2515/3732/2125 2463/3731/2125 2464/3733/2125 2516/3734/2125
f 2516/3734/2126 2464/3733/2126 2465/2618/2126 2517/2593/2126
f 2502/3735/2127 2466/3736/2127 2467/3737/2127 2503/3738/2127
f 2503/3738/2128 2467/3737/2128 2468/3739/2128 2504/3740/2128
f 2504/3740/2129 2468/3739/2129 2469/2638/2129 2505/2613/2129
f 2490/3741/2130 2470/3742/2130 2471/3743/2130 2491/3744/2130
f 2491/3744/2131 2471/3743/2131 2472/3745/2131 2492/3746/2131
f 2492/3746/2132 2472/3745/2132 2473/2644/2132 2493/2633/2132
f 2470/3742/2133 2474/3747/2133 2475/3748/2133 2471/3743/2133
f 2471/3743/2134 2475/3748/2134 2476/3749/2134 2472/3745/2134
f 2472/3745/2135 2476/3749/2135 2477/2640/2135 2473/2644/2135
f 2474/3747/2136 2478/3720/2136 2479/3721/2136 2475/3748/2136
f 2475/3748/2137 2479/3721/2137 2480/3722/2137 2476/3749/2137
f 2476/3749/2138 2480/3722/2138 2481/2641/2138 2477/2640/2138
f 2466/3736/2139 2482/3750/2139 2483/3751/2139 2467/3737/2139
f 2467/3737/2140 2483/3751/2140 2484/3752/2140 2468/3739/2140
f 2468/3739/2141 2484/3752/2141 2485/2636/2141 2469/2638/2141
f 2482/3750/2142 2486/3753/2142 2487/3754/2142 2483/3751/2142
f 2483/3751/2143 2487/3754/2143 2488/3755/2143 2484/3752/2143
f 2484/3752/2144 2488/3755/2144 2489/2632/2144 2485/2636/2144
f 2486/3753/2145 2490/3741/2145 2491/3744/2145 2487/3754/2145
f 2487/3754/2146 2491/3744/2146 2492/3746/2146 2488/3755/2146
f 2488/3755/2147 2492/3746/2147 2493/2633/2147 2489/2632/2147
f 2462/3730/2148 2494/3756/2148 2495/3757/2148 2463/3731/2148
f 2463/3731/2149 2495/3757/2149 2496/3758/2149 2464/3733/2149
f 2464/3733/2150 2496/3758/2150 2497/2616/2150 2465/2618/2150
f 2494/3756/2151 2498/3759/2151 2499/3760/2151 2495/3757/2151
f 2495/3757/2152 2499/3760/2152 2500/3761/2152 2496/3758/2152
f 2496/3758/2153 2500/3761/2153 2501/2612/2153 2497/2616/2153
f 2498/3759/2154 2502/3735/2154 2503/3738/2154 2499/3760/2154
f 2499/3760/2155 2503/3738/2155 2504/3740/2155 2500/3761/2155
f 2500/3761/2156 2504/3740/2156 2505/2613/2156 2501/2612/2156
f 2458/3724/2157 2506/3762/2157 2507/3763/2157 2459/3725/2157
f 2459/3725/2158 2507/3763/2158 2508/3764/2158 2460/3727/2158
f 2460/3727/2159 2508/3764/2159 2509/2596/2159 2461/2598/2159
f 2506/3762/2160 2510/3765/2160 2511/3766/2160 2507/3763/2160
f 2507/3763/2161 2511/3766/2161 2512/3767/2161 2508/3764/2161
f 2508/3764/2162 2512/3767/2162 2513/2592/2162 2509/2596/2162
f 2510/3765/2163 2514/3729/2163 2515/3732/2163 2511/3766/2163
f 2511/3766/2164 2515/3732/2164 2516/3734/2164 2512/3767/2164
f 2512/3767/2165 2516/3734/2165 2517/2593/2165 2513/2592/2165
f 2518/3712/2166 2522/3768/2166 2523/3769/2166 2519/3711/2166
f 2519/3711/2167 2523/3769/2167 2524/3770/2167 2520/3710/2167
f 2520/3710/2168 2524/3770/2168 2525/2574/2168 2521/2578/2168
f 2522/3768/2169 2526/3723/2169 2527/3726/2169 2523/3769/2169
f 2523/3769/2170 2527/3726/2170 2528/3728/2170 2524/3770/2170
f 2524/3770/2171 2528/3728/2171 2529/2575/2171 2525/2574/2171
f 1538/2277/2172 1482/2276/2172 2446/2793/2172 2450/3706/2172
f 2450/3706/2173 2446/2793/2173 2447/2792/2173 2451/3707/2173
f 2451/3707/2174 2447/2792/2174 2448/2791/2174 2452/3708/2174
f 2452/3708/2175 2448/2791/2175 2449/2790/2175 2453/3709/2175
f 2558/3771/2176 2564/3772/2176 2562/3773/2176 2554/3774/2176
f 2542/3775/2177 2548/3776/2177 2552/3777/2177 2546/3778/2177
f 2544/3779/2178 2550/3780/2178 2553/3781/2178 2547/3782/2178
f 2548/3776/2179 2544/3783/2179 2547/3784/2179 2552/3777/2179
f 2559/3785/2180 2565/3786/2180 2560/3787/2180 2556/3788/2180
f 2564/3772/2181 2559/3785/2181 2556/3788/2181 2562/3773/2181
s 1
f 2587/3789/2182 2374/3521/2001 2576/3790/2183 2588/3791/2184
f 2588/3792/2184 2576/3793/2183 2574/3794/2185 2586/3795/2186
f 2590/3796/2187 2577/3797/2188 2579/3798/2189 2591/3799/2190
f 2591/3800/2190 2579/3801/2189 2578/3802/2191 2589/3803/2192
f 2599/3804/2193 2580/3805/2194 2582/3806/2195 2600/3807/2196
f 2600/3808/2196 2582/3809/2195 2581/3810/2197 2598/3811/2198
f 2580/3805/2194 2587/3789/2182 2588/3791/2184 2582/3806/2195
f 2582/3809/2195 2588/3792/2184 2586/3795/2186 2581/3810/2197
f 2584/3812/2199 2590/3796/2187 2591/3799/2190 2585/3813/2200
f 2585/3814/2200 2591/3800/2190 2589/3803/2192 2583/3815/2201
f 2577/3797/2188 2599/3804/2193 2600/3807/2196 2579/3798/2189
f 2579/3801/2189 2600/3808/2196 2598/3811/2198 2578/3802/2191
f 2569/3816/2202 2584/3812/2199 2585/3813/2200 2571/3817/2203
f 2571/3818/2203 2585/3814/2200 2583/3815/2201 2570/3819/2204
f 2614/3820/2205 2610/3821/2206 2612/3822/2207 2615/3823/2208
f 2615/3823/2208 2612/3822/2207 2611/3824/2209 2613/3825/2210
f 2602/3826/2211 2614/3827/2205 2615/3828/2208 2603/3829/2212
f 2603/3830/2212 2615/3831/2208 2613/3832/2210 2601/3833/2213
f 2617/3834/2214 2593/3835/2215 2594/3836/2216 2618/3837/2217
f 2618/3838/2217 2594/3839/2216 2592/3840/2218 2616/3841/2219
f 2608/3842/2220 2617/3843/2214 2618/3838/2217 2609/3844/2221
f 2609/3844/2221 2618/3838/2217 2616/3841/2219 2607/3845/2222
f 2620/3846/2223 2596/3847/2224 2597/3848/2225 2621/3849/2226
f 2621/3849/2226 2597/3848/2225 2595/3850/2227 2619/3851/2228
f 2605/3852/2229 2620/3846/2223 2621/3849/2226 2606/3853/2230
f 2606/3853/2230 2621/3849/2226 2619/3851/2228 2604/3854/2231
f 2623/3855/2232 2602/3826/2211 2603/3829/2212 2624/3856/2233
f 2624/3856/2233 2603/3829/2212 2601/3857/2213 2622/3858/2234
f 2622/3858/2234 2605/3852/2229 2606/3853/2230 2624/3856/2233
f 2624/3856/2233 2606/3853/2230 2604/3854/2231 2623/3855/2232
f 2610/3821/2206 2625/3859/2235 2627/3860/2236 2612/3822/2207
f 2612/3822/2207 2627/3860/2236 2626/3861/2237 2611/3824/2209
f 2625/3859/2235 2608/3842/2220 2609/3844/2221 2627/3860/2236
f 2627/3860/2236 2609/3844/2221 2607/3845/2222 2626/3861/2237
f 2638/3862/2238 2628/3863/2239 2630/3864/2240 2639/3865/2241
f 2639/3866/2241 2630/3867/2240 2629/3868/2242 2637/3869/2243
f 2641/3870/2244 2631/3871/2245 2633/3872/2246 2642/3873/2247
f 2642/3874/2247 2633/3875/2246 2632/3876/2248 2640/3877/2249
f 2644/3878/2250 2634/3879/2251 2636/3880/2252 2645/3881/2253
f 2645/3882/2253 2636/3883/2252 2635/3884/2254 2643/3885/2255
f 2631/3871/2245 2567/3886/2256 2568/3887/2257 2633/3872/2246
f 2633/3875/2246 2568/3888/2257 2566/3889/2258 2632/3876/2248
f 2634/3879/2251 2638/3862/2238 2639/3865/2241 2636/3880/2252
f 2636/3883/2252 2639/3866/2241 2637/3869/2243 2635/3884/2254
f 2628/3863/2239 2641/3870/2244 2642/3873/2247 2630/3864/2240
f 2630/3867/2240 2642/3890/2247 2640/3891/2249 2629/3868/2242
f 2396/3580/2045 2644/3878/2250 2645/3881/2253 2573/3892/2259
f 2573/3893/2259 2645/3882/2253 2643/3885/2255 2572/3894/2260
f 2653/3895/2261 2664/3896/2262 2666/3897/2263 2654/3898/2264
f 2654/3898/2264 2666/3897/2263 2665/3899/2265 2652/3900/2266
f 2664/3896/2262 2661/3901/2267 2663/3902/2268 2666/3897/2263
f 2666/3897/2263 2663/3902/2268 2662/3903/2269 2665/3899/2265
f 2668/3904/2270 2647/3905/2271 2648/3906/2272 2669/3907/2273
f 2669/3907/2273 2648/3906/2272 2646/3908/2274 2667/3909/2275
f 2661/3901/2267 2668/3904/2270 2669/3907/2273 2663/3902/2268
f 2663/3902/2268 2669/3907/2273 2667/3909/2275 2662/3903/2269
f 2671/3910/2276 2658/3911/2277 2660/3912/2278 2672/3913/2279
f 2672/3913/2279 2660/3912/2278 2659/3914/2280 2670/3915/2281
f 2670/3915/2281 2655/3916/2282 2657/3917/2283 2672/3913/2279
f 2672/3913/2279 2657/3917/2283 2656/3918/2284 2671/3910/2276
f 2674/3919/2285 2650/3920/2286 2651/3921/2287 2675/3922/2288
f 2675/3922/2288 2651/3921/2287 2649/3923/2289 2673/3924/2290
f 2655/3916/2282 2674/3919/2285 2675/3922/2288 2657/3917/2283
f 2657/3917/2283 2675/3922/2288 2673/3924/2290 2656/3918/2284
f 2677/3925/2291 2653/3895/2261 2654/3898/2264 2678/3926/2292
f 2678/3927/2292 2654/3928/2264 2652/3929/2266 2676/3930/2293
f 2658/3911/2277 2677/3931/2291 2678/3932/2292 2660/3912/2278
f 2660/3933/2278 2678/3927/2292 2676/3930/2293 2659/3934/2280
s 0
f 2565/3935/2294 2632/3876/2294 2566/3889/2294 2560/3936/2294
s 1
f 2575/3937/2295 2679/3938/2296 2584/3812/2199 2569/3816/2202
s 0
f 2550/3939/2297 2570/3819/2297 2583/3815/2297 2553/3940/2297
s 1
f 2680/3941/308 2644/3878/2250 2396/3580/2045 2373/3695/2100
s 0
f 2563/3942/2298 2572/3943/2298 2643/3944/2298 2671/3910/2298
f 2625/3945/2299 2586/3795/2299 2574/3794/2299 2551/3946/2299
f 2623/3855/2300 2589/3803/2300 2578/3802/2300 2602/3826/2300
s 1
f 2681/3947/2301 2628/3863/2239 2638/3862/2238 2682/3948/2302
f 2683/3949/2303 2641/3870/2244 2628/3863/2239 2681/3947/2301
s 0
f 2602/3826/2304 2578/3802/2304 2598/3811/2304 2614/3827/2304
s 1
f 2682/3948/2302 2638/3862/2238 2634/3879/2251 2684/3950/308
s 0
f 2610/3951/2305 2581/3810/2305 2586/3795/2305 2625/3945/2305
f 2614/3827/2306 2598/3811/2306 2581/3810/2306 2610/3951/2306
s 1
f 2684/3950/308 2634/3879/2251 2644/3878/2250 2680/3941/308
f 2679/3938/2296 2631/3871/2245 2641/3870/2244 2683/3949/2303
s 0
f 2553/3940/2307 2583/3815/2307 2589/3803/2307 2623/3855/2307
f 2593/3835/2308 2617/3834/2308 2549/3952/2308 2543/3953/2308
s 1
f 2592/3954/2218 2650/3920/2286 2674/3919/2285 2616/3955/2219
s 0
f 2546/3778/2309 2552/3777/2309 2619/3851/2309 2595/3850/2309
s 1
f 2596/3956/2224 2620/3957/2223 2667/3909/2275 2646/3908/2274
f 2601/3833/2213 2613/3832/2210 2676/3930/2293 2652/3929/2266
f 2622/3958/2234 2601/3833/2213 2652/3929/2266 2665/3959/2265
s 0
f 2547/3784/2310 2553/3940/2310 2623/3855/2310 2604/3854/2310
f 2552/3777/2311 2547/3784/2311 2604/3854/2311 2619/3851/2311
s 1
f 2605/3960/2229 2622/3961/2234 2665/3899/2265 2662/3903/2269
f 2620/3957/2223 2605/3960/2229 2662/3903/2269 2667/3909/2275
s 0
f 2608/3842/2312 2625/3859/2312 2551/3962/2312 2545/3963/2312
s 1
f 2607/3845/2222 2655/3964/2282 2670/3965/2281 2626/3861/2237
s 0
f 2617/3843/2313 2608/3842/2313 2545/3963/2313 2549/3966/2313
s 1
f 2616/3955/2219 2674/3919/2285 2655/3916/2282 2607/3967/2222
f 2611/3824/2209 2626/3861/2237 2670/3965/2281 2659/3968/2280
f 2613/3832/2210 2611/3969/2209 2659/3934/2280 2676/3930/2293
s 0
f 2653/3895/2314 2629/3868/2314 2640/3891/2314 2664/3896/2314
f 2677/3925/2315 2637/3869/2315 2629/3868/2315 2653/3895/2315
f 2664/3970/2316 2640/3877/2316 2632/3876/2316 2565/3935/2316
f 2658/3911/2317 2635/3971/2317 2637/3972/2317 2677/3931/2317
f 2671/3910/2318 2643/3944/2318 2635/3971/2318 2658/3911/2318
f 2647/3905/2319 2668/3904/2319 2564/3772/2319 2558/3771/2319
f 2555/3973/2320 2561/3974/2320 2673/3924/2320 2649/3923/2320
f 2561/3974/2321 2557/3975/2321 2656/3918/2321 2673/3924/2321
f 2557/3975/2322 2563/3942/2322 2671/3910/2322 2656/3918/2322
f 2661/3901/2323 2664/3896/2323 2565/3786/2323 2559/3785/2323
f 2668/3904/2324 2661/3901/2324 2559/3785/2324 2564/3772/2324
s 1
f 2584/3812/2199 2679/3938/2296 2683/3949/2303 2590/3796/2187
f 2580/3805/2194 2684/3950/308 2680/3941/308 2587/3789/2182
f 2599/3804/2193 2682/3948/2302 2684/3950/308 2580/3805/2194
f 2590/3796/2187 2683/3949/2303 2681/3947/2301 2577/3797/2188
f 2577/3797/2188 2681/3947/2301 2682/3948/2302 2599/3804/2193
f 2587/3789/2182 2680/3941/308 2373/3695/2100 2374/3521/2001
f 2567/3886/2256 2631/3871/2245 2679/3938/2296 2575/3937/2295
s 0
f 3226/3976/2325 3227/3977/2325 2686/3978/2325 2699/3979/2325
f 3198/3980/308 2721/3981/308 2685/3982/308 3148/3983/308
f 2699/3984/2326 2686/3985/2326 2688/3986/2326 2701/3987/2326
f 2701/3987/2327 2688/3986/2327 2690/3988/2327 2706/3989/2327
f 2689/3990/308 3161/3991/308 2702/3992/308 2691/3993/308
f 3161/3991/308 3162/3994/308 2703/3995/308 2702/3992/308
f 3162/3994/308 3163/3996/308 2704/3997/308 2703/3995/308
f 2700/3998/2328 2701/3987/2328 2706/3989/2328 2705/3999/2328
f 2687/4000/308 3156/4001/308 3161/3991/308 2689/3990/308
f 2697/4002/2329 2698/4003/2329 2700/3998/2329
f 2698/4003/2330 2699/3984/2330 2701/3987/2330 2700/3998/2330
f 2725/4004/2331 3173/4005/2331 2693/4006/2331 3141/4007/2331
f 3228/4008/2332 3229/4009/2332 2698/4010/2332 2697/4011/2332
f 3229/4009/2333 3226/3976/2333 2699/3979/2333 2698/4010/2333
f 2705/3999/308 2706/3989/308 2719/4012/308 2717/4013/308
f 2717/4013/308 2719/4012/308 2720/4014/308 2718/4015/308
f 2703/3995/308 2704/3997/308 2715/4016/308 2713/4017/308
f 2713/4017/308 2715/4016/308 2716/4018/308 2714/4019/308
f 2702/3992/308 2703/3995/308 2713/4017/308 2711/4020/308
f 2711/4020/308 2713/4017/308 2714/4019/308 2712/4021/308
f 2691/3993/308 2702/3992/308 2711/4020/308 2708/4022/308
f 2708/4022/308 2711/4020/308 2712/4021/308 2707/4023/308
f 2706/3989/308 2690/3988/308 2709/4024/308 2719/4012/308
f 2719/4012/308 2709/4024/308 2710/4025/308 2720/4014/308
f 2692/4026/308 3108/4027/308 2724/4028/308 2726/4029/308
f 2726/4029/308 2724/4028/308 2723/4030/308 2727/4031/308
f 2727/4031/308 2723/4030/308 2722/4032/308 2728/4033/308
f 2728/4033/308 2722/4032/308 2721/3981/308 3198/3980/308
f 2696/4034/2334 3232/4035/2334 3228/4008/2334 2697/4011/2334
f 1422/2001/2335 1424/2000/2335 2771/4036/2335 2769/4037/2335
f 2769/4037/2336 2771/4036/2336 2772/1878/2336 2770/1993/2336
f 1420/2004/2337 1422/2001/2337 2769/4037/2337 2767/4038/2337
f 2767/4038/2338 2769/4037/2338 2770/1993/2338 2768/1992/2338
f 1410/2016/2339 1412/2015/2339 2765/4039/2339 2763/4040/2339
f 2763/4040/2340 2765/4039/2340 2766/1890/2340 2764/1980/2340
f 1408/2019/2341 1410/2016/2341 2763/4040/2341 2761/4041/2341
f 2761/4041/2342 2763/4040/2342 2764/1980/2342 2762/1978/2342
f 1346/2022/2343 1408/2019/2343 2761/4041/2343 2733/4042/2343
f 2733/4042/2344 2761/4041/2344 2762/1978/2344 2734/1879/2344
f 1398/2036/2345 1400/2035/2345 2759/4043/2345 2757/4044/2345
f 2757/4044/2346 2759/4043/2346 2760/1894/2346 2758/1966/2346
f 1396/2039/2347 1398/2036/2347 2757/4044/2347 2755/4045/2347
f 2755/4045/2348 2757/4044/2348 2758/1966/2348 2756/1964/2348
f 1350/2042/2349 1396/2039/2349 2755/4045/2349 2735/4046/2349
f 2735/4046/2350 2755/4045/2350 2756/1964/2350 2736/1891/2350
f 1386/2056/2351 1388/2055/2351 2753/4047/2351 2751/4048/2351
f 2751/4048/2352 2753/4047/2352 2754/1898/2352 2752/1952/2352
f 1384/2059/2353 1386/2056/2353 2751/4048/2353 2749/4049/2353
f 2749/4049/2354 2751/4048/2354 2752/1952/2354 2750/1950/2354
f 1352/2062/2355 1384/2059/2355 2749/4049/2355 2737/4050/2355
f 2737/4050/2356 2749/4049/2356 2750/1950/2356 2738/1895/2356
f 1370/2082/2357 1372/2081/2357 2747/4051/2357 2745/4052/2357
f 2745/4052/2358 2747/4051/2358 2748/1866/2358 2746/1934/2358
f 1354/2085/2359 1370/2082/2359 2745/4052/2359 2739/4053/2359
f 2739/4053/2360 2745/4052/2360 2746/1934/2360 2740/1899/2360
f 1366/2091/2361 1368/2090/2361 2743/4054/2361 2741/4055/2361
f 2741/4055/2362 2743/4054/2362 2744/1858/2362 2742/1932/2362
f 1338/2094/2363 1366/2091/2363 2741/4055/2363 2729/4056/2363
f 2729/4056/2364 2741/4055/2364 2742/1932/2364 2730/1867/2364
f 1388/2055/2365 1354/2085/2365 2739/4053/2365 2753/4047/2365
f 2753/4047/2366 2739/4053/2366 2740/1899/2366 2754/1898/2366
f 1400/2035/2367 1352/2062/2367 2737/4050/2367 2759/4043/2367
f 2759/4043/2368 2737/4050/2368 2738/1895/2368 2760/1894/2368
f 1412/2015/2369 1350/2042/2369 2735/4046/2369 2765/4039/2369
f 2765/4039/2370 2735/4046/2370 2736/1891/2370 2766/1890/2370
f 1424/2000/2371 1346/2022/2371 2733/4042/2371 2771/4036/2371
f 2771/4036/2372 2733/4042/2372 2734/1879/2372 2772/1878/2372
f 1372/2081/2373 1338/2094/2373 2729/4056/2373 2747/4051/2373
f 2747/4051/2374 2729/4056/2374 2730/1867/2374 2748/1866/2374
f 1368/2090/2375 1342/2108/2375 2731/4057/2375 2743/4054/2375
f 2743/4054/2376 2731/4057/2376 2732/1859/2376 2744/1858/2376
f 899/4058/2377 2815/4059/2377 2781/4060/2377 900/4061/2377
f 2815/4059/979 2816/4062/979 2780/4063/979 2781/4060/979
f 2816/4062/979 2817/1352/979 2779/1334/979 2780/4063/979
f 911/1007/2378 2796/1006/2378 2818/962/2378 891/961/2378
f 2796/1006/2379 2795/4064/2379 2819/4065/2379 2818/962/2379
f 2795/4064/2380 2794/1346/2380 2820/1348/2380 2819/4065/2380
f 917/1021/2381 2802/1020/2381 2809/950/2381 887/949/2381
f 2802/1020/2382 2801/4066/2382 2810/4067/2382 2809/950/2382
f 2801/4066/2383 2800/1343/2383 2811/1345/2383 2810/4067/2383
f 924/1037/2384 2808/1036/2384 2815/4068/2384 899/4069/2384
f 2808/1036/2385 2807/4070/2385 2816/4071/2385 2815/4068/2385
f 2807/4070/2386 2806/1340/2386 2817/1342/2386 2816/4071/2386
f 906/993/2387 2790/992/2387 2812/954/2387 895/953/2387
f 2790/992/2388 2789/4072/2388 2813/4073/2388 2812/954/2388
f 2789/4072/2389 2788/1337/2389 2814/1339/2389 2813/4073/2389
f 900/4061/2390 2781/4060/2390 2787/995/2390 905/994/2390
f 2781/4060/2391 2780/4063/2391 2786/4074/2391 2787/995/2391
f 2780/4063/2392 2779/1334/2392 2785/1336/2392 2786/4074/2392
f 888/4075/2393 2775/4076/2393 2793/1009/2393 912/1008/2393
f 2775/4076/2394 2774/4077/2394 2792/4078/2394 2793/1009/2394
f 2774/4077/2395 2773/1329/2395 2791/1331/2395 2792/4078/2395
f 896/4079/2396 2778/4080/2396 2799/1023/2396 918/1022/2396
f 2778/4080/2397 2777/4081/2397 2798/4082/2397 2799/1023/2397
f 2777/4081/2398 2776/1324/2398 2797/1326/2398 2798/4082/2398
f 892/4083/2399 2784/4084/2399 2805/1039/2399 923/1038/2399
f 2784/4084/2400 2783/4085/2400 2804/4086/2400 2805/1039/2400
f 2783/4085/2401 2782/1319/2401 2803/1321/2401 2804/4086/2401
f 1068/1317/2402 2806/1340/2402 2803/1321/2402 1066/1318/2402
f 2806/1340/2402 2807/4070/2402 2804/4086/2402 2803/1321/2402
f 2807/4070/2402 2808/1036/2402 2805/1039/2402 2804/4086/2402
f 1064/1322/2403 2800/1343/2403 2797/1326/2403 1062/1323/2403
f 2800/1343/2403 2801/4066/2403 2798/4082/2403 2797/1326/2403
f 2801/4066/2403 2802/1020/2403 2799/1023/2403 2798/4082/2403
f 1060/1327/2404 2794/1346/2404 2791/1331/2404 1058/1328/2404
f 2794/1346/2404 2795/4064/2404 2792/4078/2404 2791/1331/2404
f 2795/4064/2404 2796/1006/2404 2793/1009/2404 2792/4078/2404
f 1056/1332/2405 2788/1337/2405 2785/1336/2405 1054/1333/2405
f 2788/1337/2405 2789/4072/2405 2786/4074/2405 2785/1336/2405
f 2789/4072/2405 2790/992/2405 2787/995/2405 2786/4074/2405
f 1050/1351/2406 2782/4087/2406 2820/1348/2406 1051/1347/2406
f 2782/4087/2406 2783/4088/2406 2819/4065/2406 2820/1348/2406
f 2783/4088/2406 2784/959/2406 2818/962/2406 2819/4065/2406
f 1042/1356/2407 2776/4089/2407 2814/1339/2407 1043/1338/2407
f 2776/4089/2407 2777/4090/2407 2813/4073/2407 2814/1339/2407
f 2777/4090/2407 2778/951/2407 2812/954/2407 2813/4073/2407
f 1038/1359/2408 2773/4091/2408 2811/1345/2408 1039/1344/2408
f 2773/4091/2408 2774/4092/2408 2810/4067/2408 2811/1345/2408
f 2774/4092/2408 2775/947/2408 2809/950/2408 2810/4067/2408
f 1571/4093/2409 2863/4094/2409 2829/4095/2409 1572/4096/2409
f 2863/4094/1404 2864/4097/1404 2828/4098/1404 2829/4095/1404
f 2864/4097/1404 2865/2447/1404 2827/2429/1404 2828/4098/1404
f 1583/2371/2410 2844/2370/2410 2866/2329/2410 1563/2328/2410
f 2844/2370/2411 2843/4099/2411 2867/4100/2411 2866/2329/2411
f 2843/4099/2412 2842/2441/2412 2868/2443/2412 2867/4100/2412
f 1589/2385/2413 2850/2384/2413 2857/2317/2413 1559/2316/2413
f 2850/2384/2414 2849/4101/2414 2858/4102/2414 2857/2317/2414
f 2849/4101/2415 2848/2438/2415 2859/2440/2415 2858/4102/2415
f 1596/2401/2416 2856/2400/2416 2863/4103/2416 1571/4104/2416
f 2856/2400/2417 2855/4105/2417 2864/4106/2417 2863/4103/2417
f 2855/4105/2418 2854/2435/2418 2865/2437/2418 2864/4106/2418
f 1578/2357/2419 2838/2356/2419 2860/2321/2419 1567/2320/2419
f 2838/2356/2420 2837/4107/2420 2861/4108/2420 2860/2321/2420
f 2837/4107/2421 2836/2432/2421 2862/2434/2421 2861/4108/2421
f 1572/4096/2422 2829/4095/2422 2835/2359/2422 1577/2358/2422
f 2829/4095/2423 2828/4098/2423 2834/4109/2423 2835/2359/2423
f 2828/4098/2424 2827/2429/2424 2833/2431/2424 2834/4109/2424
f 1560/4110/2425 2823/4111/2425 2841/2373/2425 1584/2372/2425
f 2823/4111/2426 2822/4112/2426 2840/4113/2426 2841/2373/2426
f 2822/4112/2427 2821/2424/2427 2839/2426/2427 2840/4113/2427
f 1568/4114/2428 2826/4115/2428 2847/2387/2428 1590/2386/2428
f 2826/4115/2429 2825/4116/2429 2846/4117/2429 2847/2387/2429
f 2825/4116/2430 2824/2419/2430 2845/2421/2430 2846/4117/2430
f 1564/4118/2431 2832/4119/2431 2853/2403/2431 1595/2402/2431
f 2832/4119/2432 2831/4120/2432 2852/4121/2432 2853/2403/2432
f 2831/4120/2433 2830/2414/2433 2851/2416/2433 2852/4121/2433
f 1628/2412/2434 2854/2435/2434 2851/2416/2434 1626/2413/2434
f 2854/2435/2434 2855/4105/2434 2852/4121/2434 2851/2416/2434
f 2855/4105/2434 2856/2400/2434 2853/2403/2434 2852/4121/2434
f 1624/2417/2435 2848/2438/2435 2845/2421/2435 1622/2418/2435
f 2848/2438/2435 2849/4101/2435 2846/4117/2435 2845/2421/2435
f 2849/4101/2435 2850/2384/2435 2847/2387/2435 2846/4117/2435
f 1620/2422/2436 2842/2441/2436 2839/2426/2436 1618/2423/2436
f 2842/2441/2436 2843/4099/2436 2840/4113/2436 2839/2426/2436
f 2843/4099/2436 2844/2370/2436 2841/2373/2436 2840/4113/2436
f 1616/2427/2437 2836/2432/2437 2833/2431/2437 1614/2428/2437
f 2836/2432/2437 2837/4107/2437 2834/4109/2437 2833/2431/2437
f 2837/4107/2437 2838/2356/2437 2835/2359/2437 2834/4109/2437
f 1610/2446/2438 2830/4122/2438 2868/2443/2438 1611/2442/2438
f 2830/4122/2438 2831/4123/2438 2867/4100/2438 2868/2443/2438
f 2831/4123/2438 2832/2326/2438 2866/2329/2438 2867/4100/2438
f 1602/2451/2439 2824/4124/2439 2862/2434/2439 1603/2433/2439
f 2824/4124/2439 2825/4125/2439 2861/4108/2439 2862/2434/2439
f 2825/4125/2439 2826/2318/2439 2860/2321/2439 2861/4108/2439
f 1598/2454/2440 2821/4126/2440 2859/2440/2440 1599/2439/2440
f 2821/4126/2440 2822/4127/2440 2858/4102/2440 2859/2440/2440
f 2822/4127/2440 2823/2314/2440 2857/2317/2440 2858/4102/2440
f 851/4128/2441 2881/4129/2441 2871/4130/2441 852/4131/2441
f 2881/4129/2442 2882/4132/2442 2870/4133/2442 2871/4130/2442
f 2882/4132/2442 2883/1261/2442 2869/1264/2442 2870/4133/2442
f 876/914/2443 2880/913/2443 2881/4129/2443 851/4128/2443
f 2880/4134/2444 2879/4135/2444 2882/4136/2444 2881/4137/2444
f 2879/4135/2445 2878/1235/2445 2883/1238/2445 2882/4136/2445
f 844/4138/2446 2874/4139/2446 2877/916/2446 875/915/2446
f 2874/4139/2447 2873/4140/2447 2876/4141/2447 2877/916/2447
f 2873/4140/2448 2872/1178/2448 2875/1180/2448 2876/4141/2448
f 1004/1176/2449 2878/4142/2449 2875/1180/2449 1002/1177/2449
f 2878/4142/2449 2879/4143/2449 2876/4141/2449 2875/1180/2449
f 2879/4143/2449 2880/913/2449 2877/916/2449 2876/4141/2449
f 986/1259/2450 2872/4144/2450 2886/4145/2450 987/1260/2450
f 2872/4144/2450 2873/4146/2450 2885/4147/2450 2886/4145/2450
f 2873/4146/2450 2874/851/2450 2884/854/2450 2885/4147/2450
f 869/900/2451 2898/899/2451 2899/842/2451 839/841/2451
f 2898/899/2452 2897/4148/2452 2900/4149/2452 2899/842/2452
f 2897/4148/2453 2896/1239/2453 2901/1241/2453 2900/4149/2453
f 848/4150/2454 2892/4151/2454 2895/902/2454 870/901/2454
f 2892/4151/2455 2891/4152/2455 2894/4153/2455 2895/902/2455
f 2891/4152/2456 2890/1183/2456 2893/1185/2456 2894/4153/2456
f 1000/1181/2457 2896/1239/2457 2893/1185/2457 998/1182/2457
f 2896/1239/2457 2897/4148/2457 2894/4153/2457 2893/1185/2457
f 2897/4148/2457 2898/899/2457 2895/902/2457 2894/4153/2457
f 978/1269/2458 2890/4154/2458 2904/4155/2458 979/1270/2458
f 2890/4154/2458 2891/4156/2458 2903/4157/2458 2904/4155/2458
f 2891/4156/2458 2892/843/2458 2902/846/2458 2903/4157/2458
f 974/1273/2459 2887/4158/2459 2901/1241/2459 975/1240/2459
f 2887/4158/2459 2888/4159/2459 2900/4149/2459 2901/1241/2459
f 2888/4159/2459 2889/839/2459 2899/842/2459 2900/4149/2459
f 1822/4160/2460 1245/2730/2460 2910/2729/2460 2955/4161/2460
f 2955/4161/2461 2910/2729/2461 2909/4162/2461 2956/4163/2461
f 2956/4163/2462 2909/4162/2462 2908/3205/2462 2957/3204/2462
f 1246/2796/2463 1915/4164/2463 2994/4165/2463 2982/2797/2463
f 2982/2797/2464 2994/4165/2464 2995/4166/2464 2983/4167/2464
f 2983/4167/2465 2995/4166/2465 2996/3192/2465 2984/3191/2465
f 2964/4168/2466 2965/4169/2466 2918/4170/2466 2919/4171/2466
f 2965/4169/2467 2966/2696/2467 2917/3190/2467 2918/4170/2467
f 1914/4172/2468 1247/4173/2468 2913/4174/2468 2997/4175/2468
f 2997/4175/2469 2913/4174/2469 2912/4176/2469 2998/4177/2469
f 2998/4177/2470 2912/4176/2470 2911/3189/2470 2999/3156/2470
f 2916/4178/1764 2973/4179/1764 2915/4180/1764
f 2915/4180/1764 2973/4179/1764 2974/3178/1764 2914/2697/1764
f 2970/4181/1757 2930/4182/1757 2929/4183/1757 2971/4184/1757
f 2971/4184/1757 2929/4183/1757 2928/3169/1757 2972/3182/1757
f 2975/4185/2471 2988/4186/2471 2989/4187/2471 2976/4188/2471
f 2976/4188/2472 2989/4187/2472 2990/3167/2472 2977/3180/2472
f 2985/4189/2473 2986/4190/2473 2926/4191/2473 2927/4192/2473
f 2981/4193/2474 2973/4194/2474 2974/4195/2474
f 2961/4196/2473 2962/4197/2473 2986/4190/2473 2985/4189/2473
f 2962/4197/2473 2963/3173/2473 2987/4198/2473 2986/4190/2473
f 2967/4199/1759 2968/4200/1759 2962/4197/1759 2961/4196/1759
f 2968/4200/1759 2969/3172/1759 2963/3173/1759 2962/4197/1759
f 1248/4201/2475 1821/2864/2475 2958/2863/2475 2925/4202/2475
f 2925/4202/2476 2958/2863/2476 2959/4203/2476 2924/4204/2476
f 2924/4204/2477 2959/4203/2477 2960/3171/2477 2923/3170/2477
f 2930/4182/1757 2925/4202/1757 2924/4204/1757 2929/4183/1757
f 2929/4183/1757 2924/4204/1757 2923/3170/1757 2928/3169/1757
f 2988/4205/2478 2919/4171/2478 2918/4170/2478 2989/4206/2478
f 2989/4206/2479 2918/4170/2479 2917/3190/2479 2990/4207/2479
f 1752/4208/2480 2978/4209/2480 2936/4210/2480 1947/4211/2480
f 2978/4209/2481 2979/4212/2481 2935/4213/2481 2936/4210/2481
f 2979/4212/2482 2980/3166/2482 2934/3141/2482 2935/4213/2482
f 1822/4214/2483 2955/4215/2483 2933/4216/2483 1942/4217/2483
f 2955/4215/2484 2956/4218/2484 2932/4219/2484 2933/4216/2484
f 2956/4218/2485 2957/3160/2485 2931/3163/2485 2932/4219/2485
f 1914/4172/2486 2997/4175/2486 2939/4220/2486 1948/4221/2486
f 2997/4175/2487 2998/4177/2487 2938/4222/2487 2939/4220/2487
f 2998/4177/2488 2999/3156/2488 2937/3147/2488 2938/4222/2488
f 1939/4223/2489 3003/4224/2489 2942/4225/2489 1953/4226/2489
f 3003/4224/2490 3004/4227/2490 2941/4228/2490 2942/4225/2490
f 3004/4227/2491 3005/3155/2491 2940/3134/2491 2941/4228/2491
f 1963/4229/2492 3018/4230/2492 3012/2663/2492 1951/2662/2492
f 3018/4230/2493 3019/4231/2493 3013/4232/2493 3012/2663/2493
f 3019/4233/2494 3020/3145/2494 3014/3149/2494 3013/4234/2494
f 1948/4221/2495 2939/4220/2495 2945/4235/2495 1971/4236/2495
f 2939/4220/2496 2938/4222/2496 2944/4237/2496 2945/4235/2496
f 2938/4222/2497 2937/3147/2497 2943/3148/2497 2944/4237/2497
f 1963/4238/2498 1971/4239/2498 2945/4240/2498 3018/4241/2498
f 3018/4241/1746 2945/4240/1746 2944/4242/1746 3019/4233/1746
f 3019/4233/1746 2944/4242/1746 2943/3146/1746 3020/3145/1746
f 1980/4243/2499 3021/4244/2499 3009/2722/2499 1946/2721/2499
f 3021/4244/2500 3022/4245/2500 3010/4246/2500 3009/2722/2500
f 3022/4245/2501 3023/3143/2501 3011/3144/2501 3010/4246/2501
f 1947/4211/2502 2936/4210/2502 2948/4247/2502 1982/4248/2502
f 2936/4210/2503 2935/4213/2503 2947/4249/2503 2948/4247/2503
f 2935/4213/2504 2934/3141/2504 2946/3142/2504 2947/4249/2504
f 2002/4250/2505 3024/4251/2505 3015/2880/2505 1952/2879/2505
f 3024/4251/2506 3025/4252/2506 3016/4253/2506 3015/2880/2506
f 3025/4252/2507 3026/3137/2507 3017/3138/2507 3016/4253/2507
f 1953/4226/2508 2942/4225/2508 2951/4254/2508 2003/4255/2508
f 2942/4225/2509 2941/4228/2509 2950/4256/2509 2951/4254/2509
f 2941/4228/2510 2940/3134/2510 2949/3136/2510 2950/4256/2510
f 1942/4217/2511 2933/4216/2511 2954/4257/2511 2016/4258/2511
f 2933/4216/2512 2932/4219/2512 2953/4259/2512 2954/4257/2512
f 2932/4260/2513 2931/3132/2513 2952/3129/2513 2953/4261/2513
f 2017/4262/2514 3027/4263/2514 3006/2866/2514 1943/2865/2514
f 3027/4263/2515 3028/4264/2515 3007/4265/2515 3006/2866/2515
f 3028/4264/2516 3029/3130/2516 3008/3131/2516 3007/4265/2516
f 2017/4266/2517 2016/4267/2517 2954/4268/2517 3027/4269/2517
f 3027/4269/1737 2954/4268/1737 2953/4261/1737 3028/4270/1737
f 3028/4270/1737 2953/4261/1737 2952/3129/1737 3029/3128/1737
f 2089/3133/2518 3026/4271/2518 2949/4272/2518 2090/2958/2518
f 3026/4271/2518 3025/4273/2518 2950/4274/2518 2949/4272/2518
f 3025/4273/2518 3024/2975/2518 2951/2978/2518 2950/4274/2518
f 2087/3139/2519 3023/4275/2519 2946/4276/2519 2088/3140/2519
f 3023/4275/2519 3022/4277/2519 2947/4278/2519 2946/4276/2519
f 3022/4277/2519 3021/2937/2519 2948/2940/2519 2947/4278/2519
f 2075/3151/2520 3002/4279/2520 3017/3138/2520 2084/2954/2520
f 3002/4279/2521 3001/4280/2521 3016/4253/2521 3017/3138/2521
f 3001/4280/2522 3000/2845/2522 3015/2880/2522 3016/4253/2522
f 2052/2808/2523 2960/3171/2523 3008/3131/2523 2077/3002/2523
f 2960/3171/2524 2959/4203/2524 3007/4265/2524 3008/3131/2524
f 2959/4203/2525 2958/2863/2525 3006/2866/2525 3007/4265/2525
f 2055/3165/2526 2911/4281/2526 3002/4279/2526 2075/3151/2526
f 2911/4281/2527 2912/4282/2527 3001/4280/2527 3002/4279/2527
f 2912/4282/2528 2913/2842/2528 3000/2845/2528 3001/4280/2528
f 2057/2805/1759 2969/3172/1759 2972/3182/1759 2059/2751/1759
f 2969/3172/1759 2968/4200/1759 2971/4184/1759 2972/3182/1759
f 2968/4200/1759 2967/4199/1759 2970/4181/1759 2971/4184/1759
f 2063/3181/2529 2980/4283/2529 2984/3191/2529 2067/2672/2529
f 2980/4283/2530 2979/4284/2530 2983/4167/2530 2984/3191/2530
f 2979/4284/2531 2978/2794/2531 2982/2797/2531 2983/4167/2531
f 2054/1381/2532 2908/3205/2532 2907/4285/2532 2050/3183/2532
f 2908/3205/2533 2909/4162/2533 2906/4286/2533 2907/4285/2533
f 2909/4162/2534 2910/2729/2534 2905/2732/2534 2906/4286/2534
f 2050/3185/2535 2907/4287/2535 3011/3144/2535 2080/2921/2535
f 2907/4287/2536 2906/4288/2536 3010/4246/2536 3011/3144/2536
f 2906/4288/2537 2905/2719/2537 3009/2722/2537 3010/4246/2537
f 2964/4168/2538 2916/4178/2538 2915/4180/2538 2965/4169/2538
f 2965/4169/2539 2915/4180/2539 2914/2697/2539 2966/2696/2539
f 2073/3194/2540 2996/4289/2540 3014/4290/2540 2081/3195/2540
f 2996/4289/2541 2995/4291/2541 3013/4232/2541 3014/4290/2541
f 2995/4291/2542 2994/2660/2542 3012/2663/2542 3013/4232/2542
f 2072/3200/2543 2993/4292/2543 2977/3180/2543 2062/2798/2543
f 2993/4292/2544 2992/4293/2544 2976/4188/2544 2977/3180/2544
f 2992/4293/2545 2991/4294/2545 2975/4185/2545 2976/4188/2545
f 2076/3202/2546 3005/4295/2546 2920/4296/2546 2064/3203/2546
f 3005/4295/2547 3004/4297/2547 2921/4298/2547 2920/4296/2547
f 3004/4297/2548 3003/1733/2548 2922/1736/2548 2921/4298/2548
f 2064/3203/2549 2920/4296/2549 2993/4292/2549 2072/3200/2549
f 2920/4296/2550 2921/4298/2550 2992/4293/2550 2993/4292/2550
f 2921/4298/2551 2922/1736/2551 2991/4294/2551 2992/4293/2551
f 947/4299/2552 3072/4300/2552 3038/4301/2552 948/4302/2552
f 3072/4300/953 3073/4303/953 3037/4304/953 3038/4301/953
f 3073/4303/953 3074/1309/953 3036/1291/953 3037/4304/953
f 959/1133/2553 3053/1132/2553 3075/1087/2553 939/1086/2553
f 3053/1132/2554 3052/4305/2554 3076/4306/2554 3075/1087/2554
f 3052/4305/2555 3051/1303/2555 3077/1305/2555 3076/4306/2555
f 965/1147/2556 3059/1146/2556 3066/1075/2556 935/1074/2556
f 3059/1146/2557 3058/4307/2557 3067/4308/2557 3066/1075/2557
f 3058/4307/2558 3057/1300/2558 3068/1302/2558 3067/4308/2558
f 972/1163/2559 3065/1162/2559 3072/4309/2559 947/4310/2559
f 3065/1162/2560 3064/4311/2560 3073/4312/2560 3072/4309/2560
f 3064/4311/2561 3063/1297/2561 3074/1299/2561 3073/4312/2561
f 954/1119/2562 3047/1118/2562 3069/4313/2562 943/4314/2562
f 3047/1118/2563 3046/4315/2563 3070/4316/2563 3069/4313/2563
f 3046/4315/2564 3045/1294/2564 3071/1296/2564 3070/4316/2564
f 948/4302/2565 3038/4301/2565 3044/1121/2565 953/1120/2565
f 3038/4301/2566 3037/4304/2566 3043/4317/2566 3044/1121/2566
f 3037/4304/2567 3036/1291/2567 3042/1293/2567 3043/4317/2567
f 936/4318/2568 3032/4319/2568 3050/1135/2568 960/1134/2568
f 3032/4319/2569 3031/4320/2569 3049/4321/2569 3050/1135/2569
f 3031/4320/2570 3030/1286/2570 3048/1288/2570 3049/4321/2570
f 944/1077/2571 3035/1076/2571 3056/1149/2571 966/1148/2571
f 3035/1076/2572 3034/4322/2572 3055/4323/2572 3056/1149/2572
f 3034/4322/2573 3033/1281/2573 3054/1283/2573 3055/4323/2573
f 940/4324/2574 3041/4325/2574 3062/1165/2574 971/1164/2574
f 3041/4325/2575 3040/4326/2575 3061/4327/2575 3062/1165/2575
f 3040/4326/2576 3039/1276/2576 3060/1278/2576 3061/4327/2576
f 1036/1274/2577 3063/1297/2577 3060/1278/2577 1034/1275/2577
f 3063/1297/2577 3064/4311/2577 3061/4327/2577 3060/1278/2577
f 3064/4311/2577 3065/1162/2577 3062/1165/2577 3061/4327/2577
f 1032/1279/2578 3057/1300/2578 3054/1283/2578 1030/1280/2578
f 3057/1300/2578 3058/4307/2578 3055/4323/2578 3054/1283/2578
f 3058/4307/2578 3059/1146/2578 3056/1149/2578 3055/4323/2578
f 1028/1284/2579 3051/1303/2579 3048/1288/2579 1026/1285/2579
f 3051/1303/2579 3052/4305/2579 3049/4321/2579 3048/1288/2579
f 3052/4305/2579 3053/1132/2579 3050/1135/2579 3049/4321/2579
f 1024/1289/2580 3045/1294/2580 3042/1293/2580 1022/1290/2580
f 3045/1294/2580 3046/4315/2580 3043/4317/2580 3042/1293/2580
f 3046/4315/2580 3047/1118/2580 3044/1121/2580 3043/4317/2580
f 1018/1308/2581 3039/4328/2581 3077/1305/2581 1019/1304/2581
f 3039/4328/2581 3040/4329/2581 3076/4306/2581 3077/1305/2581
f 3040/4329/2581 3041/1084/2581 3075/1087/2581 3076/4306/2581
f 1010/1282/2582 3033/1281/2582 3071/4330/2582 1011/1313/2582
f 3033/1281/2582 3034/4322/2582 3070/4331/2582 3071/4330/2582
f 3034/4322/2582 3035/1076/2582 3069/1079/2582 3070/4331/2582
f 1006/1316/2583 3030/4332/2583 3068/1302/2583 1007/1301/2583
f 3030/4332/2583 3031/4333/2583 3067/4308/2583 3068/1302/2583
f 3031/4333/2583 3032/1072/2583 3066/1075/2583 3067/4308/2583
f 3085/4334/2584 3088/4335/2584 3090/4336/2584 3087/4337/2584
f 3087/4338/2585 3090/4339/2585 3089/4340/2585 3086/4341/2585
f 3088/4335/2584 3091/4342/2584 3093/4343/2584 3090/4336/2584
f 3090/4339/2586 3093/4344/2586 3092/4345/2586 3089/4340/2586
f 3091/4342/2584 3095/4346/2584 3096/4347/2584 3093/4343/2584
f 3093/4344/2587 3096/4348/2587 3094/4349/2587 3092/4345/2587
f 3086/4341/2588 3089/4340/2588 3080/4350/2588 3079/4351/2588
f 2707/4023/308 2712/4021/308 3088/4335/308 3085/4334/308
f 3089/4340/2588 3092/4345/2588 3081/4352/2588 3080/4350/2588
f 2712/4021/308 2714/4019/308 3091/4342/308 3088/4335/308
f 3092/4345/2588 3094/4349/2588 3082/4353/2588 3081/4352/2588
f 2714/4019/308 2716/4018/308 3095/4346/308 3091/4342/308
f 3104/4354/2589 3098/4355/2589 3099/4356/2589 3105/4357/2589
f 3105/4358/2590 3099/4359/2590 3097/4360/2590 3103/4361/2590
f 3100/4362/2591 3104/4354/2591 3105/4357/2591 3102/4363/2591
f 3102/4364/2592 3105/4358/2592 3103/4361/2592 3101/4365/2592
f 3103/4361/2593 3097/4360/2593 3078/4366/2593 3084/4367/2593
f 2720/4014/308 2710/4025/308 3098/4355/308 3104/4354/308
f 3101/4365/2594 3103/4361/2594 3084/4367/2594 3083/4368/2594
f 2718/4015/308 2720/4014/308 3104/4354/308 3100/4362/308
f 3123/4369/2595 3106/4370/2595 3113/4371/2595 2695/4372/2595
f 3140/4373/2596 3107/4374/2596 3106/4370/2596 3123/4369/2596
f 3131/4375/2597 3111/4376/2597 3107/4374/2597 3140/4373/2597
f 3156/4001/308 3157/4377/308 3162/3994/308 3161/3991/308
f 3157/4377/308 3158/4378/308 3163/3996/308 3162/3994/308
f 3167/4379/2598 2725/4004/2598 3141/4007/2598 3109/4380/2598
f 3173/4381/2599 3177/4382/2599 3142/4383/2599 2693/4384/2599
f 3177/4382/2600 3181/4385/2600 3143/4386/2600 3142/4383/2600
f 3181/4385/308 3185/4387/308 3144/4388/308 3143/4386/308
f 3185/4387/2601 3189/4389/2601 3145/4390/2601 3144/4388/2601
f 3189/4389/308 3193/4391/308 3146/4392/308 3145/4390/308
f 3193/4391/308 3197/4393/308 3147/4394/308 3146/4392/308
f 3197/4393/308 3198/3980/308 3148/3983/308 3147/4394/308
f 3108/4027/308 2692/4026/308 3132/4395/308 3110/4396/308
f 2692/4026/308 3124/4397/308 3133/4398/308 3132/4395/308
f 3124/4397/308 3125/4399/308 3134/4400/308 3133/4398/308
f 3125/4399/308 3126/4401/308 3135/4402/308 3134/4400/308
f 3126/4401/308 3127/4403/308 3136/4404/308 3135/4402/308
f 3127/4403/308 3128/4405/308 3137/4406/308 3136/4404/308
f 3128/4405/308 3129/4407/308 3138/4408/308 3137/4406/308
f 3129/4407/308 3130/4409/308 3139/4410/308 3138/4408/308
f 3130/4409/308 3131/4375/308 3140/4373/308 3139/4410/308
f 3110/4396/308 3132/4395/308 3115/4411/308 3112/4412/308
f 3132/4395/308 3133/4398/308 3116/4413/308 3115/4411/308
f 3133/4398/308 3134/4400/308 3117/4414/308 3116/4413/308
f 3134/4400/308 3135/4402/308 3118/4415/308 3117/4414/308
f 3135/4402/308 3136/4404/308 3119/4416/308 3118/4415/308
f 3136/4404/308 3137/4406/308 3120/4417/308 3119/4416/308
f 3137/4406/308 3138/4408/308 3121/4418/308 3120/4417/308
f 3138/4408/308 3139/4410/308 3122/4419/308 3121/4418/308
f 3139/4410/308 3140/4373/308 3123/4369/308 3122/4419/308
f 3112/4412/308 3115/4411/308 3149/4420/308 3114/4421/308
f 3115/4411/308 3116/4413/308 3150/4422/308 3149/4420/308
f 3116/4413/308 3117/4414/308 3151/4423/308 3150/4422/308
f 3117/4414/308 3118/4415/308 3152/4424/308 3151/4423/308
f 3118/4415/308 3119/4416/308 3153/4425/308 3152/4424/308
f 3119/4416/308 3120/4417/308 2694/4426/308 3153/4425/308
f 3120/4417/308 3121/4418/308 3154/4427/308 2694/4426/308
f 3121/4418/308 3122/4419/308 3155/4428/308 3154/4427/308
f 3122/4419/308 3123/4369/308 2695/4372/308 3155/4428/308
f 3114/4421/308 3149/4420/308 3156/4001/308 2687/4000/308
f 3149/4420/308 3150/4422/308 3157/4377/308 3156/4001/308
f 3150/4422/308 3151/4423/308 3158/4378/308 3157/4377/308
f 3151/4423/308 3152/4424/308 3159/4429/308 3158/4378/308
f 3152/4424/308 3153/4425/308 3160/4430/308 3159/4429/308
f 3153/4425/2602 2694/4426/2602 2696/4431/2602 3160/4430/2602
f 3124/4397/308 2692/4026/308 2726/4029/308 3194/4432/308
f 3194/4432/308 2726/4029/308 2727/4031/308 3195/4433/308
f 3195/4433/308 2727/4031/308 2728/4033/308 3196/4434/308
f 3196/4434/308 2728/4033/308 3198/3980/308 3197/4393/308
f 3125/4399/308 3124/4397/308 3194/4432/308 3190/4435/308
f 3190/4435/308 3194/4432/308 3195/4433/308 3191/4436/308
f 3191/4436/308 3195/4433/308 3196/4434/308 3192/4437/308
f 3192/4437/308 3196/4434/308 3197/4393/308 3193/4391/308
f 3126/4401/308 3125/4399/308 3190/4435/308 3186/4438/308
f 3186/4438/308 3190/4435/308 3191/4436/308 3187/4439/308
f 3187/4439/308 3191/4436/308 3192/4437/308 3188/4440/308
f 3188/4440/308 3192/4437/308 3193/4391/308 3189/4389/308
f 3127/4403/308 3126/4401/308 3186/4438/308 3182/4441/308
f 3182/4441/308 3186/4438/308 3187/4439/308 3183/4442/308
f 3183/4442/308 3187/4439/308 3188/4440/308 3184/4443/308
f 3184/4443/2603 3188/4440/2603 3189/4389/2603 3185/4387/2603
f 3128/4405/308 3127/4403/308 3182/4441/308 3178/4444/308
f 3178/4444/308 3182/4441/308 3183/4442/308 3179/4445/308
f 3179/4445/308 3183/4442/308 3184/4443/308 3180/4446/308
f 3180/4446/2604 3184/4443/2604 3185/4387/2604 3181/4385/2604
f 3129/4407/308 3128/4405/308 3178/4444/308 3174/4447/308
f 3174/4447/308 3178/4444/308 3179/4445/308 3175/4448/308
f 3175/4448/308 3179/4445/308 3180/4446/308 3176/4449/308
f 3176/4449/2605 3180/4446/2605 3181/4385/2605 3177/4382/2605
f 3130/4409/308 3129/4407/308 3174/4447/308 3170/4450/308
f 3170/4450/308 3174/4447/308 3175/4448/308 3171/4451/308
f 3171/4451/2606 3175/4448/2606 3176/4449/2606 3172/4452/2606
f 3173/4381/2607 3172/4452/2607 3177/4382/2607
f 3131/4375/2608 3130/4409/2608 3170/4450/2608 3168/4453/2608
f 3168/4454/2609 3170/4455/2609 3171/4456/2609 3169/4457/2609
f 3169/4458/2610 3171/4459/2610 3172/4460/2610
f 3173/4461/2611 3169/4458/2611 3172/4460/2611
f 3164/4462/308 3168/4463/308 3169/4464/308 3165/4465/308
f 3165/4466/2612 3169/4467/2612 3166/4468/2612
f 3166/4469/2613 3169/4470/2613 2725/4471/2613 3167/4472/2613
f 3111/4473/2614 3131/4474/2614 3168/4475/2614 3164/4476/2614
f 3208/4477/2615 3211/4478/2615 3206/4479/2615 3205/4480/2615
f 3212/4481/2616 3215/4482/2616 3204/4483/2616 3203/4484/2616
f 3216/4485/2617 3219/4486/2617 3202/4487/2617 3201/4488/2617
f 3220/4489/2615 3223/4490/2615 3199/4491/2615 3207/4492/2615
f 3211/4478/2616 3220/4489/2616 3207/4492/2616 3206/4479/2616
f 3215/4482/2615 3208/4477/2615 3205/4480/2615 3204/4483/2615
f 3219/4486/2618 3212/4481/2618 3203/4484/2618 3202/4487/2618
f 3224/4493/2619 3216/4485/2619 3201/4488/2619 3200/2002/2619
f 2693/4494/2619 3142/4495/2619 3217/4496/2619 3225/4497/2619
f 3225/4497/2619 3217/4496/2619 3216/4485/2619 3224/4493/2619
f 3143/4498/2618 3144/4499/2618 3213/4500/2618 3218/4501/2618
f 3218/4501/2618 3213/4500/2618 3212/4481/2618 3219/4486/2618
f 3145/4502/2615 3146/4503/2615 3209/4504/2615 3214/4505/2615
f 3214/4505/2615 3209/4504/2615 3208/4477/2615 3215/4482/2615
f 3147/4506/2616 3148/4507/2616 3221/4508/2616 3210/4509/2616
f 3210/4509/2616 3221/4508/2616 3220/4489/2616 3211/4478/2616
f 3148/4507/2615 2685/4510/2615 3222/4511/2615 3221/4508/2615
f 3221/4508/2615 3222/4511/2615 3223/4490/2615 3220/4489/2615
f 3142/4495/2617 3143/4498/2617 3218/4501/2617 3217/4496/2617
f 3217/4496/2617 3218/4501/2617 3219/4486/2617 3216/4485/2617
f 3144/4499/2615 3145/4502/2615 3214/4505/2615 3213/4500/2615
f 3213/4500/2616 3214/4505/2616 3215/4482/2616 3212/4481/2616
f 3146/4503/2615 3147/4506/2615 3210/4509/2615 3209/4504/2615
f 3209/4504/2615 3210/4509/2615 3211/4478/2615 3208/4477/2615
f 2725/4471/2620 3169/4470/2620 3173/4512/2620
f 3177/4513/2621 3172/4514/2621 3176/4515/2621
f 3233/4516/2622 3230/4517/2622 3226/3976/2622 3229/4009/2622
f 3232/4035/2623 3233/4516/2623 3229/4009/2623 3228/4008/2623
f 3230/4517/2624 3231/4518/2624 3227/3977/2624 3226/3976/2624
f 2695/4372/2625 3113/4371/2625 3231/4519/2625 3230/4520/2625
f 3154/4427/2626 3155/4428/2626 3233/4521/2626 3232/4522/2626
f 3155/4428/2627 2695/4372/2627 3230/4520/2627 3233/4521/2627
f 2694/4426/2628 3154/4427/2628 3232/4522/2628 2696/4431/2628
f 1851/1740/2629 2068/1844/2629 1203/4523/2629
f 3303/4524/2630 3302/4525/2630 3305/4526/2630 3306/4527/2630
f 3302/4525/2631 3301/2778/2631 3304/2775/2631 3305/4526/2631
f 3238/4528/2632 3239/4529/2632 3302/4525/2632 3303/4524/2632
f 3239/4529/2633 3240/2278/2633 3301/2778/2633 3302/4525/2633
f 3306/4527/2634 3305/4526/2634 3290/4530/2634 3291/4531/2634
f 3305/4526/2635 3304/2775/2635 3289/2776/2635 3290/4530/2635
f 3243/4532/2636 3242/4533/2636 3299/4534/2636 3300/4535/2636
f 3242/4533/2637 3241/2764/2637 3298/2766/2637 3299/4534/2637
f 1744/2570/2638 1746/2569/2638 3295/4536/2638 3292/4537/2638
f 3292/4537/2639 3295/4536/2639 3296/4538/2639 3293/4539/2639
f 3293/4539/2640 3296/4538/2640 3297/4540/2640 3294/4541/2640
f 1742/2573/2641 1744/2570/2641 3292/4537/2641 3289/2776/2641
f 3289/2776/2642 3292/4537/2642 3293/4539/2642 3290/4530/2642
f 3290/4530/2643 3293/4539/2643 3294/4541/2643 3291/4531/2643
f 1732/2585/2644 1734/2584/2644 3286/4542/2644 3283/4543/2644
f 3283/4543/2645 3286/4542/2645 3287/4544/2645 3284/4545/2645
f 3284/4545/2646 3287/4544/2646 3288/4546/2646 3285/4547/2646
f 1730/2588/2647 1732/2585/2647 3283/4543/2647 3280/4548/2647
f 3280/4548/2648 3283/4543/2648 3284/4545/2648 3281/4549/2648
f 3281/4549/2649 3284/4545/2649 3285/4547/2649 3282/4550/2649
f 1676/2591/2650 1730/2588/2650 3280/4548/2650 3244/4551/2650
f 3244/4551/2651 3280/4548/2651 3281/4549/2651 3245/4552/2651
f 3245/4552/2652 3281/4549/2652 3282/4550/2652 3246/4553/2652
f 1720/2605/2653 1722/2604/2653 3277/4554/2653 3274/4555/2653
f 3274/4555/2654 3277/4554/2654 3278/4556/2654 3275/4557/2654
f 3275/4557/2655 3278/4556/2655 3279/4558/2655 3276/4559/2655
f 1718/2608/2656 1720/2605/2656 3274/4555/2656 3271/4560/2656
f 3271/4560/2657 3274/4555/2657 3275/4557/2657 3272/4561/2657
f 3272/4561/2658 3275/4557/2658 3276/4559/2658 3273/4562/2658
f 1680/2611/2659 1718/2608/2659 3271/4560/2659 3247/4563/2659
f 3247/4563/2660 3271/4560/2660 3272/4561/2660 3248/4564/2660
f 3248/4564/2661 3272/4561/2661 3273/4562/2661 3249/4565/2661
f 1708/2625/2662 1710/2624/2662 3268/4566/2662 3265/4567/2662
f 3265/4567/2663 3268/4566/2663 3269/4568/2663 3266/4569/2663
f 3266/4569/2664 3269/4568/2664 3270/4570/2664 3267/4571/2664
f 1706/2628/2665 1708/2625/2665 3265/4567/2665 3262/4572/2665
f 3262/4572/2666 3265/4567/2666 3266/4569/2666 3263/4573/2666
f 3263/4573/2667 3266/4569/2667 3267/4571/2667 3264/4574/2667
f 1682/2631/2668 1706/2628/2668 3262/4572/2668 3250/4575/2668
f 3250/4575/2669 3262/4572/2669 3263/4573/2669 3251/4576/2669
f 3251/4576/2670 3263/4573/2670 3264/4574/2670 3252/4577/2670
f 1692/2651/2671 1694/2650/2671 3259/4578/2671 3256/4579/2671
f 3256/4579/2672 3259/4578/2672 3260/4580/2672 3257/4581/2672
f 3257/4581/2673 3260/4580/2673 3261/4582/2673 3258/4583/2673
f 1684/2654/2674 1692/2651/2674 3256/4579/2674 3253/4584/2674
f 3253/4584/2675 3256/4579/2675 3257/4581/2675 3254/4585/2675
f 3254/4585/2676 3257/4581/2676 3258/4583/2676 3255/4586/2676
f 1710/2624/2677 1684/2654/2677 3253/4584/2677 3268/4566/2677
f 3268/4566/2678 3253/4584/2678 3254/4585/2678 3269/4568/2678
f 3269/4568/2679 3254/4585/2679 3255/4586/2679 3270/4570/2679
f 1722/2604/2680 1682/2631/2680 3250/4575/2680 3277/4554/2680
f 3277/4554/2681 3250/4575/2681 3251/4576/2681 3278/4556/2681
f 3278/4556/2682 3251/4576/2682 3252/4577/2682 3279/4558/2682
f 1734/2584/2683 1680/2611/2683 3247/4563/2683 3286/4542/2683
f 3286/4542/2684 3247/4563/2684 3248/4564/2684 3287/4544/2684
f 3287/4544/2685 3248/4564/2685 3249/4565/2685 3288/4546/2685
f 1746/2569/2686 1676/2591/2686 3244/4551/2686 3295/4536/2686
f 3295/4536/2687 3244/4551/2687 3245/4552/2687 3296/4538/2687
f 3296/4538/2688 3245/4552/2688 3246/4553/2688 3297/4540/2688
f 1694/2650/2689 1672/2657/2689 3241/2764/2689 3259/4578/2689
f 3259/4578/2690 3241/2764/2690 3242/4533/2690 3260/4580/2690
f 3260/4580/2691 3242/4533/2691 3243/4532/2691 3261/4582/2691
f 3238/4528/2692 3235/2214/2692 3236/2213/2692 3239/4529/2692
f 3239/4529/2693 3236/2213/2693 3237/2212/2693 3240/2278/2693
