# Blender 5.0.1
# www.blender.org
mtllib model.mtl
o leavesMesh
v -33.502811 -35.077969 11.673414
v -33.502811 -35.077969 11.913057
v -32.454090 -35.077969 11.673414
v -32.454090 -35.077969 11.913057
v -33.502815 -36.126694 11.673413
v -33.502815 -36.126694 11.913058
v -32.454086 -36.126694 11.673413
v -32.454086 -36.126694 11.913058
v -32.978451 -34.870029 11.625898
v -32.978451 -34.870029 11.960573
v -32.978451 -36.334637 11.625896
v -32.978451 -36.334633 11.960575
v -32.246147 -35.602329 11.625897
v -32.246147 -35.602329 11.960574
v -33.710754 -35.602329 11.625897
v -33.710754 -35.602329 11.960574
v -32.978451 -35.602314 12.107049
v -32.978451 -35.602314 11.042057
v -32.314793 -36.943558 12.125098
v -32.964279 -36.714790 11.991205
v -32.964245 -36.714287 12.298280
v -33.601768 -36.684456 12.135007
v -32.516701 -37.825733 12.305644
v -33.127239 -37.624500 12.194136
v -33.133858 -37.620445 12.477243
v -33.777039 -37.616405 12.269221
v -32.719849 -38.527706 12.019056
v -32.863400 -38.619480 11.904740
v -33.278828 -38.435421 11.856892
v -33.302380 -38.597706 12.090816
v -33.707798 -38.546394 11.915735
v -33.312210 -39.440739 11.391063
v -33.425316 -39.425209 11.393640
v -33.538418 -39.409676 11.396216
v -31.438381 -34.951950 12.397063
v -31.530642 -35.602329 12.286331
v -31.536533 -35.601845 12.600216
v -31.407581 -36.183472 12.413056
v -30.429104 -34.957218 12.407850
v -30.452766 -35.602329 12.286331
v -30.452766 -35.602329 12.593406
v -30.618971 -36.386486 12.488162
v -30.401108 -36.250107 12.412273
v -29.781668 -35.068600 12.100556
v -29.828781 -35.609985 12.037600
v -29.696819 -35.594673 12.268567
v -29.689856 -36.213898 12.084624
v -29.752398 -36.256443 12.225529
v -28.989433 -35.360668 11.695210
v -28.972931 -35.530457 11.697036
v -28.956427 -35.700245 11.698861
v -34.504311 -34.739365 11.759973
v -34.523998 -36.188236 11.730502
v -34.412006 -35.472397 11.639698
v -34.412006 -35.472397 11.946773
v -35.299568 -34.821762 11.493219
v -35.330605 -36.014740 11.562347
v -35.177616 -35.408707 11.493014
v -35.271812 -35.383255 11.784175
v -35.904224 -34.872608 11.145402
v -35.799286 -35.892284 11.386201
v -35.743809 -35.356228 11.185792
v -35.976925 -35.347301 11.275205
v -36.071785 -35.179077 10.662056
v -36.074291 -35.615322 10.699065
v -36.073036 -35.397198 10.680561
v -32.978451 -34.161179 11.512256
v -33.650356 -34.161179 11.665792
v -32.302879 -36.832985 12.144865
v -32.978451 -34.161179 11.819330
v -32.257782 -34.139320 11.616251
v -32.975758 -33.521511 10.987383
v -33.568748 -33.521511 11.122888
v -33.535786 -33.499939 11.093770
v -32.978451 -33.518291 11.258392
v -32.414612 -33.443954 11.081713
v -33.016819 -33.392681 10.657135
v -33.218243 -33.346390 10.669086
v -33.016068 -33.304520 10.684233
v -32.814648 -33.350815 10.672282
v -35.107044 -34.709892 11.702868
v -34.350170 -36.204636 11.858464
v -33.625645 -36.596092 12.144620
v -33.849163 -37.457264 12.313984
v -33.779655 -38.403576 12.034041
v -32.327953 -37.589859 12.377546
v -31.574829 -36.315056 12.439870
v -29.853642 -34.974258 12.183556
v -30.592688 -34.864899 12.522040
v -31.611042 -34.886391 12.460055
v -32.265442 -34.251881 11.712421
v -32.385460 -33.518291 11.122888
v -33.699944 -34.226681 11.699063
v -35.205982 -36.113686 11.730828
v -35.915176 -35.793839 11.116241
v -35.742588 -34.812744 11.373643
v -34.231674 -34.777588 11.838446
v -34.875237 -42.120293 12.019531
v -34.875237 -42.120293 12.259175
v -35.325077 -41.172947 12.019531
v -35.325077 -41.172947 12.259175
v -33.927887 -41.670452 12.019531
v -33.927887 -41.670452 12.259176
v -34.377731 -40.723103 12.019531
v -34.377731 -40.723103 12.259176
v -35.287994 -41.735813 11.972015
v -35.287994 -41.735813 12.306691
v -33.964970 -41.107582 11.972014
v -33.964970 -41.107582 12.306693
v -34.940601 -40.760189 11.972014
v -34.940601 -40.760189 12.306692
v -34.312370 -42.083210 11.972014
v -34.312370 -42.083210 12.306692
v -34.626499 -41.421707 12.453167
v -34.626499 -41.421707 11.388175
v -33.699585 -40.246887 12.471216
v -33.627640 -40.931717 12.337323
v -33.628113 -40.931900 12.644398
v -33.381599 -41.520592 12.481125
v -32.816078 -40.050873 12.651762
v -32.735973 -40.688709 12.540254
v -32.736794 -40.696426 12.823361
v -32.464558 -41.279167 12.615339
v -32.094826 -39.933273 12.365174
v -31.950346 -40.023582 12.250858
v -31.938419 -40.477806 12.203010
v -31.781719 -40.429470 12.436934
v -31.654171 -40.817707 12.261853
v -31.015963 -40.076736 11.737181
v -30.981480 -40.185570 11.739758
v -30.946995 -40.294403 11.742334
v -35.874596 -40.309479 12.743181
v -35.247513 -40.113846 12.632449
v -35.245422 -40.119377 12.946334
v -34.775333 -39.753407 12.759174
v -36.302761 -39.395508 12.753967
v -35.709858 -39.140167 12.632449
v -35.709858 -39.140167 12.939524
v -34.930214 -38.953949 12.834280
v -35.146858 -38.815643 12.758391
v -36.479858 -38.762882 12.446674
v -35.970596 -38.573219 12.383718
v -36.041031 -38.460583 12.614685
v -35.484653 -38.188679 12.430742
v -35.419395 -38.226925 12.571647
v -36.555843 -37.921951 12.041328
v -36.409550 -37.834213 12.043154
v -36.263252 -37.746475 12.044979
v -34.751526 -43.170219 12.106091
v -33.434269 -42.566521 12.076620
v -34.128944 -42.772408 11.985816
v -34.128944 -42.772408 12.292891
v -34.335968 -43.853256 11.839337
v -33.245003 -43.369576 11.908464
v -33.858078 -43.491325 11.839132
v -33.840664 -43.587334 12.130293
v -34.030678 -44.377651 11.491520
v -33.154583 -43.845474 11.732319
v -33.662617 -44.025299 11.531910
v -33.570686 -44.239708 11.621323
v -33.681961 -44.397556 11.008174
v -33.286812 -44.212696 11.045183
v -33.484386 -44.305126 11.026678
v -35.928322 -42.039871 11.858374
v -35.640114 -42.646824 12.011910
v -33.804573 -40.283554 12.490983
v -35.928322 -42.039871 12.165448
v -36.257191 -41.398243 11.962369
v -36.507313 -42.311817 11.333501
v -36.252953 -42.847485 11.469006
v -36.286579 -42.826962 11.439888
v -36.509064 -42.315632 11.604510
v -36.818069 -41.838181 11.427831
v -36.606071 -42.404171 11.003253
v -36.561489 -42.605980 11.015203
v -36.686031 -42.441307 11.030351
v -36.730614 -42.239502 11.018400
v -34.519611 -43.727329 12.048986
v -33.494015 -42.402462 12.204581
v -33.451180 -41.580063 12.490738
v -32.577377 -41.412582 12.660102
v -31.752359 -40.943878 12.380159
v -33.110111 -39.981548 12.723664
v -34.584728 -39.848045 12.785988
v -36.534206 -38.868366 12.529673
v -36.315987 -39.582878 12.868158
v -35.859756 -40.493572 12.806173
v -36.152225 -41.356880 12.058539
v -36.763424 -41.779964 11.469006
v -35.559673 -42.663521 12.045181
v -33.209080 -43.214558 12.076946
v -33.193802 -43.992390 11.462358
v -34.154087 -44.257320 11.719761
v -34.833939 -42.907539 12.184564
v -37.471878 -46.936771 12.999963
v -37.471878 -46.936771 13.239607
v -38.389767 -47.444008 12.999963
v -38.389767 -47.444008 13.239607
v -37.979111 -46.018875 12.999962
v -37.979111 -46.018875 13.239607
v -38.897011 -46.526115 12.999962
v -38.897011 -46.526115 13.239607
v -37.830246 -47.372387 12.952447
v -37.830246 -47.372387 13.287123
v -38.538635 -46.090496 12.952445
v -38.538635 -46.090496 13.287124
v -38.825386 -47.085640 12.952446
v -38.825386 -47.085640 13.287123
v -37.543491 -46.377251 12.952446
v -37.543491 -46.377251 13.287123
v -38.184433 -46.731457 13.433598
v -38.184433 -46.731457 12.368607
v -39.414021 -45.878529 13.451648
v -38.734909 -45.764618 13.317755
v -38.734695 -45.765076 13.624828
v -38.162277 -45.482834 13.461555
v -39.663986 -45.008747 13.632194
v -39.032280 -44.889580 13.520685
v -39.024529 -44.889923 13.803792
v -38.459629 -44.582371 13.595771
v -39.825706 -44.296089 13.345605
v -39.744453 -44.146332 13.231289
v -39.291824 -44.106499 13.183440
v -39.349701 -43.953068 13.417366
v -38.970039 -43.801888 13.242284
v -39.748848 -43.210449 12.717612
v -39.642345 -43.169338 12.720189
v -39.535835 -43.128227 12.722766
v -39.217815 -48.045578 13.723613
v -39.451633 -47.431709 13.612881
v -39.446243 -47.429283 13.926765
v -39.840424 -46.982586 13.739605
v -40.103729 -48.529129 13.734399
v -40.395042 -47.953049 13.612881
v -40.395042 -47.953049 13.919955
v -40.628845 -47.186329 13.814711
v -40.753571 -47.411064 13.738823
v -40.724270 -48.744789 13.427105
v -40.944889 -48.248154 13.364148
v -41.052982 -48.325378 13.595116
v -41.358582 -47.786774 13.411174
v -41.324417 -47.719284 13.552078
v -41.558937 -48.872337 13.021759
v -41.655506 -48.731712 13.023585
v -41.752075 -48.591087 13.025411
v -36.431541 -46.748741 13.086522
v -37.115086 -45.471092 13.057051
v -36.866879 -46.151794 12.966248
v -36.866879 -46.151794 13.273322
v -35.775345 -46.291973 12.819768
v -36.325191 -45.232811 12.888896
v -36.165974 -45.837238 12.819563
v -36.071217 -45.813953 13.110723
v -35.270714 -45.955017 12.471951
v -35.855751 -45.113304 12.712749
v -35.645031 -45.609318 12.512341
v -35.436680 -45.504379 12.601753
v -35.272289 -45.605736 11.988605
v -35.481091 -45.222702 12.025614
v -35.376690 -45.414219 12.007110
v -37.487396 -47.992813 12.838804
v -36.899311 -47.667831 12.992342
v -39.370968 -45.981068 13.471414
v -37.487396 -47.992813 13.145879
v -38.107590 -48.360508 12.942800
v -37.180363 -48.553982 12.313931
v -36.661346 -48.267170 12.449436
v -36.679764 -48.301994 12.420320
v -37.176449 -48.555496 12.584941
v -37.633995 -48.893272 12.408262
v -37.082111 -48.646877 11.983684
v -36.883427 -48.589973 11.995634
v -37.040131 -48.724403 12.010782
v -37.238815 -48.781311 11.998832
v -35.889744 -46.483009 13.029417
v -37.275162 -45.540813 13.185013
v -38.098640 -45.548622 13.471169
v -38.319530 -44.686775 13.640533
v -38.838074 -43.892136 13.360590
v -39.715103 -45.306488 13.704095
v -39.757683 -46.786522 13.766418
v -40.615646 -48.792549 13.510104
v -39.915901 -48.530807 13.848589
v -39.034981 -48.019447 13.786605
v -38.155327 -48.258286 13.038970
v -37.695465 -48.842308 12.449436
v -36.887592 -47.586514 13.025612
v -36.482124 -45.206486 13.057377
v -35.706699 -45.143410 12.442789
v -35.383228 -46.085590 12.700192
v -36.688656 -46.847149 13.164995
v -43.628681 -49.171638 15.626930
v -43.628681 -49.171638 15.866573
v -43.647518 -50.220192 15.626930
v -43.647518 -50.220192 15.866573
v -44.677238 -49.152798 15.626928
v -44.677238 -49.152798 15.866573
v -44.696072 -50.201359 15.626928
v -44.696072 -50.201359 15.866573
v -43.430195 -49.699650 15.579414
v -43.430195 -49.699650 15.914089
v -44.894562 -49.673344 15.579412
v -44.894562 -49.673344 15.914091
v -44.175526 -50.418678 15.579412
v -44.175526 -50.418678 15.914090
v -44.149223 -48.954311 15.579412
v -44.149223 -48.954311 15.914090
v -44.162361 -49.686497 16.060566
v -44.162361 -49.686497 14.995573
v -45.515305 -50.325958 16.078613
v -45.274910 -49.680683 15.944721
v -45.274406 -49.680729 16.251795
v -45.233131 -49.043842 16.088524
v -46.393715 -50.108238 16.259159
v -46.181545 -49.501415 16.147652
v -46.177376 -49.494869 16.430759
v -46.161781 -48.851864 16.222736
v -47.091927 -49.892517 15.972572
v -47.181107 -49.747337 15.858256
v -46.989613 -49.335285 15.810408
v -47.151451 -49.308819 16.044333
v -47.092865 -48.904388 15.869251
v -47.994171 -49.283852 15.344579
v -47.976608 -49.171043 15.347156
v -47.959049 -49.058239 15.349732
v -43.539761 -51.237999 16.350580
v -44.188377 -51.134071 16.239847
v -44.187790 -51.128189 16.553732
v -44.771637 -51.246674 16.366573
v -43.563152 -52.247021 16.361366
v -44.207737 -52.211773 16.239847
v -44.207737 -52.211773 16.546921
v -44.988781 -52.031513 16.441677
v -44.856339 -52.251789 16.365789
v -43.686146 -52.892349 16.054073
v -44.226597 -52.835518 15.991116
v -44.213661 -52.967735 16.222084
v -44.832909 -52.963577 16.038139
v -44.874325 -52.900284 16.179045
v -43.992397 -53.679211 15.648726
v -44.162457 -53.692665 15.650552
v -44.332512 -53.706116 15.652378
v -43.272141 -48.176384 15.713489
v -44.720428 -48.130676 15.684018
v -44.006718 -48.255505 15.593214
v -44.006718 -48.255505 15.900289
v -43.340244 -47.379772 15.446735
v -44.532471 -47.327316 15.515863
v -43.929283 -47.491165 15.446530
v -43.902145 -47.397442 15.737690
v -43.380222 -46.774300 15.098918
v -44.401619 -46.860909 15.339716
v -43.866646 -46.926003 15.139308
v -43.853535 -46.693089 15.228721
v -43.683632 -46.601265 14.615572
v -44.119759 -46.590923 14.652581
v -43.901695 -46.596092 14.634076
v -42.721455 -49.712379 15.465772
v -42.709389 -49.040585 15.619308
v -45.404968 -50.339855 16.098381
v -42.721455 -49.712379 15.772846
v -42.712547 -50.433327 15.569767
v -42.081940 -49.726562 14.940899
v -42.071289 -49.133667 15.076404
v -42.050312 -49.167011 15.047286
v -42.078674 -49.723927 15.211908
v -42.014477 -50.289013 15.035229
v -41.952393 -49.687820 14.610651
v -41.902493 -49.487263 14.622602
v -41.864262 -49.690155 14.637749
v -41.914162 -49.890713 14.625798
v -43.231850 -47.574276 15.656384
v -44.739948 -48.304180 15.811979
v -45.144352 -49.021557 16.098137
v -46.001373 -48.782608 16.267500
v -46.948780 -48.835110 15.987557
v -46.161270 -50.301193 16.331062
v -44.900200 -51.077091 16.393387
v -43.590527 -52.822083 16.137072
v -43.467911 -52.085121 16.475555
v -43.471111 -51.066544 16.413570
v -42.824951 -50.423645 15.665937
v -42.089325 -50.316822 15.076404
v -42.773991 -48.989826 15.652579
v -44.633640 -47.450138 15.684344
v -44.301109 -46.746803 15.069757
v -43.323273 -46.936985 15.327159
v -43.315258 -48.448288 15.791962
v -49.933037 -51.663090 18.348518
v -49.933037 -51.663090 18.653372
v -50.974609 -52.496716 18.348518
v -50.974609 -52.496716 18.653372
v -50.766659 -50.621510 18.348516
v -50.766659 -50.621510 18.653374
v -51.808239 -51.455139 18.348516
v -51.808239 -51.455139 18.653374
v -50.288532 -52.286423 18.288073
v -50.288532 -52.286423 18.713818
v -51.452740 -50.831806 18.288071
v -51.452740 -50.831806 18.713820
v -51.597946 -52.141220 18.288071
v -51.597946 -52.141220 18.713818
v -50.143322 -50.977013 18.288071
v -50.143322 -50.977013 18.713818
v -50.870621 -51.559132 18.900150
v -50.870621 -51.559132 17.545361
v -52.595905 -50.754570 18.923111
v -51.769005 -50.465500 18.752785
v -51.768631 -50.466026 19.143417
v -51.111740 -49.988892 18.935717
v -53.096619 -49.717911 19.152786
v -52.330276 -49.432457 19.010935
v -52.320480 -49.431221 19.371082
v -51.678474 -48.923973 19.106453
v -53.452850 -48.859241 18.788214
v -53.383224 -48.653984 18.642792
v -52.824318 -48.506569 18.581923
v -52.929928 -48.326664 18.879501
v -52.486481 -48.055359 18.656778
v -53.590290 -47.481560 17.989334
v -53.465611 -47.407082 17.992613
v -53.340927 -47.332603 17.995890
v -51.883224 -53.429260 19.269083
v -52.308575 -52.709976 19.128220
v -52.302338 -52.705772 19.527517
v -52.892746 -52.230614 19.289429
v -52.889809 -54.226303 19.282804
v -53.379105 -53.566776 19.128220
v -53.379105 -53.566776 19.518852
v -53.837357 -52.655853 19.384972
v -53.945328 -52.964478 19.288431
v -53.621368 -54.630322 18.891891
v -54.004921 -54.055176 18.811804
v -54.123814 -54.175278 19.105621
v -54.622952 -53.565811 18.871624
v -54.594650 -53.473843 19.050871
v -54.640366 -54.969986 18.376245
v -54.791725 -54.814476 18.378567
v -54.943081 -54.658958 18.380890
v -48.669205 -51.203300 18.458630
v -49.801353 -49.748653 18.421141
v -49.343567 -50.548634 18.305626
v -49.343567 -50.548634 18.696262
v -47.944862 -50.489311 18.119289
v -48.862335 -49.279797 18.207228
v -48.532547 -50.003311 18.119028
v -48.418758 -49.953712 18.489418
v -47.384747 -49.958176 17.676826
v -48.299507 -49.028866 17.983150
v -47.928493 -49.605366 17.728207
v -47.689873 -49.428932 17.841949
v -47.461937 -49.520607 17.061954
v -47.806217 -49.085342 17.109034
v -47.634079 -49.302971 17.085493
v -49.725067 -52.990448 18.143505
v -49.057739 -52.456352 18.338823
v -52.519844 -50.873856 18.948257
v -49.725067 -52.990448 18.534140
v -50.423447 -53.585011 18.275799
v -49.219276 -53.627895 17.475807
v -48.630318 -53.156532 17.648186
v -48.645912 -53.204155 17.611145
v -49.214035 -53.628952 17.820562
v -49.714943 -54.150974 17.595806
v -49.076080 -53.723206 17.055695
v -48.839237 -53.609070 17.070896
v -49.006752 -53.811359 17.090164
v -49.243599 -53.925499 17.074963
v -48.047150 -50.753464 18.385986
v -49.987034 -49.870541 18.583923
v -51.017788 -50.057674 18.947945
v -51.480335 -49.024696 19.163397
v -52.301590 -48.140091 18.807278
v -53.096581 -50.102211 19.244255
v -52.831234 -51.966976 19.323538
v -53.474892 -54.666809 18.997477
v -52.653954 -54.187958 19.428068
v -51.659622 -53.357124 19.349216
v -50.505314 -53.467125 18.398140
v -49.802990 -54.100319 17.648186
v -49.060558 -52.351875 18.381145
v -49.064754 -49.280586 18.421555
v -48.106148 -49.034515 17.639729
v -47.497696 -50.146114 17.967175
v -48.970367 -51.382057 18.558456
v -56.669277 -50.471764 21.114086
v -56.669277 -50.471764 21.454393
v -57.831985 -51.402340 21.114086
v -57.831985 -51.402340 21.454393
v -57.599850 -49.309052 21.114084
v -57.599850 -49.309052 21.454395
v -58.762566 -50.239632 21.114084
v -58.762566 -50.239632 21.454395
v -57.066116 -51.167595 21.046612
v -57.066116 -51.167595 21.521870
v -58.365723 -49.543804 21.046608
v -58.365723 -49.543804 21.521872
v -58.527809 -51.005505 21.046608
v -58.527809 -51.005505 21.521870
v -56.904022 -49.705898 21.046608
v -56.904022 -49.705898 21.521870
v -57.715904 -50.355721 21.729874
v -57.715904 -50.355721 20.217522
v -59.641838 -49.457588 21.755505
v -58.718765 -49.134899 21.565369
v -58.718353 -49.135487 22.001432
v -57.985062 -48.602863 21.769575
v -60.200775 -48.300365 22.011890
v -59.345314 -47.981716 21.853542
v -59.334381 -47.980331 22.255571
v -58.617706 -47.414093 21.960167
v -60.598438 -47.341835 21.604919
v -60.520721 -47.112701 21.442583
v -59.896812 -46.948147 21.374634
v -60.014702 -46.747318 21.706821
v -59.519684 -46.444466 21.458197
v -60.751865 -45.803932 20.713131
v -60.612686 -45.720791 20.716789
v -60.473503 -45.637650 20.720448
v -58.846268 -52.443336 22.141712
v -59.321091 -51.640404 21.984465
v -59.314129 -51.635712 22.430202
v -59.973198 -51.105293 22.164421
v -59.969917 -53.333080 22.157028
v -60.516117 -52.596848 21.984465
v -60.516117 -52.596848 22.420528
v -61.027664 -51.579987 22.271076
v -61.148193 -51.924500 22.163311
v -60.786556 -53.784081 21.720654
v -61.214714 -53.142048 21.631252
v -61.347435 -53.276119 21.959240
v -61.904625 -52.595772 21.698029
v -61.873032 -52.493103 21.898121
v -61.924065 -54.163254 21.145039
v -62.093025 -53.989655 21.147629
v -62.261986 -53.816055 21.150223
v -55.258465 -49.958504 21.237003
v -56.522282 -48.334682 21.195154
v -56.011253 -49.227699 21.066208
v -56.011253 -49.227699 21.502270
v -54.449883 -49.161480 20.858198
v -55.474056 -47.811298 20.956364
v -55.105911 -48.618958 20.857906
v -54.978893 -48.563591 21.271374
v -53.824627 -48.568573 20.364277
v -54.845772 -47.531189 20.706226
v -54.431610 -48.174732 20.421633
v -54.165237 -47.977776 20.548603
v -53.910797 -48.080112 19.677896
v -54.295113 -47.594231 19.730452
v -54.102955 -47.837170 19.704174
v -56.437122 -51.953491 20.885231
v -55.692188 -51.357281 21.103264
v -59.556931 -49.590748 21.783573
v -56.437122 -51.953491 21.321297
v -57.216724 -52.617203 21.032909
v -55.872505 -52.665077 20.139881
v -55.215057 -52.138893 20.332306
v -55.232460 -52.192055 20.290956
v -55.866661 -52.666252 20.524731
v -56.425823 -53.248985 20.273834
v -55.712662 -52.771469 19.670908
v -55.448273 -52.644058 19.687880
v -55.635269 -52.869873 19.709389
v -55.899658 -52.997284 19.692419
v -54.564064 -49.456352 21.155912
v -56.729557 -48.470745 21.376869
v -57.880184 -48.679642 21.783226
v -58.396526 -47.526531 22.023733
v -59.313293 -46.539047 21.626198
v -60.200737 -48.729355 22.113995
v -59.904533 -50.810993 22.202499
v -60.623047 -53.824814 21.838516
v -59.706635 -53.290268 22.319187
v -58.596664 -52.362816 22.231163
v -57.308113 -52.485611 21.169479
v -56.524109 -53.192444 20.332306
v -55.695332 -51.240658 21.150509
v -55.700020 -47.812183 21.195618
v -54.629929 -47.537495 20.322865
v -53.950706 -48.778370 20.688393
v -55.594650 -50.158051 21.348442
v -61.951462 -45.113438 24.808554
v -61.951462 -45.113438 25.144299
v -62.631832 -46.415695 24.808554
v -62.631832 -46.415695 25.144299
v -63.253716 -44.433060 24.808552
v -63.253716 -44.433060 25.144299
v -63.934097 -45.735325 24.808552
v -63.934097 -45.735325 25.144299
v -62.033440 -45.899471 24.741983
v -62.033440 -45.899471 25.210869
v -63.852119 -44.949291 24.741982
v -63.852119 -44.949291 25.210873
v -63.417862 -46.333721 24.741982
v -63.417862 -46.333721 25.210871
v -62.467682 -44.515038 24.741982
v -62.467682 -44.515038 25.210871
v -62.942757 -45.424393 25.416084
v -62.942757 -45.424393 23.924011
v -65.038811 -45.378345 25.441372
v -64.333374 -44.720253 25.253784
v -64.332771 -44.720619 25.684002
v -63.882126 -43.948326 25.455254
v -66.003265 -44.555298 25.694321
v -65.357285 -43.927715 25.538094
v -65.347961 -43.922123 25.934734
v -64.925674 -43.126068 25.643291
v -66.743149 -43.847626 25.292805
v -66.763985 -43.609829 25.132645
v -66.265907 -43.213379 25.065609
v -66.452148 -43.078846 25.393341
v -66.125412 -42.608704 25.148050
v -67.492615 -42.519711 24.412973
v -67.399948 -42.389343 24.416584
v -67.307281 -42.258972 24.420195
v -63.134304 -47.758717 25.822399
v -63.882057 -47.222210 25.667263
v -63.877640 -47.215210 26.107021
v -64.683533 -46.997993 25.844807
v -63.795624 -49.008583 25.837511
v -64.581345 -48.560669 25.667263
v -64.581345 -48.560669 26.097481
v -65.447250 -47.845554 25.950031
v -65.419243 -48.204559 25.843710
v -64.353966 -49.740273 25.406988
v -64.995667 -49.330536 25.318785
v -65.062271 -49.504337 25.642374
v -65.835724 -49.111256 25.384666
v -65.847969 -49.005989 25.582077
v -65.230621 -50.534550 24.839090
v -65.452164 -50.444893 24.841648
v -65.673706 -50.355232 24.844208
v -60.881256 -44.089497 24.929825
v -62.667633 -43.125072 24.888535
v -61.851391 -43.728546 24.761316
v -61.851391 -43.728546 25.191534
v -60.467640 -43.048519 24.556097
v -61.928898 -42.236023 24.652946
v -61.275604 -42.819172 24.555809
v -61.182884 -42.718712 24.963732
v -60.138504 -42.264698 24.068798
v -61.472771 -41.733479 24.406162
v -60.843109 -42.150139 24.125385
v -60.680790 -41.866459 24.250654
v -60.410355 -41.857807 23.391621
v -60.950432 -41.571671 23.443472
v -60.680393 -41.714737 23.417545
v -61.153214 -46.359352 24.582767
v -60.717308 -45.525005 24.797876
v -64.909241 -45.464874 25.469067
v -61.153214 -46.359352 25.012985
v -61.593616 -47.268417 24.728466
v -60.360649 -46.777687 23.847410
v -59.975937 -46.041336 24.037254
v -59.970535 -46.096260 23.996460
v -60.354904 -46.776428 24.227100
v -60.628395 -47.524807 23.979570
v -60.174034 -46.810272 23.384727
v -59.985878 -46.590187 23.401470
v -60.065052 -46.868401 23.422691
v -60.253212 -47.088490 23.405949
v -60.453629 -43.360168 24.849819
v -62.800774 -43.330288 25.067812
v -63.756908 -43.976006 25.468723
v -64.681267 -43.139751 25.706005
v -65.901443 -42.612133 25.313799
v -65.832825 -44.942703 25.795055
v -64.738434 -46.704941 25.882374
v -64.190125 -49.712105 25.523272
v -63.574860 -48.865334 25.997496
v -62.940872 -47.586842 25.910652
v -61.728420 -47.185883 24.863205
v -60.739616 -47.512783 24.037254
v -60.766472 -45.420929 24.844488
v -62.132607 -42.326576 24.888992
v -61.275337 -41.653435 24.027943
v -60.169029 -42.504250 24.388569
v -61.105598 -44.403248 25.039768
v -66.640625 -38.617847 28.511425
v -66.640625 -38.617847 28.974766
v -67.579559 -40.415024 28.511425
v -67.579559 -40.415024 28.974766
v -68.437790 -37.678894 28.511425
v -68.437790 -37.678894 28.974770
v -69.376740 -39.476082 28.511425
v -69.376740 -39.476082 28.974770
v -66.753754 -39.702610 28.419556
v -66.753754 -39.702610 29.066635
v -69.263611 -38.391319 28.419552
v -69.263611 -38.391319 29.066643
v -68.664322 -40.301899 28.419552
v -68.664322 -40.301899 29.066643
v -67.353027 -37.792030 28.419552
v -67.353027 -37.792030 29.066643
v -68.008652 -39.046982 29.349842
v -68.008652 -39.046982 27.290716
v -70.901306 -38.983433 29.384743
v -69.927765 -38.075237 29.125866
v -69.926941 -38.075745 29.719582
v -69.305023 -37.009945 29.403900
v -72.232300 -37.847591 29.733822
v -71.340820 -36.981495 29.518227
v -71.327950 -36.973778 30.065605
v -70.745171 -35.875191 29.663399
v -73.253372 -36.870972 29.179710
v -73.282120 -36.542797 28.958687
v -72.594757 -35.995682 28.866169
v -72.851776 -35.810020 29.318462
v -72.400856 -35.161205 28.979946
v -74.287674 -35.038387 27.965506
v -74.159790 -34.858471 27.970490
v -74.031906 -34.678555 27.975471
v -68.272995 -42.268456 29.910580
v -69.304932 -41.528049 29.696480
v -69.298828 -41.518387 30.303371
v -70.411003 -41.218624 29.941498
v -69.185638 -43.993324 29.931435
v -70.269974 -43.375183 29.696480
v -70.269974 -43.375183 30.290203
v -71.464966 -42.388294 30.086716
v -71.426315 -42.883739 29.939987
v -69.956184 -45.003094 29.337292
v -70.841766 -44.437637 29.215569
v -70.933670 -44.677490 29.662136
v -72.001076 -44.135021 29.306484
v -72.017975 -43.989750 29.578922
v -71.166000 -46.099232 28.553566
v -71.471741 -45.975502 28.557095
v -71.777489 -45.851765 28.560627
v -65.163689 -37.204765 28.678783
v -67.628967 -35.873814 28.621799
v -66.502518 -36.706635 28.446236
v -66.502518 -36.706635 29.039955
v -64.592880 -35.768166 28.163025
v -66.609482 -34.646881 28.296684
v -65.707901 -35.451656 28.162630
v -65.579948 -35.313019 28.725578
v -64.138649 -34.686459 27.490528
v -65.979996 -33.953350 27.956106
v -65.111038 -34.528362 27.568623
v -64.887039 -34.136871 27.741497
v -64.513817 -34.124928 26.555994
v -65.259155 -33.730049 26.627548
v -64.886490 -33.927486 26.591770
v -65.539001 -40.337265 28.199829
v -64.937431 -39.185833 28.496689
v -70.722488 -39.102844 29.422962
v -65.539001 -40.337265 28.793549
v -66.146774 -41.591824 28.400902
v -64.445229 -40.914593 27.185003
v -63.914307 -39.898392 27.446999
v -63.906853 -39.974190 27.390699
v -64.437302 -40.912853 27.708992
v -64.814728 -41.945648 27.367390
v -64.187691 -40.959560 26.546478
v -63.928024 -40.655830 26.569586
v -64.037292 -41.039780 26.598871
v -64.296951 -41.343510 26.575766
v -64.573540 -36.198257 28.568375
v -67.812706 -36.157017 28.869213
v -69.132217 -37.048141 29.422485
v -70.407867 -35.894070 29.749947
v -72.091782 -35.165936 29.208687
v -71.997078 -38.382225 29.872845
v -70.486763 -40.814198 29.993343
v -69.730072 -44.964218 29.497768
v -68.880981 -43.795639 30.152222
v -68.006058 -42.031261 30.032375
v -66.332809 -41.477917 28.586845
v -64.968216 -41.929054 27.446999
v -65.005280 -39.042202 28.561016
v -66.890610 -34.771854 28.622433
v -65.707535 -33.842884 27.434147
v -64.180779 -35.017048 27.931828
v -65.473289 -37.637753 28.830509
v -67.838867 -31.965544 30.422283
v -67.838867 -31.965544 30.885624
v -66.222946 -30.740686 30.422283
v -66.222946 -30.740686 30.885624
v -66.614014 -33.581463 30.422283
v -66.614014 -33.581463 30.885628
v -64.998093 -32.356602 30.422283
v -64.998093 -32.356602 30.885628
v -67.273766 -31.032711 30.330414
v -67.273766 -31.032711 30.977493
v -65.563187 -33.289433 30.330410
v -65.563187 -33.289433 30.977501
v -65.290123 -31.305775 30.330410
v -65.290123 -31.305775 30.977501
v -67.546844 -33.016365 30.330410
v -67.546844 -33.016365 30.977501
v -66.418503 -32.161045 31.260700
v -66.418503 -32.161045 29.201576
v -63.829399 -33.452572 31.295601
v -65.097351 -33.858646 31.036724
v -65.097885 -33.857838 31.630440
v -66.115051 -34.556461 31.314758
v -63.110176 -35.047688 31.644680
v -64.285950 -35.450691 31.429085
v -64.300873 -35.452183 31.976463
v -65.296638 -36.197163 31.574257
v -62.603321 -36.366581 31.090569
v -62.717323 -36.675659 30.869545
v -63.572411 -36.877243 30.777027
v -63.419151 -37.154816 31.229321
v -64.103775 -37.549255 30.890804
v -62.449677 -38.465279 29.876366
v -62.642094 -38.573444 29.881348
v -62.834515 -38.681610 29.886330
v -64.805084 -29.360214 31.821438
v -64.187637 -30.470100 31.607338
v -64.197281 -30.476231 32.214230
v -63.319275 -31.221825 31.852356
v -63.243797 -28.189531 31.842293
v -62.526802 -29.211197 31.607338
v -62.526802 -29.211197 32.201061
v -61.867039 -30.613567 31.997574
v -61.690624 -30.148987 31.850845
v -62.116112 -27.604988 31.248150
v -61.556393 -28.494207 31.126427
v -61.370945 -28.316486 31.572994
v -60.636978 -29.262486 31.217342
v -60.683666 -29.401085 31.489780
v -60.554279 -27.129734 30.464424
v -60.330544 -27.372074 30.467953
v -60.106808 -27.614422 30.471485
v -69.777496 -32.613499 30.589642
v -68.115623 -34.868980 30.532658
v -68.779129 -33.635189 30.357094
v -68.779129 -33.635189 30.950813
v -70.906631 -33.669292 30.073883
v -69.561111 -35.543732 30.207542
v -70.033195 -34.431236 30.073490
v -70.208069 -34.502041 30.636436
v -71.778923 -34.453842 29.401386
v -70.426300 -35.902439 29.866966
v -70.966904 -35.011665 29.479481
v -71.336517 -35.270180 29.652355
v -71.679169 -35.121758 28.466854
v -71.173523 -35.796871 28.538406
v -71.426346 -35.459320 28.502628
v -68.101669 -29.940475 30.110687
v -69.136978 -30.725231 30.407547
v -63.940186 -33.268288 31.333820
v -68.101669 -29.940475 30.704407
v -67.016769 -29.065102 30.311760
v -68.844620 -28.951700 29.095863
v -69.758331 -29.644289 29.357857
v -69.732735 -29.572552 29.301559
v -68.852539 -28.949894 29.619850
v -68.070572 -28.176815 29.278248
v -69.058365 -28.801159 28.457336
v -69.422791 -28.965086 28.480446
v -69.160172 -28.664448 28.509731
v -68.795746 -28.500519 28.486626
v -70.740639 -33.272049 30.479233
v -67.828621 -34.691231 30.780071
v -66.255043 -34.448196 31.333344
v -65.593643 -36.036186 31.660805
v -64.381294 -37.413116 31.119545
v -63.094830 -34.463799 31.783703
v -63.423286 -31.619917 31.904202
v -62.337196 -27.543690 31.408627
v -63.603676 -28.238354 32.063080
v -65.147705 -29.460854 31.943233
v -66.897110 -29.247486 30.497704
v -67.938828 -28.257307 29.357857
v -69.136887 -30.884079 30.471874
v -69.253525 -35.550636 30.533291
v -70.719849 -35.886108 29.345005
v -71.599785 -34.172817 29.842686
v -69.312759 -32.353970 30.741367
v -63.915619 -25.100027 32.666763
v -63.915619 -25.100027 33.130104
v -61.973427 -25.682552 32.666763
v -61.973427 -25.682552 33.130104
v -64.498154 -27.042213 32.666763
v -64.498154 -27.042213 33.130108
v -62.555954 -27.624750 32.666763
v -62.555954 -27.624750 33.130108
v -62.829018 -25.006195 32.574894
v -62.829018 -25.006195 33.221973
v -63.642555 -27.718578 32.574890
v -63.642555 -27.718578 33.221981
v -61.879593 -26.769146 32.574890
v -61.879593 -26.769146 33.221981
v -64.591988 -25.955610 32.574890
v -64.591988 -25.955610 33.221981
v -63.235779 -26.362354 33.505180
v -63.235779 -26.362354 31.446056
v -62.751724 -29.214924 33.540081
v -63.827477 -28.430489 33.281204
v -63.827141 -28.429579 33.874920
v -64.991234 -28.020201 33.559238
v -63.615673 -30.736526 33.889160
v -64.634583 -30.024714 33.673565
v -64.644592 -30.013538 34.220943
v -65.833496 -29.648788 33.818737
v -64.381813 -31.923712 33.335049
v -64.698647 -32.013943 33.114025
v -65.365768 -31.442305 33.021507
v -65.499527 -31.729776 33.473801
v -66.221848 -31.409542 33.135284
v -65.986008 -33.285583 32.120846
v -66.186844 -33.193993 32.125828
v -66.387680 -33.102398 32.130810
v -60.022369 -26.013367 34.065918
v -60.554497 -27.166592 33.851818
v -60.565140 -27.162422 34.458710
v -60.649406 -28.311201 34.096836
v -58.156151 -26.583729 34.086773
v -58.558319 -27.765314 33.851818
v -58.558319 -27.765314 34.445541
v -59.301689 -29.125217 34.242054
v -58.822464 -28.993675 34.095325
v -57.018997 -27.149639 33.492630
v -57.406971 -28.126099 33.370907
v -57.154076 -28.171040 33.817474
v -57.485134 -29.321701 33.461823
v -57.624596 -29.365742 33.734261
v -55.714043 -28.130604 32.708904
v -55.777790 -28.454212 32.712433
v -55.841541 -28.777826 32.715965
v -65.582268 -23.916637 32.834122
v -66.423538 -26.588953 32.777138
v -65.818512 -25.325459 32.601574
v -65.818512 -25.325459 33.195293
v -67.100830 -23.627495 32.318363
v -67.820969 -25.819607 32.452023
v -67.201004 -24.782230 32.317970
v -67.361313 -24.682772 32.880917
v -68.248871 -23.385790 31.645866
v -68.620926 -25.332476 32.111446
v -68.220428 -24.370537 31.723961
v -68.647186 -24.224525 31.896835
v -68.729416 -23.860281 30.711334
v -68.976387 -24.666790 30.782887
v -68.852905 -24.263542 30.747108
v -62.435268 -23.693424 32.355167
v -63.679611 -23.320202 32.652027
v -62.668243 -29.016769 33.578300
v -62.435268 -23.693424 32.948887
v -61.088486 -24.053257 32.556240
v -62.074966 -22.510277 31.340343
v -63.173164 -22.180893 31.602337
v -63.100136 -22.159252 31.546040
v -62.078171 -22.502823 31.864330
v -60.992672 -22.678349 31.522728
v -62.079456 -22.248886 30.701817
v -62.426773 -22.051271 30.724926
v -62.029099 -22.086037 30.754211
v -61.681778 -22.283649 30.731106
v -66.682137 -23.527248 32.723713
v -66.110718 -26.715885 33.024551
v -64.986374 -27.843296 33.577824
v -65.878677 -29.313995 33.905285
v -66.275589 -31.105139 33.364025
v -63.135101 -30.404545 34.028183
v -61.032234 -28.461998 34.148682
v -57.099888 -26.934948 33.653107
v -58.407829 -26.321903 34.307560
v -60.305721 -25.796038 34.187714
v -61.165199 -24.257458 32.742184
v -60.979969 -22.832212 31.602337
v -63.807838 -23.413963 32.716354
v -67.645142 -26.072067 32.777771
v -68.780876 -25.085789 31.589485
v -67.916275 -23.364708 32.087166
v -65.098587 -24.138863 32.985847
v -18.339731 9.268604 22.403862
v -18.339731 9.268604 22.920826
v -17.063042 11.136250 22.403862
v -17.063042 11.136250 22.920826
v -16.472078 7.991905 22.403862
v -16.472078 7.991905 22.920828
v -15.195383 9.859562 22.403862
v -15.195383 9.859562 22.920828
v -18.071705 10.455566 22.301361
v -18.071705 10.455566 23.023327
v -15.463409 8.672588 22.301359
v -15.463419 8.672592 23.023331
v -15.876076 10.868229 22.301361
v -15.876076 10.868229 23.023329
v -17.659050 8.259941 22.301361
v -17.659050 8.259941 23.023329
v -16.767590 9.564098 23.339306
v -16.767590 9.564098 21.041897
v -13.571072 9.113197 23.378242
v -14.769150 8.235035 23.089407
v -14.770006 8.235710 23.751831
v -15.599236 7.136673 23.399616
v -12.245819 7.679684 23.767715
v -13.347445 6.837368 23.527170
v -13.362726 6.830513 24.137894
v -14.152914 5.689999 23.689144
v -11.242992 6.463341 23.149487
v -11.254313 6.095963 22.902884
v -12.087833 5.580204 22.799664
v -11.827496 5.340702 23.304289
v -12.412420 4.681164 22.926601
v -10.338120 4.296902 21.794773
v -10.503464 4.114388 21.800333
v -10.668818 3.931873 21.805893
v -16.050968 13.098522 23.964928
v -15.005033 12.142464 23.726055
v -15.013071 12.132557 24.403170
v -13.820276 11.654144 23.999428
v -14.812916 14.889511 23.988197
v -13.692856 14.062031 23.726055
v -13.692856 14.062031 24.388477
v -12.498695 12.811428 24.161446
v -12.476351 13.365437 23.997738
v -13.826380 15.906929 23.325300
v -12.919594 15.163952 23.189489
v -12.786215 15.417599 23.687733
v -11.674969 14.676174 23.290932
v -11.675339 14.513004 23.594891
v -12.341797 16.962246 22.450884
v -12.019333 16.784939 22.454823
v -11.696867 16.607635 22.458759
v -20.161949 7.897263 22.590590
v -17.605646 6.098377 22.527016
v -18.744133 7.169266 22.331131
v -18.744133 7.169266 22.993557
v -20.983339 6.380688 22.015148
v -18.896568 4.873116 22.164268
v -19.789595 5.883339 22.014706
v -19.949593 5.746574 22.642799
v -21.628880 5.241970 21.264832
v -19.685204 4.187527 21.784286
v -20.572325 4.938904 21.351963
v -20.872011 4.534618 21.544846
v -21.287081 4.570477 20.222155
v -20.513226 4.034943 20.301991
v -20.900158 4.302715 20.262072
v -19.334082 11.318504 22.056213
v -20.152044 10.121922 22.387424
v -13.753487 9.269024 23.420883
v -19.334082 11.318504 22.718636
v -18.495686 12.628540 22.280552
v -20.469975 12.102024 20.923954
v -21.191870 11.045975 21.216265
v -21.190159 11.130936 21.153452
v -20.478991 12.101143 21.508575
v -19.924965 13.195774 21.127445
v -20.749395 12.185726 20.211540
v -21.077044 11.883369 20.237320
v -20.905485 12.294392 20.269995
v -20.577833 12.596745 20.244215
v -20.948185 6.859745 22.467403
v -17.364826 6.387978 22.803057
v -15.785669 7.201725 23.420353
v -14.524132 5.755291 23.785707
v -12.754242 4.727058 23.181812
v -12.436108 8.302967 23.922825
v -13.789545 11.196106 24.057270
v -14.082012 15.893597 23.504347
v -15.176466 14.710579 24.234528
v -16.377913 12.870842 24.100815
v -18.304554 12.477871 22.488012
v -19.757099 13.157188 21.216265
v -20.095760 9.953873 22.459196
v -18.568642 4.974598 22.527719
v -20.001612 4.100979 21.201925
v -21.538723 5.602699 21.757196
v -19.761972 8.336262 22.759872
v -13.849310 13.039562 24.022404
v -13.849310 13.039562 24.539366
v -11.596704 12.830280 24.022404
v -11.596704 12.830280 24.539366
v -14.058596 10.786945 24.022404
v -14.058596 10.786945 24.539368
v -11.805981 10.577660 24.022404
v -11.805981 10.577660 24.539368
v -12.681509 13.381569 23.919903
v -12.681509 13.381569 24.641869
v -12.973789 10.235653 23.919899
v -12.973785 10.235664 24.641872
v -11.254694 11.662479 23.919903
v -11.254694 11.662479 24.641869
v -14.400599 11.954758 23.919903
v -14.400599 11.954758 24.641869
v -12.827648 11.808647 24.957848
v -12.827648 11.808647 22.660439
v -11.669794 8.795277 24.996782
v -13.019215 9.416271 24.707947
v -13.019035 9.417347 25.370371
v -14.382454 9.608646 25.018158
v -12.279533 6.940693 25.386257
v -13.550781 7.494770 25.145710
v -13.564190 7.504803 25.756433
v -14.944916 7.641830 25.307686
v -12.855965 5.473427 24.768028
v -13.182627 5.304943 24.521423
v -14.038223 5.783199 24.418205
v -14.121195 5.439320 24.922829
v -14.981775 5.630436 24.545143
v -14.310549 3.630482 23.413315
v -14.550385 3.686409 23.418873
v -14.790228 3.742344 23.424433
v -9.389854 12.898270 25.583467
v -9.717808 11.519695 25.344597
v -9.730375 11.521908 26.021709
v -9.569458 10.246864 25.617970
v -7.223019 12.685543 25.606737
v -7.402584 11.304596 25.344597
v -7.402584 11.304596 26.007019
v -7.916069 9.653423 25.779987
v -7.420897 9.902882 25.616280
v -5.854574 12.317093 24.943840
v -6.063820 11.163624 24.808029
v -5.777317 11.170174 25.306274
v -5.885929 9.838718 24.909472
v -6.028753 9.759815 25.213432
v -4.211182 11.531647 24.069424
v -4.209618 11.163654 24.073362
v -4.208044 10.795662 24.077301
v -15.932913 13.966736 24.209129
v -16.264341 10.858543 24.145557
v -15.880932 12.373791 23.949673
v -15.880932 12.373791 24.612097
v -17.657545 13.948448 23.633688
v -17.962275 11.392178 23.782810
v -17.512722 12.663376 23.633245
v -17.709969 12.736847 24.261341
v -18.966465 13.959896 22.883373
v -18.944544 11.748734 23.402828
v -18.718407 12.889091 22.970503
v -19.217352 12.954784 23.163385
v -19.387537 13.335056 21.840694
v -19.479969 12.398518 21.920532
v -19.433750 12.866791 21.880611
v -12.540049 14.904148 23.674753
v -13.983276 15.038235 24.005966
v -11.622141 9.030407 25.039425
v -12.540049 14.904148 24.337177
v -10.987722 14.807285 23.899094
v -12.406609 16.277592 22.542494
v -13.680328 16.395931 22.834805
v -13.605225 16.435688 22.771992
v -12.411753 16.285046 23.127117
v -11.185814 16.332195 22.745985
v -12.469105 16.562504 21.830080
v -12.892513 16.702137 21.855860
v -12.449896 16.751720 21.888535
v -12.026487 16.612087 21.862755
v -17.221678 14.150318 24.085945
v -15.894239 10.788631 24.421597
v -14.416109 9.803211 25.038895
v -15.068077 7.998058 25.404247
v -15.107618 5.951550 24.800354
v -11.827044 7.409676 25.541367
v -9.954962 9.997601 25.675812
v -5.990353 12.534100 25.122887
v -7.555962 12.916485 25.853069
v -9.747637 13.073544 25.719355
v -11.026642 14.567036 24.106552
v -11.138037 16.166710 22.834805
v -14.102856 14.907436 24.077736
v -17.714340 11.154774 24.146259
v -19.173832 11.983318 22.820465
v -18.607330 14.056229 23.375736
v -15.354931 13.830219 24.378414
v -13.486603 18.244854 26.221504
v -13.499022 18.227936 26.793936
v -11.711288 16.475178 26.207712
v -11.723707 16.458256 26.780144
v -15.255510 16.471027 26.130703
v -15.267929 16.454109 26.703136
v -13.480194 14.701340 26.116909
v -13.492613 14.684418 26.689342
v -12.245749 17.715080 26.119114
v -12.263090 17.691452 26.918545
v -14.716131 15.237827 25.992298
v -14.733467 15.214199 26.791737
v -12.241261 15.240723 26.046078
v -12.258604 15.217094 26.845509
v -14.720600 17.712189 26.065340
v -14.737944 17.688560 26.864773
v -13.505846 16.442513 27.205023
v -13.450659 16.517704 24.661108
v -14.645615 13.052738 27.123276
v -15.352287 14.545124 26.831802
v -15.367287 14.524231 27.565342
v -16.387732 15.662018 27.186306
v -16.484755 11.888584 27.480812
v -17.173090 13.267078 27.239910
v -17.192125 13.265121 27.916599
v -18.263344 14.371983 27.428513
v -17.997826 11.064281 26.738140
v -18.389713 11.159370 26.459021
v -18.780033 12.175095 26.366127
v -19.105751 11.923832 26.911156
v -19.696440 12.707104 26.502716
v -20.508095 10.563904 25.166809
v -20.673500 10.780838 25.175797
v -20.838898 10.997787 25.184784
v -9.816799 14.923260 27.933826
v -11.064240 13.986698 27.614225
v -11.089674 13.975304 28.364113
v -11.842720 12.787136 27.864994
v -8.117697 13.210468 27.945862
v -9.239580 12.167828 27.600048
v -9.255491 12.146145 28.333546
v -10.854048 11.107700 28.016445
v -10.251280 10.976097 27.844116
v -7.193640 11.951237 27.193680
v -8.183300 11.119484 26.997042
v -7.946062 10.906384 27.548336
v -8.969193 9.860260 27.055250
v -9.154125 9.883888 27.388964
v -6.324150 10.148983 26.189734
v -6.582695 9.833824 26.179176
v -6.841230 9.518654 26.168617
v -14.615326 20.501461 26.470757
v -17.090977 18.086117 26.275171
v -15.689260 19.114330 26.118776
v -15.705173 19.092648 26.852278
v -16.086739 21.722900 25.836897
v -18.155071 19.752571 25.899134
v -16.870291 20.524349 25.783981
v -17.001900 20.705795 26.482914
v -17.178059 22.681789 25.009624
v -18.732800 20.763004 25.495148
v -17.724323 21.590237 25.062119
v -18.108528 21.992405 25.279537
v -17.953590 22.480309 23.830742
v -18.695568 21.744041 23.881405
v -18.324577 22.112171 23.856071
v -11.044220 18.922070 25.909037
v -12.189608 20.045048 26.284626
v -14.439964 13.218266 27.179911
v -11.060133 18.900387 26.642536
v -9.792765 17.735596 26.149860
v -9.933519 20.036522 24.710638
v -10.944374 21.027611 25.042114
v -10.850685 21.010532 24.973995
v -9.946692 20.027386 25.358303
v -8.857662 19.214127 24.935299
v -9.768623 20.347034 23.933479
v -10.032133 20.764389 23.968683
v -9.620050 20.492970 24.005831
v -9.356541 20.075619 23.970627
v -15.582987 21.572433 26.344833
v -16.831005 17.756020 26.577126
v -16.279608 15.851089 27.217232
v -18.119324 14.759716 27.550163
v -19.583313 13.061581 26.798622
v -15.771111 11.963963 27.670506
v -12.349184 12.844910 27.919849
v -7.160654 12.226410 27.401054
v -8.244812 13.634594 28.228771
v -10.001766 15.321060 28.092239
v -10.000580 17.551346 26.369938
v -8.935835 19.036293 25.026831
v -12.385754 20.015579 26.359077
v -18.119736 19.363018 26.291376
v -18.748947 21.144150 24.860348
v -16.815289 22.494175 25.557877
v -14.222340 19.971203 26.651310
v -10.322775 18.747803 26.993256
v -10.302155 18.751698 27.565685
v -10.412991 21.252869 26.979462
v -10.392365 21.256767 27.551893
v -7.819286 18.837452 26.902452
v -7.798666 18.841347 27.474888
v -7.909494 21.342529 26.888660
v -7.888870 21.346428 27.461094
v -10.868357 19.981789 26.890865
v -10.839558 19.987228 27.690296
v -7.372087 20.106991 26.764050
v -7.343294 20.112434 27.563488
v -9.183226 21.793636 26.817827
v -9.154425 21.799076 27.617260
v -9.057238 18.295151 26.837090
v -9.028435 18.300591 27.636524
v -9.078857 20.052208 27.976772
v -9.170507 20.034901 25.432858
v -5.932611 21.752434 27.895025
v -6.434374 20.179276 27.603552
v -6.409153 20.184311 28.337090
v -6.439581 18.656261 27.958055
v -3.793797 21.348484 28.252563
v -4.231251 19.871090 28.011662
v -4.216003 19.859535 28.688351
v -4.188210 18.319443 28.200260
v -2.125252 20.918591 27.509892
v -1.903662 20.581673 27.230770
v -2.311426 19.572823 27.137877
v -1.901871 19.534245 27.682905
v -2.004543 18.558598 27.274467
v 0.051224 19.571457 25.938559
v 0.024113 19.300011 25.947548
v -0.003017 19.028557 25.956533
v -10.738913 23.680073 28.705574
v -9.187941 23.513504 28.385975
v -9.161573 23.504475 29.135860
v -7.800322 23.859188 28.636742
v -10.812227 26.091549 28.717609
v -9.280655 26.088200 28.371799
v -9.254230 26.093193 29.105297
v -7.377068 25.761509 28.788197
v -7.727898 26.269020 28.615864
v -10.628471 27.642609 27.965431
v -9.337460 27.575321 27.768791
v -9.365471 27.892982 28.320084
v -7.903711 27.959564 27.827000
v -7.784647 27.816101 28.160713
v -10.034286 29.553387 26.961483
v -9.630232 29.607349 26.950926
v -9.226179 29.661327 26.940369
v -11.037493 16.327991 27.242508
v -7.579618 16.404346 27.046921
v -9.305904 16.609188 26.890526
v -9.279478 16.614182 27.624027
v -10.795340 14.431068 26.608646
v -7.938879 14.460049 26.670883
v -9.404703 14.772552 26.555733
v -9.432308 14.550114 27.254663
v -10.651882 12.985432 25.781376
v -8.206036 13.327187 26.266899
v -9.507721 13.410618 25.833870
v -9.501287 12.854458 26.051287
v -9.947475 12.603519 24.602491
v -8.902679 12.635441 24.653154
v -9.425076 12.619484 24.627821
v -12.570295 19.919346 26.680786
v -12.499283 18.316860 27.056376
v -6.195892 21.771763 27.951660
v -12.543867 19.924335 27.414288
v -12.675520 21.640621 26.921612
v -14.142693 19.862568 25.482388
v -14.080030 18.448299 25.813866
v -14.136864 18.524715 25.745747
v -14.126831 19.860260 26.130054
v -14.367989 21.197876 25.707048
v -14.475117 19.748100 24.705231
v -14.567278 19.263199 24.740433
v -14.683308 19.742798 24.777580
v -14.591152 20.227699 24.742378
v -11.060915 14.884804 27.116585
v -7.544415 16.823048 27.348875
v -6.647636 18.591827 27.988983
v -4.558065 18.134277 28.321915
v -2.329124 18.376663 27.570374
v -4.366917 21.780346 28.442253
v -7.469513 23.471363 28.691597
v -10.840351 27.463963 28.172804
v -11.008713 25.694767 29.000519
v -10.875143 23.263058 28.863991
v -12.397877 21.633503 27.141687
v -14.189493 21.274532 25.798580
v -12.335791 18.204559 27.130829
v -7.698895 14.768925 27.063126
v -8.454315 13.037548 25.632099
v -10.789051 13.370121 26.329628
v -10.962942 16.983780 27.423059
v -11.427788 22.062881 27.733833
v -11.426895 22.083847 28.306263
v -13.887796 22.544399 27.720039
v -13.886906 22.565369 28.292469
v -10.946081 24.521225 27.643028
v -10.945187 24.542191 28.215466
v -13.406097 25.002750 27.629236
v -13.405207 25.023720 28.201672
v -12.753483 21.812050 27.631441
v -12.752234 21.841331 28.430874
v -12.080751 25.245270 27.504627
v -12.079508 25.274548 28.304066
v -14.134901 23.864887 27.558403
v -14.133652 23.894169 28.357838
v -10.699343 23.192417 27.577667
v -10.698093 23.221703 28.377102
v -12.415329 23.570717 28.717350
v -12.419306 23.477535 26.173435
v -13.355955 27.021061 28.635601
v -11.938013 26.174870 28.344128
v -11.937185 26.200577 29.077667
v -10.456043 25.823639 28.698631
v -12.476452 29.012081 28.993141
v -11.137152 28.250286 28.752239
v -11.122435 28.262508 29.428928
v -9.616333 27.939533 28.940838
v -11.678572 30.539249 28.250469
v -11.300106 30.678463 27.971348
v -10.410339 30.052074 27.878452
v -10.279684 30.442142 28.423481
v -9.352909 30.120403 28.015045
v -9.872009 32.352581 26.679134
v -9.613831 32.264477 26.688124
v -9.355648 32.176357 26.697109
v -16.325554 22.778679 29.446152
v -15.810827 24.251198 29.126553
v -15.796041 24.274822 29.876438
v -15.832077 25.681068 29.377319
v -18.690582 23.255379 29.458187
v -18.339214 24.746105 29.112377
v -18.338068 24.772972 29.845875
v -17.588413 26.525620 29.528774
v -18.162376 26.299320 29.356441
v -20.159279 23.786861 28.706009
v -19.800325 25.028793 28.509369
v -20.116035 25.073715 29.060661
v -19.848637 26.512348 28.567577
v -19.681866 26.595692 28.901291
v -21.885002 24.799793 27.702061
v -21.845715 25.205536 27.691502
v -21.806442 25.611282 27.680946
v -9.233755 20.816879 27.983086
v -8.522182 24.201607 27.787498
v -9.114025 22.567059 27.631104
v -9.112881 22.593929 28.364605
v -7.331440 20.621548 27.349224
v -6.710426 23.409836 27.411461
v -7.347914 22.053402 27.296309
v -7.137571 21.975964 27.995239
v -5.891033 20.432674 26.521954
v -5.667934 22.892185 27.007475
v -6.045038 21.643532 26.574448
v -5.501972 21.523388 26.791862
v -5.359015 21.031845 25.343067
v -5.152632 22.056549 25.393730
v -5.255827 21.544201 25.368397
v -13.079502 20.140461 27.421364
v -11.502817 19.845390 27.796951
v -13.434618 26.769062 28.692238
v -13.078354 20.167332 28.154863
v -14.779644 20.429214 27.662189
v -13.381596 18.596313 26.222965
v -11.990101 18.335888 26.554443
v -12.077433 18.297913 26.486324
v -13.375744 18.611233 26.870632
v -14.733164 18.680412 26.447624
v -13.345680 18.246571 25.445807
v -12.894417 18.046612 25.481010
v -13.387836 18.042625 25.518158
v -13.839100 18.242580 25.482956
v -7.833664 20.466053 27.857161
v -8.921923 24.331055 28.089451
v -10.440584 25.606384 28.729561
v -9.520077 27.537270 29.062492
v -9.249510 29.762966 28.310951
v -13.027273 28.552120 29.182831
v -15.379213 25.915073 29.432175
v -20.033470 23.539925 28.913380
v -18.348845 22.973854 29.741096
v -15.950417 22.551231 29.604568
v -14.709608 20.697975 27.882263
v -14.767242 18.871658 26.539158
v -11.356297 19.979080 27.871405
v -6.956673 23.713741 27.803703
v -5.442307 22.584572 26.372677
v -6.296831 20.386532 27.070206
v -9.855436 21.038532 28.163635
v -78.453506 57.059994 43.796822
v -78.453506 57.059994 44.573875
v -81.591248 58.370724 43.796822
v -81.591248 58.370724 44.573875
v -77.142776 60.197720 43.796822
v -77.142776 60.197720 44.573875
v -80.280533 61.508450 43.796822
v -80.280533 61.508450 44.573875
v -80.282272 57.093212 43.642750
v -80.282272 57.093212 44.727943
v -78.451752 61.475254 43.642746
v -78.451752 61.475254 44.727943
v -81.558037 60.199474 43.642750
v -81.558037 60.199474 44.727943
v -77.175995 58.368961 43.642750
v -77.175995 58.368961 44.727943
v -79.367035 59.284176 45.202896
v -79.367035 59.284176 41.749645
v -79.676346 64.126572 45.261417
v -78.019028 62.630375 44.827271
v -78.019768 62.628887 45.822952
v -76.149605 61.742840 45.293552
v -77.969673 66.513657 45.846840
v -76.394478 65.148514 45.485275
v -76.379738 65.128113 46.403255
v -74.460419 64.312149 45.728737
v -76.484512 68.360031 44.917576
v -75.940315 68.455200 44.546909
v -74.927414 67.385284 44.391750
v -74.654114 67.841400 45.150253
v -73.505264 67.181152 44.582558
v -73.571060 70.351440 42.881298
v -73.252068 70.163589 42.889652
v -72.933090 69.975754 42.898006
v -84.787689 59.263149 46.143265
v -83.698792 61.093731 45.784214
v -83.681778 61.084934 46.801987
v -83.340652 62.986309 46.195129
v -87.800827 60.540325 46.178246
v -86.923752 62.440899 45.784214
v -86.923752 62.440899 46.779907
v -85.446419 64.579330 46.438656
v -86.268692 64.443604 46.192581
v -89.598724 61.682758 45.181847
v -88.781128 63.243664 44.977703
v -89.195084 63.362812 45.726624
v -88.442001 65.224213 45.130180
v -88.201691 65.273315 45.587059
v -91.604019 63.546780 43.867500
v -91.441193 64.075394 43.873417
v -91.278366 64.604034 43.879337
v -75.880280 54.795185 44.077492
v -74.010513 59.105556 43.981934
v -75.240265 57.103771 43.687504
v -75.240265 57.103771 44.683193
v -73.397903 54.047802 43.212543
v -71.814034 57.578327 43.436687
v -73.029205 55.956310 43.211876
v -72.779190 55.762432 44.155968
v -71.525253 53.444202 42.084740
v -70.564819 56.626194 42.865532
v -71.400772 55.091663 42.215702
v -70.714447 54.773602 42.505627
v -70.640892 54.151707 40.517479
v -70.088158 55.453815 40.637486
v -70.364532 54.802769 40.577484
v -81.168213 54.972347 43.274265
v -79.157906 54.132580 43.772114
v -79.850182 63.810650 45.325512
v -81.168213 54.972347 44.269962
v -83.351738 55.807682 43.611469
v -81.975746 53.061863 41.572357
v -80.201538 52.320728 42.011734
v -80.327133 52.297367 41.917320
v -81.971710 53.048870 42.451107
v -83.751602 53.531170 41.878227
v -82.013901 52.625095 40.501526
v -81.469101 52.234859 40.540276
v -82.126335 52.362270 40.589394
v -82.671127 52.752499 40.550644
v -74.113754 53.953693 43.892330
v -74.510101 59.371883 44.396851
v -76.188614 61.448620 45.324722
v -74.443527 63.745861 45.873878
v -73.468765 66.664062 44.966164
v -78.829193 66.043854 46.079987
v -82.675797 63.170963 46.282063
v -89.501297 61.310528 45.450962
v -87.426781 60.059650 46.548504
v -84.353050 58.851185 46.347519
v -83.188141 56.134876 43.923302
v -83.745911 53.790005 42.011734
v -78.927673 54.266598 43.879993
v -72.063232 58.030125 43.982990
v -70.341095 56.186810 41.990181
v -72.083694 53.467098 42.824814
v -76.648209 55.250324 44.331944
v -83.420494 65.897644 45.849964
v -83.420494 65.897644 46.627018
v -86.782196 65.385498 45.849964
v -86.782196 65.385498 46.627018
v -83.932632 69.259354 45.849964
v -83.932632 69.259354 46.627018
v -87.294357 68.747192 45.849964
v -87.294357 68.747192 46.627018
v -84.999802 64.975006 45.695892
v -84.999802 64.975006 46.781086
v -85.715042 69.669846 45.695889
v -85.715042 69.669846 46.781086
v -87.704842 66.964783 45.695892
v -87.704842 66.964783 46.781086
v -83.010002 67.680038 45.695892
v -83.010002 67.680038 46.781086
v -85.357422 67.322372 47.256039
v -85.357422 67.322372 43.802788
v -88.139786 71.297653 47.314560
v -85.946129 70.881516 46.880413
v -85.945992 70.879868 47.876095
v -83.887817 71.095581 47.346695
v -87.923386 74.224091 47.899982
v -85.868027 73.877197 47.538418
v -85.844818 73.867432 48.456398
v -83.781113 74.168579 47.781879
v -87.615005 76.573502 46.970718
v -87.199661 76.937775 46.600052
v -85.778107 76.550644 46.444893
v -85.781860 77.082367 47.203396
v -84.457230 77.115845 46.635700
v -86.162064 79.789536 44.934441
v -85.791908 79.794968 44.942795
v -85.421768 79.800400 44.951149
v -89.976532 64.485519 48.196407
v -89.998405 66.615372 47.837357
v -89.979286 66.616699 48.855129
v -90.676697 68.418152 48.248272
v -93.214371 64.009506 48.231388
v -93.453568 66.088989 47.837357
v -93.453568 66.088989 48.833050
v -93.303741 68.683777 48.491798
v -93.935501 68.140244 48.245724
v -95.344131 64.050354 47.234989
v -95.457504 65.808777 47.030846
v -95.873032 65.695282 47.779766
v -96.197769 67.676819 47.183323
v -96.018051 67.843719 47.640202
v -98.026291 64.599716 45.920643
v -98.162125 65.135895 45.926559
v -98.297943 65.672104 45.932480
v -80.044800 65.301300 46.130634
v -80.689255 69.955338 46.035076
v -80.698669 67.606003 45.740646
v -80.698669 67.606003 46.736336
v -77.535828 65.953827 45.265686
v -78.018936 69.793076 45.489830
v -78.213379 67.775711 45.265018
v -77.899010 67.740128 46.209110
v -75.622414 66.412094 44.137882
v -76.456772 69.629440 44.918674
v -76.372818 67.884003 44.268845
v -75.621185 67.969238 44.558769
v -75.234955 67.476303 42.570621
v -75.439972 68.875931 42.690628
v -75.337463 68.176117 42.630627
v -84.653625 62.702763 45.327408
v -82.499817 63.030888 45.825256
v -88.123985 70.937408 47.378654
v -84.653625 62.702763 46.323105
v -86.953079 62.280758 45.664612
v -84.349869 60.650974 43.625500
v -82.449020 60.940571 44.064877
v -82.544151 60.855305 43.970463
v -84.339676 60.641979 44.504250
v -86.110764 60.128353 43.931370
v -84.155334 60.258068 42.554668
v -83.487061 60.208065 42.593418
v -84.114693 59.975117 42.642536
v -84.782951 60.025127 42.603786
v -78.098328 65.501175 45.945473
v -81.254478 69.923019 46.449993
v -83.768135 70.823990 47.377865
v -83.472198 73.693680 47.927021
v -84.157150 76.693161 47.019306
v -88.413239 73.375839 48.133129
v -90.204826 68.921616 48.335205
v -95.067352 63.783085 47.504105
v -92.644913 63.793446 48.601646
v -89.391052 64.359665 48.400661
v -86.983490 62.645306 45.976444
v -86.240509 60.352390 44.064877
v -82.372849 63.265087 45.933136
v -78.466736 70.049393 46.036133
v -76.037201 69.370483 44.043324
v -76.111313 66.141251 44.877956
v -80.937416 65.290710 46.385086
v -88.500900 73.967392 47.234138
v -88.500900 73.967392 48.011192
v -90.164337 71.001526 47.234138
v -90.164337 71.001526 48.011192
v -91.466766 75.630829 47.234138
v -91.466766 75.630829 48.011192
v -93.130203 72.664932 47.234138
v -93.130203 72.664932 48.011192
v -88.744553 72.154633 47.080067
v -88.744553 72.154633 48.165260
v -92.886566 74.477722 47.080063
v -92.886566 74.477722 48.165260
v -91.977097 71.245148 47.080067
v -91.977097 71.245148 48.165260
v -89.654007 75.387177 47.080067
v -89.654007 75.387177 48.165260
v -90.815514 73.316147 48.640213
v -90.815514 73.316147 45.186962
v -95.661301 73.566681 48.698734
v -93.984161 75.040619 48.264587
v -93.982773 75.039703 49.260269
v -92.887199 76.795364 48.730869
v -97.835907 75.536942 49.284157
v -96.298416 76.944412 48.922592
v -96.276443 76.956696 49.840572
v -95.244835 78.769257 49.166054
v -99.498932 77.224899 48.354893
v -99.530777 77.776443 47.984226
v -98.351303 78.659363 47.829067
v -98.772903 78.983383 48.587570
v -97.984726 80.048523 48.019875
v -101.141479 80.348343 46.318615
v -100.918137 80.643585 46.326969
v -100.694809 80.938797 46.335323
v -91.419022 67.929153 49.580582
v -93.111984 69.221649 49.221531
v -93.101273 69.237549 50.239304
v -94.950714 69.795410 49.632446
v -93.034767 65.083176 49.615562
v -94.821663 66.173340 49.221531
v -94.821663 66.173340 50.217224
v -96.775681 67.887146 49.875973
v -96.735580 67.054718 49.629898
v -94.376678 63.428844 48.619164
v -95.833031 64.420792 48.415020
v -95.999054 64.023315 49.163940
v -97.761322 64.985809 48.567497
v -97.782425 65.230164 49.024376
v -96.459290 61.651615 47.304817
v -96.965622 61.874233 47.310734
v -97.472000 62.096874 47.316654
v -85.954758 76.262619 47.514809
v -90.021080 78.616440 47.419250
v -88.174271 77.164291 47.124821
v -88.174271 77.164291 48.120510
v -84.926422 78.642380 46.649860
v -88.251007 80.622375 46.874004
v -86.779755 79.228455 46.649193
v -86.558380 79.454483 47.593285
v -84.111130 80.433029 45.522057
v -87.161316 81.753616 46.302849
v -85.733284 80.746445 45.653019
v -85.338287 81.391571 45.942944
v -84.712059 81.393005 43.954796
v -85.941833 82.092041 44.074802
v -85.326950 81.742523 44.014801
v -86.739853 71.030289 46.711582
v -85.674118 72.930481 47.209431
v -95.367508 73.357605 48.762829
v -86.739853 71.030289 47.707279
v -87.821136 68.957504 47.048786
v -84.935104 70.008057 45.009674
v -83.994537 71.685089 45.449051
v -83.985794 71.557648 45.354637
v -84.921738 70.010574 45.888424
v -85.605850 68.298096 45.315544
v -84.505630 69.919846 43.938843
v -84.055252 70.416077 43.977592
v -84.257523 69.777893 44.026711
v -84.707901 69.281693 43.987961
v -84.915390 77.920441 47.329647
v -90.343178 78.150848 47.834167
v -92.599434 76.722733 48.762039
v -94.680374 78.720810 49.311195
v -97.466873 80.025223 48.403481
v -97.468246 74.629028 49.517303
v -95.057541 70.477112 49.719379
v -93.995712 63.482746 48.888279
v -92.514198 65.399368 49.985821
v -90.959717 68.313446 49.784836
v -88.127304 69.157700 47.360619
v -85.862305 68.333557 45.449051
v -85.780716 73.174622 47.317310
v -88.728493 80.426880 47.420307
v -86.699081 81.925232 45.427498
v -84.198212 79.880966 46.262131
v -86.495331 75.552231 47.769260
v -83.979080 -19.869253 59.789528
v -83.933838 -20.001350 60.195217
v -85.451233 -21.015669 59.580437
v -85.405975 -21.147770 59.986126
v -85.127464 -18.499302 60.363701
v -85.082214 -18.631399 60.769386
v -86.599617 -19.645727 60.154606
v -86.554367 -19.777824 60.560295
v -84.496429 -20.687897 59.490700
v -84.433235 -20.872379 60.057266
v -86.100220 -18.774689 60.292564
v -86.037018 -18.959171 60.859123
v -86.326294 -20.531818 59.745628
v -86.263092 -20.716297 60.312191
v -84.270340 -18.930779 60.037636
v -84.207153 -19.115263 60.604195
v -85.207443 -19.996540 60.706142
v -85.408539 -19.409492 58.903267
v -87.604347 -18.979906 61.338696
v -86.467407 -18.494947 61.116287
v -86.408928 -18.664906 61.635830
v -85.512161 -17.916965 61.470211
v -88.252846 -17.706327 62.167580
v -87.196495 -17.240314 61.990364
v -87.129303 -17.394430 62.468731
v -86.261299 -16.581947 62.242599
v -88.790466 -16.409288 62.107258
v -88.711037 -16.069477 61.992599
v -87.935364 -15.829403 61.893658
v -88.035843 -15.720613 62.383202
v -87.443604 -15.247948 62.139553
v -89.077316 -14.222897 61.662136
v -88.901047 -14.120962 61.680546
v -88.724792 -14.019032 61.698948
v -86.602394 -22.689505 60.533970
v -87.205963 -21.678024 60.720997
v -87.137901 -21.845242 61.253265
v -87.991158 -21.123259 61.229156
v -88.022888 -23.791868 60.353889
v -88.719040 -22.856312 60.506088
v -88.661057 -23.025574 61.025921
v -89.306297 -21.761536 61.310219
v -89.477112 -22.136013 61.063648
v -89.111710 -24.184734 59.765587
v -89.650314 -23.391314 59.964806
v -89.775177 -23.682886 60.321110
v -90.497757 -22.780216 60.347347
v -90.429932 -22.733936 60.621647
v -90.620178 -24.445807 59.081348
v -90.828926 -24.243055 59.174103
v -91.037666 -24.040308 59.266865
v -82.186111 -19.264486 59.950352
v -83.750595 -17.334068 60.697639
v -83.141083 -18.341537 60.129673
v -83.083099 -18.510799 60.649509
v -81.210365 -18.140465 59.702450
v -82.460083 -16.586269 60.478794
v -82.024307 -17.506952 59.999134
v -81.809235 -17.597713 60.496876
v -80.482925 -17.221348 59.262028
v -81.701340 -16.136793 60.207012
v -81.230072 -16.787218 59.563198
v -80.876175 -16.593330 59.756157
v -80.674576 -16.371399 58.644989
v -81.141769 -15.819195 58.946987
v -80.908173 -16.095306 58.795994
v -83.741669 -21.551228 58.910240
v -82.769501 -20.901363 59.304111
v -87.496262 -19.148266 61.309250
v -83.683701 -21.720497 59.430065
v -84.709732 -22.424911 58.930630
v -83.144104 -22.100447 57.670948
v -82.286110 -21.526905 58.018570
v -82.314255 -21.575077 57.950890
v -83.085632 -22.251097 58.128498
v -83.829079 -22.867172 57.676304
v -83.007751 -22.041809 57.049538
v -82.672058 -21.888685 57.084591
v -82.907158 -22.172728 57.046997
v -83.242844 -22.325859 57.011955
v -81.318527 -18.612629 59.957722
v -83.988396 -17.573206 60.888577
v -85.380066 -18.011597 61.442863
v -85.977341 -16.735657 62.245625
v -87.164009 -15.421167 62.275959
v -88.245926 -18.260405 62.122528
v -87.895416 -20.783321 61.379936
v -88.891716 -24.275047 59.868782
v -87.670609 -23.796581 60.529270
v -86.276337 -22.621132 60.639141
v -84.804092 -22.322512 59.156586
v -83.943619 -22.824633 57.780891
v -82.765335 -20.779934 59.406174
v -82.711563 -16.686115 60.793343
v -81.481842 -15.989893 59.719215
v -80.601181 -17.602051 59.583405
v -82.595856 -19.555847 60.049767
v -113.106659 -40.291496 60.755398
v -113.250992 -40.446957 61.371719
v -115.698746 -39.144245 60.437748
v -115.843079 -39.299717 61.054070
v -112.097626 -37.770195 61.627678
v -112.241943 -37.925655 62.243992
v -114.689713 -36.622940 61.310020
v -114.834061 -36.778400 61.926342
v -114.574158 -40.186962 60.301422
v -114.775726 -40.404079 61.162144
v -113.164978 -36.665813 61.519608
v -113.366562 -36.882919 62.380322
v -115.679565 -37.625294 60.688705
v -115.881134 -37.842407 61.549423
v -112.059570 -39.227509 61.132320
v -112.261139 -39.444618 61.993034
v -114.159363 -38.738564 62.147911
v -113.517960 -38.047699 59.408997
v -114.520096 -34.799698 63.108883
v -113.054260 -35.973328 62.771000
v -113.239761 -36.173702 63.560287
v -111.594406 -36.836933 63.308681
v -113.281006 -33.016788 64.368118
v -111.898422 -34.096153 64.098892
v -112.056473 -34.296791 64.825623
v -110.345352 -34.875172 64.482086
v -111.930878 -31.365452 64.276474
v -111.418930 -31.227701 64.102287
v -110.540405 -32.093624 63.951977
v -110.466949 -31.880974 64.695686
v -109.408813 -32.334274 64.325539
v -109.210083 -29.411007 63.600250
v -108.947006 -29.573753 63.628220
v -108.683960 -29.736485 63.656174
v -118.766296 -38.805519 61.886349
v -117.845810 -37.271004 62.170479
v -118.020767 -37.482235 62.979099
v -117.667160 -35.821426 62.942471
v -121.262314 -37.695759 61.612774
v -120.509964 -36.091854 61.843990
v -120.694901 -36.291061 62.633717
v -119.466248 -34.519363 63.065620
v -120.090225 -34.559681 62.691032
v -122.570328 -36.520386 60.719028
v -121.895065 -35.229485 61.021679
v -122.375076 -35.271767 61.562973
v -121.685715 -33.656105 61.602833
v -121.575043 -33.713657 62.019547
v -124.003311 -34.688580 59.679535
v -123.881836 -34.263515 59.820450
v -123.760361 -33.838451 59.961372
v -111.009216 -42.257294 60.999722
v -109.548782 -38.776390 62.134995
v -110.459641 -40.315971 61.272144
v -110.644577 -40.515167 62.061874
v -108.803665 -42.756119 60.623108
v -107.620789 -39.966808 61.802525
v -108.540268 -41.211475 61.073830
v -108.507278 -41.564587 61.829994
v -107.050781 -43.069717 59.954021
v -106.474106 -40.659657 61.389637
v -107.006287 -41.757725 60.411560
v -106.492538 -42.092205 60.704700
v -106.050659 -42.202660 59.016621
v -105.647018 -41.180607 59.475414
v -105.848831 -41.691650 59.246029
v -115.187729 -41.817455 59.419590
v -113.619476 -42.652077 60.017956
v -114.667831 -35.065319 63.064148
v -115.372681 -42.016640 60.209305
v -117.052643 -41.149090 59.450565
v -115.493713 -43.011890 57.536865
v -114.109665 -43.748489 58.064972
v -114.194366 -43.745399 57.962151
v -115.653381 -43.198372 58.231972
v -117.012115 -42.645668 57.545002
v -115.317291 -43.152302 56.592823
v -114.871185 -43.491695 56.646076
v -115.420288 -43.380997 56.588963
v -115.866394 -43.041611 56.535728
v -109.513443 -42.950466 61.010918
v -110.039719 -38.629826 62.425064
v -111.626190 -37.081726 63.267132
v -110.347153 -35.365700 64.486679
v -109.439865 -32.832977 64.532768
v -114.017761 -33.424026 64.299675
v -117.143326 -35.705418 63.171535
v -122.533203 -36.879761 60.875801
v -121.015594 -38.170738 61.879208
v -118.440567 -39.192890 62.046124
v -116.983337 -40.949234 59.793835
v -117.037445 -42.461769 57.703892
v -113.453949 -42.570419 60.173008
v -107.935074 -39.701889 62.280388
v -106.119781 -40.847984 60.648579
v -107.645340 -43.184875 60.442257
v -111.693573 -41.918053 61.150749
v -104.021317 -37.468559 43.468849
v -103.844543 -37.988331 43.820190
v -106.532394 -37.408901 44.820488
v -106.355621 -37.928688 45.171822
v -102.911301 -35.748466 45.455090
v -102.734528 -36.268234 45.806427
v -105.422394 -35.688808 46.806732
v -105.245636 -36.208584 47.158077
v -105.531998 -37.676731 43.681183
v -105.285126 -38.402622 44.171841
v -103.981812 -35.274517 46.455090
v -103.734955 -36.000401 46.945747
v -106.510330 -36.433971 46.011948
v -106.263458 -37.159859 46.502605
v -103.003479 -36.517296 44.124302
v -102.756607 -37.243179 44.614964
v -104.402008 -37.519226 45.773499
v -105.187576 -35.209370 44.212147
v -104.558151 -35.320744 49.195560
v -103.343918 -35.442505 47.728924
v -103.118027 -36.109337 48.178200
v -101.743546 -35.840424 47.060661
v -103.007812 -34.276882 50.870850
v -101.841171 -34.399826 49.539349
v -101.620789 -35.020885 49.938210
v -100.238480 -34.612919 48.796616
v -101.989807 -32.515499 51.518379
v -101.633286 -32.125206 51.339577
v -100.868668 -32.346943 50.385406
v -100.467972 -32.589466 51.005371
v -99.680679 -32.316959 50.128983
v -100.068298 -29.689606 51.563484
v -99.811996 -29.727104 51.392067
v -99.555740 -29.764589 51.220657
v -108.564011 -39.127346 46.951817
v -107.736389 -37.825699 47.902359
v -107.491272 -38.507618 48.354023
v -107.322495 -37.140377 49.347412
v -110.967102 -39.084694 48.278400
v -110.317291 -37.764381 49.291573
v -110.090775 -38.430397 49.741753
v -108.940475 -36.925434 50.858421
v -109.662460 -36.972130 50.769657
v -112.626114 -38.198704 48.873280
v -111.986725 -37.176849 49.745636
v -112.148544 -37.695408 50.225327
v -111.645493 -36.280411 51.137409
v -111.346771 -36.519806 51.343952
v -114.512909 -36.795429 49.853252
v -114.371368 -36.519966 50.198765
v -114.229813 -36.244507 50.544281
v -101.917847 -38.268635 41.663677
v -100.358932 -35.829437 44.339214
v -101.451721 -36.800220 42.994640
v -101.225220 -37.466236 43.444843
v -100.123215 -37.600159 40.403702
v -98.735260 -35.795158 42.724487
v -99.794159 -36.630100 41.672226
v -99.380768 -37.308697 41.929478
v -98.878189 -36.796783 39.210762
v -97.872574 -35.640633 41.630272
v -98.720612 -36.082035 40.392689
v -98.105927 -36.303867 40.206425
v -98.509125 -35.255310 38.866634
v -98.014084 -34.620205 39.743896
v -98.261597 -34.937775 39.305260
v -106.366058 -38.592915 42.172031
v -104.644012 -38.964127 41.531155
v -104.689148 -35.544296 49.030483
v -106.139572 -39.258915 42.622231
v -108.038086 -38.813316 43.211922
v -107.436707 -38.503525 40.194485
v -105.916901 -38.831154 39.628887
v -106.040146 -38.801502 39.587822
v -107.233780 -39.096741 40.582241
v -108.792831 -38.803406 40.909138
v -107.718353 -38.000885 39.413399
v -107.276245 -38.114201 39.083656
v -107.793472 -38.204208 39.287136
v -108.235580 -38.090912 39.616894
v -100.547974 -38.227413 40.747314
v -100.663406 -36.070190 44.781895
v -101.772812 -36.007553 46.876621
v -100.201202 -34.975121 48.467876
v -99.572525 -32.811878 49.939323
v -103.656372 -34.808964 50.772793
v -106.762985 -36.992218 49.420395
v -112.492432 -38.537540 48.723522
v -110.588898 -39.493088 48.060127
v -108.173523 -39.381332 46.697460
v -107.829666 -38.837711 43.556232
v -108.753586 -38.769127 41.147865
v -104.431412 -38.931664 41.640076
v -98.804642 -35.991211 43.319523
v -97.898392 -35.223167 40.898674
v -99.160202 -37.380802 39.640324
v -102.472321 -38.360634 42.202503
v -29.881443 -5.505413 137.855103
v -29.881443 -5.505428 139.395859
v -23.138950 -5.505413 137.855103
v -23.138950 -5.505428 139.395859
v -29.881460 -12.247929 137.855103
v -29.881460 -12.247929 139.395859
v -23.138933 -12.247929 137.855103
v -23.138933 -12.247929 139.395859
v -26.510197 -4.168535 137.549606
v -26.510197 -4.168535 139.701340
v -26.510197 -13.584835 137.549606
v -26.510197 -13.584835 139.701340
v -21.802044 -8.876659 137.549606
v -21.802048 -8.876659 139.701340
v -31.218349 -8.876659 137.549606
v -31.218348 -8.876659 139.701340
v -26.510197 -8.876562 140.643082
v -26.510197 -8.876562 133.795959
v -22.243374 -17.499741 140.759125
v -26.419090 -16.028950 139.898285
v -26.418873 -16.025711 141.872543
v -30.517668 -15.833921 140.822800
v -23.541491 -23.171490 141.919876
v -27.466782 -21.877701 141.202942
v -27.509346 -21.851643 143.023148
v -31.644529 -21.825657 141.685715
v -24.847570 -27.684650 140.077316
v -25.770500 -28.274687 139.342392
v -28.441399 -27.091312 139.034729
v -28.592827 -28.134682 140.538696
v -31.199356 -27.804775 139.413071
v -28.656025 -33.554764 136.039810
v -29.383192 -33.454895 136.056396
v -30.110359 -33.355034 136.072968
v -16.608711 -4.695210 142.507660
v -17.201870 -8.876659 141.795731
v -17.239750 -8.873558 143.813751
v -16.410686 -12.612968 142.610474
v -10.119804 -4.729069 142.576981
v -10.271942 -8.876659 141.795731
v -10.271942 -8.876659 143.769989
v -11.340511 -13.918186 143.093338
v -9.939816 -13.041395 142.605423
v -5.957281 -5.445168 140.601334
v -6.260185 -8.925882 140.196564
v -5.411772 -8.827450 141.681488
v -5.366991 -12.808598 140.498917
v -5.769098 -13.082121 141.404800
v -0.863815 -7.322948 137.995239
v -0.757710 -8.414572 138.007019
v -0.651600 -9.506197 138.018738
v -36.320328 -3.328434 138.411636
v -36.446907 -12.643589 138.222153
v -35.726891 -8.041304 137.638336
v -35.726891 -8.041304 139.612610
v -41.433250 -3.858210 136.696609
v -41.632782 -11.528151 137.141068
v -40.649174 -7.631800 136.695282
v -41.254784 -7.468164 138.567230
v -45.320721 -4.185101 134.460403
v -44.646034 -10.740852 136.008560
v -44.289368 -7.294413 134.720093
v -45.788132 -7.237036 135.294922
v -46.398010 -6.155455 131.352859
v -46.414116 -8.960182 131.590805
v -46.406063 -7.557817 131.471817
v -26.510197 0.388866 136.818985
v -30.830042 0.388866 137.806091
v -22.166788 -16.788851 140.886169
v -26.510197 0.388866 138.793259
v -21.876841 0.529388 137.487610
v -26.492876 4.501450 133.444458
v -30.305368 4.501450 134.315659
v -30.093443 4.640133 134.128433
v -26.510201 4.522141 135.186859
v -22.885124 5.000057 134.050934
v -26.756886 5.329708 131.321228
v -28.051886 5.627338 131.398041
v -26.752054 5.896519 131.495407
v -25.457054 5.598888 131.418594
v -40.195442 -3.138947 138.044479
v -35.329323 -12.749037 139.044846
v -30.671173 -15.265810 140.884598
v -32.108234 -20.802498 141.973495
v -31.661339 -26.886572 140.173706
v -22.327990 -21.654995 142.382141
v -17.485964 -13.458969 142.782837
v -6.420025 -4.838623 141.134964
v -11.171532 -4.135521 143.311172
v -17.718792 -4.273714 142.912628
v -21.926088 -0.194290 138.105896
v -22.697708 4.522141 134.315659
v -31.148853 -0.032284 138.020004
v -40.831551 -12.164297 138.224258
v -45.391151 -10.107933 134.272934
v -44.281532 -3.800207 135.927826
v -34.567474 -3.574192 138.916122
v -13.745613 -10.526930 113.632942
v -12.944592 -10.112682 113.776932
v -15.651184 -7.395439 115.224640
v -14.850159 -6.981195 115.368629
v -13.973820 -8.830309 110.021782
v -13.172792 -8.416067 110.165787
v -15.879395 -5.698803 111.613487
v -15.078371 -5.284559 111.757492
v -14.811977 -9.379721 115.116241
v -13.693306 -8.801212 115.317345
v -15.130688 -7.010284 110.073067
v -14.012012 -6.431776 110.274170
v -16.301952 -6.008350 113.706116
v -15.183283 -5.429840 113.907227
v -13.640709 -10.381670 111.483223
v -12.522039 -9.803158 111.684326
v -13.363054 -7.363329 112.883842
v -16.922815 -9.204231 112.243896
v -14.800470 -3.180576 109.283569
v -14.018091 -5.721493 109.005074
v -12.991642 -5.191412 109.191383
v -12.372505 -7.425554 108.228386
v -14.022102 -2.044209 106.047935
v -13.241669 -4.385590 105.747215
v -12.282446 -3.922537 105.921249
v -11.808197 -6.209200 104.833977
v -14.763660 -2.010544 103.150246
v -14.904877 -2.488308 102.547668
v -14.269920 -4.109266 102.522194
v -13.480536 -3.512711 102.068199
v -13.317921 -5.108931 101.524368
v -15.985069 -3.387753 98.729919
v -15.767548 -3.746149 98.613297
v -15.550039 -4.104549 98.496674
v -15.050514 -3.315521 117.634987
v -15.394533 -2.730236 115.188927
v -14.334557 -2.206047 115.370262
v -15.321014 -1.203556 113.450768
v -16.849522 -0.274651 119.155167
v -17.353073 0.488308 116.824867
v -16.326666 1.019108 117.009392
v -16.547089 1.609493 113.993759
v -17.166943 1.908237 114.748413
v -19.077301 1.307625 119.569633
v -19.319939 1.933968 117.596100
v -18.784386 2.702473 117.987892
v -19.546600 3.407112 115.755714
v -18.971245 3.532738 115.598961
v -21.935261 3.445080 119.522766
v -21.996075 3.772213 118.964272
v -22.056919 4.099327 118.405762
v -11.562832 -13.915583 113.330887
v -11.940853 -11.681332 108.294281
v -12.292095 -12.661966 110.874580
v -11.265686 -12.131166 111.059105
v -11.027374 -16.618025 111.679848
v -10.999510 -14.661200 107.566429
v -11.377388 -15.304674 109.843758
v -10.227474 -15.123831 109.963402
v -11.102348 -18.942492 110.378059
v -10.710039 -16.563276 107.170906
v -11.364056 -17.611269 108.980515
v -10.639683 -18.167250 108.711159
v -12.480164 -19.782516 108.778015
v -12.446836 -19.020266 107.294304
v -12.463511 -19.401396 108.036163
v -15.037569 -10.722940 117.488800
v -13.303505 -12.463863 116.561279
v -14.732012 -3.289734 109.694260
v -14.011162 -10.192142 117.673325
v -15.994686 -8.426613 118.720345
v -16.657665 -12.657022 119.380112
v -15.127247 -14.193470 118.561523
v -15.279781 -14.180275 118.668327
v -15.746208 -12.201813 119.549950
v -17.345116 -10.943842 120.555511
v -17.658867 -13.558901 119.562935
v -17.242867 -14.214594 119.423813
v -17.550499 -13.652456 119.883926
v -17.966499 -12.996763 120.023056
v -10.652113 -15.861738 112.483253
v -11.832558 -10.914553 108.578529
v -12.277763 -7.623190 108.502190
v -11.492899 -6.604654 105.299377
v -12.760822 -5.350037 101.978172
v -14.073402 -1.737915 107.189812
v -14.956139 -1.443729 112.759941
v -18.648556 1.083549 119.835121
v -16.150492 -0.715076 119.293396
v -14.511974 -3.828272 117.636528
v -15.683821 -8.101156 118.378922
v -17.276630 -10.665365 120.368538
v -13.116440 -12.448446 116.280457
v -10.684341 -13.837778 107.516106
v -11.380371 -17.535234 107.171768
v -10.620117 -18.162172 110.966667
v -11.804266 -12.904011 113.660202
v -38.936432 -16.215183 98.347084
v -39.516518 -16.900341 98.514503
v -37.636925 -16.392944 102.122078
v -38.217014 -17.078106 102.289497
v -36.136787 -18.851374 97.259178
v -36.716881 -19.536528 97.426605
v -34.837276 -19.029137 101.034195
v -35.417366 -19.714293 101.201622
v -38.726761 -15.645515 100.417084
v -39.536888 -16.602369 100.650902
v -34.816895 -19.327103 98.897789
v -35.627022 -20.283955 99.131607
v -35.864418 -17.610428 102.293442
v -36.674545 -18.567280 102.527267
v -37.679260 -17.362169 97.021431
v -38.489388 -18.319021 97.255249
v -37.936573 -18.861895 99.993607
v -35.358627 -15.817055 99.249557
v -33.577366 -22.397488 101.003807
v -34.668758 -21.329536 98.809662
v -35.413368 -22.206203 99.024841
v -35.887756 -21.556345 96.646873
v -31.909533 -25.096975 99.488022
v -32.933353 -24.168823 97.421165
v -33.637680 -24.966936 97.599335
v -33.941921 -24.253014 95.142982
v -29.593563 -26.007725 97.828362
v -29.249748 -25.887280 97.136566
v -30.140051 -25.217367 95.798683
v -30.302248 -26.290104 95.708984
v -30.517799 -25.591846 94.180550
v -26.370052 -26.406981 94.310204
v -26.557922 -26.356148 93.920998
v -26.745768 -26.305290 93.531784
v -38.466431 -18.317280 106.414536
v -36.576469 -19.619909 105.330406
v -37.344852 -20.515099 105.528992
v -35.179333 -21.463898 105.259064
v -37.227833 -18.532415 110.049622
v -35.240837 -19.802614 109.210342
v -35.984158 -20.680553 109.424881
v -33.841988 -22.322620 107.939636
v -33.752384 -21.799763 108.812309
v -35.384403 -18.043592 112.049919
v -33.845116 -19.216499 111.274734
v -34.281548 -19.860718 111.926987
v -32.174610 -20.892570 111.181206
v -32.479603 -21.391745 111.010384
v -32.641830 -17.753157 114.315483
v -32.172554 -18.188002 114.200043
v -31.703245 -18.622812 114.084587
v -41.290890 -15.441746 95.153793
v -37.376072 -18.996183 93.559357
v -38.928474 -16.956156 94.641609
v -39.671780 -17.834087 94.856140
v -41.410637 -14.751421 92.019318
v -38.431698 -17.942606 90.718376
v -39.692131 -16.246897 91.849304
v -40.581589 -16.999386 91.740051
v -41.182220 -13.782326 89.547058
v -38.912960 -17.051722 89.035271
v -39.790154 -15.140673 89.651024
v -40.319267 -15.334347 88.883621
v -39.401718 -13.142399 88.288300
v -38.329826 -14.344379 87.852608
v -38.865765 -13.743382 88.070457
v -40.344021 -13.538767 101.073013
v -41.548244 -13.863829 98.761681
v -33.905605 -22.178047 101.175186
v -41.087326 -14.416695 101.287552
v -39.761101 -13.903313 103.762474
v -40.777805 -10.430660 101.379570
v -41.840607 -10.717564 99.339699
v -41.786861 -10.585676 99.460381
v -41.445747 -11.196943 101.562553
v -40.517838 -10.600531 103.545837
v -40.373211 -9.155704 101.134674
v -40.775295 -9.039341 100.465996
v -40.673203 -9.011665 101.247757
v -40.271118 -9.128025 101.916435
v -41.978199 -15.102224 92.974869
v -37.426636 -19.432724 94.257454
v -36.176495 -21.357655 96.659309
v -34.564484 -23.968731 95.079720
v -31.274485 -25.558922 94.152702
v -32.479374 -24.741611 100.462357
v -35.100197 -21.842974 104.539268
v -35.926361 -18.031553 111.946686
v -37.953411 -18.599110 109.636330
v -39.007858 -18.303295 105.905037
v -39.702885 -14.459894 103.685326
v -40.382946 -10.910046 103.602425
v -41.515354 -14.115208 98.538475
v -38.420948 -18.694128 91.182030
v -38.665916 -16.012814 88.531616
v -41.694229 -14.311777 90.350433
v -41.040947 -15.808384 96.150352
v -15.392776 -9.163794 85.500809
v -14.651360 -8.630667 85.508186
v -17.713795 -5.930927 85.137024
v -16.972378 -5.397802 85.144402
v -15.154255 -9.440382 81.521156
v -14.412840 -8.907257 81.528542
v -17.475288 -6.207499 81.157372
v -16.733871 -5.674372 81.164757
v -16.747587 -7.598232 86.106522
v -15.712164 -6.853695 86.116837
v -16.414490 -7.984488 80.548714
v -15.379066 -7.239952 80.559029
v -18.201763 -5.533909 83.073608
v -17.166340 -4.789375 83.083923
v -14.960316 -10.048809 83.581657
v -13.924892 -9.304272 83.591972
v -15.092449 -6.720961 83.342514
v -18.387316 -9.090185 83.309700
v -16.200363 -4.988686 78.023178
v -15.229202 -7.228380 79.112457
v -14.279371 -6.545017 79.123817
v -13.380333 -8.865654 79.453140
v -14.994316 -5.442118 74.751129
v -14.033844 -7.519207 75.723114
v -13.144226 -6.908726 75.749512
v -12.365234 -9.353157 75.981552
v -15.271717 -6.891048 72.148949
v -15.286781 -7.612066 71.846962
v -14.557268 -8.950615 72.688065
v -13.744518 -8.545624 72.087616
v -13.400581 -10.171349 72.417572
v -15.695915 -10.354952 68.870354
v -15.441137 -10.693771 68.968605
v -15.186388 -11.032604 69.066864
v -17.751583 -1.156727 85.285194
v -17.742071 -1.859005 82.845764
v -16.758049 -1.178761 82.859306
v -17.490196 -1.351002 80.601685
v -19.950764 1.977146 84.915443
v -20.127615 1.463734 82.471863
v -19.177582 2.146870 82.481323
v -18.957008 1.193577 79.560059
v -19.704990 1.732319 79.999664
v -22.309017 3.259991 84.258728
v -22.276396 2.831921 82.218697
v -21.857372 3.756565 82.238136
v -22.301022 3.205540 79.880249
v -21.717014 3.314976 79.744843
v -25.250015 4.723408 82.863098
v -25.242252 4.733593 82.213120
v -25.234528 4.743740 81.563133
v -12.985474 -11.969219 87.135803
v -12.703569 -12.477591 81.643616
v -13.395157 -12.145576 84.318390
v -12.445137 -11.462450 84.327850
v -12.031952 -15.035913 87.090759
v -11.478065 -15.292410 82.576607
v -12.169018 -14.815222 84.821152
v -11.065544 -14.451159 84.959381
v -11.758244 -17.687035 87.096840
v -11.013620 -17.096775 83.198441
v -11.878326 -17.230217 85.207222
v -11.087811 -17.747585 85.324715
v -12.813072 -19.359663 85.977104
v -12.593807 -19.400103 84.323677
v -12.703445 -19.379887 85.150391
v -17.260378 -7.664091 88.792946
v -15.298326 -9.393803 89.030754
v -16.190756 -4.878849 78.439247
v -16.310358 -6.980965 88.802406
v -18.538582 -5.205385 88.629105
v -19.035667 -8.654741 91.203217
v -17.304037 -10.181290 91.413094
v -17.471981 -10.138765 91.482620
v -18.191984 -8.059294 91.224716
v -20.003391 -6.694603 91.305763
v -19.995781 -9.482019 91.696152
v -19.523567 -10.064159 91.942062
v -19.933689 -9.396191 92.031273
v -20.405903 -8.814047 91.785370
v -11.834894 -13.946518 87.454964
v -12.688667 -11.661392 81.525024
v -13.317856 -8.894575 79.797035
v -12.103317 -9.433941 76.611855
v -12.907997 -10.091993 72.988098
v -15.243252 -4.638117 75.582954
v -17.007168 -1.841625 80.161194
v -21.914383 3.247646 84.644249
v -19.256418 1.751255 85.326035
v -17.189495 -1.531574 85.595818
v -18.198517 -5.044752 88.207588
v -19.923611 -6.532747 91.014839
v -15.070747 -9.489927 88.800400
v -11.210148 -14.559538 82.163094
v -11.614697 -18.028625 83.603897
v -11.423466 -16.665234 87.274986
v -13.337420 -10.964291 86.898598
v -26.231949 -6.970266 64.862846
v -26.028273 -7.016954 66.193275
v -20.436981 -7.543470 63.955585
v -20.233311 -7.590157 65.286018
v -26.829676 -12.832287 64.748680
v -26.625999 -12.878967 66.079124
v -21.034676 -13.405489 63.841419
v -20.831001 -13.452166 65.171852
v -23.256344 -6.085316 64.168053
v -22.971895 -6.150499 66.026062
v -24.091072 -14.271955 64.008614
v -23.806629 -14.337139 65.866623
v -19.627188 -10.578869 63.454807
v -19.342749 -10.644053 65.312813
v -27.720222 -9.778357 64.721855
v -27.435778 -9.843540 66.579872
v -23.264761 -10.272251 66.759537
v -24.169907 -10.064808 60.847061
v -20.346640 -18.135593 66.139595
v -23.918953 -16.475800 65.983040
v -23.657497 -16.532816 67.687828
v -27.302057 -15.985806 67.336166
v -21.811672 -22.991486 67.220535
v -25.165426 -21.511234 67.151550
v -24.959080 -21.540104 68.729469
v -28.687641 -21.125446 68.131462
v -23.577871 -26.748432 65.728806
v -24.520555 -27.160692 65.208405
v -26.751879 -25.895462 65.322174
v -26.775705 -26.835262 66.623543
v -29.135494 -26.292751 66.007889
v -27.905224 -31.405878 62.655499
v -28.519161 -31.257748 62.769371
v -29.133093 -31.109604 62.883213
v -14.137573 -7.535183 67.108070
v -15.112171 -11.098577 66.502312
v -14.877680 -11.153811 68.250038
v -14.655687 -14.438923 67.036118
v -8.554388 -8.118362 66.294205
v -9.156103 -11.687725 65.569824
v -8.895115 -11.747536 67.274620
v -10.349890 -16.019361 66.748749
v -9.132803 -15.361359 66.153801
v -5.301483 -9.034958 64.015991
v -5.923882 -12.023123 63.648304
v -4.989674 -12.054661 64.818047
v -5.460428 -15.483894 63.723461
v -5.710514 -15.714962 64.555161
v -1.434772 -11.021580 61.048477
v -1.438778 -11.980024 61.025898
v -1.442806 -12.938480 61.003250
v -31.499422 -4.547047 66.246689
v -32.459034 -12.629248 65.942352
v -31.509392 -8.671488 65.419289
v -31.248407 -8.731304 67.124054
v -36.167511 -4.521006 65.444771
v -36.960167 -11.185843 65.725555
v -35.828316 -7.868427 65.274216
v -36.086853 -7.731388 66.974899
v -39.833260 -4.406986 64.031380
v -39.629890 -10.210888 65.166405
v -39.188152 -7.205799 64.064194
v -40.395222 -7.045902 64.763191
v -41.344624 -5.934301 61.459610
v -41.575649 -8.378595 61.619759
v -41.460136 -7.156446 61.539673
v -22.948917 -2.100922 63.614338
v -26.531210 -1.763573 65.047966
v -20.200998 -17.527893 66.251022
v -22.687935 -2.160736 65.319092
v -18.865841 -2.392902 63.570602
v -23.015556 1.575363 60.767715
v -26.177109 1.873089 62.033005
v -26.007418 1.981319 61.845188
v -22.798273 1.542038 62.274960
v -19.790428 1.683777 60.814400
v -23.449715 2.382233 58.983883
v -24.526190 2.748764 59.229488
v -23.372295 2.869331 59.143211
v -22.295811 2.502811 58.897610
v -34.861710 -4.041739 66.454285
v -31.399096 -12.840855 66.500595
v -27.375462 -15.480711 67.419792
v -28.957436 -20.205196 68.459686
v -29.350607 -25.478222 66.742424
v -20.573166 -21.790203 67.482094
v -15.632061 -15.088253 67.315338
v -5.574886 -8.484459 64.549339
v -9.308649 -7.535162 67.079735
v -15.000759 -7.086615 67.614258
v -18.890591 -3.036617 64.098846
v -19.636723 1.244324 61.009674
v -26.814278 -2.109108 65.268440
v -36.184742 -11.839846 66.542290
v -40.443619 -9.544687 63.778694
v -38.712013 -4.205145 65.165169
v -29.947998 -4.925001 66.442276
v -23.701124 -24.914467 14.420897
v -23.676254 -24.908455 14.564540
v -23.073025 -24.882076 14.310795
v -23.048157 -24.876068 14.454437
v -23.664701 -25.551600 14.441250
v -23.639833 -25.545589 14.584893
v -23.036600 -25.519209 14.331146
v -23.011730 -25.513197 14.474790
v -23.399229 -24.773132 14.333329
v -23.364496 -24.764738 14.533934
v -23.348358 -25.662930 14.361753
v -23.313625 -25.654535 14.562359
v -22.935207 -25.195408 14.270658
v -22.900476 -25.187017 14.471264
v -23.812382 -25.240646 14.424423
v -23.777651 -25.232250 14.625028
v -23.323860 -25.205952 14.635942
v -23.434383 -25.232660 13.997587
v -22.877930 -25.999851 14.603115
v -23.288757 -25.884287 14.586609
v -23.256889 -25.876278 14.770656
v -23.656691 -25.881939 14.739143
v -22.949476 -26.537506 14.749653
v -23.333698 -26.436907 14.743009
v -23.308422 -26.427549 14.913320
v -23.715366 -26.450174 14.856079
v -23.076502 -26.977444 14.612823
v -23.171154 -27.040499 14.561155
v -23.431320 -26.942711 14.572517
v -23.415514 -27.036160 14.718353
v -23.678276 -27.021902 14.654978
v -23.464741 -27.566181 14.316315
v -23.532753 -27.560179 14.329432
v -23.600761 -27.554173 14.342550
v -22.393978 -24.755993 14.635468
v -22.438137 -25.156746 14.591404
v -22.409107 -25.148764 14.780155
v -22.331100 -25.502831 14.665721
v -21.788204 -24.727745 14.536074
v -21.792576 -25.123451 14.478240
v -21.760712 -25.115749 14.662300
v -21.843941 -25.599926 14.631886
v -21.726067 -25.512247 14.560878
v -21.428467 -24.783125 14.286071
v -21.444410 -25.115068 14.263786
v -21.341942 -25.095901 14.388079
v -21.335346 -25.476498 14.289110
v -21.356707 -25.500740 14.380960
v -20.985905 -24.946262 13.965600
v -20.969929 -25.048859 13.968257
v -20.953960 -25.151457 13.970915
v -24.303715 -24.737514 14.571354
v -24.268244 -25.619099 14.583875
v -24.235456 -25.183022 14.503798
v -24.203590 -25.175323 14.687858
v -24.804834 -24.818829 14.496553
v -24.774813 -25.542824 14.564399
v -24.711428 -25.171652 14.495018
v -24.738510 -25.151798 14.678935
v -25.201300 -24.877119 14.352539
v -25.078045 -25.487324 14.505647
v -25.084236 -25.164963 14.369293
v -25.214886 -25.164499 14.447189
v -25.341171 -25.080605 14.086362
v -25.323683 -25.344788 14.117275
v -25.332426 -25.212692 14.101818
v -23.435646 -24.345331 14.251454
v -23.822124 -24.362236 14.414027
v -22.872581 -25.931810 14.611567
v -23.403776 -24.337631 14.435516
v -22.993988 -24.307186 14.237705
v -23.510719 -23.969795 13.924150
v -23.851807 -23.984711 14.067628
v -23.835836 -23.971315 14.046295
v -23.484318 -23.961124 14.086813
v -23.167543 -23.902983 13.920273
v -23.574062 -23.901077 13.728010
v -23.695063 -23.878874 13.755422
v -23.573858 -23.846813 13.742463
v -23.452854 -23.869015 13.715052
v -24.671654 -24.739658 14.599833
v -24.150284 -25.620483 14.642644
v -23.673063 -25.828751 14.745697
v -23.759443 -26.354597 14.887393
v -23.714001 -26.934385 14.730662
v -22.837162 -26.386576 14.768357
v -22.423912 -25.587263 14.701905
v -21.466236 -24.725954 14.341546
v -21.877531 -24.673849 14.619903
v -22.493126 -24.719913 14.690080
v -22.984688 -24.373394 14.298338
v -23.143229 -23.946209 13.943335
v -23.846096 -24.402729 14.440447
v -24.679249 -25.594864 14.654223
v -25.178890 -25.437866 14.354089
v -25.082890 -24.830030 14.471216
v -24.130959 -24.750347 14.590509
v 6.522095 -10.631401 9.763822
v 6.618713 -10.702253 10.211128
v 8.495678 -10.748579 9.318926
v 8.592316 -10.819426 9.766235
v 6.340847 -12.630625 9.486329
v 6.437469 -12.701479 9.933643
v 8.314449 -12.747801 9.041431
v 8.411068 -12.818651 9.488743
v 7.525673 -10.279537 9.507707
v 7.660610 -10.378489 10.132394
v 7.272552 -13.071577 9.120165
v 7.407486 -13.170519 9.744864
v 8.777229 -11.757364 9.003275
v 8.912178 -11.856304 9.627973
v 6.020996 -11.593744 9.624593
v 6.155945 -11.692682 10.249290
v 7.593124 -11.817776 10.212035
v 7.163704 -11.502909 8.224173
v 8.617531 -14.454121 9.609296
v 7.380814 -13.905867 9.695435
v 7.504780 -13.995693 10.268725
v 6.244347 -13.819326 10.242313
v 8.157902 -16.166666 9.798525
v 6.998756 -15.681870 9.902637
v 7.101139 -15.757101 10.434955
v 5.807552 -15.616032 10.320593
v 7.538742 -17.397451 9.164025
v 7.206631 -17.522570 8.987265
v 6.437347 -17.111116 9.122890
v 6.459290 -17.487017 9.526577
v 5.634609 -17.292145 9.385340
v 6.012951 -18.886160 8.001545
v 5.803822 -18.844685 8.058447
v 5.594696 -18.803196 8.115347
v 10.720718 -10.835756 10.272121
v 10.390038 -12.032555 9.932481
v 10.505600 -12.123766 10.520992
v 10.572281 -13.191631 9.963044
v 12.623524 -10.961742 9.862703
v 12.418514 -12.152987 9.475218
v 12.542309 -12.243763 10.048394
v 12.051586 -13.688946 9.714970
v 12.454544 -13.430874 9.516983
v 13.698780 -11.155569 8.984988
v 13.491173 -12.163746 8.744214
v 13.835293 -12.217588 9.123400
v 13.667202 -13.344450 8.613256
v 13.598972 -13.460222 8.891539
v 14.975761 -11.681030 7.815023
v 14.978230 -12.007082 7.766503
v 14.980671 -12.333147 7.717985
v 4.730789 -9.899595 10.439846
v 4.431458 -12.650738 10.009812
v 4.729313 -11.271772 9.982225
v 4.853127 -11.362549 10.555398
v 3.112381 -9.888973 10.257496
v 2.875675 -12.180162 10.084030
v 3.240368 -11.021446 10.050073
v 3.184902 -11.048481 10.640235
v 1.825455 -9.815517 9.851331
v 1.943806 -11.842285 9.986468
v 2.060043 -10.767315 9.730705
v 1.658928 -10.750704 9.998850
v 1.262260 -10.238142 8.939124
v 1.197067 -11.080439 8.893837
v 1.229671 -10.659283 8.916486
v 7.602352 -8.894632 9.483148
v 6.399807 -8.864948 10.054773
v 8.667042 -14.250507 9.670394
v 7.726166 -8.985416 10.056317
v 9.004292 -8.964220 9.377321
v 7.506332 -7.520344 8.671552
v 6.445019 -7.494141 9.176043
v 6.499039 -7.448093 9.113418
v 7.611103 -7.593998 9.179411
v 8.613804 -7.463074 8.630096
v 7.318161 -7.172535 8.106631
v 6.951916 -7.065310 8.226638
v 7.345737 -7.012539 8.180228
v 7.711979 -7.119774 8.060223
v 3.578568 -9.759201 10.596745
v 4.807343 -12.739250 10.170582
v 6.218555 -13.651051 10.293767
v 5.717369 -15.317835 10.476851
v 5.571770 -17.046835 9.674439
v 8.582863 -15.759354 9.915075
v 10.245617 -13.431707 10.049229
v 13.613106 -10.992212 9.195408
v 12.377663 -10.801241 10.169668
v 10.432507 -10.710121 10.480289
v 9.009201 -9.206375 9.530293
v 8.672417 -7.620203 8.674919
v 6.308571 -8.994125 10.120574
v 3.161037 -12.432529 10.319459
v 1.633869 -11.561853 9.557785
v 2.232002 -9.786932 10.224627
v 5.268913 -10.026138 10.460543
v -30.413727 -31.848846 15.532570
v -30.301582 -31.837605 15.914981
v -28.775980 -31.500946 15.042064
v -28.663834 -31.489700 15.424476
v -30.066185 -33.557770 15.480888
v -29.954042 -33.546528 15.863302
v -28.428429 -33.209866 14.990379
v -28.316288 -33.198624 15.372793
v -29.685995 -31.338280 15.221743
v -29.529381 -31.322588 15.755797
v -29.200634 -33.724895 15.149561
v -29.044014 -33.709190 15.683626
v -28.299711 -32.288647 14.843142
v -28.143091 -32.272945 15.377202
v -30.586920 -32.774517 15.528161
v -30.430307 -32.758820 16.062222
v -29.218161 -32.508987 15.953449
v -29.716537 -32.558941 14.253992
v -27.728823 -34.473564 15.605751
v -28.881571 -34.322529 15.707140
v -28.737988 -34.307297 16.197163
v -29.819874 -34.477833 16.236273
v -27.667294 -35.969608 15.944818
v -28.739613 -35.849464 16.062353
v -28.618814 -35.831776 16.517418
v -29.721935 -36.048321 16.486494
v -27.886017 -37.194328 15.547916
v -28.133280 -37.396858 15.428116
v -28.865431 -37.236984 15.555137
v -28.738962 -37.498272 15.931440
v -29.471025 -37.557365 15.844204
v -28.802391 -38.908108 14.777863
v -28.982962 -38.920197 14.835639
v -29.163534 -38.932285 14.893416
v -26.892910 -30.924694 15.727974
v -26.873274 -32.020298 15.562374
v -26.735748 -32.006748 16.066034
v -26.429205 -32.920528 15.678398
v -25.309967 -30.597948 15.272871
v -25.189993 -31.662729 15.058231
v -25.046295 -31.648325 15.548245
v -25.095234 -32.986198 15.419395
v -24.835714 -32.695255 15.203119
v -24.405777 -30.579086 14.474198
v -24.329397 -31.479866 14.369091
v -24.020317 -31.400307 14.676694
v -23.890301 -32.415672 14.349392
v -23.907940 -32.499134 14.601398
v -23.261477 -30.811214 13.442436
v -23.178574 -31.082329 13.429260
v -23.095688 -31.353447 13.416089
v -32.049435 -31.625256 16.155802
v -31.613821 -33.994144 16.046581
v -31.718647 -32.794777 15.884579
v -31.574951 -32.780376 16.374592
v -33.388885 -32.035866 16.098026
v -33.009655 -33.986900 16.164062
v -33.004021 -32.951855 16.011734
v -33.023304 -32.927975 16.521664
v -34.479069 -32.335625 15.823299
v -33.864586 -33.951103 16.108221
v -34.049381 -33.068581 15.788889
v -34.374550 -33.127182 16.041042
v -34.865368 -32.913280 15.115268
v -34.707394 -33.623245 15.153999
v -34.786377 -33.268257 15.134635
v -29.974091 -30.188520 15.075329
v -30.951527 -30.404217 15.634598
v -27.737610 -34.288509 15.637170
v -29.830391 -30.174114 15.565344
v -28.807226 -29.908951 14.905287
v -30.427488 -29.169897 14.268026
v -31.290129 -29.360260 14.761610
v -31.259426 -29.315536 14.700792
v -30.305939 -29.152828 14.701910
v -29.532724 -28.852942 14.159918
v -30.688852 -28.989084 13.766589
v -31.013157 -28.979910 13.882151
v -30.704218 -28.843899 13.813826
v -30.379908 -28.853073 13.698264
v -33.027191 -31.779865 16.348038
v -31.277044 -33.957199 16.168667
v -29.881948 -34.341312 16.267136
v -29.866360 -35.810818 16.599503
v -29.575203 -37.342930 16.073637
v -27.417055 -35.519260 15.982899
v -26.634235 -33.189167 15.792927
v -24.510603 -30.445339 14.644957
v -25.542589 -30.496428 15.536150
v -27.154797 -30.872189 15.912479
v -28.736883 -30.090403 15.056786
v -29.443296 -28.962463 14.208325
v -30.991692 -30.525848 15.707654
v -32.703400 -34.098892 16.369751
v -34.204529 -33.841793 15.736489
v -34.139683 -32.173748 16.114864
v -31.574280 -31.593422 16.151625
v -20.938982 -3.859991 14.640004
v -20.861084 -3.852182 14.905638
v -19.801355 -3.618326 14.299284
v -19.723454 -3.610518 14.564919
v -20.697571 -5.047058 14.604104
v -20.619673 -5.039251 14.869740
v -19.559937 -4.805395 14.263382
v -19.482040 -4.797585 14.529018
v -20.433479 -3.505333 14.424093
v -20.324690 -3.494434 14.795064
v -20.096333 -5.163149 14.373955
v -19.987541 -5.152241 14.744931
v -19.470526 -4.165489 14.161106
v -19.361732 -4.154583 14.532081
v -21.059288 -4.502991 14.636941
v -20.950500 -4.492083 15.007915
v -20.108507 -4.318544 14.932359
v -20.454693 -4.353243 13.751866
v -19.073971 -5.683199 14.690837
v -19.874702 -5.578285 14.761266
v -19.774965 -5.567701 15.101650
v -20.526476 -5.686161 15.128817
v -19.031229 -6.722391 14.926364
v -19.776093 -6.638937 15.008007
v -19.692184 -6.626652 15.324109
v -20.458443 -6.777069 15.302628
v -19.183163 -7.573120 14.650663
v -19.354918 -7.713804 14.567448
v -19.863491 -7.602751 14.655679
v -19.775642 -7.784248 14.917071
v -20.284155 -7.825296 14.856474
v -19.819702 -8.763561 14.115762
v -19.945131 -8.771959 14.155895
v -20.070562 -8.780355 14.196029
v -18.493320 -3.218048 14.775737
v -18.479679 -3.979088 14.660707
v -18.384151 -3.969673 15.010563
v -18.171217 -4.604410 14.741301
v -17.393761 -2.991077 14.459609
v -17.310425 -3.730707 14.310514
v -17.210608 -3.720701 14.650892
v -17.244600 -4.650028 14.561390
v -17.064331 -4.447933 14.411158
v -16.765684 -2.977974 13.904828
v -16.712629 -3.603685 13.831817
v -16.497932 -3.548420 14.045487
v -16.407619 -4.253725 13.818133
v -16.419872 -4.311699 13.993184
v -15.970819 -3.139221 13.188135
v -15.913233 -3.327541 13.178983
v -15.855658 -3.515869 13.169834
v -22.075193 -3.704676 15.072919
v -21.772604 -5.350180 14.997050
v -21.845419 -4.517061 14.884519
v -21.745602 -4.507059 15.224896
v -23.005617 -3.989899 15.032787
v -22.742191 -5.345144 15.078657
v -22.738277 -4.626171 14.972845
v -22.751671 -4.609583 15.327057
v -23.762888 -4.198120 14.841953
v -23.336050 -5.320278 15.039867
v -23.464415 -4.707254 14.818050
v -23.690285 -4.747959 14.993203
v -24.031223 -4.599379 14.350133
v -23.921490 -5.092541 14.377037
v -23.976355 -4.845957 14.363586
v -20.633598 -2.706676 14.322391
v -21.312555 -2.856506 14.710876
v -19.080072 -5.554651 14.712662
v -20.533781 -2.696671 14.662769
v -19.823059 -2.512482 14.204275
v -20.948542 -1.999111 13.761615
v -21.547758 -2.131344 14.104472
v -21.526430 -2.100277 14.062226
v -20.864109 -1.987255 14.063004
v -20.327013 -1.778946 13.686520
v -21.130093 -1.873512 13.413301
v -21.355366 -1.867142 13.493574
v -21.140766 -1.772663 13.446114
v -20.915491 -1.779037 13.365841
v -22.754372 -3.812075 15.206452
v -21.538670 -5.324514 15.081855
v -20.569595 -5.591331 15.150254
v -20.558765 -6.612091 15.381126
v -20.356520 -7.676342 15.015844
v -18.857407 -6.409569 14.952815
v -18.313637 -4.791018 14.820855
v -16.838499 -2.885071 14.023441
v -17.555347 -2.920559 14.642490
v -18.675234 -3.181576 14.903900
v -19.774197 -2.638523 14.309510
v -20.264893 -1.855022 13.720144
v -21.340454 -2.940994 14.761622
v -22.529457 -5.422939 15.221534
v -23.572186 -5.244350 14.781652
v -23.527142 -4.085676 15.044483
v -21.745136 -3.682562 15.070017
v -14.613632 44.114399 16.786858
v -14.547413 44.021702 17.039270
v -13.754940 44.965122 16.874016
v -13.688717 44.872425 17.126429
v -13.809052 43.352566 16.295984
v -13.742828 43.259869 16.548397
v -12.950348 44.203297 16.383141
v -12.884132 44.110600 16.635555
v -14.356949 44.709202 16.877722
v -14.264462 44.579731 17.230223
v -13.233299 43.645260 16.192183
v -13.140812 43.515789 16.544693
v -13.195518 44.771275 16.595814
v -13.103035 44.641819 16.948324
v -14.394730 43.583187 16.474091
v -14.302254 43.453724 16.826601
v -13.662182 43.991116 17.041748
v -13.956470 44.403095 15.920015
v -12.084785 43.548176 16.488123
v -12.829090 43.239277 16.400194
v -12.744598 43.120892 16.723867
v -13.334606 42.688557 16.512875
v -11.523407 42.673702 16.248592
v -12.208511 42.367748 16.174589
v -12.138809 42.255802 16.474127
v -12.726036 41.817455 16.203459
v -11.230377 42.109829 15.601277
v -11.309097 41.970928 15.425984
v -11.803688 41.786144 15.427214
v -11.633827 41.558666 15.595686
v -12.053532 41.334789 15.401599
v -11.188457 41.208965 14.463236
v -11.292271 41.127506 14.463819
v -11.396084 41.046032 14.464401
v -12.819992 45.600689 17.779621
v -12.427162 45.096226 17.350903
v -12.345619 44.970371 17.681246
v -11.845528 44.724865 17.222591
v -11.986572 46.411419 17.872400
v -11.544594 45.970600 17.440483
v -11.459740 45.851810 17.763918
v -11.023300 45.188061 17.272215
v -10.970516 45.493214 17.274225
v -11.455914 46.974583 17.550406
v -11.096531 46.567440 17.226776
v -10.936409 46.596256 17.488182
v -10.506458 46.223240 17.005177
v -10.486095 46.087086 17.128479
v -10.695168 47.561871 17.052597
v -10.550884 47.451221 16.976421
v -10.406605 47.340557 16.900240
v -15.669525 43.514477 16.953289
v -14.582207 42.457386 16.242435
v -15.064796 43.103374 16.491165
v -14.979939 42.984585 16.814600
v -16.331177 42.912685 16.567657
v -15.422234 41.994144 16.079496
v -15.781078 42.585323 16.302851
v -15.797272 42.414761 16.613605
v -16.883373 42.519794 16.127256
v -15.948612 41.771046 15.912332
v -16.369831 42.282986 15.956764
v -16.542843 42.065769 16.035740
v -16.919010 42.348209 15.460781
v -16.576153 42.014965 15.295365
v -16.747581 42.181591 15.378077
v -14.932186 45.268093 17.089815
v -15.439915 44.663647 17.195690
v -12.154396 43.630512 16.561689
v -14.847332 45.149311 17.413250
v -14.330132 45.828350 17.269472
v -15.565773 45.937992 16.836605
v -16.013874 45.404545 16.930046
v -16.011478 45.458218 16.912216
v -15.495564 45.833309 17.123341
v -15.139736 46.413044 17.018896
v -15.789490 46.126019 16.545647
v -15.986629 45.991619 16.563162
v -15.849026 46.180180 16.615517
v -15.651882 46.314571 16.598003
v -16.201431 43.069035 16.856840
v -14.391933 42.536983 16.383989
v -13.419296 42.729664 16.562378
v -12.894817 41.857243 16.319105
v -12.189243 41.334492 15.587087
v -11.529953 42.970341 16.450413
v -11.874111 44.483227 17.175344
v -11.564289 46.952625 17.676003
v -12.159794 46.301609 18.022291
v -12.994259 45.483883 17.862307
v -14.223469 45.703167 17.317442
v -15.047462 46.366772 17.029898
v -15.421070 44.562969 17.195951
v -15.197720 41.958187 16.220999
v -16.193630 41.852978 15.664434
v -16.733887 42.606106 16.409109
v -15.395275 43.677509 17.040707
v -26.851662 52.041424 17.594418
v -26.888531 52.121181 17.998684
v -28.645596 52.190617 17.401386
v -28.682472 52.270405 17.805653
v -26.668646 53.811642 17.261814
v -26.705517 53.891399 17.666077
v -28.462599 53.960827 17.068769
v -28.499466 54.040600 17.473042
v -27.777613 51.749203 17.483696
v -27.829094 51.860638 18.048275
v -27.522026 54.221409 17.019180
v -27.573511 54.332844 17.583773
v -28.902487 53.089481 17.116646
v -28.953985 53.200878 17.681229
v -26.397152 52.881145 17.386230
v -26.448631 52.992542 17.950819
v -27.723839 53.145451 18.063126
v -27.560013 52.790920 16.266533
v -28.627817 55.509838 17.546032
v -27.536119 54.986736 17.512264
v -27.583511 55.088093 18.030434
v -26.473047 54.892696 17.881809
v -28.156263 57.030293 17.607981
v -27.129843 56.566669 17.596075
v -27.162771 56.653111 18.076162
v -26.031244 56.485531 17.844910
v -27.642174 58.090916 16.939276
v -27.363008 58.187344 16.743748
v -26.677128 57.801647 16.797878
v -26.644512 58.150066 17.145359
v -25.933022 57.947521 16.940907
v -26.372934 59.338772 15.699347
v -26.182571 59.297306 15.729433
v -25.992191 59.255886 15.759530
v -30.516390 52.363293 18.475157
v -30.228043 53.411121 18.099068
v -30.266327 53.513935 18.629810
v -30.356627 54.451740 18.105879
v -32.243603 52.519352 18.305910
v -32.071854 53.564449 17.900665
v -32.119091 53.666668 18.418686
v -31.681759 54.931629 18.023037
v -32.066551 54.707150 17.898170
v -33.284397 52.697163 17.633018
v -33.099651 53.583347 17.363783
v -33.363575 53.653172 17.733984
v -33.239143 54.638149 17.226004
v -33.146397 54.747967 17.461723
v -34.526257 53.167942 16.710766
v -34.525154 53.457493 16.656961
v -34.524033 53.747051 16.603153
v -25.210903 51.356190 18.032175
v -24.919846 53.789249 17.526562
v -25.222374 52.566639 17.579802
v -25.269611 52.668865 18.097818
v -23.795115 51.293354 17.702419
v -23.544472 53.325672 17.446392
v -23.901272 52.301380 17.493477
v -23.789368 52.341946 18.010059
v -22.698410 51.177410 17.210844
v -22.737019 52.993649 17.274345
v -22.894636 52.030003 17.096069
v -22.511173 52.011539 17.292641
v -22.283939 51.509975 16.329102
v -22.209219 52.258289 16.253637
v -22.246584 51.884136 16.291374
v -27.883823 50.514866 17.516808
v -26.758083 50.470394 17.899490
v -28.670532 55.331463 17.612251
v -27.931065 50.617069 18.034821
v -29.136414 50.615116 17.566521
v -27.919315 49.260799 16.833746
v -26.925793 49.221531 17.171482
v -26.981464 49.180126 17.123142
v -27.956955 49.345173 17.292446
v -28.907259 49.241123 16.914185
v -27.820751 48.927555 16.325047
v -27.486101 48.824749 16.396967
v -27.841578 48.787891 16.398590
v -28.176222 48.890697 16.326670
v -24.176228 51.201710 18.056133
v -25.234022 53.884243 17.705231
v -26.449104 54.743336 17.930447
v -25.942532 56.221561 17.984177
v -25.853241 57.735584 17.198999
v -28.531349 56.682934 17.769341
v -30.051685 54.659000 18.140169
v -33.190514 52.555317 17.816206
v -31.997444 52.378231 18.557932
v -30.242165 52.249012 18.633991
v -29.118464 50.836040 17.694462
v -28.950493 49.384441 16.954704
v -26.666946 50.584972 17.943966
v -23.766308 53.566517 17.676292
v -22.514425 52.721119 16.871489
v -23.020451 51.175312 17.585104
v -25.682674 51.485653 18.102251
v -14.855442 -24.159592 14.384477
v -14.870783 -24.165287 14.644763
v -14.753176 -25.296150 14.365635
v -14.768518 -25.301844 14.625921
v -15.990171 -24.260551 14.315392
v -16.005516 -24.266241 14.575679
v -15.887903 -25.397110 14.296551
v -15.903240 -25.402805 14.556838
v -14.576273 -24.706722 14.337145
v -14.597694 -24.714678 14.700649
v -16.160994 -24.847719 14.240664
v -16.182417 -24.855677 14.604172
v -15.297216 -25.570856 14.275747
v -15.318640 -25.578806 14.639252
v -15.440046 -23.983585 14.302061
v -15.461460 -23.991539 14.665565
v -15.399410 -24.788652 14.811502
v -15.331238 -24.763350 13.654778
v -16.787090 -25.637444 14.730828
v -16.594330 -24.908358 14.612143
v -16.613436 -24.915642 14.945700
v -16.632875 -24.217972 14.781782
v -17.772854 -25.507845 14.872441
v -17.607525 -24.824154 14.775555
v -17.621906 -24.823318 15.083434
v -17.666939 -24.120930 14.869316
v -18.533871 -25.348459 14.518578
v -18.639849 -25.198994 14.390947
v -18.478151 -24.729921 14.358566
v -18.671009 -24.725576 14.602372
v -18.643818 -24.277107 14.422875
v -19.539341 -24.779449 13.786989
v -19.533733 -24.655443 13.792843
v -19.528130 -24.531433 13.798697
v -14.564089 -26.401991 15.141670
v -15.269714 -26.361988 14.980215
v -15.289860 -26.363016 15.321275
v -15.894629 -26.554308 15.077362
v -14.472050 -27.496561 15.134905
v -15.164600 -27.530140 14.960850
v -15.184256 -27.537436 15.294374
v -16.042196 -27.430292 15.131395
v -15.868530 -27.651478 15.054039
v -14.509760 -28.201639 14.782171
v -15.096107 -28.201206 14.678974
v -15.081465 -28.348230 14.928475
v -15.739017 -28.411024 14.687775
v -15.800163 -28.350689 14.839137
v -14.722582 -29.078707 14.308437
v -14.904799 -29.112991 14.298941
v -15.087019 -29.147263 14.289442
v -14.592276 -23.043674 14.518791
v -16.160006 -23.161119 14.391691
v -15.368727 -23.211422 14.338211
v -15.388386 -23.218714 14.671734
v -14.741911 -22.183405 14.237919
v -16.040174 -22.266256 14.234973
v -15.365078 -22.372070 14.196842
v -15.365368 -22.274452 14.516451
v -14.833628 -21.524738 13.867657
v -15.942106 -21.742352 14.060143
v -15.343847 -21.746105 13.876786
v -15.362646 -21.494730 13.978678
v -15.150627 -21.361156 13.325500
v -15.625265 -21.401314 13.337005
v -15.387943 -21.381241 13.331252
v -13.802013 -24.635775 14.260406
v -13.877371 -23.911249 14.439243
v -16.667551 -25.640186 14.759369
v -13.821672 -24.643078 14.593934
v -13.714743 -25.417171 14.361853
v -13.076029 -24.564640 13.732412
v -13.142530 -23.925205 13.890244
v -13.114103 -23.958162 13.859449
v -13.090155 -24.567856 14.027029
v -12.943434 -25.167561 13.829896
v -12.919497 -24.499886 13.382943
v -12.889812 -24.277426 13.402593
v -12.825771 -24.492861 13.418171
v -12.855450 -24.715328 13.398523
v -14.615509 -22.386269 14.469538
v -16.168987 -23.354126 14.526473
v -16.540211 -24.183819 14.798473
v -17.504646 -24.028511 14.929712
v -18.503864 -24.188286 14.562070
v -17.503838 -25.691402 14.962683
v -16.055029 -26.386356 15.100821
v -14.420019 -28.116524 14.879827
v -14.395424 -27.313101 15.267953
v -14.514023 -26.210054 15.217507
v -13.843437 -25.421993 14.459030
v -13.023657 -25.207289 13.869197
v -13.955210 -23.864601 14.471954
v -16.145870 -22.414848 14.409210
v -15.829611 -21.600859 13.775496
v -14.767698 -21.699566 14.116598
v -14.612072 -23.344694 14.596607
v 412.538055 1.142326 19.722973
v 412.687134 1.192951 20.532272
v 409.696045 -0.981400 20.379295
v 409.845093 -0.930771 21.188599
v 410.413086 4.050728 19.932407
v 410.562195 4.101357 20.741718
v 407.571075 1.926979 20.588734
v 407.720123 1.977608 21.398045
v 411.508820 -0.506241 19.849138
v 411.717010 -0.435532 20.979374
v 408.541168 3.555481 20.141628
v 408.749390 3.626179 21.271877
v 408.040558 0.041653 20.453671
v 408.248688 0.112354 21.583916
v 412.009583 3.007568 19.537086
v 412.217712 3.078270 20.667332
v 410.324371 1.626225 21.620289
v 409.661896 1.401222 18.023682
v 405.819366 4.005711 22.364445
v 407.959747 4.658241 21.460119
v 408.151672 4.721649 22.497059
v 409.838226 5.895447 21.540733
v 404.691406 6.899227 23.023989
v 406.684357 7.553967 22.225124
v 406.886566 7.615952 23.176266
v 408.508331 8.863285 22.070423
v 403.641235 9.196827 22.069210
v 403.773193 9.717880 21.611637
v 405.242218 10.038589 21.153301
v 405.122742 10.585777 21.960964
v 406.216492 11.227486 21.105721
v 403.005981 12.795811 19.760021
v 403.345490 12.982315 19.694847
v 403.685059 13.168816 19.629660
v 407.648926 -3.234879 23.433636
v 406.512360 -1.267769 23.131817
v 406.724487 -1.190857 24.188066
v 405.080078 0.121475 23.752869
v 404.909882 -5.261847 24.102753
v 403.591309 -3.450531 23.806385
v 403.782288 -3.385651 24.843414
v 402.578308 -0.896641 24.540596
v 402.217072 -1.732079 24.393410
v 402.738556 -6.328962 23.492405
v 401.730072 -4.745451 23.358429
v 401.547150 -5.006351 24.217964
v 400.159149 -3.342030 23.724792
v 400.330078 -3.067635 24.170002
v 399.747681 -7.208939 22.677635
v 399.359985 -6.771107 22.728043
v 398.972412 -6.333260 22.778446
v 415.992065 2.249653 19.320892
v 413.091339 6.301411 19.498407
v 414.181732 4.070240 19.118881
v 414.372772 4.135117 20.155907
v 417.814270 4.032272 17.938801
v 415.524109 7.418163 18.391087
v 416.294373 5.413006 18.131657
v 416.782288 5.594685 19.050909
v 419.133514 5.324245 16.395918
v 416.932739 7.990456 17.478455
v 417.743958 6.349144 16.729298
v 418.449371 6.815346 16.883591
v 418.665955 6.411381 14.719946
v 417.811829 7.634094 14.930496
v 418.238892 7.022736 14.825220
v 412.874390 -2.496094 19.323784
v 414.790741 -1.103004 19.421803
v 406.023499 3.679108 22.416559
v 413.065460 -2.431225 20.360813
v 411.030457 -3.994116 20.121635
v 413.836761 -4.386400 17.425167
v 415.528107 -3.156933 17.511660
v 415.464386 -3.289654 17.429646
v 414.019165 -4.332613 18.338062
v 412.531921 -5.717901 18.079409
v 414.003632 -4.730286 16.258448
v 414.650787 -4.448248 16.163500
v 414.197113 -4.970577 16.332825
v 413.550018 -5.252625 16.427761
v 417.649628 3.376434 18.744951
v 412.666656 6.021912 20.042614
v 410.087982 5.700764 21.540604
v 409.054138 8.577450 22.144665
v 406.774170 11.001915 21.431763
v 404.702484 5.878063 23.337828
v 405.283417 0.830750 23.765034
v 403.176392 -6.427315 23.708815
v 405.611328 -5.162468 24.367565
v 408.288971 -3.053726 23.525204
v 410.882935 -3.646128 20.464096
v 412.327881 -5.562092 18.251554
v 414.813141 -0.813896 19.516209
v 415.090790 7.475788 19.057816
v 417.278473 7.895088 16.474560
v 418.958740 4.879135 17.255920
v 415.224518 1.820141 19.764175
v -66.384331 -244.173462 15.626929
v -66.384331 -244.173462 15.866573
v -67.029350 -245.000351 15.626929
v -67.029350 -245.000351 15.866573
v -67.211220 -243.528427 15.626928
v -67.211220 -243.528427 15.866573
v -67.856255 -244.355331 15.626928
v -67.856255 -244.355331 15.866573
v -66.542892 -244.714798 15.579413
v -66.542892 -244.714798 15.914089
v -67.697701 -243.813980 15.579412
v -67.697701 -243.813980 15.914091
v -67.570702 -244.841797 15.579412
v -67.570702 -244.841797 15.914089
v -66.669876 -243.686981 15.579412
v -66.669876 -243.686981 15.914089
v -67.120277 -244.264404 16.060564
v -67.120277 -244.264404 14.995573
v -68.586021 -243.962723 16.078613
v -68.006149 -243.591324 15.944721
v -68.005783 -243.591675 16.251795
v -67.590134 -243.107330 16.088522
v -69.157394 -243.260941 16.259159
v -68.623207 -242.903320 16.147652
v -68.615944 -242.900589 16.430759
v -68.217155 -242.395935 16.222736
v -69.585945 -242.668991 15.972571
v -69.570007 -242.499344 15.858255
v -69.169357 -242.285004 15.810407
v -69.282829 -242.166626 16.044333
v -68.993004 -241.878540 15.869250
v -69.941498 -241.640350 15.344579
v -69.859688 -241.560730 15.347156
v -69.777878 -241.481110 15.349731
v -67.554718 -245.878723 16.350578
v -68.010780 -245.405945 16.239847
v -68.006783 -245.401627 16.553732
v -68.544708 -245.145554 16.366571
v -68.179642 -246.671280 16.361366
v -68.673744 -246.255829 16.239847
v -68.673744 -246.255829 16.546921
v -69.189819 -245.642487 16.441677
v -69.216293 -245.898148 16.365789
v -68.665703 -247.113266 16.054071
v -69.063576 -246.743103 15.991115
v -69.132668 -246.856567 16.222082
v -69.625198 -246.481216 16.038139
v -69.620277 -246.405746 16.179045
v -69.383255 -247.558258 15.648726
v -69.527275 -247.466858 15.650551
v -69.671318 -247.375443 15.652377
v -65.501358 -243.592056 15.713488
v -66.631645 -242.685394 15.684017
v -66.136116 -243.213974 15.593214
v -66.136116 -243.213974 15.900289
v -65.077187 -242.914337 15.446735
v -65.998741 -242.156113 15.515862
v -65.614998 -242.649506 15.446529
v -65.536987 -242.590866 15.737690
v -64.745377 -242.406326 15.098917
v -65.613914 -241.861893 15.339716
v -65.225365 -242.235352 15.139307
v -65.074959 -242.057037 15.228720
v -64.883957 -242.085693 14.615571
v -65.226379 -241.815399 14.652580
v -65.055168 -241.950546 14.634076
v -65.983971 -245.150787 15.465771
v -65.570724 -244.621017 15.619308
v -68.506142 -244.040131 16.098381
v -65.983971 -245.150787 15.772846
v -66.409996 -245.732468 15.569766
v -65.481277 -245.546356 14.940898
v -65.116539 -245.078812 15.076403
v -65.119812 -245.118073 15.047286
v -65.477074 -245.546219 15.211908
v -65.765259 -246.036499 15.035229
v -65.354446 -245.593216 14.610650
v -65.194046 -245.462875 14.622601
v -65.285385 -245.648041 14.637749
v -65.445778 -245.778381 14.625798
v -65.107407 -243.134964 15.656384
v -66.751495 -242.812363 15.811979
v -67.505768 -243.142853 16.098135
v -68.047318 -242.436951 16.267500
v -68.836220 -241.909714 15.987556
v -69.087517 -243.554840 16.331062
v -68.545578 -244.932739 16.393385
v -68.547035 -247.114548 16.137070
v -68.006256 -246.599091 16.475555
v -67.396851 -245.782913 16.413570
v -66.494057 -245.657196 15.665936
v -65.841797 -246.013779 15.076403
v -65.591858 -244.541626 15.652578
v -66.153404 -242.193512 15.684343
v -65.465004 -241.831055 15.069756
v -64.797585 -242.570587 15.327158
v -65.699173 -243.783524 15.791962
v -67.147278 -204.003601 15.626930
v -67.147278 -204.003601 15.866573
v -68.165077 -204.256393 15.626930
v -68.165077 -204.256393 15.866573
v -67.400063 -202.985809 15.626929
v -67.400063 -202.985809 15.866574
v -68.417862 -203.238602 15.626929
v -68.417862 -203.238602 15.866574
v -67.606056 -204.331802 15.579414
v -67.606056 -204.331802 15.914089
v -67.959084 -202.910370 15.579412
v -67.959084 -202.910370 15.914091
v -68.493286 -203.797623 15.579413
v -68.493286 -203.797623 15.914091
v -67.071854 -203.444580 15.579413
v -67.071854 -203.444580 15.914091
v -67.782570 -203.621109 16.060566
v -67.782570 -203.621109 14.995574
v -68.749962 -202.479401 16.078615
v -68.064484 -202.544846 15.944721
v -68.064384 -202.545349 16.251797
v -67.438477 -202.420639 16.088524
v -68.766647 -201.574539 16.259161
v -68.125603 -201.622696 16.147652
v -68.118210 -201.625031 16.430759
v -67.493027 -201.473907 16.222738
v -68.738708 -200.844315 15.972572
v -68.621498 -200.720627 15.858257
v -68.173965 -200.799133 15.810408
v -68.190208 -200.635971 16.044333
v -67.784378 -200.588028 15.869251
v -68.383896 -199.815414 15.344580
v -68.270370 -199.803223 15.347157
v -68.156876 -199.791031 15.349733
v -69.120445 -204.623535 16.350580
v -69.187698 -203.970093 16.239847
v -69.181854 -203.969147 16.553734
v -69.447197 -203.435745 16.366573
v -70.101242 -204.861710 16.361366
v -70.233780 -204.229904 16.239847
v -70.233780 -204.229904 16.546923
v -70.261490 -203.428833 16.441679
v -70.440063 -203.613663 16.365789
v -70.756439 -204.909668 16.054073
v -70.841217 -204.372879 15.991116
v -70.965591 -204.419540 16.222084
v -71.121620 -203.820267 16.038141
v -71.071175 -203.763916 16.179045
v -71.595718 -204.817184 15.648726
v -71.652664 -204.656387 15.650553
v -71.709602 -204.495575 15.652378
v -66.093697 -204.090805 15.713490
v -66.423828 -202.679916 15.684018
v -66.359962 -203.401657 15.593214
v -66.359962 -203.401657 15.900290
v -65.341743 -203.819153 15.446735
v -65.599190 -202.653870 15.515863
v -65.601578 -203.278915 15.446531
v -65.504021 -203.280914 15.737691
v -64.767166 -203.624054 15.098919
v -65.114807 -202.659729 15.339717
v -65.039421 -203.193359 15.139309
v -64.811035 -203.145828 15.228722
v -64.678429 -203.286240 14.615572
v -64.781143 -202.862259 14.652582
v -64.729782 -203.074234 14.634077
v -67.435196 -205.019760 15.465773
v -66.783096 -204.857788 15.619309
v -68.734863 -202.589584 16.098381
v -67.435196 -205.019760 15.772846
v -68.129326 -205.214676 15.569767
v -67.283607 -205.641205 14.940899
v -66.708092 -205.498276 15.076404
v -66.734894 -205.527145 15.047287
v -67.280212 -205.643692 15.211908
v -67.809509 -205.851746 15.035230
v -67.212708 -205.756348 14.610651
v -67.006058 -205.752731 14.622602
v -67.192177 -205.842087 14.637749
v -67.398811 -205.845718 14.625799
v -65.501633 -203.974136 15.656385
v -66.596497 -202.705902 15.811980
v -67.393997 -202.500641 16.098137
v -67.384659 -201.610992 16.267500
v -67.680214 -200.709335 15.987558
v -68.892975 -201.848984 16.331062
v -69.316605 -203.267731 16.393387
v -70.663849 -204.983871 16.137072
v -69.920227 -204.911865 16.475557
v -68.937088 -204.645538 16.413572
v -68.149033 -205.103577 15.665937
v -67.855721 -205.786636 15.076405
v -66.750755 -204.782257 15.652579
v -65.743980 -202.587860 15.684344
v -64.978607 -202.727341 15.069757
v -64.909592 -203.721115 15.327160
v -66.367500 -204.119431 15.791962
v -139.232254 -171.448593 11.425451
v -139.236160 -171.366989 11.650742
v -138.878845 -172.375000 11.767117
v -138.882751 -172.293381 11.992403
v -140.219498 -171.786423 11.530687
v -140.223404 -171.704819 11.755978
v -139.866089 -172.712769 11.872337
v -139.870010 -172.631180 12.097631
v -138.859055 -171.860992 11.530746
v -138.864502 -171.747025 11.845377
v -140.237778 -172.332748 11.677706
v -140.243240 -172.218796 11.992338
v -139.301651 -172.743759 11.842804
v -139.307083 -172.629791 12.157433
v -139.795197 -171.449997 11.365658
v -139.800644 -171.336044 11.680286
v -139.556244 -171.933029 12.056553
v -139.538879 -172.295654 11.055351
v -140.595505 -172.945145 12.424320
v -140.596832 -172.343323 12.063894
v -140.601349 -172.238647 12.352541
v -140.785446 -171.721466 11.988356
v -141.496933 -172.989471 12.616789
v -141.511429 -172.423279 12.292856
v -141.514450 -172.319763 12.556454
v -141.723999 -171.821152 12.150949
v -142.221527 -173.133713 12.351620
v -142.354446 -173.075394 12.206591
v -142.320374 -172.665451 12.007809
v -142.484909 -172.617249 12.236328
v -142.570358 -172.302200 11.934502
v -143.270432 -173.118393 11.659880
v -143.293961 -173.012604 11.623894
v -143.317490 -172.906799 11.587908
v -138.429764 -172.985214 12.765675
v -139.071320 -173.150940 12.696787
v -139.077942 -173.038681 12.989902
v -139.578949 -173.403671 12.914320
v -138.094818 -173.874817 13.105164
v -138.708084 -174.103058 13.047937
v -138.713089 -173.998505 13.336618
v -139.505569 -174.140106 13.262215
v -139.302521 -174.314484 13.248169
v -137.976456 -174.587219 13.038370
v -138.500946 -174.741425 13.018162
v -138.445862 -174.774429 13.276752
v -139.023422 -175.042664 13.168226
v -139.086853 -174.953125 13.284580
v -137.977844 -175.519135 12.944710
v -138.132126 -175.587784 12.968834
v -138.286438 -175.656433 12.992966
v -139.252380 -170.425369 11.146572
v -140.622498 -170.884705 11.257839
v -139.909378 -170.783997 11.137131
v -139.914383 -170.679428 11.425810
v -139.593613 -169.840256 10.644987
v -140.728241 -170.173569 10.819567
v -140.105026 -170.137115 10.743418
v -140.117554 -169.946579 10.983900
v -139.839554 -169.440948 10.126114
v -140.768021 -169.780106 10.488997
v -140.241409 -169.724670 10.264874
v -140.313034 -169.485428 10.272085
v -140.176636 -169.556244 9.647888
v -140.588745 -169.681931 9.725632
v -140.382690 -169.619064 9.686756
v -138.189896 -171.671356 11.352785
v -138.418808 -171.025558 11.278231
v -140.487732 -172.913330 12.435686
v -138.194901 -171.566803 11.641468
v -137.928177 -172.265503 11.683142
v -137.578247 -171.646408 10.796041
v -137.780273 -171.076447 10.730240
v -137.748367 -171.108551 10.711447
v -137.580566 -171.550735 11.049625
v -137.317688 -172.085007 11.059753
v -137.465454 -171.681107 10.459276
v -137.489929 -171.484192 10.400242
v -137.382645 -171.644150 10.476151
v -137.358154 -171.841034 10.535173
v -139.426819 -169.902908 10.893574
v -140.581436 -170.999969 11.436411
v -140.710434 -171.668671 11.980753
v -141.599213 -171.690918 12.153561
v -142.462067 -172.152466 12.007988
v -141.212463 -173.055740 12.722206
v -139.759628 -173.289169 12.898241
v -137.913254 -174.464996 13.083483
v -138.064911 -173.661713 13.149961
v -138.427261 -172.790146 12.762072
v -138.038269 -172.262268 11.782352
v -137.378540 -172.120697 11.115423
v -138.497726 -170.991531 11.299929
v -140.782135 -170.258163 11.028484
v -140.709976 -169.737946 10.187569
v -139.732422 -169.486755 10.387342
v -139.197769 -170.651810 11.313011
v 0.062839 -169.130951 11.632664
v 0.032267 -169.041412 11.852837
v 0.763270 -168.378891 11.424019
v 0.732699 -168.289322 11.644187
v 0.831789 -169.747879 11.990374
v 0.801217 -169.658325 12.210543
v 1.532242 -168.995789 11.781719
v 1.501670 -168.906235 12.001889
v 0.266641 -168.650345 11.413758
v 0.223946 -168.525284 11.721237
v 1.340541 -169.511902 11.913315
v 1.297846 -169.386826 12.220794
v 1.292719 -168.555954 11.517841
v 1.250023 -168.430893 11.825323
v 0.314494 -169.606308 11.809241
v 0.271799 -169.481247 12.116724
v 0.742202 -168.901321 12.105587
v 0.878065 -169.299301 11.127137
v 2.166627 -169.207596 12.447598
v 1.582162 -169.588837 12.375780
v 1.542631 -169.473770 12.657723
v 1.115792 -169.974426 12.624382
v 2.655540 -169.803879 12.954543
v 2.114448 -170.165009 12.904928
v 2.070933 -170.061569 13.164963
v 1.664949 -170.598190 13.100441
v 3.071145 -170.469589 12.971094
v 3.057148 -170.669205 12.925920
v 2.650829 -170.876785 12.901853
v 2.724255 -170.901688 13.176793
v 2.438165 -171.227707 13.079103
v 3.425080 -171.666168 12.823413
v 3.337829 -171.737183 12.842984
v 3.250556 -171.808212 12.862565
v 1.256948 -167.305878 11.843781
v 1.686358 -167.795990 11.982231
v 1.642027 -167.682648 12.271624
v 2.178493 -168.002258 12.272402
v 1.933562 -166.581146 11.654681
v 2.406254 -167.023026 11.767785
v 2.367080 -166.908279 12.049909
v 2.844457 -167.528061 12.253744
v 2.899652 -167.319962 12.094161
v 2.486826 -166.297195 11.281535
v 2.860365 -166.672974 11.417726
v 2.907807 -166.483017 11.598446
v 3.389971 -166.911011 11.639274
v 3.361426 -166.928223 11.795679
v 3.281852 -166.052307 10.851121
v 3.417134 -166.139664 10.907428
v 3.552415 -166.227036 10.963734
v -0.865389 -169.617676 11.795966
v 0.187582 -170.495102 12.266996
v -0.250916 -170.027634 11.917125
v -0.290090 -169.912872 12.199244
v -1.302096 -170.336136 11.737215
v -0.456927 -171.034332 12.213804
v -0.790236 -170.594009 11.912958
v -0.908960 -170.537781 12.190515
v -1.624290 -170.929672 11.555314
v -0.837263 -171.364227 12.103454
v -1.167717 -171.084030 11.725464
v -1.341339 -171.212524 11.850942
v -1.449841 -171.410736 11.249113
v -1.136368 -171.655334 11.432416
v -1.293101 -171.533035 11.340760
v -0.238601 -168.275833 11.067572
v -0.706970 -168.700333 11.342320
v 2.090968 -169.126617 12.425673
v -0.277775 -168.161087 11.349694
v 0.213441 -167.707291 11.012281
v -0.638871 -168.093781 10.366644
v -1.052223 -168.468414 10.609123
v -1.042296 -168.442963 10.568455
v -0.677600 -167.992523 10.615063
v -0.332970 -167.610458 10.315203
v -0.718612 -168.170822 10.027453
v -0.888615 -168.283600 10.062722
v -0.786219 -168.108307 10.022130
v -0.616216 -167.995544 9.986861
v -1.282284 -170.053925 11.853369
v 0.299389 -170.332230 12.355555
v 1.033818 -169.936005 12.607829
v 1.494368 -170.539581 13.101634
v 2.270350 -171.151016 13.153382
v 2.599503 -169.502869 12.902586
v 2.159850 -168.189560 12.375186
v 2.359015 -166.262283 11.339926
v 1.742034 -166.601456 11.760644
v 1.085525 -167.367584 11.913639
v 0.278592 -167.743042 11.140544
v -0.264248 -167.617889 10.372583
v -0.696295 -168.761963 11.405087
v -0.322628 -170.940201 12.377552
v -0.952407 -171.490311 11.844913
v -1.589347 -170.693237 11.712426
v -0.665282 -169.415298 11.826852
v -145.500412 -177.007736 12.754607
v -145.572845 -176.993057 12.982570
v -145.098282 -176.041382 12.820168
v -145.170715 -176.026703 13.048131
v -144.585190 -177.410095 13.071341
v -144.657639 -177.395416 13.299303
v -144.183060 -176.443756 13.136902
v -144.255493 -176.429077 13.364864
v -145.466431 -176.447693 12.679394
v -145.567596 -176.427200 12.997756
v -144.188293 -177.009613 13.121723
v -144.289459 -176.989105 13.440086
v -144.546570 -176.053879 12.946334
v -144.647736 -176.033371 13.264695
v -145.108185 -177.403427 12.854772
v -145.209351 -177.382919 13.173133
v -144.972809 -176.699173 13.358251
v -144.650894 -176.764404 12.345178
v -143.553284 -176.601151 13.821989
v -143.961517 -177.120010 13.584924
v -144.054749 -177.100998 13.876884
v -144.275940 -177.686996 13.672691
v -142.915421 -177.114563 14.247541
v -143.291443 -177.606781 14.042524
v -143.383118 -177.593964 14.310185
v -143.570404 -178.197800 14.070870
v -142.294113 -177.588623 14.174221
v -142.234512 -177.763092 14.084223
v -142.539948 -178.078232 13.957154
v -142.478088 -178.147858 14.227210
v -142.625412 -178.512466 14.019815
v -141.534622 -178.523224 13.815567
v -141.592300 -178.621338 13.806266
v -141.650009 -178.719421 13.796950
v -145.037476 -175.012817 13.533994
v -144.471832 -175.354126 13.619305
v -144.569397 -175.340149 13.917375
v -143.955795 -175.455948 13.923061
v -144.649170 -174.084183 13.608924
v -144.058517 -174.360931 13.686690
v -144.151337 -174.342133 13.978794
v -143.498932 -174.802582 14.105120
v -143.511459 -174.554153 14.005366
v -144.210800 -173.549164 13.390736
v -143.737381 -173.804153 13.491405
v -143.769928 -173.662552 13.714750
v -143.171295 -173.904938 13.727211
v -143.200729 -173.970276 13.870193
v -143.529617 -172.956055 13.142880
v -143.375656 -173.005875 13.196932
v -143.221725 -173.055695 13.250975
v -146.206070 -177.795349 12.672083
v -144.940308 -178.371185 13.080399
v -145.494629 -177.998917 12.784827
v -145.587448 -177.980103 13.076931
v -146.358490 -178.576080 12.393497
v -145.350204 -179.058151 12.817609
v -145.799469 -178.688919 12.578188
v -145.945786 -178.748123 12.841584
v -146.440857 -179.174072 12.040187
v -145.583527 -179.453827 12.583774
v -145.969498 -179.209290 12.234700
v -146.093719 -179.415192 12.302478
v -146.091537 -179.475632 11.662491
v -145.722992 -179.643036 11.829288
v -145.907272 -179.559326 11.745884
v -146.050720 -176.182709 12.357198
v -146.354752 -176.792404 12.461253
v -143.651184 -176.546524 13.808142
v -146.143539 -176.163895 12.649302
v -145.824875 -175.503876 12.494576
v -146.449249 -175.966980 11.664892
v -146.717590 -176.505066 11.756722
v -146.714966 -176.468216 11.724573
v -146.535004 -175.951584 11.921551
v -146.330246 -175.414368 11.766291
v -146.477585 -175.975616 11.309276
v -146.598846 -176.142700 11.294063
v -146.562439 -175.939423 11.308468
v -146.441147 -175.772339 11.323686
v -146.445679 -178.342911 12.571170
v -144.898026 -178.209457 13.217942
v -144.365067 -177.674484 13.653669
v -143.750443 -178.200470 14.060892
v -142.813354 -178.516632 14.084734
v -143.070633 -176.845734 14.256493
v -143.913177 -175.658890 13.977858
v -144.345840 -173.574188 13.436687
v -144.826996 -174.192505 13.679440
v -145.179993 -175.142883 13.563304
v -145.758636 -175.548248 12.619579
v -146.266663 -175.413513 11.829727
v -146.326645 -176.861221 12.509587
v -145.266998 -178.970947 13.015548
v -145.632278 -179.539368 12.289994
v -146.500092 -178.988174 12.249331
v -146.091919 -177.554001 12.775314
v 10.618425 -177.426468 14.834083
v 10.697904 -177.437210 15.059909
v 9.682191 -177.780746 15.146746
v 9.761668 -177.791473 15.372571
v 10.298590 -176.440506 14.993506
v 10.378067 -176.451233 15.219332
v 9.362340 -176.794785 15.306172
v 9.441817 -176.805527 15.531999
v 10.197963 -177.796982 14.914030
v 10.308957 -177.811966 15.229407
v 9.751271 -176.420044 15.136679
v 9.862267 -176.435013 15.452059
v 9.320876 -177.355927 15.243672
v 9.431871 -177.370926 15.559053
v 10.628384 -176.861115 14.807022
v 10.739380 -176.876099 15.122403
v 10.134190 -177.130081 15.478762
v 9.780986 -177.082382 14.475177
v 9.138618 -176.094147 15.897531
v 9.743826 -176.083786 15.542941
v 9.845794 -176.098022 15.832242
v 10.369893 -175.903381 15.483779
v 9.109705 -175.204636 16.141575
v 9.679145 -175.182571 15.823884
v 9.780181 -175.196808 16.088078
v 10.286623 -174.974030 15.699677
v 8.981915 -174.463196 15.917666
v 9.044174 -174.323318 15.781093
v 9.455305 -174.353867 15.584169
v 9.504402 -174.203827 15.822263
v 9.823920 -174.107254 15.528605
v 9.023970 -173.376602 15.288088
v 9.130559 -173.353073 15.254427
v 9.237116 -173.329620 15.220775
v 9.053886 -178.274765 16.112326
v 8.901123 -177.627228 16.079355
v 9.010662 -177.639709 16.373299
v 8.656064 -177.128082 16.323799
v 8.154803 -178.611298 16.424196
v 7.938889 -177.991333 16.400700
v 8.040730 -178.005096 16.690063
v 7.915021 -177.207031 16.660553
v 7.736953 -177.405457 16.633263
v 7.440952 -178.711533 16.344570
v 7.297001 -178.183823 16.353504
v 7.260473 -178.253128 16.608168
v 7.004372 -177.665115 16.531048
v 7.093966 -177.610275 16.651649
v 6.510153 -178.686432 16.243202
v 6.444242 -178.532471 16.275652
v 6.378360 -178.378510 16.308096
v 11.644496 -177.410339 14.565587
v 11.210393 -176.040222 14.752211
v 11.298625 -176.746979 14.591208
v 11.400466 -176.760712 14.880576
v 12.240859 -177.052246 14.089646
v 11.927629 -175.923294 14.326899
v 11.952897 -176.541641 14.215041
v 12.141299 -176.546783 14.457467
v 12.649781 -176.784592 13.589351
v 12.324946 -175.872223 14.002567
v 12.372474 -176.385925 13.748755
v 12.612947 -176.319580 13.762159
v 12.545589 -176.418228 13.130511
v 12.427056 -176.008881 13.230956
v 12.486344 -176.213547 13.180726
v 10.376485 -178.458313 14.699173
v 11.027267 -178.238174 14.643530
v 9.168266 -176.203003 15.902901
v 10.478326 -178.472061 14.988542
v 9.774277 -178.726959 15.008705
v 10.395123 -179.037079 14.108116
v 10.969443 -178.842804 14.059019
v 10.936950 -178.872925 14.038123
v 10.488386 -179.051315 14.362210
v 9.949090 -179.303787 14.352520
v 10.361536 -179.129547 13.765087
v 10.559430 -179.105560 13.709263
v 10.396730 -179.213882 13.777448
v 10.198851 -179.237885 13.833269
v 12.172643 -177.231857 14.327596
v 11.092640 -176.089233 14.927114
v 10.421324 -175.978821 15.472292
v 10.414399 -175.101273 15.696164
v 9.970889 -174.222534 15.596946
v 9.036997 -175.493362 16.229742
v 8.774128 -176.949097 16.319210
v 7.561522 -178.779617 16.386980
v 8.366880 -178.647934 16.468994
v 9.248902 -178.280884 16.110239
v 9.778703 -178.622864 15.114150
v 9.914051 -179.245621 14.411311
v 11.062573 -178.161331 14.670061
v 11.842052 -175.879929 14.537868
v 12.368909 -175.913498 13.698655
v 12.599434 -176.905716 13.843520
v 11.415468 -177.469986 14.726632
v 8.551151 -170.650360 16.308981
v 8.609337 -170.590790 16.602245
v 7.336367 -170.115005 16.441265
v 7.394551 -170.055450 16.734528
v 9.040278 -169.456497 15.969445
v 9.098463 -169.396927 16.262711
v 7.825482 -168.921173 16.101740
v 7.883667 -168.861603 16.395002
v 7.835233 -170.631226 16.384302
v 7.916491 -170.548035 16.793858
v 8.518312 -168.963943 15.910125
v 8.599572 -168.880753 16.319687
v 7.328496 -169.423767 16.239590
v 7.409754 -169.340576 16.649147
v 9.025049 -170.171387 16.054836
v 9.106308 -170.088211 16.464394
v 8.293591 -169.678024 16.736025
v 8.035015 -169.942734 15.432751
v 8.154760 -167.807877 16.407591
v 8.767887 -168.433121 16.235876
v 8.842186 -168.357361 16.611822
v 9.527130 -168.757309 16.341251
v 8.843908 -166.861786 16.317451
v 9.430217 -167.430252 16.169130
v 9.504738 -167.367889 16.516060
v 10.197382 -167.752487 16.181664
v 9.337048 -166.237610 15.713849
v 9.518376 -166.234848 15.526138
v 9.902139 -166.668320 15.474770
v 10.061877 -166.437454 15.705523
v 10.465106 -166.746323 15.456733
v 10.296592 -165.656693 14.575020
v 10.420964 -165.731476 14.568942
v 10.545366 -165.806244 14.562854
v 6.276718 -169.560165 17.495764
v 6.660035 -168.894379 17.138048
v 6.742852 -168.819931 17.521578
v 6.819302 -168.138489 17.120501
v 5.112685 -169.036316 17.634577
v 5.411457 -168.344177 17.274021
v 5.486013 -168.267853 17.649799
v 6.018713 -167.486191 17.246170
v 5.684331 -167.549103 17.224936
v 4.340058 -168.655380 17.304131
v 4.631866 -168.078781 17.045868
v 4.527921 -167.971451 17.350121
v 4.763991 -167.308701 16.925425
v 4.890505 -167.257156 17.076189
v 3.460171 -168.019257 16.813475
v 3.520679 -167.817093 16.762817
v 3.581188 -167.614929 16.712166
v 9.574354 -171.525528 16.398193
v 10.265747 -169.893494 15.890563
v 9.780116 -170.673813 16.025324
v 9.854672 -170.597488 16.401106
v 10.469224 -171.903931 15.944753
v 11.078331 -170.544556 15.639213
v 10.601646 -171.173599 15.769868
v 10.769560 -171.178268 16.122532
v 11.108873 -172.241180 15.426388
v 11.521374 -170.966949 15.404168
v 11.158428 -171.598694 15.339471
v 11.445992 -171.705643 15.422379
v 11.328553 -172.097961 14.714536
v 11.543917 -171.593430 14.618274
v 11.436242 -171.845688 14.666404
v 7.477027 -171.466431 16.474730
v 8.292647 -171.771240 16.577858
v 8.094187 -167.922775 16.469086
v 7.551583 -171.390106 16.850512
v 6.657312 -171.097595 16.699972
v 7.048160 -172.323700 16.039850
v 7.767940 -172.592728 16.130878
v 7.712636 -172.607697 16.106384
v 7.115574 -172.261383 16.372202
v 6.384876 -172.102112 16.251186
v 6.955471 -172.573380 15.672235
v 7.170108 -172.725967 15.676444
v 6.920044 -172.666656 15.734042
v 6.705426 -172.514099 15.729835
v 10.244919 -171.880920 16.261822
v 10.103114 -169.754288 16.063772
v 9.515902 -168.867691 16.378611
v 10.217570 -167.959366 16.278873
v 10.510439 -166.916199 15.638688
v 8.532723 -167.016129 16.505625
v 7.080916 -168.067398 17.089615
v 4.399605 -168.778915 17.427168
v 5.286833 -169.196518 17.783571
v 6.461443 -169.707275 17.572292
v 6.742037 -170.949448 16.780251
v 6.395753 -171.992371 16.281189
v 8.388706 -171.713699 16.591106
v 11.021025 -170.326431 15.829074
v 11.544132 -171.205276 15.091062
v 10.949167 -172.170059 15.745454
v 9.295408 -171.323334 16.516243
v -147.219086 -169.174347 18.236866
v -147.332306 -169.059479 18.536539
v -148.321716 -168.452225 17.543598
v -148.434891 -168.337387 17.843277
v -146.349243 -167.972778 18.104986
v -146.462448 -167.857910 18.404655
v -147.451859 -167.250641 17.411711
v -147.565048 -167.135818 17.711388
v -147.920441 -169.074295 17.856966
v -148.078522 -168.913925 18.275475
v -146.705627 -167.396225 17.672775
v -146.863739 -167.235855 18.091293
v -148.082993 -167.731049 17.280769
v -148.241074 -167.570648 17.699280
v -146.543076 -168.739502 18.248972
v -146.701172 -168.579117 18.667488
v -147.540329 -168.004700 18.366547
v -147.037231 -168.515091 17.034786
v -147.134140 -166.002350 17.781734
v -146.577789 -166.775833 18.072426
v -146.723297 -166.629227 18.456457
v -146.000595 -167.180649 18.677494
v -146.275452 -165.044098 18.030043
v -145.747726 -165.748474 18.319510
v -145.877884 -165.621964 18.678415
v -145.106750 -166.169220 18.843983
v -145.344193 -164.517029 17.717684
v -145.063171 -164.565491 17.658085
v -144.756424 -165.085358 17.896025
v -144.707596 -164.803513 18.183701
v -144.241180 -165.225403 18.239233
v -143.667404 -164.179733 17.209145
v -143.562592 -164.274170 17.289089
v -143.457779 -164.368637 17.369038
v -149.835999 -167.550415 17.792902
v -149.147232 -166.921844 17.633648
v -149.289764 -166.776047 18.030109
v -148.854431 -166.110550 17.637682
v -150.897873 -166.844254 17.138529
v -150.280472 -166.179672 16.921099
v -150.425568 -166.032501 17.305092
v -149.550705 -165.298950 17.184748
v -149.856979 -165.341507 16.962975
v -151.341034 -166.418091 16.312258
v -150.812683 -165.860397 16.196590
v -151.073242 -165.676437 16.400112
v -150.480072 -165.050308 16.087618
v -150.445587 -164.977066 16.299810
v -151.740250 -165.732208 15.244921
v -151.617615 -165.525406 15.214930
v -151.495010 -165.318649 15.184965
v -146.487900 -170.210434 19.049751
v -145.251480 -168.578049 18.843712
v -145.920074 -169.364655 18.746159
v -146.065140 -169.217499 19.130150
v -145.457382 -170.791473 19.231546
v -144.467896 -169.412842 19.188480
v -145.098648 -170.035080 19.076853
v -145.158264 -169.989578 19.506420
v -144.615219 -171.316269 19.189913
v -143.993484 -169.960281 19.293447
v -144.401794 -170.632309 19.073570
v -144.206345 -170.760223 19.340605
v -143.956482 -171.312134 18.657726
v -143.609467 -170.796280 18.650808
v -143.782974 -171.054230 18.654266
v -148.454681 -169.940964 17.804007
v -147.820816 -170.330002 18.440166
v -147.247711 -166.111328 17.812473
v -148.599731 -169.793793 18.188000
v -149.279663 -169.419922 17.460386
v -148.740173 -170.923538 17.226307
v -148.180710 -171.266937 17.787762
v -148.219513 -171.282883 17.732269
v -148.868027 -170.799210 17.567392
v -149.439041 -170.580795 16.983059
v -148.647842 -171.257706 16.856688
v -148.480087 -171.443695 17.010601
v -148.734528 -171.345184 16.901155
v -148.902313 -171.159195 16.747227
v -145.851624 -170.686600 19.380508
v -145.481110 -168.378265 18.886757
v -146.053345 -167.293701 18.716396
v -145.184067 -166.379791 18.967661
v -144.339966 -165.381805 18.452627
v -146.703491 -165.149918 18.024832
v -148.582123 -166.062103 17.765230
v -151.382828 -166.535965 16.475485
v -150.856400 -167.007965 17.401085
v -149.738571 -167.714249 17.994078
v -149.223663 -169.250137 17.571552
v -149.427475 -170.455826 17.005936
v -147.730042 -170.273209 18.506336
v -144.596466 -169.132935 19.304331
v -143.825760 -170.282242 19.044844
v -144.942596 -171.164139 19.376003
v -146.779892 -169.941299 18.962849
v -99.776100 -287.089996 24.808556
v -99.776100 -287.089996 25.144299
v -99.221100 -288.450409 24.808556
v -99.221100 -288.450409 25.144299
v -101.136528 -287.644958 24.808552
v -101.136528 -287.644958 25.144299
v -100.581566 -289.005432 24.808552
v -100.581566 -289.005432 25.144299
v -99.228874 -287.660126 24.741985
v -99.228874 -287.660126 25.210869
v -101.128784 -288.435242 24.741982
v -101.128784 -288.435242 25.210873
v -99.791267 -288.997650 24.741982
v -99.791267 -288.997650 25.210873
v -100.566360 -287.097717 24.741982
v -100.566360 -287.097717 25.210873
v -100.178825 -288.047699 25.416084
v -100.178825 -288.047699 23.924011
v -101.567482 -289.618408 25.441372
v -101.614471 -288.654785 25.253784
v -101.613754 -288.654602 25.684002
v -101.912453 -287.811768 25.455254
v -102.818748 -289.823303 25.694321
v -102.880768 -288.924835 25.538094
v -102.878998 -288.914093 25.934734
v -103.214149 -288.077637 25.643291
v -103.836838 -289.931305 25.292805
v -104.031891 -289.793640 25.132645
v -104.012970 -289.157318 25.065609
v -104.235939 -289.212646 25.393341
v -104.383919 -288.659576 25.148052
v -105.334740 -289.646027 24.412975
v -105.374481 -289.491089 24.416584
v -105.414154 -289.336151 24.420197
v -98.520126 -289.701324 25.822399
v -99.412659 -289.925842 25.667263
v -99.415138 -289.917908 26.107021
v -100.101372 -290.393005 25.844807
v -97.992821 -291.013397 25.837513
v -98.842224 -291.324066 25.667263
v -98.842224 -291.324066 26.097481
v -99.947395 -291.523468 25.950031
v -99.655182 -291.733917 25.843712
v -97.794678 -291.912201 25.406990
v -98.521919 -292.137573 25.318787
v -98.432228 -292.300659 25.642376
v -99.231834 -292.637390 25.384666
v -99.320122 -292.578796 25.582077
v -97.754333 -293.094482 24.839092
v -97.965836 -293.205719 24.841648
v -98.177376 -293.316986 24.844208
v -99.866882 -285.611633 24.929825
v -101.756805 -286.352844 24.888535
v -100.768929 -286.119293 24.761318
v -100.768929 -286.119293 25.191536
v -100.394615 -284.623566 24.556099
v -101.958580 -285.214661 24.652946
v -101.091492 -285.092407 24.555809
v -101.108330 -284.956757 24.963734
v -100.780563 -283.866119 24.068798
v -102.047760 -284.541870 24.406162
v -101.323013 -284.330139 24.125385
v -101.434807 -284.023041 24.250656
v -101.266800 -283.810944 23.391621
v -101.833992 -284.038544 23.443474
v -101.550423 -283.924744 23.417545
v -98.309303 -287.285034 24.582767
v -98.664894 -286.413422 24.797878
v -101.417740 -289.575348 25.469067
v -98.309303 -287.285034 25.012985
v -97.899605 -288.208344 24.728466
v -97.478096 -286.950012 23.847412
v -97.791924 -286.180756 24.037254
v -97.746483 -286.212097 23.996460
v -97.475395 -286.944794 24.227100
v -97.080544 -287.636902 23.979572
v -97.332695 -286.828552 23.384727
v -97.379272 -286.542786 23.401470
v -97.218002 -286.782867 23.422691
v -97.171432 -287.068695 23.405949
v -100.147606 -284.814117 24.849819
v -101.686104 -286.587006 25.067814
v -101.810478 -287.734039 25.468723
v -103.045883 -287.899841 25.706005
v -104.236671 -288.490784 25.313801
v -102.412865 -289.943329 25.795055
v -100.360596 -290.245697 25.882374
v -97.710403 -291.768890 25.523273
v -97.959663 -290.752319 25.997498
v -98.526451 -289.442627 25.910652
v -98.049644 -288.257965 24.863205
v -97.161537 -287.714020 24.037254
v -98.776108 -286.383759 24.844490
v -102.020988 -285.428711 24.888992
v -101.981415 -284.339447 24.027943
v -100.617355 -284.044128 24.388569
v -99.772163 -285.985535 25.039768
v -107.763855 -286.475891 28.511425
v -107.763855 -286.475891 28.974766
v -106.997925 -288.353333 28.511425
v -106.997925 -288.353333 28.974766
v -109.641304 -287.241791 28.511425
v -109.641304 -287.241791 28.974770
v -108.875389 -289.119232 28.511425
v -108.875389 -289.119232 28.974770
v -107.008598 -287.262756 28.419556
v -107.008598 -287.262756 29.066635
v -109.630608 -288.332367 28.419552
v -109.630608 -288.332367 29.066643
v -107.784782 -289.108551 28.419552
v -107.784782 -289.108551 29.066643
v -108.854439 -286.486572 28.419552
v -108.854439 -286.486572 29.066643
v -108.319588 -287.797577 29.349842
v -108.319588 -287.797577 27.290718
v -110.236031 -289.965210 29.384743
v -110.300804 -288.635406 29.125866
v -110.299904 -288.635071 29.719582
v -110.712105 -287.471985 29.403900
v -111.962822 -290.248016 29.733822
v -112.048431 -289.008057 29.518227
v -112.046028 -288.993256 30.065605
v -112.508492 -287.838867 29.663399
v -113.367867 -290.397003 29.179710
v -113.636971 -290.207062 28.958687
v -113.610886 -289.328918 28.866169
v -113.918587 -289.405243 29.318462
v -114.122833 -288.641998 28.979946
v -115.435013 -290.003357 27.965508
v -115.489792 -289.789520 27.970490
v -115.544609 -289.575684 27.975471
v -106.030533 -290.079651 29.910580
v -107.262207 -290.389496 29.696480
v -107.265678 -290.378571 30.303371
v -108.212753 -291.034210 29.941498
v -105.302834 -291.890350 29.931435
v -106.475044 -292.319092 29.696480
v -106.475044 -292.319092 30.290203
v -108.000229 -292.594269 30.086716
v -107.596970 -292.884674 29.939987
v -105.029411 -293.130737 29.337292
v -106.033035 -293.441772 29.215569
v -105.909233 -293.666840 29.662136
v -107.012718 -294.131592 29.306484
v -107.134544 -294.050659 29.578922
v -104.973679 -294.762329 28.553566
v -105.265587 -294.915894 28.557095
v -105.557510 -295.069427 28.560627
v -107.889069 -284.435638 28.678783
v -110.497269 -285.458588 28.621799
v -109.133957 -285.136292 28.446236
v -109.133957 -285.136292 29.039955
v -108.617371 -283.072174 28.163025
v -110.775757 -283.887878 28.296684
v -109.579086 -283.719116 28.162632
v -109.602295 -283.531921 28.725578
v -109.150040 -282.026794 27.490528
v -110.898827 -282.959381 27.956108
v -109.898621 -282.667206 27.568623
v -110.052895 -282.243378 27.741497
v -109.821014 -281.950653 26.555996
v -110.603828 -282.264801 26.627548
v -110.212440 -282.107697 26.591770
v -105.739616 -286.745056 28.199829
v -106.230301 -285.542175 28.496689
v -110.029388 -289.905762 29.422962
v -105.739616 -286.745056 28.793549
v -105.174171 -288.019257 28.400902
v -104.592476 -286.282715 27.185005
v -105.025574 -285.221100 27.446999
v -104.962860 -285.264374 27.390701
v -104.588676 -286.275513 27.708992
v -104.043816 -287.230652 27.367390
v -104.391884 -286.115112 26.546478
v -104.456070 -285.720703 26.569588
v -104.233482 -286.052063 26.598873
v -104.169235 -286.446472 26.575768
v -108.276505 -283.335114 28.568375
v -110.399673 -285.781769 28.869213
v -110.571320 -287.364716 29.422485
v -112.276276 -287.593475 29.749947
v -113.919624 -288.409058 29.208687
v -111.402695 -290.413666 29.872845
v -108.570457 -290.830902 29.993343
v -104.913086 -292.932983 29.497768
v -105.257042 -291.530060 30.152222
v -106.039253 -289.722656 30.032375
v -105.381264 -288.087738 28.586845
v -104.155617 -287.337128 27.446999
v -106.383812 -285.501221 28.561016
v -110.861877 -284.183228 28.622433
v -110.807228 -282.679993 27.434147
v -108.924789 -282.272461 27.931828
v -107.758377 -284.951660 28.830509
v -113.616997 -283.095062 30.422283
v -113.616997 -283.095062 30.885624
v -113.508751 -281.070282 30.422283
v -113.508751 -281.070282 30.885624
v -111.592186 -283.203339 30.422283
v -111.592186 -283.203339 30.885628
v -111.483940 -281.178558 30.422283
v -111.483940 -281.178558 30.885628
v -113.964340 -282.061218 30.330414
v -113.964340 -282.061218 30.977493
v -111.136604 -282.212402 30.330410
v -111.136604 -282.212402 30.977501
v -112.474892 -280.722931 30.330410
v -112.474892 -280.722931 30.977501
v -112.626045 -283.550690 30.330410
v -112.626045 -283.550690 30.977501
v -112.550514 -282.136841 31.260700
v -112.550514 -282.136841 29.201576
v -109.892441 -280.993896 31.295601
v -110.401154 -282.224274 31.036724
v -110.402138 -282.224152 31.630440
v -110.525520 -283.451965 31.314758
v -108.210052 -281.474792 31.644680
v -108.661613 -282.632782 31.429085
v -108.670097 -282.645142 31.976463
v -108.744286 -283.886536 31.574257
v -106.875710 -281.939453 31.090569
v -106.713348 -282.226074 30.869545
v -107.111603 -283.009155 30.777027
v -106.800667 -283.071381 31.229321
v -106.941597 -283.848816 30.890804
v -105.174049 -283.177368 29.876366
v -105.215714 -283.394135 29.881348
v -105.257355 -283.610901 29.886330
v -113.647240 -279.096283 31.821438
v -112.401039 -279.341522 31.607338
v -112.402573 -279.352844 32.214233
v -111.266312 -279.163879 31.852356
v -113.532906 -277.148163 31.842293
v -112.289833 -277.260468 31.607338
v -112.289833 -277.260468 32.201065
v -110.792976 -277.662262 31.997574
v -111.033821 -277.227570 31.850845
v -113.251030 -275.909668 31.248150
v -112.210609 -276.056488 31.126427
v -112.226570 -275.800110 31.572994
v -111.030296 -275.850586 31.217342
v -110.954643 -275.975739 31.489780
v -112.605339 -274.410217 30.464424
v -112.275826 -274.395905 30.467953
v -111.946312 -274.381561 30.471485
v -114.374092 -284.993744 30.589642
v -111.578789 -285.181274 30.532658
v -112.949303 -284.891205 30.357094
v -112.949303 -284.891205 30.950813
v -114.297089 -286.537689 30.073883
v -111.996956 -286.720734 30.207542
v -113.151291 -286.362762 30.073490
v -113.210152 -286.542023 30.636436
v -114.261330 -287.710327 29.401386
v -112.281799 -287.612976 29.866966
v -113.311028 -287.450531 29.479481
v -113.352310 -287.899689 29.652355
v -113.686935 -288.065460 28.466854
v -112.844910 -288.115326 28.538406
v -113.265892 -288.090424 28.502628
v -115.332924 -281.988068 30.110687
v -115.402275 -283.285339 30.407547
v -110.104721 -280.959503 31.333820
v -115.332924 -281.988068 30.704407
v -115.300720 -280.594421 30.311760
v -116.567665 -281.916870 29.095863
v -116.628883 -283.061768 29.357857
v -116.667114 -282.995911 29.301559
v -116.574135 -281.921753 29.619850
v -116.659477 -280.825439 29.278248
v -116.820633 -281.982849 28.457336
v -116.930809 -282.366943 28.480446
v -116.990738 -281.972290 28.509731
v -116.880608 -281.588196 28.486626
v -114.493225 -286.154419 30.479233
v -111.529167 -284.847382 30.780071
v -110.698601 -283.488953 31.333344
v -109.058998 -284.009369 31.660805
v -107.224747 -283.972839 31.119545
v -108.645988 -281.086029 31.783703
v -111.029541 -279.500397 31.904202
v -113.440590 -276.038879 31.408627
v -113.727997 -277.454498 32.063080
v -113.791588 -279.422852 31.943233
v -115.084229 -280.620819 30.497704
v -116.512962 -280.776825 29.357857
v -115.280922 -283.387817 30.471874
v -111.793076 -286.490326 30.533291
v -112.483826 -287.826538 29.345005
v -114.360222 -287.392090 29.842686
v -114.272171 -284.471313 30.741367
v -116.325737 -275.666107 32.666763
v -116.325737 -275.666107 33.130104
v -114.626755 -274.559296 32.666763
v -114.626755 -274.559296 33.130104
v -115.218933 -277.365051 32.666763
v -115.218933 -277.365051 33.130112
v -113.519981 -276.258270 32.666763
v -113.519981 -276.258270 33.130112
v -115.695686 -274.775848 32.574898
v -115.695686 -274.775848 33.221977
v -114.149994 -277.148560 32.574890
v -114.149994 -277.148560 33.221985
v -113.736519 -275.189331 32.574890
v -113.736519 -275.189331 33.221985
v -116.109200 -276.735046 32.574890
v -116.109200 -276.735046 33.221985
v -114.922874 -275.962158 33.505180
v -114.922874 -275.962158 31.446056
v -112.432205 -277.434601 33.540085
v -113.725800 -277.749451 33.281204
v -113.726280 -277.748596 33.874924
v -114.790604 -278.373077 33.559242
v -111.828278 -279.076843 33.889160
v -113.029747 -279.395172 33.673569
v -113.044739 -279.395599 34.220947
v -114.091003 -280.067871 33.818741
v -111.416542 -280.428467 33.335052
v -111.552246 -280.728638 33.114029
v -112.419472 -280.868866 33.021507
v -112.286377 -281.156647 33.473801
v -112.997314 -281.501373 33.135284
v -111.412605 -282.532745 32.120850
v -111.612190 -282.626953 32.125832
v -111.811806 -282.721161 32.130814
v -113.114304 -273.283203 34.065918
v -112.577347 -274.434174 33.851822
v -112.587410 -274.439636 34.458710
v -111.764679 -275.245789 34.096840
v -111.473656 -272.226532 34.086777
v -110.831154 -273.296631 33.851822
v -110.831154 -273.296631 34.445541
v -110.272850 -274.742401 34.242058
v -110.063835 -274.291534 34.095329
v -110.307266 -271.723724 33.492630
v -109.812210 -272.650482 33.370911
v -109.614578 -272.486420 33.817474
v -108.949783 -273.482239 33.461823
v -109.006218 -273.617157 33.734261
v -108.715561 -271.360748 32.708908
v -108.509651 -271.618408 32.712433
v -108.303734 -271.876068 32.715965
v -118.305519 -276.174500 32.834122
v -116.808342 -278.542480 32.777138
v -117.382378 -277.264618 32.601578
v -117.382378 -277.264618 33.195297
v -119.506889 -277.147278 32.318367
v -118.298149 -279.112701 32.452026
v -118.689903 -277.969452 32.317970
v -118.869377 -278.027618 32.880920
v -120.432838 -277.867798 31.645866
v -119.186668 -279.408936 32.111450
v -119.662529 -278.481964 31.723961
v -120.049591 -278.713531 31.896835
v -120.380836 -278.541107 30.711334
v -119.924492 -279.250488 30.782887
v -120.152664 -278.895813 30.747108
v -116.443794 -273.627472 32.355171
v -117.532295 -274.336578 32.652031
v -112.529610 -277.242889 33.578300
v -116.443794 -273.627472 32.948891
v -115.299347 -272.831512 32.556244
v -117.114548 -272.588348 31.340343
v -118.075203 -273.214203 31.602337
v -118.044563 -273.144440 31.546040
v -117.122276 -272.585968 31.864330
v -116.287308 -271.870514 31.522728
v -117.317009 -272.423004 30.701817
v -117.692169 -272.560577 30.724926
v -117.408836 -272.279358 30.754211
v -117.033684 -272.141785 30.731106
v -119.313087 -276.762848 32.723717
v -116.509415 -278.385620 33.024551
v -114.922531 -278.255157 33.577827
v -114.375763 -279.886169 33.905289
v -113.264442 -281.345856 33.364029
v -111.771416 -278.495514 34.028183
v -111.896774 -275.635468 34.148682
v -110.523407 -271.646820 33.653107
v -111.836075 -272.249664 34.307564
v -113.463211 -273.359222 34.187714
v -115.192978 -273.021942 32.742188
v -116.161652 -271.960144 31.602337
v -117.543510 -274.495026 32.716354
v -117.991867 -279.141479 32.777771
v -119.478317 -279.371796 31.589485
v -120.234146 -277.600220 32.087166
v -117.823494 -275.948700 32.985847
v -33.257191 -285.754547 24.808544
v -33.257191 -285.754547 25.144287
v -34.169788 -286.906036 24.808544
v -34.169788 -286.906036 25.144287
v -32.105675 -286.667084 24.808540
v -32.105675 -286.667084 25.144287
v -33.018246 -287.818634 24.808540
v -33.018246 -287.818634 25.144287
v -33.941776 -286.149323 24.741974
v -33.941776 -286.149323 25.210857
v -32.333656 -287.423798 24.741970
v -32.333656 -287.423798 25.210861
v -33.774971 -287.590637 24.741970
v -33.774971 -287.590637 25.210861
v -32.500492 -285.982483 24.741970
v -32.500492 -285.982483 25.210861
v -33.137726 -286.786591 25.416073
v -33.137726 -286.786591 23.924000
v -32.242535 -288.682404 25.441360
v -31.928509 -287.770172 25.253773
v -31.929169 -287.769775 25.683990
v -31.407139 -287.043793 25.455242
v -31.098148 -289.228333 25.694309
v -30.787876 -288.382874 25.538082
v -30.786575 -288.372040 25.934723
v -30.231331 -287.662354 25.643280
v -30.150650 -289.616150 25.292793
v -29.924931 -289.538361 25.132633
v -29.765541 -288.922028 25.065598
v -29.566860 -289.037384 25.393330
v -29.270428 -288.547577 25.148041
v -28.632645 -289.760193 24.412964
v -28.551235 -289.622498 24.416573
v -28.469910 -289.484772 24.420185
v -35.191975 -287.911652 25.822388
v -34.397560 -288.376312 25.667252
v -34.392956 -288.369385 26.107010
v -33.866570 -289.017090 25.844795
v -36.064476 -289.024445 25.837502
v -35.335518 -289.559814 25.667252
v -35.335518 -289.559814 26.097469
v -34.329891 -290.059692 25.950020
v -34.669224 -290.180237 25.843700
v -36.505558 -289.832275 25.406979
v -35.870090 -290.251617 25.318775
v -36.001751 -290.383209 25.642365
v -35.327854 -290.929688 25.384655
v -35.226734 -290.898041 25.582066
v -36.874226 -290.956329 24.839081
v -36.702156 -291.122162 24.841637
v -36.530067 -291.288055 24.844196
v -32.757492 -284.360229 24.929813
v -31.149475 -285.599396 24.888523
v -32.032944 -285.099457 24.761307
v -32.032944 -285.099457 25.191525
v -31.974998 -283.558685 24.556087
v -30.638100 -284.562744 24.652935
v -31.436626 -284.203369 24.555798
v -31.382618 -284.077789 24.963722
v -31.393009 -282.939026 24.068787
v -30.364708 -283.941559 24.406151
v -31.001591 -283.535980 24.125374
v -30.808540 -283.272278 24.250645
v -30.910706 -283.021729 23.391609
v -30.429546 -283.398560 23.443462
v -30.670094 -283.210144 23.417534
v -34.720169 -285.532501 24.582756
v -34.135468 -284.794769 24.797867
v -32.374325 -288.599274 25.469055
v -34.720169 -285.532501 25.012974
v -35.371239 -286.304810 24.728455
v -35.424854 -284.978851 23.847401
v -34.908821 -284.327728 24.037243
v -34.961205 -284.345154 23.996449
v -35.425991 -284.973083 24.227089
v -35.998291 -285.527527 23.979561
v -35.530594 -284.821625 23.384716
v -35.406109 -284.560242 23.401459
v -35.627983 -284.745758 23.422680
v -35.752449 -285.007263 23.405937
v -32.265362 -283.672729 24.849808
v -31.282722 -285.804504 25.067802
v -31.483349 -286.940704 25.468712
v -30.343288 -287.444672 25.705994
v -29.364719 -288.344421 25.313789
v -31.521400 -289.230316 25.795044
v -33.576527 -288.947998 25.882362
v -36.546505 -289.671112 25.523262
v -36.023472 -288.764496 25.997486
v -35.113705 -287.665009 25.910641
v -35.240986 -286.394348 24.863194
v -35.942032 -285.624176 24.037243
v -34.020401 -284.797302 24.844479
v -30.637897 -284.785706 24.888981
v -30.371944 -283.728668 24.027931
v -31.599419 -283.064423 24.388557
v -32.952778 -284.692841 25.039757
v -25.415394 -287.393829 28.511414
v -25.415394 -287.393829 28.974754
v -26.674782 -288.982971 28.511414
v -26.674782 -288.982971 28.974754
v -23.826237 -288.653229 28.511414
v -23.826237 -288.653229 28.974758
v -25.085649 -290.242340 28.511414
v -25.085649 -290.242340 28.974758
v -26.360218 -287.938690 28.419544
v -26.360218 -287.938690 29.066624
v -24.140831 -289.697479 28.419540
v -24.140831 -289.697479 29.066631
v -26.129934 -289.927765 28.419540
v -26.129934 -289.927765 29.066631
v -24.371111 -287.708405 28.419540
v -24.371111 -287.708405 29.066631
v -25.250561 -288.818085 29.349831
v -25.250561 -288.818085 27.290707
v -24.015106 -291.434418 29.384731
v -23.581829 -290.175507 29.125854
v -23.582615 -290.174927 29.719570
v -22.862219 -289.173065 29.403889
v -22.435844 -292.187836 29.733810
v -22.007622 -291.021027 29.518215
v -22.005798 -291.006134 30.065594
v -21.239571 -290.026672 29.663387
v -21.128191 -292.722992 29.179699
v -20.816772 -292.615692 28.958675
v -20.596777 -291.765137 28.866158
v -20.322586 -291.924316 29.318451
v -19.913479 -291.248383 28.979935
v -19.033295 -292.921844 27.965496
v -18.921036 -292.731750 27.970478
v -18.808720 -292.541718 27.975460
v -28.085480 -290.370758 29.910568
v -26.989197 -291.011993 29.696468
v -26.982822 -291.002472 30.303360
v -26.256332 -291.896332 29.941486
v -29.289566 -291.906464 29.931423
v -28.283567 -292.645264 29.696468
v -28.283567 -292.645264 30.290192
v -26.895746 -293.335114 30.086704
v -27.364029 -293.501465 29.939976
v -29.898247 -293.021271 29.337280
v -29.021294 -293.600006 29.215557
v -29.202976 -293.781586 29.662125
v -28.273022 -294.535797 29.306473
v -28.133450 -294.492096 29.578911
v -30.407085 -294.572479 28.553555
v -30.169601 -294.801422 28.557083
v -29.932129 -295.030304 28.560616
v -24.725803 -285.469574 28.678772
v -22.506668 -287.179718 28.621788
v -23.725891 -286.489777 28.446224
v -23.725891 -286.489777 29.039944
v -23.645960 -284.363495 28.163013
v -21.800945 -285.749115 28.296673
v -22.902981 -285.253113 28.162621
v -22.828461 -285.079834 28.725567
v -22.842745 -283.508270 27.490517
v -21.423655 -284.891846 27.956097
v -22.302608 -284.332153 27.568611
v -22.036179 -283.968201 27.741486
v -22.177176 -283.622406 26.555984
v -21.513121 -284.142517 26.627537
v -21.845104 -283.882446 26.591759
v -27.434326 -287.087433 28.199818
v -26.627453 -286.069275 28.496677
v -24.196960 -291.319672 29.422951
v -27.434326 -287.087433 28.793537
v -28.332867 -288.153229 28.400890
v -28.406881 -286.323334 27.184994
v -27.694748 -285.424744 27.446987
v -27.767044 -285.448822 27.390690
v -28.408508 -286.315369 27.708981
v -29.198265 -287.080536 27.367378
v -28.552727 -286.106445 26.546467
v -28.381027 -285.745605 26.569576
v -28.687241 -286.001678 26.598862
v -28.859001 -286.362488 26.575756
v -24.046673 -284.520874 28.568363
v -22.690582 -287.462799 28.869202
v -22.967484 -289.030762 29.422474
v -21.394091 -289.726227 29.749935
v -20.043596 -290.967987 29.208675
v -23.019939 -292.190613 29.872833
v -25.856104 -291.800934 29.993332
v -29.954777 -292.798920 29.497757
v -29.233006 -291.547699 30.152210
v -27.977493 -290.030365 30.032364
v -28.153122 -288.276794 28.586834
v -29.120609 -287.213989 27.446987
v -26.468628 -286.072784 28.561005
v -21.800648 -286.056763 28.622421
v -21.433645 -284.597992 27.434135
v -23.127594 -283.681335 27.931816
v -24.995316 -285.928619 28.830498
v -18.851316 -285.780640 30.422272
v -18.851316 -285.780640 30.885612
v -18.390251 -283.806091 30.422272
v -18.390251 -283.806091 30.885612
v -20.825932 -285.319580 30.422272
v -20.825932 -285.319580 30.885616
v -20.364838 -283.345032 30.422272
v -20.364838 -283.345032 30.885616
v -18.229275 -284.884796 30.330402
v -18.229275 -284.884796 30.977482
v -20.986881 -284.240875 30.330399
v -20.986881 -284.240875 30.977489
v -19.286116 -283.184021 30.330399
v -19.286116 -283.184021 30.977489
v -19.930067 -285.941620 30.330399
v -19.930067 -285.941620 30.977489
v -19.608061 -284.562866 31.260689
v -19.608061 -284.562866 29.201565
v -21.841599 -282.723602 31.295589
v -21.696430 -284.047058 31.036713
v -21.695438 -284.047211 31.630428
v -21.919598 -285.260681 31.314747
v -23.591354 -282.715912 31.644669
v -23.480865 -283.953918 31.429073
v -23.476162 -283.968140 31.976452
v -23.751326 -285.180939 31.574245
v -25.002354 -282.789764 31.090557
v -25.238239 -283.019684 30.869534
v -25.074318 -283.882812 30.777016
v -25.390268 -283.855774 31.229309
v -25.471897 -284.641663 30.890793
v -26.981861 -283.503632 29.876354
v -27.002346 -283.723419 29.881336
v -27.022831 -283.943207 29.886318
v -17.706421 -281.949127 31.821426
v -18.971537 -281.836884 31.607327
v -18.973238 -281.848175 32.214222
v -20.011637 -281.349640 31.852345
v -17.272591 -280.046509 31.842281
v -18.497606 -279.807465 31.607327
v -18.497606 -279.807465 32.201054
v -20.047136 -279.775604 31.997562
v -19.694548 -279.425385 31.850834
v -17.197655 -278.778564 31.248138
v -18.237709 -278.629211 31.126415
v -18.150854 -278.387451 31.572983
v -19.313698 -278.102112 31.217331
v -19.421253 -278.201172 31.489769
v -17.399284 -277.158478 30.464413
v -17.711708 -277.052795 30.467941
v -18.024117 -276.947052 30.471474
v -18.654142 -287.815155 30.589630
v -21.390728 -287.215210 30.532646
v -19.993717 -287.319092 30.357082
v -19.993717 -287.319092 30.950802
v -19.158928 -289.276276 30.073872
v -21.418764 -288.810211 30.207531
v -20.210384 -288.788574 30.073479
v -20.203894 -288.977142 30.636425
v -19.520504 -290.392365 29.401375
v -21.394226 -289.746490 29.866955
v -20.360556 -289.877686 29.479469
v -20.446243 -290.320526 29.652344
v -20.171167 -290.573090 28.466843
v -20.993656 -290.386017 28.538395
v -20.582458 -290.479584 28.502617
v -16.894661 -285.196442 30.110676
v -17.190063 -286.461548 30.407536
v -21.628138 -282.749817 31.333809
v -16.894661 -285.196442 30.704395
v -16.536686 -283.849182 30.311749
v -15.689102 -285.472626 29.095852
v -15.949791 -286.589142 29.357845
v -15.894706 -286.536560 29.301548
v -15.684255 -285.479126 29.619839
v -15.296368 -284.450165 29.278236
v -15.464579 -285.606598 28.457325
v -15.465967 -286.006165 28.480434
v -15.298285 -285.643921 28.509720
v -15.296863 -285.244354 28.486614
v -18.863636 -288.962982 30.479221
v -21.345198 -286.880737 30.780060
v -21.763718 -285.344482 31.333332
v -23.483414 -285.386688 31.660793
v -25.234592 -284.839783 31.119534
v -23.064232 -282.464233 31.783691
v -20.332893 -281.606720 31.904190
v -17.051685 -278.955536 31.408615
v -17.170715 -280.395111 32.063068
v -17.658922 -282.303040 31.943222
v -16.751949 -283.814117 30.497692
v -15.423489 -284.362610 29.357845
v -17.335205 -286.526093 30.471863
v -21.550253 -288.532043 30.533279
v -21.259804 -290.007965 29.344994
v -19.336712 -290.114380 29.842674
v -18.606220 -287.285034 30.741356
v -14.177114 -279.402679 32.666752
v -14.177114 -279.402679 33.130093
v -15.499745 -277.865723 32.666752
v -15.499745 -277.865723 33.130093
v -15.714058 -280.725250 32.666752
v -15.714058 -280.725250 33.130100
v -17.036674 -279.188354 32.666752
v -17.036674 -279.188354 33.130100
v -14.533724 -278.371948 32.574886
v -14.533724 -278.371948 33.221966
v -16.680113 -280.219086 32.574879
v -16.680113 -280.219086 33.221973
v -16.530430 -278.222321 32.574879
v -16.530430 -278.222321 33.221973
v -14.683357 -280.368713 32.574879
v -14.683357 -280.368713 33.221973
v -15.606876 -279.295471 33.505169
v -15.606876 -279.295471 31.446045
v -18.409494 -280.014404 33.540073
v -17.255146 -280.677734 33.281193
v -17.254429 -280.677063 33.874912
v -16.406658 -281.573730 33.559231
v -19.447704 -281.422882 33.889149
v -18.382790 -282.063843 33.673557
v -18.368500 -282.068451 34.220936
v -17.551409 -283.005981 33.818729
v -20.220242 -282.605927 33.335041
v -20.173698 -282.932037 33.114017
v -19.380047 -283.308716 33.021496
v -19.588169 -283.547913 33.473789
v -19.001659 -284.077332 33.135273
v -20.811245 -284.625519 32.120838
v -20.645863 -284.771667 32.125820
v -20.480474 -284.917847 32.130802
v -16.596033 -276.218262 34.065907
v -17.432846 -277.173676 33.851810
v -17.424706 -277.181732 34.458698
v -18.439714 -277.726257 34.096828
v -17.876644 -274.745728 34.086765
v -18.792244 -275.594025 33.851810
v -18.792244 -275.594025 34.445530
v -19.731804 -276.826569 34.242046
v -19.806694 -276.335297 34.095318
v -18.856384 -273.937439 33.492619
v -19.590395 -274.689209 33.370899
v -19.734390 -274.476532 33.817463
v -20.650665 -275.247284 33.461811
v -20.634123 -275.392578 33.734249
v -20.283575 -273.144684 32.708897
v -20.553205 -273.334656 32.712421
v -20.822838 -273.524628 32.715954
v -12.417862 -280.443329 32.834110
v -14.516335 -282.299469 32.777126
v -13.608536 -281.232544 32.601566
v -13.608536 -281.232544 33.195286
v -11.535665 -281.712708 32.318356
v -13.244837 -283.262756 32.452015
v -12.549615 -282.274231 32.317959
v -12.393506 -282.380188 32.880909
v -10.847565 -282.662994 31.645855
v -12.474273 -283.795166 32.111439
v -11.758656 -283.037811 31.723949
v -11.451595 -283.368195 31.896824
v -11.085389 -283.295044 30.711323
v -11.721567 -283.848907 30.782875
v -11.403473 -283.571991 30.747097
v -13.494858 -277.477966 32.355160
v -12.647478 -278.462646 32.652020
v -18.262466 -279.857483 33.578289
v -13.494858 -277.477966 32.948879
v -14.371743 -276.394257 32.556232
v -12.560787 -276.667297 31.340332
v -11.812944 -277.536346 31.602325
v -11.822889 -277.460815 31.546028
v -12.552719 -276.667145 31.864319
v -13.154846 -275.747131 31.522717
v -12.320230 -276.565002 30.701805
v -11.998362 -276.801819 30.724915
v -12.191965 -276.452698 30.754200
v -12.513834 -276.215912 30.731094
v -11.614485 -281.289459 32.723705
v -14.759634 -282.065399 33.024540
v -16.247076 -281.497284 33.577816
v -17.227264 -282.910950 33.905277
v -18.701759 -284.002533 33.364017
v -19.340090 -280.848785 34.028172
v -18.421602 -278.137329 34.148670
v -18.627380 -273.923889 33.653095
v -17.535078 -274.869080 34.307552
v -16.282188 -276.388641 34.187702
v -14.527014 -276.547455 32.742176
v -13.300522 -275.798126 31.602325
v -12.680944 -278.617920 32.716343
v -13.547003 -283.204926 32.777760
v -12.183859 -283.840881 31.589474
v -10.963690 -282.350616 32.087154
v -12.817715 -280.091980 32.985836
v -24.137661 -193.112427 9.349088
v -24.041042 -193.183289 9.796394
v -22.164078 -193.229614 8.904192
v -22.067440 -193.300446 9.351501
v -24.318909 -195.111664 9.071595
v -24.222286 -195.182495 9.518909
v -22.345306 -195.228821 8.626698
v -22.248688 -195.299683 9.074009
v -23.134083 -192.760559 9.092973
v -22.999146 -192.859528 9.717660
v -23.387203 -195.552612 8.705431
v -23.252270 -195.651550 9.330131
v -21.882526 -194.238403 8.588541
v -21.747578 -194.337341 9.213239
v -24.638760 -194.074768 9.209859
v -24.503811 -194.173706 9.834556
v -23.066631 -194.298798 9.797301
v -23.496052 -193.983948 7.809439
v -22.042225 -196.935150 9.194562
v -23.278942 -196.386902 9.280701
v -23.154976 -196.476715 9.853992
v -24.415409 -196.300354 9.827579
v -22.501854 -198.647705 9.383791
v -23.660999 -198.162903 9.487904
v -23.558617 -198.238129 10.020221
v -24.852203 -198.097046 9.905859
v -23.121014 -199.878479 8.749291
v -23.453125 -200.003601 8.572531
v -24.222408 -199.592133 8.708157
v -24.200466 -199.968048 9.111843
v -25.025146 -199.773163 8.970606
v -24.646805 -201.367188 7.586812
v -24.855934 -201.325714 7.643713
v -25.065060 -201.284210 7.700613
v -19.939037 -193.316772 9.857388
v -20.269718 -194.513580 9.517747
v -20.154156 -194.604797 10.106258
v -20.087475 -195.672668 9.548310
v -18.036232 -193.442780 9.447969
v -18.241241 -194.634003 9.060484
v -18.117447 -194.724792 9.633660
v -18.608170 -196.169983 9.300236
v -18.205212 -195.911896 9.102249
v -16.960976 -193.636597 8.570254
v -17.168583 -194.644775 8.329480
v -16.824463 -194.698608 8.708666
v -16.992554 -195.825470 8.198523
v -17.060783 -195.941254 8.476805
v -15.683995 -194.162048 7.400290
v -15.681527 -194.488098 7.351770
v -15.679086 -194.814178 7.303251
v -25.928967 -192.380615 10.025112
v -26.228298 -195.131775 9.595078
v -25.930443 -193.752808 9.567492
v -25.806629 -193.843567 10.140664
v -27.547375 -192.369995 9.842762
v -27.784081 -194.661194 9.669296
v -27.419388 -193.502472 9.635339
v -27.474854 -193.529510 10.225501
v -28.834301 -192.296539 9.436597
v -28.715950 -194.323303 9.571734
v -28.599712 -193.248352 9.315971
v -29.000828 -193.231720 9.584116
v -29.397495 -192.719177 8.524390
v -29.462688 -193.561462 8.479103
v -29.430084 -193.140320 8.501752
v -23.057404 -191.375671 9.068414
v -24.259949 -191.345978 9.640039
v -21.992714 -196.731537 9.255660
v -22.933590 -191.466431 9.641583
v -21.655464 -191.445251 8.962587
v -23.153423 -190.001373 8.256818
v -24.214737 -189.975159 8.761309
v -24.160717 -189.929108 8.698684
v -23.048653 -190.075012 8.764677
v -22.045952 -189.944092 8.215363
v -23.341595 -189.653564 7.691898
v -23.707840 -189.546326 7.811904
v -23.314018 -189.493561 7.765495
v -22.947777 -189.600800 7.645489
v -27.081188 -192.240234 10.182012
v -25.852413 -195.220276 9.755848
v -24.441200 -196.132080 9.879033
v -24.942387 -197.798859 10.062118
v -25.087986 -199.527863 9.259706
v -22.076893 -198.240387 9.500341
v -20.414139 -195.912720 9.634495
v -17.046650 -193.473236 8.780674
v -18.282093 -193.282257 9.754934
v -20.227249 -193.191162 10.065556
v -21.650555 -191.687408 9.115559
v -21.987339 -190.101227 8.260185
v -24.351185 -191.475159 9.705840
v -27.498718 -194.913544 9.904725
v -29.025887 -194.042877 9.143051
v -28.427753 -192.267944 9.809893
v -25.390842 -192.507172 10.045809
v -22.379877 -250.521133 9.349088
v -22.401316 -250.639023 9.796394
v -21.621679 -252.347031 8.904192
v -21.643087 -252.464905 9.351501
v -24.256872 -251.232956 9.071595
v -24.278286 -251.350815 9.518909
v -23.498640 -253.058853 8.626698
v -23.520082 -253.176727 9.074009
v -21.624352 -251.269562 9.092973
v -21.654297 -251.434204 9.717660
v -24.245686 -252.263672 8.705431
v -24.275606 -252.428299 9.330131
v -22.405575 -253.041611 8.588541
v -22.435488 -253.206238 9.213239
v -23.464466 -250.491623 9.209859
v -23.494379 -250.656265 9.834556
v -22.978001 -252.003311 9.797301
v -22.882792 -251.479401 7.809439
v -24.900333 -254.078003 9.194562
v -24.948500 -252.726074 9.280701
v -24.975016 -252.876831 9.853992
v -25.367952 -251.666306 9.827579
v -26.641356 -254.414062 9.383791
v -26.712629 -253.159637 9.487904
v -26.735474 -253.284622 10.020221
v -27.174641 -252.059708 9.905859
v -28.018974 -254.395859 8.749291
v -28.276806 -254.151978 8.572531
v -28.243427 -253.280212 8.708157
v -28.571844 -253.464432 9.111843
v -28.757454 -252.637619 8.970606
v -30.025232 -253.675308 7.586812
v -30.079449 -253.469116 7.643713
v -30.133635 -253.262909 7.700613
v -20.726454 -254.385895 9.857388
v -21.947302 -254.612228 9.517747
v -21.978756 -254.756058 10.106258
v -22.909794 -255.283279 9.548310
v -20.007156 -256.152008 9.447969
v -21.167994 -256.488892 9.060484
v -21.195465 -256.639923 9.633660
v -22.709679 -256.831055 9.300236
v -22.301296 -257.080444 9.102249
v -19.710941 -257.203674 8.570254
v -20.708323 -257.458130 8.329480
v -20.606157 -257.791107 8.708666
v -21.692968 -258.133026 8.198523
v -21.826933 -258.122345 8.476805
v -19.624660 -258.581818 7.400290
v -19.916756 -258.726746 7.351770
v -20.208900 -258.871582 7.303251
v -22.505653 -248.590179 10.025112
v -25.110437 -249.524841 9.595078
v -23.740158 -249.189285 9.567492
v -23.767590 -249.340332 10.140664
v -23.204260 -247.130295 9.842762
v -25.368053 -247.919998 9.669296
v -24.166567 -247.740906 9.635339
v -24.215151 -247.702866 10.225501
v -23.701323 -245.940979 9.436597
v -25.471977 -246.934235 9.571734
v -24.454533 -246.568390 9.315971
v -24.615093 -246.200424 9.584116
v -24.327789 -245.619476 8.524390
v -25.113686 -245.929413 8.479103
v -24.720732 -245.774460 8.501752
v -20.345528 -250.732529 9.068414
v -20.845016 -249.638229 9.640039
v -24.695580 -254.033432 9.255660
v -20.372959 -250.883575 9.641583
v -19.794655 -252.023590 8.962587
v -19.151791 -250.044861 8.256818
v -19.592613 -249.079056 8.761309
v -19.527565 -249.107498 8.698684
v -19.172161 -250.171295 8.764677
v -18.615692 -251.015625 8.215363
v -18.921385 -249.723465 7.691898
v -18.985212 -249.347214 7.811904
v -18.765442 -249.678253 7.765495
v -18.701614 -250.054504 7.645489
v -22.883596 -247.492706 10.182012
v -25.025543 -249.901566 9.755848
v -25.227928 -251.569473 9.879033
v -26.945974 -251.848145 10.062118
v -28.564381 -252.473785 9.259706
v -26.089153 -254.617950 9.500341
v -23.268583 -255.094574 9.634495
v -19.601536 -257.055145 8.780674
v -19.970402 -255.860672 9.754934
v -20.739618 -254.071762 10.065556
v -20.010250 -252.133957 9.115559
v -18.731342 -251.137070 8.260185
v -21.001095 -249.612732 9.705840
v -25.470098 -248.287003 9.904725
v -25.355438 -246.532837 9.143051
v -23.497723 -246.294006 9.809893
v -22.383986 -249.129456 10.045809
v -112.823723 -253.293213 9.349088
v -112.785042 -253.179810 9.796394
v -113.302841 -251.375092 8.904192
v -113.264198 -251.261703 9.351501
v -110.861938 -252.867538 9.071595
v -110.823296 -252.754150 9.518909
v -111.341095 -250.949402 8.626698
v -111.302414 -250.836014 9.074009
v -113.459938 -252.441055 9.092973
v -113.405914 -252.282669 9.717660
v -110.720192 -251.846558 8.705431
v -110.666199 -251.688187 9.330131
v -112.424644 -250.804413 8.588541
v -112.370651 -250.646027 9.213239
v -111.755493 -253.483200 9.209859
v -111.701508 -253.324814 9.834556
v -112.012466 -251.916092 9.797301
v -112.184303 -252.420105 7.809439
v -109.803795 -250.149323 9.194562
v -109.956589 -251.493454 9.280701
v -109.908020 -251.348297 9.853992
v -109.698891 -252.603699 9.827579
v -108.032188 -250.075089 9.383791
v -108.147682 -251.326218 9.487904
v -108.106560 -251.206009 10.020221
v -107.853844 -252.482498 9.905859
v -106.672501 -250.297333 8.749291
v -106.453674 -250.576752 8.572531
v -106.615921 -251.433929 8.708157
v -106.263824 -251.300430 9.111843
v -106.202843 -252.145630 8.970606
v -104.795235 -251.307358 7.586812
v -104.772186 -251.519302 7.643713
v -104.749168 -251.731277 7.700613
v -113.885902 -249.226044 9.857388
v -112.644997 -249.183197 9.517747
v -112.592567 -249.045624 10.106258
v -111.593651 -248.662262 9.548310
v -114.335419 -247.372803 9.447969
v -113.137466 -247.211746 9.060484
v -113.087906 -247.066452 9.633660
v -111.562096 -247.101929 9.300236
v -111.928993 -246.794739 9.102249
v -114.472443 -246.288849 8.570254
v -113.448364 -246.185074 8.329480
v -113.500038 -245.840622 8.708666
v -112.374542 -245.663605 8.198523
v -112.243645 -245.694031 8.476805
v -114.353462 -244.913147 7.400290
v -114.043106 -244.813110 7.351770
v -113.732719 -244.713196 7.303251
v -112.985611 -255.221481 10.025112
v -110.271042 -254.683319 9.595078
v -111.675926 -254.812012 9.567492
v -111.626411 -254.666702 10.140664
v -112.511154 -256.768799 9.842762
v -110.254204 -256.308624 9.669296
v -111.468964 -256.307617 9.635339
v -111.426552 -256.352417 10.225501
v -112.195908 -258.018677 9.436597
v -110.297569 -257.298889 9.571734
v -111.358002 -257.509857 9.315971
v -111.253777 -257.897552 9.584116
v -111.624031 -258.429504 8.524390
v -110.800865 -258.239502 8.479103
v -111.212448 -258.334473 8.501752
v -114.804253 -252.782562 9.068414
v -114.472519 -253.938812 9.640039
v -110.012894 -250.163055 9.255660
v -114.754723 -252.637253 9.641583
v -115.157631 -251.424103 8.962587
v -116.086746 -253.285645 8.256818
v -115.793976 -254.306137 8.761309
v -115.854095 -254.268372 8.698684
v -116.047859 -253.163635 8.764677
v -116.473000 -252.246140 8.215363
v -116.362251 -253.569336 7.691898
v -116.354912 -253.950897 7.811904
v -116.523178 -253.590927 7.765495
v -116.530518 -253.209381 7.645489
v -112.774544 -256.362854 10.182012
v -110.299149 -254.298172 9.755848
v -109.851723 -252.678696 9.879033
v -108.111343 -252.657822 10.062118
v -106.418068 -252.279022 9.259706
v -108.548073 -249.791595 9.500341
v -111.266800 -248.902069 9.634495
v -114.602661 -246.419510 8.780674
v -114.414955 -247.655472 9.754934
v -113.919464 -249.538651 10.065556
v -114.928062 -251.346909 9.115559
v -116.340622 -252.143173 8.260185
v -114.321945 -253.987167 9.705840
v -110.098869 -255.960800 9.904725
v -110.472328 -257.678589 9.143051
v -112.344925 -257.639374 9.809893
v -113.025978 -254.670135 10.045809
v -110.564384 -196.235275 9.349088
v -110.675072 -196.189392 9.796394
v -112.509315 -196.590225 8.904192
v -112.619987 -196.544388 9.351501
v -110.863213 -194.250198 9.071595
v -110.973885 -194.204361 9.518909
v -112.808159 -194.605194 8.626698
v -112.918823 -194.559326 9.074009
v -111.455635 -196.815445 9.092973
v -111.610229 -196.751373 9.717660
v -111.872986 -194.043182 8.705431
v -112.027557 -193.979141 9.330131
v -113.022423 -195.677200 8.588541
v -113.177017 -195.613159 9.213239
v -110.306198 -195.181442 9.209859
v -110.460793 -195.117401 9.834556
v -111.886574 -195.337265 9.797301
v -111.394630 -195.541107 7.809439
v -113.507874 -193.019699 9.194562
v -112.176323 -193.258484 9.280701
v -112.318062 -193.200699 9.853992
v -111.051826 -193.072617 9.827579
v -113.468193 -191.246979 9.383791
v -112.227066 -191.442581 9.487904
v -112.344383 -191.393814 10.020221
v -111.054306 -191.223587 9.905859
v -113.159103 -189.904373 8.749291
v -112.866211 -189.703934 8.572531
v -112.021217 -189.920883 8.708157
v -112.131836 -189.560944 9.111843
v -111.284462 -189.554367 8.970606
v -112.030624 -188.095840 7.586812
v -111.817635 -188.086441 7.643713
v -111.604622 -188.077087 7.700613
v -114.691360 -197.034103 9.857388
v -114.654442 -195.792999 9.517747
v -114.788368 -195.731842 10.106258
v -115.106796 -194.710373 9.548310
v -116.569641 -197.363693 9.447969
v -116.653442 -196.157867 9.060484
v -116.795258 -196.099075 9.633660
v -116.661880 -194.578690 9.300236
v -116.991997 -194.925110 9.102249
v -117.660156 -197.430832 8.570254
v -117.697960 -196.402191 8.329480
v -118.045021 -196.431641 8.708666
v -118.149406 -195.297104 8.198523
v -118.110634 -195.168427 8.476805
v -119.025383 -197.223755 7.400290
v -119.105286 -196.907623 7.351770
v -119.185066 -196.591461 7.303251
v -108.650490 -196.520645 10.025112
v -109.013237 -193.777115 9.595078
v -108.975021 -195.187363 9.567492
v -109.116852 -195.128616 10.140664
v -107.075897 -196.146515 9.842762
v -107.390205 -193.864670 9.669296
v -107.469208 -195.076859 9.635339
v -107.421776 -195.037415 10.225501
v -105.808357 -195.912170 9.436597
v -106.404770 -193.971542 9.571734
v -106.262329 -195.043335 9.315971
v -105.868736 -194.964218 9.584116
v -105.361656 -195.367859 8.524390
v -105.498413 -194.534195 8.479103
v -105.430069 -194.951019 8.501752
v -111.201157 -198.178925 9.068414
v -110.025986 -197.922119 9.640039
v -113.507591 -193.229248 9.255660
v -111.342979 -198.120163 9.641583
v -112.579498 -198.444336 8.962587
v -110.781464 -199.491074 8.256818
v -109.744278 -199.264435 8.761309
v -109.785820 -199.322006 8.698684
v -110.900719 -199.444427 8.764677
v -111.843620 -199.809784 8.215363
v -110.516045 -199.784225 7.691898
v -110.134796 -199.801407 7.811904
v -110.504829 -199.946213 7.765495
v -110.886063 -199.929031 7.645489
v -107.497917 -196.383301 10.182012
v -109.399391 -193.780426 9.755848
v -110.986794 -193.229950 9.879033
v -110.895874 -191.491821 10.062118
v -111.165169 -189.777710 9.259706
v -113.784233 -191.743591 9.500341
v -114.846497 -194.399597 9.634495
v -117.538132 -197.569168 8.780674
v -116.292664 -197.461212 9.754934
v -114.381554 -197.087662 10.065556
v -112.641792 -198.210297 9.115559
v -111.937874 -199.671066 8.260185
v -109.968063 -197.774963 9.705840
v -107.727333 -193.687332 9.904725
v -106.037071 -194.170319 9.143051
v -106.196449 -196.036530 9.809893
v -109.203293 -196.525513 10.045809
vn -0.9742 -0.2256 -0.0000
vn -0.2095 -0.9778 -0.0000
vn 0.9778 0.2093 -0.0000
vn 0.3810 0.9246 -0.0000
vn -0.5941 -0.3031 -0.7451
vn -0.1935 0.1644 0.9672
vn 0.1935 0.1644 0.9672
vn 0.5941 -0.3031 -0.7451
vn -0.0552 0.6625 0.7471
vn 0.0997 0.0242 -0.9947
vn 0.3031 0.5941 -0.7451
vn 0.1644 -0.1935 0.9672
vn -0.1644 -0.1935 0.9672
vn -0.3031 0.5941 -0.7451
vn -0.0537 -0.1112 0.9923
vn -0.5189 -0.1292 0.8450
vn -0.2313 0.2300 0.9453
vn -0.0347 0.3049 0.9517
vn -0.9674 0.2532 -0.0000
vn 0.3203 -0.6502 -0.6890
vn -0.2807 -0.6424 -0.7131
vn -0.1065 0.2850 -0.9526
vn 0.3120 0.3145 -0.8965
vn 0.3513 0.3344 0.8745
vn 0.1158 -0.2360 -0.9648
vn -0.1977 -0.1606 -0.9670
vn 0.2818 -0.6147 0.7367
vn -0.2946 -0.3070 0.9050
vn 0.1177 -0.4043 0.9070
vn 0.2685 0.3754 -0.8871
vn 0.0524 0.5225 -0.8511
vn -0.3872 -0.5597 0.7326
vn -0.1526 0.0665 0.9861
vn 0.6430 0.3181 -0.6966
vn 0.6186 -0.2019 -0.7593
vn -0.6638 -0.1299 0.7365
vn -0.2216 0.9751 -0.0000
vn 0.3870 -0.2195 0.8955
vn -0.2668 -0.2980 -0.9165
vn -0.0000 0.1678 -0.9858
vn 0.0266 -0.2545 -0.9667
vn 0.0058 -0.3051 0.9523
vn 0.5241 0.3346 0.7832
vn 0.8545 0.1478 -0.4980
vn 0.3583 0.2459 0.9006
vn -0.3611 0.1952 -0.9119
vn -0.3657 -0.0455 -0.9296
vn -0.3715 -0.1567 -0.9151
vn 0.6145 0.0682 0.7860
vn -0.8686 0.0180 0.4951
vn -0.1585 0.2250 0.9614
vn -0.0307 -0.2847 0.9581
vn -0.0727 -0.2911 -0.9539
vn -0.0932 0.2961 -0.9506
vn 0.0087 0.1518 0.9884
vn 0.0916 -0.9958 -0.0000
vn 0.4201 -0.3556 -0.8349
vn 0.2533 0.3155 -0.9145
vn 0.1040 0.2764 -0.9554
vn 0.1523 -0.3214 -0.9346
vn -0.9873 0.0191 0.1580
vn -0.3998 -0.2704 0.8758
vn -0.5786 0.1047 0.8089
vn 0.8567 0.2463 -0.4532
vn 0.8221 -0.2399 -0.5163
vn 0.1321 -0.5998 -0.7892
vn -0.1681 0.2035 0.9645
vn 0.1694 0.1926 0.9665
vn -0.2345 -0.1539 -0.9598
vn 0.9749 -0.2226 -0.0000
vn -0.0576 0.9519 0.3011
vn -0.2300 -0.9160 -0.3287
vn 0.1889 0.6456 0.7399
vn -0.1740 -0.6242 -0.7616
vn -0.1734 0.6501 0.7398
vn 0.1902 -0.9007 -0.3907
vn 0.2301 0.9168 0.3263
vn 0.0108 0.2937 -0.9558
vn -0.9679 0.2512 -0.0000
vn -0.9965 -0.0841 -0.0000
vn -0.1763 -0.9843 0.0016
vn -0.2243 -0.9745 0.0087
vn -0.2510 -0.7833 -0.5687
vn -0.9511 -0.0637 -0.3022
vn -0.3519 -0.2956 -0.8881
vn -0.9293 0.1891 -0.3172
vn -0.3302 0.3090 -0.8919
vn -0.0904 0.9959 -0.0000
vn -0.0027 0.9999 -0.0119
vn 0.1262 0.9920 -0.0000
vn 0.9941 0.1071 0.0185
vn 0.9981 -0.0578 0.0188
vn 0.9825 0.1864 -0.0000
vn 0.9783 -0.2073 -0.0000
vn 0.0303 -0.9995 -0.0000
vn 0.1347 -0.9908 0.0131
vn -0.0000 -1.0000 -0.0000
vn -0.0363 -0.9993 0.0115
vn 0.9922 0.1249 -0.0000
vn 0.9381 0.1948 0.2865
vn 0.3577 0.1949 0.9132
vn 0.9880 -0.1546 -0.0000
vn 0.9275 -0.1978 0.3173
vn 0.3352 -0.2745 0.9013
vn -0.1360 0.8204 0.5554
vn 0.0108 0.9998 -0.0141
vn 0.0472 0.9989 -0.0016
vn 0.0289 -0.8227 -0.5678
vn 0.0398 -0.9991 0.0152
vn 0.2785 0.7758 0.5662
vn 0.3141 0.9494 -0.0063
vn 0.3325 0.9431 -0.0016
vn -0.9773 -0.2109 -0.0180
vn -0.9968 -0.0795 -0.0000
vn -0.8529 -0.1574 0.4978
vn -0.9993 0.0367 -0.0000
vn -0.9895 0.1436 -0.0188
vn 0.8687 -0.0409 -0.4936
vn 0.6217 -0.7833 -0.0000
vn 0.9731 0.2302 -0.0000
vn -0.6086 0.7935 -0.0000
vn -0.9986 -0.0524 -0.0000
vn 0.5286 -0.4066 -0.7451
vn -0.0655 -0.2453 0.9672
vn -0.2315 0.1043 0.9672
vn 0.0190 0.6666 -0.7451
vn -0.5748 -0.3340 0.7471
vn -0.0646 0.0797 -0.9947
vn -0.6667 0.0190 -0.7451
vn 0.1043 0.2315 0.9672
vn 0.2453 -0.0655 0.9672
vn -0.4066 -0.5286 -0.7451
vn 0.1235 -0.0008 0.9923
vn 0.3393 -0.4133 0.8450
vn -0.1085 -0.3076 0.9453
vn -0.2606 -0.1621 0.9517
vn 0.1863 -0.9825 -0.0000
vn 0.4499 0.5682 -0.6890
vn 0.7007 0.0220 -0.7131
vn -0.2117 -0.2185 -0.9526
vn -0.4180 0.1469 -0.8965
vn -0.4528 0.1738 0.8745
vn 0.1635 0.2058 -0.9648
vn 0.2299 -0.1097 -0.9670
vn 0.4345 0.5182 0.7367
vn 0.4037 -0.1344 0.9050
vn 0.3148 0.2798 0.9070
vn -0.4543 0.0815 -0.8871
vn -0.4944 -0.1768 -0.8511
vn 0.6717 -0.1097 0.7326
vn 0.0054 -0.1663 0.9861
vn -0.5632 0.4444 -0.6967
vn -0.0829 0.6454 -0.7593
vn 0.4021 -0.5439 0.7365
vn -0.7858 -0.6184 -0.0000
vn 0.0323 0.4438 0.8955
vn 0.3836 -0.1132 -0.9165
vn -0.1516 -0.0720 -0.9858
vn 0.2185 0.1331 -0.9667
vn 0.2731 0.1362 0.9523
vn -0.5271 0.3299 0.7832
vn -0.5000 0.7085 -0.4980
vn -0.3758 0.2182 0.9006
vn -0.0215 -0.4099 -0.9119
vn 0.1980 -0.3108 -0.9296
vn 0.3010 -0.2684 -0.9151
vn -0.3252 0.5259 0.7860
vn 0.3563 -0.7924 0.4951
vn -0.1353 -0.2397 0.9614
vn 0.2703 0.0944 0.9581
vn 0.2942 0.0592 -0.9539
vn -0.2275 -0.2112 -0.9506
vn -0.1409 -0.0573 0.9884
vn 0.8602 0.5099 -0.0000
vn 0.1411 0.5320 -0.8349
vn -0.3937 0.0934 -0.9145
vn -0.2943 -0.0246 -0.9554
vn 0.2250 0.2755 -0.9346
vn 0.4063 -0.9000 0.1580
vn 0.4158 -0.2452 0.8758
vn 0.1536 -0.5675 0.8089
vn -0.5900 0.6682 -0.4532
vn -0.1360 0.8456 -0.5163
vn 0.4852 0.3766 -0.7892
vn -0.1117 -0.2392 0.9645
vn -0.2466 0.0704 0.9665
vn 0.2396 -0.1459 -0.9598
vn -0.2171 0.9762 -0.0000
vn -0.8351 -0.4603 0.3011
vn 0.9261 0.1851 -0.3287
vn -0.6642 -0.1063 0.7399
vn 0.6385 0.1105 -0.7616
vn -0.5128 -0.4355 0.7399
vn 0.7320 0.5581 -0.3907
vn -0.9269 -0.1854 0.3263
vn -0.2699 -0.1162 -0.9558
vn 0.1883 -0.9821 -0.0000
vn 0.5034 -0.8640 -0.0000
vn 0.9648 0.2630 0.0017
vn 0.9765 0.2154 0.0087
vn 0.8153 0.1093 -0.5687
vn 0.4655 -0.8319 -0.3021
vn 0.4180 -0.1911 -0.8881
vn 0.2278 -0.9206 -0.3172
vn -0.1375 -0.4309 -0.8919
vn -0.8609 -0.5089 -0.0000
vn -0.9021 -0.4314 -0.0119
vn -0.9502 -0.3115 -0.0000
vn -0.5232 0.8520 0.0185
vn -0.3759 0.9265 0.0188
vn -0.5898 0.8075 -0.0000
vn -0.2323 0.9726 -0.0000
vn 0.8899 0.4561 -0.0000
vn 0.8372 0.5467 0.0131
vn 0.9033 0.4289 -0.0000
vn 0.9182 0.3958 0.0115
vn -0.5384 0.8427 -0.0000
vn -0.5784 0.7638 0.2864
vn -0.3295 0.2395 0.9133
vn -0.2842 0.9588 -0.0000
vn -0.2191 0.9226 0.3173
vn 0.1042 0.4205 0.9013
vn -0.6827 -0.4748 0.5554
vn -0.9078 -0.4191 -0.0141
vn -0.9226 -0.3859 -0.0017
vn 0.7307 0.3790 -0.5678
vn 0.8854 0.4645 0.0153
vn -0.8202 -0.0812 0.5662
vn -0.9923 -0.1235 -0.0063
vn -0.9946 -0.1042 -0.0016
vn 0.9648 0.2630 0.0016
vn 0.6097 -0.7924 -0.0180
vn 0.4994 -0.8664 -0.0000
vn 0.5081 -0.7029 0.4977
vn 0.3955 -0.9185 -0.0000
vn 0.2947 -0.9554 -0.0188
vn -0.3357 0.8023 -0.4936
vn 0.7436 0.6687 -0.0000
vn -0.2896 0.9571 -0.0000
vn -0.7546 -0.6562 -0.0000
vn 0.1137 -0.9935 -0.0000
vn 0.3733 0.5526 -0.7451
vn 0.2488 -0.0503 0.9672
vn -0.0898 -0.2374 0.9672
vn -0.6666 -0.0220 -0.7451
vn 0.3687 -0.5531 0.7471
vn -0.0756 -0.0694 -0.9947
vn 0.0220 -0.6666 -0.7451
vn -0.2374 0.0898 0.9672
vn 0.0503 0.2488 0.9672
vn 0.5526 -0.3734 -0.7451
vn -0.0068 0.1233 0.9923
vn 0.3917 0.3641 0.8450
vn 0.3137 -0.0894 0.9453
vn 0.1778 -0.2501 0.9517
vn 0.9692 0.2464 -0.0000
vn -0.5948 0.4142 -0.6890
vn -0.0650 0.6980 -0.7131
vn 0.2311 -0.1979 -0.9526
vn -0.1210 -0.4262 -0.8965
vn -0.1457 -0.4626 0.8745
vn -0.2155 0.1505 -0.9648
vn 0.0954 0.2363 -0.9670
vn -0.5440 0.4018 0.7367
vn 0.1094 0.4112 0.9050
vn -0.2986 0.2970 0.9070
vn -0.0534 -0.4585 -0.8871
vn -0.2068 0.4826 0.8511
vn 0.0682 0.6772 0.7326
vn 0.1657 0.0156 0.9861
vn -0.4089 -0.5895 -0.6966
vn -0.6391 -0.1225 -0.7593
vn 0.5182 0.4348 0.7365
vn 0.6656 -0.7463 -0.0000
vn -0.4450 0.0050 0.8955
vn 0.0894 0.3898 -0.9165
vn 0.0812 -0.1469 -0.9858
vn -0.1463 0.2099 -0.9667
vn -0.1527 0.2642 0.9523
vn -0.2968 -0.5464 0.7832
vn -0.6764 -0.5426 -0.4980
vn -0.1947 -0.3885 0.9006
vn 0.4105 0.0038 -0.9119
vn 0.2980 0.2167 -0.9296
vn 0.2494 0.3169 -0.9151
vn -0.5049 -0.3569 0.7860
vn 0.7690 0.4044 0.4951
vn 0.2476 -0.1203 0.9614
vn -0.1109 0.2640 0.9581
vn -0.0772 0.2900 -0.9539
vn 0.2248 -0.2141 -0.9506
vn 0.0658 -0.1371 0.9884
vn -0.5618 0.8273 -0.0000
vn -0.5397 0.1081 -0.8349
vn -0.0690 -0.3986 -0.9145
vn 0.0426 -0.2922 -0.9554
vn -0.2888 0.2076 -0.9346
vn 0.8733 0.4608 0.1580
vn 0.2191 0.4301 0.8758
vn 0.5570 0.1882 0.8089
vn -0.6307 -0.6300 -0.4532
vn -0.8356 -0.1877 -0.5163
vn -0.4057 0.4611 -0.7892
vn 0.2456 -0.0968 0.9645
vn -0.0551 -0.2505 0.9665
vn 0.1309 0.2481 -0.9598
vn -0.9610 -0.2767 -0.0000
vn 0.5108 -0.8053 0.3011
vn -0.2417 0.9130 -0.3287
vn 0.1469 -0.6565 0.7399
vn -0.1496 0.6305 -0.7616
vn 0.4662 -0.4851 0.7399
vn -0.6021 0.6963 -0.3907
vn 0.2421 -0.9137 0.3263
vn 0.1326 -0.2623 -0.9558
vn 0.9687 0.2483 -0.0000
vn 0.8314 0.5556 -0.0000
vn -0.3218 0.9468 0.0016
vn -0.2750 0.9614 0.0087
vn -0.1592 0.8070 -0.5687
vn 0.8017 0.5158 -0.3021
vn 0.1651 0.4290 -0.8881
vn 0.9048 0.2840 -0.3172
vn 0.4385 -0.1107 -0.8919
vn 0.5608 -0.8279 -0.0000
vn 0.4860 -0.8739 -0.0119
vn 0.3694 -0.9293 -0.0000
vn -0.8182 -0.5746 0.0185
vn -0.9016 -0.4322 0.0188
vn -0.7697 -0.6384 -0.0000
vn -0.9565 -0.2917 -0.0000
vn -0.5100 0.8602 -0.0000
vn -0.5971 0.8020 0.0131
vn -0.4837 0.8752 -0.0000
vn -0.4515 0.8922 0.0115
vn -0.8080 -0.5892 -0.0000
vn -0.7268 -0.6242 0.2865
vn -0.2188 -0.3437 0.9132
vn -0.9395 -0.3426 -0.0000
vn -0.9074 -0.2754 0.3174
vn -0.4261 0.0781 0.9013
vn 0.5159 -0.6522 0.5554
vn 0.4741 -0.8803 -0.0140
vn 0.4419 -0.8971 -0.0017
vn -0.4232 0.7060 -0.5678
vn -0.5181 0.8552 0.0152
vn 0.1315 -0.8137 0.5662
vn 0.1843 -0.9829 -0.0062
vn 0.1651 -0.9863 -0.0016
vn 0.7534 0.6573 -0.0180
vn 0.8340 0.5517 -0.0000
vn 0.6704 0.5503 0.4977
vn 0.8924 0.4513 -0.0000
vn 0.9355 0.3529 -0.0188
vn -0.7801 -0.3844 -0.4936
vn -0.2081 0.9781 -0.0000
vn -0.9739 0.2270 -0.0000
vn 0.1917 -0.9814 -0.0000
vn 0.9176 -0.3976 -0.0000
vn -0.2924 0.5994 -0.7451
vn 0.1678 0.1905 0.9672
vn 0.1609 -0.1964 0.9672
vn -0.3137 -0.5885 -0.7451
vn 0.6633 0.0433 0.7471
vn 0.0224 -0.1001 -0.9947
vn 0.5885 -0.3137 -0.7451
vn -0.1964 -0.1609 0.9672
vn -0.1905 0.1678 0.9672
vn 0.5994 0.2924 -0.7451
vn -0.1102 0.0557 0.9923
vn -0.1199 0.5211 0.8450
vn 0.2341 0.2272 0.9453
vn 0.3055 0.0292 0.9517
vn 0.2705 0.9627 -0.0000
vn -0.6558 -0.3085 -0.6890
vn -0.6373 0.2922 -0.7131
vn 0.2868 0.1014 -0.9526
vn 0.3089 -0.3176 -0.8965
vn 0.3281 -0.3572 0.8745
vn -0.2380 -0.1115 -0.9648
vn -0.1571 0.2006 -0.9670
vn -0.6197 -0.2707 0.7367
vn -0.3017 0.3001 0.9050
vn -0.4064 -0.1104 0.9070
vn 0.3706 -0.2752 -0.8871
vn -0.5214 0.0617 0.8511
vn -0.5527 0.3972 0.7326
vn 0.0692 0.1513 0.9861
vn 0.3065 -0.6486 -0.6967
vn -0.2130 -0.6149 -0.7593
vn -0.1180 0.6660 0.7365
vn 0.9790 0.2041 -0.0000
vn -0.2265 -0.3830 0.8955
vn -0.2931 0.2721 -0.9165
vn 0.1678 -0.0030 -0.9858
vn -0.2549 -0.0220 -0.9667
vn -0.3052 -0.0004 0.9523
vn 0.3252 -0.5300 0.7832
vn 0.1324 -0.8570 -0.4980
vn 0.2394 -0.3627 0.9006
vn 0.2017 0.3575 -0.9119
vn -0.0390 0.3664 -0.9296
vn -0.1500 0.3743 -0.9151
vn 0.0571 -0.6156 0.7860
vn 0.0336 0.8682 0.4951
vn 0.2278 0.1544 0.9614
vn -0.2841 0.0358 0.9581
vn -0.2898 0.0779 -0.9539
vn 0.2977 0.0879 -0.9506
vn 0.1517 -0.0114 0.9884
vn -0.9973 -0.0737 -0.0000
vn -0.3631 -0.4136 -0.8349
vn 0.3109 -0.2589 -0.9145
vn 0.2745 -0.1090 -0.9554
vn -0.3241 -0.1465 -0.9346
vn 0.0368 0.9868 0.1580
vn -0.2632 0.4046 0.8758
vn 0.1150 0.5766 0.8089
vn 0.2309 -0.8610 -0.4532
vn -0.2546 -0.8177 -0.5163
vn -0.6021 -0.1213 -0.7892
vn 0.2065 0.1644 0.9645
vn 0.1895 -0.1729 0.9665
vn -0.1496 0.2373 -0.9598
vn -0.2401 -0.9707 -0.0000
vn 0.9527 0.0405 0.3011
vn -0.9117 0.2464 -0.3287
vn 0.6421 -0.2005 0.7399
vn -0.6210 0.1852 -0.7616
vn 0.6531 0.1617 0.7399
vn -0.9039 -0.1739 -0.3907
vn 0.9126 -0.2465 0.3263
vn 0.2934 -0.0161 -0.9558
vn 0.2686 0.9633 -0.0000
vn -0.0662 0.9978 -0.0000
vn -0.9810 0.1939 0.0016
vn -0.9703 0.2418 0.0087
vn -0.7787 0.2650 -0.5687
vn -0.0465 0.9521 -0.3021
vn -0.2892 0.3572 -0.8881
vn 0.2058 0.9258 -0.3172
vn 0.3149 0.3246 -0.8919
vn 0.9974 0.0725 -0.0000
vn 0.9998 -0.0152 -0.0119
vn 0.9896 -0.1440 -0.0000
vn 0.0893 -0.9958 0.0185
vn -0.0757 -0.9969 0.0188
vn 0.1687 -0.9857 -0.0000
vn -0.2249 -0.9744 -0.0000
vn -0.9999 -0.0124 -0.0000
vn -0.9931 -0.1169 0.0131
vn -0.9998 0.0180 -0.0000
vn -0.9985 0.0542 0.0115
vn 0.1071 -0.9942 -0.0000
vn 0.1779 -0.9414 0.2865
vn 0.1885 -0.3612 0.9132
vn -0.1723 -0.9850 -0.0000
vn -0.2145 -0.9237 0.3173
vn -0.2805 -0.3302 0.9013
vn 0.8227 0.1213 0.5554
vn 0.9995 -0.0288 -0.0141
vn 0.9979 -0.0651 -0.0016
vn -0.8230 -0.0141 -0.5678
vn -0.9996 -0.0218 0.0152
vn 0.7706 -0.2924 0.5662
vn 0.9436 -0.3311 -0.0062
vn 0.9370 -0.3494 -0.0016
vn -0.1933 0.9810 -0.0180
vn -0.0616 0.9981 -0.0000
vn -0.1421 0.8556 0.4977
vn 0.0546 0.9985 -0.0000
vn 0.1613 0.9867 -0.0188
vn -0.0564 -0.8678 -0.4936
vn 0.6196 0.7849 -0.0000
vn -0.4474 0.8943 -0.0000
vn -0.6326 -0.7745 -0.0000
vn 0.2802 -0.9599 -0.0000
vn 0.2744 0.6078 -0.7451
vn 0.2538 -0.0074 0.9672
vn -0.0483 -0.2492 0.9672
vn -0.6532 -0.1346 -0.7451
vn 0.4570 -0.4827 0.7471
vn -0.0627 -0.0812 -0.9947
vn 0.1346 -0.6532 -0.7451
vn -0.2492 0.0483 0.9672
vn 0.0074 0.2537 0.9672
vn 0.6079 -0.2744 -0.7451
vn -0.0276 0.1204 0.9923
vn 0.3244 0.4251 0.8450
vn 0.3243 -0.0350 0.9453
vn 0.2176 -0.2164 0.9517
vn 0.9135 0.4069 -0.0000
vn -0.6563 0.3075 -0.6890
vn -0.1822 0.6770 -0.7131
vn 0.2612 -0.1559 -0.9526
vn -0.0471 -0.4405 -0.8965
vn -0.0653 -0.4806 0.8745
vn -0.2378 0.1119 -0.9648
vn 0.0540 0.2490 -0.9670
vn -0.6041 0.3039 0.7367
vn 0.0382 0.4238 0.9050
vn -0.3445 0.2422 0.9070
vn 0.0250 -0.4609 -0.8871
vn 0.2856 -0.4406 -0.8511
vn -0.0474 0.6790 0.7326
vn 0.1607 0.0434 0.9861
vn -0.3032 -0.6502 -0.6966
vn -0.6092 -0.2289 -0.7593
vn 0.4371 0.5162 0.7365
vn 0.7823 -0.6229 -0.0000
vn -0.4394 -0.0704 0.8955
vn 0.0221 0.3993 -0.9165
vn 0.1049 -0.1310 -0.9858
vn -0.1797 0.1821 -0.9667
vn -0.1952 0.2346 0.9523
vn -0.2001 -0.5887 0.7832
vn -0.5748 -0.6493 -0.4980
vn -0.1261 -0.4159 0.9006
vn 0.4039 0.0732 -0.9119
vn 0.2570 0.2641 -0.9296
vn 0.1921 0.3545 -0.9151
vn -0.4372 -0.4372 0.7860
vn 0.6894 0.5287 0.4951
vn 0.2643 -0.0767 0.9614
vn -0.1539 0.2414 0.9581
vn -0.1251 0.2727 -0.9539
vn 0.2578 -0.1729 -0.9506
vn 0.0881 -0.1240 0.9884
vn -0.6937 0.7202 -0.0000
vn -0.5502 0.0152 -0.8349
vn -0.0006 -0.4046 -0.9145
vn 0.0915 -0.2808 -0.9554
vn -0.3198 0.1558 -0.9346
vn 0.7827 0.6020 0.1580
vn 0.1432 0.4610 0.8758
vn 0.5171 0.2798 0.8089
vn -0.5149 -0.7276 -0.4532
vn -0.7918 -0.3264 -0.5163
vn -0.4779 0.3858 -0.7892
vn 0.2584 -0.0538 0.9645
vn -0.0119 -0.2562 0.9665
vn 0.0870 0.2667 -0.9598
vn -0.9002 -0.4354 -0.0000
vn 0.6397 -0.7072 0.3011
vn -0.3928 0.8589 -0.3287
vn 0.2559 -0.6221 0.7399
vn -0.2542 0.5961 -0.7616
vn 0.5415 -0.3992 0.7399
vn -0.7113 0.5844 -0.3907
vn 0.3933 -0.8596 0.3263
vn 0.1751 -0.2360 -0.9558
vn 0.9127 0.4087 -0.0000
vn 0.7254 0.6883 -0.0000
vn -0.4774 0.8787 0.0016
vn -0.4338 0.9010 0.0087
vn -0.2935 0.7684 -0.5687
vn 0.7028 0.6440 -0.3022
vn 0.0901 0.4507 -0.8881
vn 0.8437 0.4331 -0.3172
vn 0.4509 -0.0349 -0.8919
vn 0.6929 -0.7210 -0.0000
vn 0.6269 -0.7790 -0.0119
vn 0.5213 -0.8534 -0.0000
vn -0.7092 -0.7048 0.0185
vn -0.8154 -0.5786 0.0188
vn -0.6506 -0.7595 -0.0000
vn -0.8933 -0.4494 -0.0000
vn -0.6482 0.7614 -0.0000
vn -0.7243 0.6894 0.0131
vn -0.6249 0.7807 -0.0000
vn -0.5961 0.8028 0.0115
vn -0.6966 -0.7175 -0.0000
vn -0.6107 -0.7383 0.2865
vn -0.1575 -0.3757 0.9132
vn -0.8679 -0.4967 -0.0000
vn -0.8477 -0.4251 0.3173
vn -0.4332 0.0049 0.9013
vn 0.6188 -0.5555 0.5554
vn 0.6163 -0.7874 -0.0141
vn 0.5873 -0.8093 -0.0017
vn -0.5366 0.6242 -0.5678
vn -0.6554 0.7552 0.0152
vn 0.2673 -0.7797 0.5662
vn 0.3480 -0.9375 -0.0063
vn 0.3297 -0.9441 -0.0016
vn -0.4775 0.8787 0.0016
vn 0.6313 0.7754 -0.0180
vn 0.7286 0.6849 -0.0000
vn 0.5675 0.6559 0.4977
vn 0.8031 0.5958 -0.0000
vn 0.8622 0.5062 -0.0188
vn -0.7038 -0.5109 -0.4936
vn -0.4475 0.8943 -0.0000
vn -0.1822 0.6769 -0.7131
vn 0.0382 0.4238 0.9049
vn 0.1606 0.0434 0.9861
vn -0.4371 -0.4372 0.7860
vn 0.2584 -0.0539 0.9645
vn -0.9003 -0.4354 -0.0000
vn 0.5416 -0.3992 0.7398
vn 0.1751 -0.2361 -0.9558
vn 0.5213 -0.8533 -0.0000
vn -0.5961 0.8029 0.0115
vn -0.1575 -0.3757 0.9133
vn -0.8477 -0.4251 0.3174
vn 0.5873 -0.8093 -0.0016
vn 0.3480 -0.9375 -0.0062
vn 0.7286 0.6850 -0.0000
vn 0.5675 0.6559 0.4978
vn 0.2512 0.9679 -0.0000
vn -0.7697 0.6385 -0.0000
vn -0.2673 -0.9636 -0.0000
vn 0.6430 -0.7659 -0.0000
vn 0.0064 0.6669 -0.7451
vn 0.2353 0.0954 0.9672
vn 0.0561 -0.2476 0.9672
vn -0.5437 -0.3862 -0.7451
vn 0.6127 -0.2579 0.7471
vn -0.0247 -0.0996 -0.9947
vn 0.3862 -0.5437 -0.7451
vn -0.2476 -0.0561 0.9672
vn -0.0954 0.2353 0.9672
vn 0.6669 -0.0064 -0.7451
vn -0.0737 0.0991 0.9923
vn 0.1258 0.5198 0.8450
vn 0.3110 0.0985 0.9453
vn 0.2863 -0.1105 0.9517
vn 0.6724 0.7402 -0.0000
vn -0.7246 0.0172 -0.6890
vn -0.4394 0.5463 -0.7131
vn 0.3019 -0.0375 -0.9526
vn 0.1343 -0.4222 -0.8965
vn 0.1338 -0.4662 0.8745
vn -0.2628 0.0066 -0.9648
vn -0.0508 0.2497 -0.9670
vn -0.6753 0.0349 0.7367
vn -0.1357 0.4033 0.9049
vn -0.4129 0.0829 0.9070
vn 0.2084 -0.4119 -0.8871
vn 0.4388 -0.2883 -0.8511
vn -0.3168 0.6024 0.7326
vn 0.1296 0.1044 0.9861
vn -0.0158 -0.7172 -0.6966
vn -0.4654 -0.4548 -0.7593
vn 0.1922 0.6485 0.7365
vn 0.9669 -0.2551 -0.0000
vn -0.3738 -0.2414 0.8955
vn -0.1406 0.3744 -0.9165
vn 0.1488 -0.0777 -0.9858
vn -0.2378 0.0943 -0.9667
vn -0.2732 0.1361 0.9523
vn 0.0539 -0.6195 0.7832
vn -0.2647 -0.8258 -0.4980
vn 0.0520 -0.4315 0.9006
vn 0.3403 0.2296 -0.9119
vn 0.1290 0.3452 -0.9296
vn 0.0331 0.4019 -0.9151
vn -0.2241 -0.5762 0.7860
vn 0.4182 0.7616 0.4951
vn 0.2728 0.0363 0.9614
vn -0.2381 0.1590 0.9581
vn -0.2244 0.1993 -0.9539
vn 0.3056 -0.0545 -0.9506
vn 0.1306 -0.0780 0.9884
vn -0.9250 0.3799 -0.0000
vn -0.5097 -0.2076 -0.8349
vn 0.1624 -0.3706 -0.9145
vn 0.1968 -0.2202 -0.9554
vn -0.3554 0.0138 -0.9346
vn 0.4741 0.8662 0.1580
vn -0.0545 0.4796 0.8758
vn 0.3607 0.4643 0.8089
vn -0.1784 -0.8734 -0.4532
vn -0.5933 -0.6176 -0.5163
vn -0.5928 0.1607 -0.7892
vn 0.2582 0.0548 0.9645
vn 0.0922 -0.2393 0.9665
vn -0.0278 0.2791 -0.9598
vn -0.6488 -0.7610 -0.0000
vn 0.8703 -0.3897 0.3011
vn -0.7054 0.6280 -0.3287
vn 0.4847 -0.4664 0.7399
vn -0.4727 0.4433 -0.7616
vn 0.6564 -0.1473 0.7399
vn -0.8863 0.2485 -0.3907
vn 0.7061 -0.6285 0.3263
vn 0.2553 -0.1456 -0.9558
vn 0.6709 0.7416 -0.0000
vn 0.3868 0.9222 -0.0000
vn -0.7908 0.6121 0.0016
vn -0.7598 0.6500 0.0087
vn -0.5781 0.5852 -0.5687
vn 0.3840 0.8725 -0.3022
vn -0.0990 0.4488 -0.8881
vn 0.5979 0.7361 -0.3172
vn 0.4268 0.1496 -0.8919
vn 0.9246 -0.3810 -0.0000
vn 0.8875 -0.4606 -0.0119
vn 0.8208 -0.5712 -0.0000
vn -0.3653 -0.9307 0.0185
vn -0.5135 -0.8579 0.0188
vn -0.2897 -0.9571 -0.0000
vn -0.6368 -0.7710 -0.0000
vn -0.9000 0.4360 -0.0000
vn -0.9406 0.3394 0.0131
vn -0.8863 0.4631 -0.0000
vn -0.8689 0.4949 0.0115
vn -0.3487 -0.9372 -0.0000
vn -0.2617 -0.9217 0.2865
vn 0.0071 -0.4073 0.9132
vn -0.5945 -0.8041 -0.0000
vn -0.6048 -0.7304 0.3173
vn -0.3985 -0.1700 0.9013
vn 0.7901 -0.2593 0.5554
vn 0.8812 -0.4726 -0.0140
vn 0.8635 -0.5044 -0.0016
vn -0.7425 0.3553 -0.5678
vn -0.9039 0.4274 0.0152
vn 0.5586 -0.6061 0.5662
vn 0.6960 -0.7180 -0.0062
vn 0.6819 -0.7314 -0.0016
vn 0.2657 0.9639 -0.0180
vn 0.3911 0.9203 -0.0000
vn 0.2554 0.8289 0.4978
vn 0.4952 0.8688 -0.0000
vn 0.5854 0.8105 -0.0188
vn -0.4385 -0.7510 -0.4937
vn -0.7245 0.0172 -0.6890
vn -0.1357 0.4033 0.9050
vn -0.4388 0.2883 0.8511
vn 0.3402 0.2296 -0.9119
vn 0.6564 -0.1473 0.7398
vn 0.3868 0.9221 -0.0000
vn -0.3654 -0.9307 0.0185
vn -0.6048 -0.7304 0.3174
vn 0.8812 -0.4726 -0.0141
vn 0.6960 -0.7180 -0.0063
vn -0.4385 -0.7510 -0.4936
vn -0.6401 -0.7683 -0.0000
vn 0.4237 -0.9058 -0.0000
vn 0.6528 0.7575 -0.0000
vn -0.2548 0.9670 -0.0000
vn -0.2903 -0.6004 -0.7451
vn -0.2535 0.0141 0.9672
vn 0.0549 0.2479 0.9672
vn 0.6565 0.1173 -0.7451
vn -0.4441 0.4946 0.7471
vn 0.0649 0.0795 -0.9947
vn -0.1173 0.6565 -0.7451
vn 0.2479 -0.0549 0.9672
vn -0.0141 -0.2535 0.9672
vn -0.6004 0.2903 -0.7451
vn 0.0244 -0.1211 0.9923
vn -0.3355 -0.4164 0.8450
vn -0.3233 0.0435 0.9453
vn -0.2118 0.2221 0.9517
vn -0.9239 -0.3826 -0.0000
vn 0.6480 -0.3247 -0.6890
vn 0.1644 -0.6815 -0.7131
vn -0.2570 0.1627 -0.9526
vn 0.0587 0.4391 -0.8965
vn 0.0779 0.4787 0.8745
vn 0.2348 -0.1181 -0.9648
vn -0.0605 -0.2475 -0.9670
vn 0.5959 -0.3197 0.7367
vn -0.0493 -0.4226 0.9050
vn 0.3381 -0.2511 0.9070
vn -0.0128 0.4614 -0.8871
vn 0.2739 -0.4480 0.8511
vn 0.0295 -0.6800 0.7326
vn -0.1617 -0.0392 0.9861
vn 0.3203 0.6420 -0.6966
vn 0.6150 0.2128 -0.7593
vn -0.4505 -0.5045 0.7365
vn -0.7657 0.6433 -0.0000
vn 0.4411 0.0588 0.8955
vn -0.0326 -0.3986 -0.9165
vn -0.1014 0.1338 -0.9858
vn 0.1749 -0.1867 -0.9667
vn 0.1890 -0.2396 0.9523
vn 0.2155 0.5833 0.7832
vn 0.5917 0.6339 -0.4980
vn 0.1370 0.4124 0.9006
vn -0.4057 -0.0625 -0.9119
vn -0.2639 -0.2572 -0.9296
vn -0.2014 -0.3493 -0.9151
vn 0.4485 0.4255 0.7860
vn -0.7031 -0.5104 0.4951
vn -0.2622 0.0836 0.9614
vn 0.1475 -0.2454 0.9581
vn 0.1179 -0.2759 -0.9539
vn -0.2531 0.1797 -0.9506
vn -0.0848 0.1262 0.9884
vn 0.6745 -0.7383 -0.0000
vn 0.5496 -0.0296 -0.8349
vn 0.0112 0.4044 -0.9145
vn -0.0841 0.2831 -0.9554
vn 0.3155 -0.1641 -0.9346
vn -0.7983 -0.5812 0.1580
vn -0.1553 -0.4570 0.8758
vn -0.5243 -0.2661 0.8089
vn 0.5339 0.7138 -0.4532
vn 0.8001 0.3054 -0.5163
vn 0.4676 -0.3982 -0.7892
vn -0.2569 0.0606 0.9645
vn 0.0187 0.2558 0.9665
vn -0.0940 -0.2643 -0.9598
vn 0.9114 0.4115 -0.0000
vn -0.6209 0.7238 0.3011
vn 0.3700 -0.8689 -0.3287
vn -0.2394 0.6286 0.7399
vn 0.2384 -0.6026 -0.7616
vn -0.5308 0.4133 0.7399
vn 0.6956 -0.6029 -0.3907
vn -0.3705 0.8696 0.3263
vn -0.1688 0.2406 -0.9558
vn -0.9231 -0.3845 -0.0000
vn -0.7433 -0.6690 -0.0000
vn 0.4541 -0.8909 0.0016
vn 0.4099 -0.9121 0.0087
vn 0.2732 -0.7759 -0.5687
vn -0.7195 -0.6253 -0.3022
vn -0.1019 -0.4482 -0.8881
vn -0.8548 -0.4107 -0.3172
vn -0.4498 0.0468 -0.8919
vn -0.6737 0.7391 -0.0000
vn -0.6062 0.7952 -0.0119
vn -0.4987 0.8668 -0.0000
vn 0.7275 0.6859 0.0185
vn 0.8304 0.5569 0.0188
vn 0.6703 0.7420 -0.0000
vn 0.9049 0.4257 -0.0000
vn 0.6279 -0.7783 -0.0000
vn 0.7059 -0.7082 0.0131
vn 0.6041 -0.7969 -0.0000
vn 0.5747 -0.8183 0.0115
vn 0.7152 0.6989 -0.0000
vn 0.6299 0.7219 0.2865
vn 0.1673 0.3714 0.9133
vn 0.8807 0.4736 -0.0000
vn 0.8586 0.4026 0.3174
vn 0.4329 -0.0163 0.9013
vn -0.6040 0.5716 0.5554
vn -0.5953 0.8033 -0.0140
vn -0.5658 0.8245 -0.0016
vn 0.5200 -0.6381 -0.5678
vn 0.6352 -0.7722 0.0152
vn -0.2467 0.7865 0.5662
vn -0.3232 0.9463 -0.0062
vn -0.3047 0.9524 -0.0016
vn -0.6515 -0.7584 -0.0180
vn -0.7464 -0.6655 -0.0000
vn -0.5846 -0.6407 0.4978
vn -0.8185 -0.5744 -0.0000
vn -0.8753 -0.4833 -0.0188
vn 0.7170 0.4922 -0.4936
vn -0.9980 0.0638 -0.0000
vn -0.4816 -0.8764 -0.0000
vn 0.9968 -0.0804 -0.0000
vn 0.6306 0.7761 -0.0000
vn -0.6561 -0.1197 -0.7451
vn -0.1381 0.2130 0.9672
vn 0.2325 0.1019 0.9672
vn 0.4819 -0.4610 -0.7451
vn 0.1375 0.6504 0.7471
vn 0.1025 -0.0055 -0.9947
vn 0.4610 0.4819 -0.7451
vn 0.1019 -0.2325 0.9672
vn -0.2130 -0.1381 0.9672
vn -0.1197 0.6561 -0.7451
vn -0.0834 -0.0911 0.9923
vn -0.5342 0.0253 0.8450
vn -0.1555 0.2868 0.9453
vn 0.0544 0.3020 0.9517
vn -0.8539 0.5204 -0.0000
vn 0.1200 -0.7148 -0.6890
vn -0.4534 -0.5347 -0.7131
vn -0.0202 0.3035 -0.9526
vn 0.3892 0.2116 -0.8965
vn 0.4325 0.2194 0.8745
vn 0.0431 -0.2593 -0.9648
vn -0.2356 -0.0971 -0.9670
vn 0.0933 -0.6698 0.7367
vn -0.3704 -0.2094 0.9049
vn -0.0034 -0.4211 0.9070
vn 0.3651 0.2825 -0.8871
vn 0.2002 0.4854 -0.8511
vn -0.5317 -0.4249 0.7326
vn -0.1270 0.1075 0.9861
vn 0.7073 0.1200 -0.6966
vn 0.5345 -0.3711 -0.7593
vn -0.6732 0.0662 0.7365
vn 0.0679 0.9977 -0.0000
vn 0.3077 -0.3215 0.8955
vn -0.3411 -0.2088 -0.9165
vn 0.0482 0.1608 -0.9858
vn -0.0477 -0.2514 -0.9667
vn -0.0821 -0.2940 0.9523
vn 0.5981 0.1700 0.7832
vn 0.8609 -0.1040 -0.4980
vn 0.4139 0.1326 0.9006
vn -0.2898 0.2907 -0.9119
vn -0.3634 0.0614 -0.9296
vn -0.4009 -0.0434 -0.9151
vn 0.6082 -0.1112 0.7860
vn -0.8269 0.2668 0.4951
vn -0.0871 0.2611 0.9614
vn -0.1112 -0.2639 0.9581
vn -0.1533 -0.2580 -0.9539
vn -0.0042 0.3104 -0.9506
vn 0.0519 0.1429 0.9884
vn -0.1983 -0.9801 -0.0000
vn 0.3002 -0.4613 -0.8349
vn 0.3332 0.2295 -0.9145
vn 0.1791 0.2349 -0.9554
vn 0.0536 -0.3516 -0.9346
vn -0.9402 0.3019 0.1580
vn -0.4606 -0.1442 0.8758
vn -0.5241 0.2665 0.8089
vn 0.8914 -0.0102 -0.4532
vn 0.7186 -0.4660 -0.5163
vn -0.0458 -0.6124 -0.7892
vn -0.1026 0.2432 0.9645
vn 0.2176 0.1358 0.9665
vn -0.2689 -0.0800 -0.9598
vn 0.8698 -0.4933 -0.0000
vn 0.2183 0.9283 0.3011
vn -0.4835 -0.8113 -0.3287
vn 0.3664 0.5641 0.7399
vn -0.3460 -0.5479 -0.7616
vn 0.0207 0.6725 0.7398
vn -0.0766 -0.9173 -0.3907
vn 0.4838 0.8121 0.3263
vn 0.0947 0.2782 -0.9558
vn -0.8549 0.5187 -0.0000
vn -0.9786 0.2057 -0.0000
vn -0.4516 -0.8922 0.0016
vn -0.4948 -0.8690 0.0087
vn -0.4654 -0.6782 -0.5687
vn -0.9293 0.2123 -0.3021
vn -0.4220 -0.1820 -0.8881
vn -0.8358 0.4481 -0.3172
vn -0.2276 0.3909 -0.8919
vn 0.1995 0.9799 -0.0000
vn 0.2847 0.9586 -0.0119
vn 0.4059 0.9139 -0.0000
vn 0.9829 -0.1829 0.0185
vn 0.9395 -0.3422 0.0188
vn 0.9946 -0.1037 -0.0000
vn 0.8775 -0.4796 -0.0000
vn -0.2581 -0.9661 -0.0000
vn -0.1556 -0.9877 0.0131
vn -0.2873 -0.9578 -0.0000
vn -0.3219 -0.9467 0.0115
vn 0.9862 -0.1654 -0.0000
vn 0.9545 -0.0829 0.2865
vn 0.3987 0.0839 0.9132
vn 0.9019 -0.4319 -0.0000
vn 0.8315 -0.4559 0.3173
vn 0.2422 -0.3592 0.9013
vn 0.1054 0.8249 0.5554
vn 0.2976 0.9546 -0.0141
vn 0.3321 0.9432 -0.0016
vn -0.2086 -0.7963 -0.5678
vn -0.2489 -0.9684 0.0152
vn 0.4896 0.6631 0.5662
vn 0.5736 0.8191 -0.0062
vn 0.5894 0.8078 -0.0016
vn -0.9967 0.0788 -0.0180
vn -0.9777 0.2102 -0.0000
vn -0.8622 0.0942 0.4978
vn -0.9467 0.3222 -0.0000
vn -0.9065 0.4218 -0.0188
vn 0.8203 -0.2887 -0.4936
vn -0.3635 -0.9316 -0.0000
vn 0.6890 -0.7247 -0.0000
vn 0.3790 0.9254 -0.0000
vn -0.5482 0.8363 -0.0000
vn -0.0850 -0.6615 -0.7451
vn -0.2449 -0.0670 0.9672
vn -0.0265 0.2525 0.9672
vn 0.5855 0.3194 -0.7451
vn -0.5780 0.3283 0.7471
vn 0.0363 0.0960 -0.9947
vn -0.3194 0.5855 -0.7451
vn 0.2525 0.0265 0.9672
vn 0.0670 -0.2449 0.9672
vn -0.6615 0.0850 -0.7451
vn 0.0615 -0.1071 0.9923
vn -0.1862 -0.5013 0.8450
vn -0.3204 -0.0612 0.9453
vn -0.2713 0.1435 0.9517
vn -0.7549 -0.6558 -0.0000
vn 0.7175 -0.1025 -0.6890
vn 0.3719 -0.5943 -0.7131
vn -0.2954 0.0729 -0.9526
vn -0.0836 0.4351 -0.8965
vn -0.0779 0.4787 0.8745
vn 0.2601 -0.0376 -0.9648
vn 0.0210 -0.2539 -0.9670
vn 0.6665 -0.1143 0.7367
vn 0.0872 -0.4165 0.9049
vn 0.4002 -0.1310 0.9070
vn -0.1584 0.4335 -0.8871
vn -0.4018 0.3381 -0.8511
vn 0.2436 -0.6355 0.7326
vn -0.1410 -0.0884 0.9861
vn 0.1002 0.7104 -0.6966
vn 0.5158 0.3968 -0.7593
vn -0.2673 -0.6213 0.7365
vn -0.9301 0.3674 -0.0000
vn 0.3997 0.1956 0.8955
vn 0.0954 -0.3884 -0.9165
vn -0.1386 0.0947 -0.9858
vn 0.2251 -0.1217 -0.9667
vn 0.2552 -0.1674 0.9523
vn 0.0195 0.6215 0.7832
vn 0.3602 0.7888 -0.4980
vn -0.0008 0.4346 0.9006
vn -0.3649 -0.1879 -0.9119
vn -0.1688 -0.3276 -0.9296
vn -0.0803 -0.3952 -0.9151
vn 0.2905 0.5458 0.7860
vn -0.5051 -0.7069 0.4951
vn -0.2752 -0.0038 0.9614
vn 0.2177 -0.1860 0.9581
vn 0.1993 -0.2243 -0.9539
vn -0.2971 0.0902 -0.9506
vn -0.1205 0.0929 0.9884
vn 0.8738 -0.4863 -0.0000
vn 0.5306 0.1461 -0.8349
vn -0.1176 0.3871 -0.9145
vn -0.1695 0.2419 -0.9554
vn 0.3513 -0.0556 -0.9346
vn -0.5729 -0.8043 0.1580
vn -0.0024 -0.4827 0.8758
vn -0.4129 -0.4186 0.8089
vn 0.2801 0.8463 -0.4532
vn 0.6620 0.5433 -0.5163
vn 0.5697 -0.2294 -0.7892
vn -0.2629 -0.0239 0.9645
vn -0.0634 0.2486 0.9665
vn -0.0053 -0.2805 -0.9598
vn 0.7340 0.6792 -0.0000
vn -0.8183 0.4896 0.3011
vn 0.6264 -0.7068 -0.3287
vn -0.4264 0.5203 0.7399
vn 0.4171 -0.4959 -0.7616
vn -0.6345 0.2237 0.7398
vn 0.8509 -0.3513 -0.3907
vn -0.6271 0.7073 0.3263
vn -0.2364 0.1747 -0.9558
vn -0.7536 -0.6573 -0.0000
vn -0.4929 -0.8701 -0.0000
vn 0.7131 -0.7010 0.0016
vn 0.6779 -0.7351 0.0087
vn 0.5051 -0.6492 -0.5687
vn -0.4842 -0.8211 -0.3021
vn 0.0454 -0.4574 -0.8881
vn -0.6806 -0.6605 -0.3172
vn -0.4415 -0.0983 -0.8919
vn -0.8732 0.4874 -0.0000
vn -0.8270 0.5620 -0.0119
vn -0.7477 0.6640 -0.0000
vn 0.4725 0.8811 0.0185
vn 0.6110 0.7914 0.0188
vn 0.4005 0.9163 -0.0000
vn 0.7232 0.6906 -0.0000
vn 0.8423 -0.5390 -0.0000
vn 0.8940 -0.4479 0.0131
vn 0.8255 -0.5643 -0.0000
vn 0.8045 -0.5939 0.0115
vn 0.4568 0.8896 -0.0000
vn 0.3686 0.8844 0.2864
vn 0.0410 0.4053 0.9132
vn 0.6852 0.7284 -0.0000
vn 0.6867 0.6540 0.3173
vn 0.4158 0.1218 0.9013
vn -0.7540 0.3506 0.5554
vn -0.8193 0.5732 -0.0141
vn -0.7980 0.6026 -0.0016
vn 0.6955 -0.4404 -0.5678
vn 0.8473 -0.5310 0.0152
vn -0.4833 0.6677 0.5662
vn -0.6065 0.7950 -0.0063
vn -0.5909 0.8067 -0.0016
vn -0.3774 -0.9259 -0.0180
vn -0.4969 -0.8678 -0.0000
vn -0.3513 -0.7930 0.4977
vn -0.5942 -0.8043 -0.0000
vn -0.6769 -0.7358 -0.0188
vn 0.5240 0.6941 -0.4936
vn -0.9909 -0.1345 -0.0000
vn -0.2990 -0.9542 -0.0000
vn 0.9930 0.1180 -0.0000
vn 0.4649 0.8853 -0.0000
vn -0.6196 -0.2468 -0.7451
vn -0.1774 0.1816 0.9672
vn 0.2078 0.1458 0.9672
vn 0.5635 -0.3568 -0.7451
vn 0.0063 0.6647 0.7471
vn 0.1015 0.0149 -0.9947
vn 0.3568 0.5635 -0.7451
vn 0.1458 -0.2078 0.9672
vn -0.1816 -0.1774 0.9672
vn -0.2468 0.6196 -0.7451
vn -0.0638 -0.1058 0.9923
vn -0.5286 -0.0807 0.8450
vn -0.2091 0.2504 0.9453
vn -0.0063 0.3068 0.9517
vn -0.9399 0.3416 -0.0000
vn 0.2587 -0.6770 -0.6890
vn -0.3389 -0.6137 -0.7131
vn -0.0797 0.2936 -0.9526
vn 0.3398 0.2843 -0.8965
vn 0.3807 0.3005 0.8745
vn 0.0935 -0.2457 -0.9648
vn -0.2118 -0.1417 -0.9670
vn 0.2237 -0.6382 0.7367
vn -0.3218 -0.2785 0.9050
vn 0.0798 -0.4135 0.9070
vn 0.3021 0.3490 -0.8871
vn 0.1005 0.5154 -0.8511
vn -0.4373 -0.5215 0.7326
vn -0.1458 0.0803 0.9861
vn 0.6697 0.2573 -0.6966
vn 0.5973 -0.2583 -0.7593
vn -0.6730 -0.0680 0.7365
vn -0.1304 0.9915 -0.0000
vn 0.3651 -0.2544 0.8955
vn -0.2932 -0.2720 -0.9165
vn 0.0155 0.1671 -0.9858
vn 0.0029 -0.2558 -0.9667
vn -0.0224 -0.3044 0.9523
vn 0.5528 0.2847 0.7832
vn 0.8645 0.0681 -0.4980
vn 0.3795 0.2117 0.9006
vn -0.3415 0.2278 -0.9119
vn -0.3683 -0.0115 -0.9296
vn -0.3845 -0.1217 -0.9151
vn 0.6182 0.0111 0.7860
vn -0.8633 0.0983 0.4951
vn -0.1370 0.2387 0.9614
vn -0.0569 -0.2806 0.9581
vn -0.0993 -0.2832 -0.9539
vn -0.0654 0.3035 -0.9506
vn 0.0227 0.1504 0.9884
vn -0.0009 -1.0000 -0.0000
vn 0.3854 -0.3929 -0.8349
vn 0.2814 0.2907 -0.9145
vn 0.1292 0.2656 -0.9554
vn 0.1219 -0.3341 -0.9346
vn -0.9813 0.1103 0.1580
vn -0.4231 -0.2323 0.8758
vn -0.5664 0.1577 0.8089
vn 0.8758 0.1660 -0.4532
vn 0.7964 -0.3149 -0.5163
vn 0.0760 -0.6094 -0.7892
vn -0.1486 0.2182 0.9645
vn 0.1865 0.1761 0.9665
vn -0.2478 -0.1315 -0.9598
vn 0.9501 -0.3119 -0.0000
vn 0.0307 0.9531 0.3011
vn -0.3138 -0.8908 -0.3287
vn 0.2478 0.6254 0.7399
vn -0.2310 -0.6054 -0.7616
vn -0.1125 0.6633 0.7398
vn 0.1060 -0.9144 -0.3907
vn 0.3139 0.8916 0.3263
vn 0.0379 0.2914 -0.9558
vn -0.9405 0.3397 -0.0000
vn -1.0000 0.0084 -0.0000
vn -0.2666 -0.9638 0.0016
vn -0.3135 -0.9496 0.0087
vn -0.3224 -0.7568 -0.5687
vn -0.9529 0.0246 -0.3021
vn -0.3778 -0.2618 -0.8881
vn -0.9078 0.2743 -0.3172
vn -0.3002 0.3382 -0.8919
vn 0.0021 1.0000 -0.0000
vn 0.0898 0.9959 -0.0119
vn 0.2174 0.9761 -0.0000
vn 0.9997 0.0147 0.0185
vn 0.9885 -0.1499 0.0188
vn 0.9955 0.0947 -0.0000
vn 0.9549 -0.2970 -0.0000
vn -0.0623 -0.9981 -0.0000
vn 0.0425 -0.9990 0.0131
vn -0.0925 -0.9957 -0.0000
vn -0.1286 -0.9916 0.0115
vn 0.9995 0.0326 -0.0000
vn 0.9521 0.1072 0.2865
vn 0.3742 0.1610 0.9132
vn 0.9694 -0.2453 -0.0000
vn 0.9052 -0.2828 0.3173
vn 0.3083 -0.3043 0.9013
vn -0.0596 0.8294 0.5554
vn 0.1033 0.9946 -0.0141
vn 0.1394 0.9902 -0.0016
vn -0.0473 -0.8218 -0.5678
vn -0.0528 -0.9985 0.0152
vn 0.3491 0.7467 0.5662
vn 0.4005 0.9163 -0.0063
vn 0.4183 0.9083 -0.0016
vn -0.9927 -0.1196 -0.0180
vn -0.9999 0.0131 -0.0000
vn -0.8638 -0.0779 0.4977
vn -0.9917 0.1289 -0.0000
vn -0.9719 0.2345 -0.0188
vn 0.8612 -0.1210 -0.4936
vn -0.8492 0.5281 -0.0028
vn -0.8384 -0.5440 -0.0343
vn 0.8403 -0.5422 0.0022
vn 0.9223 0.3852 0.0314
vn -0.6185 0.2269 -0.7523
vn -0.0420 0.2243 0.9736
vn 0.2320 -0.0488 0.9715
vn 0.2230 -0.6119 -0.7589
vn 0.4122 0.4857 0.7709
vn 0.1093 -0.0239 -0.9937
vn 0.6500 0.2284 -0.7248
vn -0.0411 -0.2815 0.9587
vn -0.2739 -0.0494 0.9605
vn 0.2207 0.6564 -0.7214
vn -0.1380 -0.0701 0.9879
vn -0.4770 0.2499 0.8426
vn -0.0220 0.2981 0.9543
vn 0.1700 0.2122 0.9623
vn -0.5065 0.8621 0.0145
vn -0.2170 -0.6658 -0.7139
vn -0.6367 -0.2353 -0.7344
vn 0.1463 0.3050 -0.9411
vn 0.4623 0.0288 -0.8862
vn 0.4658 -0.0372 0.8841
vn -0.0636 -0.2202 -0.9734
vn -0.2324 0.0545 -0.9711
vn -0.2502 -0.6557 0.7124
vn -0.4449 -0.0360 0.8948
vn -0.2216 -0.3960 0.8911
vn 0.4743 0.1023 -0.8744
vn 0.4242 0.3579 -0.8319
vn -0.6851 -0.1443 0.7140
vn -0.0825 0.1256 0.9886
vn 0.6950 -0.2083 -0.6882
vn 0.3121 -0.5572 -0.7695
vn -0.5778 0.3549 0.7350
vn 0.5312 0.8465 0.0365
vn 0.0998 -0.4550 0.8849
vn -0.3793 0.0045 -0.9253
vn 0.1398 0.1479 -0.9791
vn -0.1398 -0.1703 -0.9754
vn -0.2318 -0.2482 0.9406
vn 0.5903 -0.1563 0.7919
vn 0.7202 -0.4840 -0.4970
vn 0.4078 -0.1056 0.9070
vn -0.0982 0.4200 -0.9022
vn -0.2710 0.2534 -0.9286
vn -0.3539 0.1784 -0.9181
vn 0.4663 -0.4088 0.7845
vn -0.6132 0.6114 0.5002
vn 0.0257 0.2427 0.9698
vn -0.2434 -0.2081 0.9473
vn -0.2363 -0.1265 -0.9634
vn 0.1635 0.3034 -0.9387
vn 0.0919 0.0721 0.9932
vn -0.6378 -0.7693 -0.0366
vn 0.0647 -0.5235 -0.8495
vn 0.4218 0.0715 -0.9038
vn 0.2894 0.1504 -0.9453
vn -0.0987 -0.3074 -0.9465
vn -0.6892 0.7058 0.1640
vn -0.4930 0.0650 0.8676
vn -0.3534 0.4586 0.8153
vn 0.7904 -0.4171 -0.4487
vn 0.4242 -0.7349 -0.5291
vn -0.3126 -0.4944 -0.8111
vn 0.0037 0.2342 0.9722
vn 0.2349 -0.0119 0.9719
vn -0.2539 0.0850 -0.9635
vn 0.5333 -0.8458 -0.0134
vn 0.6244 0.7053 0.3357
vn -0.8022 -0.4761 -0.3604
vn 0.5733 0.3016 0.7618
vn -0.5472 -0.2963 -0.7828
vn 0.3199 0.5605 0.7639
vn -0.4924 -0.7600 -0.4241
vn 0.8029 0.4767 0.3580
vn 0.2356 0.2285 -0.9446
vn -0.5082 0.8611 0.0144
vn -0.7651 0.6439 0.0024
vn -0.8195 -0.5721 -0.0331
vn -0.8467 -0.5315 -0.0254
vn -0.7182 -0.3603 -0.5953
vn -0.7120 0.6354 -0.2990
vn -0.4386 0.0655 -0.8963
vn -0.5178 0.7993 -0.3050
vn 0.0035 0.4782 -0.8783
vn 0.6387 0.7686 0.0366
vn 0.7039 0.7098 0.0243
vn 0.7894 0.6129 0.0352
vn 0.7792 -0.6265 0.0169
vn 0.6657 -0.7461 0.0112
vn 0.8273 -0.5617 0.0013
vn 0.5465 -0.8373 -0.0129
vn -0.6839 -0.7287 -0.0364
vn -0.6040 -0.7966 -0.0235
vn -0.7057 -0.7076 -0.0362
vn -0.7311 -0.6818 -0.0245
vn 0.7908 -0.6120 -0.0009
vn 0.7956 -0.5329 0.2881
vn 0.3711 -0.1416 0.9177
vn 0.5906 -0.8069 -0.0110
vn 0.5104 -0.8041 0.3049
vn 0.0241 -0.4575 0.8889
vn 0.4705 0.6601 0.5855
vn 0.7135 0.7003 0.0221
vn 0.7383 0.6736 0.0343
vn -0.5477 -0.5858 -0.5974
vn -0.6772 -0.7355 -0.0212
vn 0.7324 0.3356 0.5924
vn 0.8925 0.4503 0.0264
vn 0.9010 0.4327 0.0307
vn -0.8406 0.5413 -0.0203
vn -0.7621 0.6475 0.0026
vn -0.7259 0.4760 0.4964
vn -0.6819 0.7314 0.0068
vn -0.5990 0.8007 -0.0082
vn 0.5971 -0.6276 -0.4996
vn 0.2604 -0.9655 -0.0028
vn 0.9841 -0.1744 -0.0343
vn -0.2443 0.9697 0.0022
vn -0.9371 0.3477 0.0314
vn 0.2973 -0.5879 -0.7523
vn -0.1224 -0.1926 0.9736
vn -0.1363 0.1940 0.9715
vn 0.2545 0.5994 -0.7589
vn -0.6327 -0.0738 0.7709
vn -0.0636 0.0920 -0.9937
vn -0.6310 0.2766 -0.7248
vn 0.2221 0.1778 0.9587
vn 0.2339 -0.1508 0.9605
vn -0.6092 -0.3292 -0.7214
vn 0.1487 -0.0429 0.9879
vn 0.1781 -0.5082 0.8426
vn -0.1873 -0.2330 0.9543
vn -0.2690 -0.0391 0.9623
vn -0.2180 -0.9758 0.0145
vn 0.6130 0.3386 -0.7139
vn 0.6260 -0.2624 -0.7344
vn -0.3151 -0.1231 -0.9411
vn -0.3576 0.2945 -0.8862
vn -0.3152 0.3450 0.8841
vn 0.1968 0.1176 -0.9734
vn 0.1327 -0.1984 -0.9711
vn 0.6303 0.3086 0.7124
vn 0.3498 -0.2773 0.8948
vn 0.4322 0.1382 0.8911
vn -0.4166 0.2489 -0.8744
vn 0.5543 -0.0279 0.8319
vn 0.5993 -0.3620 0.7140
vn -0.0254 -0.1481 0.9886
vn -0.3659 0.6265 -0.6882
vn 0.1521 0.6203 -0.7695
vn 0.1802 -0.6537 0.7350
vn -0.9659 -0.2563 0.0366
vn 0.2376 0.4007 0.8849
vn 0.2742 -0.2622 -0.9253
vn -0.2031 -0.0127 -0.9791
vn 0.2184 0.0291 -0.9754
vn 0.3388 0.0232 0.9406
vn -0.3249 0.5171 0.7919
vn -0.1962 0.8453 -0.4970
vn -0.2261 0.3554 0.9070
vn -0.2148 -0.3740 -0.9022
vn 0.0252 -0.3701 -0.9286
vn 0.1369 -0.3719 -0.9181
vn -0.0619 0.6170 0.7845
vn 0.0311 -0.8653 0.5002
vn -0.1844 -0.1599 0.9698
vn 0.3199 -0.0139 0.9473
vn 0.2590 -0.0687 -0.9634
vn -0.3266 -0.1102 -0.9387
vn -0.1164 0.0100 0.9932
vn 0.9912 0.1271 -0.0366
vn 0.3100 0.4268 -0.8495
vn -0.3572 0.2356 -0.9038
vn -0.3142 0.0876 -0.9453
vn 0.2819 0.1574 -0.9465
vn 0.0222 -0.9862 0.1640
vn 0.3160 -0.3839 0.8676
vn -0.0546 -0.5764 0.8153
vn -0.2931 0.8443 -0.4487
vn 0.1914 0.8267 -0.5291
vn 0.5659 0.1481 -0.8111
vn -0.1625 -0.1687 0.9722
vn -0.1636 0.1690 0.9719
vn 0.1276 -0.2354 -0.9635
vn 0.1873 0.9822 -0.0134
vn -0.9377 -0.0896 0.3357
vn 0.9112 -0.1994 -0.3604
vn -0.6249 0.1707 0.7618
vn 0.6022 -0.1568 -0.7828
vn -0.6163 -0.1915 0.7639
vn 0.8786 0.2196 -0.4241
vn -0.9122 0.1994 0.3580
vn -0.3281 -0.0062 -0.9446
vn -0.2161 -0.9763 0.0144
vn 0.1199 -0.9928 0.0024
vn 0.9895 -0.1410 -0.0331
vn 0.9816 -0.1892 -0.0253
vn 0.7709 -0.2267 -0.5953
vn 0.0869 -0.9503 -0.2990
vn 0.2759 -0.3472 -0.8963
vn -0.1668 -0.9376 -0.3050
vn -0.3288 -0.3471 -0.8783
vn -0.9914 -0.1260 0.0366
vn -0.9990 -0.0386 0.0243
vn -0.9953 0.0906 0.0352
vn -0.1421 0.9897 0.0169
vn 0.0225 0.9997 0.0112
vn -0.2215 0.9752 0.0013
vn 0.1719 0.9850 -0.0129
vn 0.9972 0.0660 -0.0364
vn 0.9851 0.1702 -0.0235
vn 0.9987 0.0358 -0.0362
vn 0.9997 -0.0005 -0.0245
vn -0.1605 0.9870 -0.0009
vn -0.2180 0.9324 0.2881
vn -0.1747 0.3567 0.9177
vn 0.1188 0.9929 -0.0110
vn 0.1756 0.9361 0.3048
vn 0.2945 0.3509 0.8889
vn -0.7944 -0.1615 0.5855
vn -0.9994 -0.0250 0.0221
vn -0.9993 0.0114 0.0343
vn 0.8001 0.0544 -0.5974
vn 0.9969 0.0756 -0.0212
vn -0.7644 0.2544 0.5924
vn -0.9597 0.2799 0.0264
vn -0.9539 0.2986 0.0307
vn 0.2451 -0.9693 -0.0203
vn 0.1153 -0.9933 0.0026
vn 0.2059 -0.8433 0.4964
vn -0.0006 -1.0000 0.0068
vn -0.1084 -0.9941 -0.0082
vn -0.0082 0.8662 -0.4996
vn 0.9994 0.0341 -0.0028
vn 0.3935 0.9187 -0.0343
vn -0.9998 -0.0175 0.0022
vn -0.5516 -0.8335 0.0314
vn 0.6401 0.1559 -0.7523
vn 0.1598 -0.1630 0.9736
vn -0.2199 -0.0886 0.9715
vn -0.5259 0.3841 -0.7589
vn -0.0720 -0.6329 0.7709
vn -0.1041 -0.0410 -0.9937
vn -0.4128 -0.5517 -0.7248
vn -0.1226 0.2567 0.9587
vn 0.2000 0.1936 0.9605
vn 0.1821 -0.6681 -0.7214
vn 0.0756 0.1351 0.9879
vn 0.5354 0.0580 0.8426
vn 0.1843 -0.2354 0.9543
vn -0.0231 -0.2709 0.9623
vn 0.9007 -0.4341 0.0145
vn -0.1904 0.6739 -0.7139
vn 0.3978 0.5500 -0.7344
vn 0.0483 -0.3348 -0.9411
vn -0.3680 -0.2813 -0.8862
vn -0.4076 -0.2285 0.8841
vn -0.0698 0.2183 -0.9734
vn 0.2234 0.0842 -0.9711
vn -0.1572 0.6840 0.7124
vn 0.3495 0.2776 0.8948
vn -0.0364 0.4524 0.8911
vn -0.3370 -0.3491 -0.8744
vn -0.1531 -0.5335 -0.8319
vn 0.4887 0.5014 0.7140
vn 0.1385 -0.0584 0.9886
vn -0.6933 -0.2140 -0.6882
vn -0.5695 0.2891 -0.7695
vn 0.6776 0.0269 0.7350
vn 0.0301 -0.9989 0.0365
vn -0.3362 0.3224 0.8849
vn 0.3176 0.2074 -0.9253
vn -0.0338 -0.2007 -0.9791
vn 0.0213 0.2193 -0.9754
vn 0.0544 0.3352 0.9406
vn -0.5774 -0.1988 0.7919
vn -0.8677 0.0010 -0.4970
vn -0.3975 -0.1394 0.9070
vn 0.3154 -0.2942 -0.9022
vn 0.3662 -0.0596 -0.9286
vn 0.3933 0.0488 -0.9181
vn -0.6149 0.0799 0.7845
vn 0.8498 -0.1664 0.5002
vn 0.1138 -0.2159 0.9698
vn 0.0863 0.3084 0.9473
vn 0.1258 0.2366 -0.9634
vn 0.0331 -0.3431 -0.9387
vn -0.0362 -0.1111 0.9932
vn 0.1015 0.9942 -0.0366
vn -0.3452 0.3989 -0.8495
vn -0.3106 -0.2943 -0.9038
vn -0.1567 -0.2861 -0.9453
vn -0.0892 0.3103 -0.9465
vn 0.9654 -0.2025 0.1640
vn 0.4457 0.2205 0.8676
vn 0.5489 -0.1842 0.8153
vn -0.8888 -0.0936 -0.4487
vn -0.7615 0.3743 -0.5291
vn -0.0156 0.5847 -0.8111
vn 0.1274 -0.1966 0.9722
vn -0.2018 -0.1209 0.9719
vn 0.2583 0.0707 -0.9635
vn -0.9140 0.4056 -0.0134
vn -0.1259 -0.9335 0.3357
vn 0.4012 0.8421 -0.3604
vn -0.3083 -0.5698 0.7618
vn 0.2896 0.5508 -0.7828
vn 0.0464 -0.6437 0.7639
vn -0.0141 0.9055 -0.4241
vn -0.4015 -0.8430 0.3580
vn -0.0685 -0.3209 -0.9446
vn 0.9016 -0.4323 0.0144
vn 0.9941 -0.1089 0.0024
vn 0.3622 0.9315 -0.0331
vn 0.4074 0.9129 -0.0253
vn 0.3959 0.6992 -0.5953
vn 0.9452 -0.1313 -0.2990
vn 0.4008 0.1898 -0.8963
vn 0.8752 -0.3756 -0.3050
vn 0.2633 -0.3991 -0.8783
vn -0.1026 -0.9940 0.0366
vn -0.1895 -0.9816 0.0243
vn -0.3145 -0.9486 0.0352
vn -0.9961 0.0865 0.0169
vn -0.9684 0.2491 0.0112
vn -1.0000 0.0059 0.0013
vn -0.9202 0.3913 -0.0129
vn 0.1623 0.9861 -0.0364
vn 0.0582 0.9980 -0.0235
vn 0.1922 0.9807 -0.0362
vn 0.2277 0.9734 -0.0245
vn -0.9977 0.0681 -0.0009
vn -0.9576 -0.0004 0.2881
vn -0.3871 -0.0890 0.9177
vn -0.9399 0.3414 -0.0110
vn -0.8717 0.3838 0.3048
vn -0.2748 0.3666 0.8889
vn -0.0233 -0.8103 0.5855
vn -0.2028 -0.9790 0.0221
vn -0.2382 -0.9706 0.0343
vn 0.1288 0.7915 -0.5974
vn 0.1529 0.9880 -0.0212
vn -0.4215 -0.6866 0.5924
vn -0.4906 -0.8710 0.0264
vn -0.5075 -0.8611 0.0307
vn 0.9996 0.0184 -0.0203
vn 0.9935 -0.1135 0.0026
vn 0.8681 0.0088 0.4964
vn 0.9737 -0.2279 0.0068
vn 0.9434 -0.3315 -0.0082
vn -0.8454 0.1889 -0.4996
vn 0.9859 -0.1674 -0.0000
vn 0.5702 0.8215 -0.0000
vn -0.9830 0.1837 -0.0000
vn -0.7080 -0.7063 -0.0000
vn 0.6650 0.0507 -0.7451
vn 0.1152 -0.2262 0.9672
vn -0.2419 -0.0771 0.9672
vn -0.4313 0.5087 -0.7451
vn -0.2044 -0.6325 0.7471
vn -0.1014 0.0161 -0.9947
vn -0.5087 -0.4313 -0.7451
vn -0.0771 0.2419 0.9672
vn 0.2262 0.1152 0.9672
vn 0.0507 -0.6650 -0.7451
vn 0.0924 0.0819 0.9923
vn 0.5286 -0.0808 0.8450
vn 0.1248 -0.3014 0.9453
vn -0.0855 -0.2947 0.9517
vn 0.7951 -0.6065 -0.0000
vn -0.0449 0.7234 -0.6890
vn 0.5066 0.4846 -0.7131
vn -0.0115 -0.3040 -0.9526
vn -0.4091 -0.1699 -0.8965
vn -0.4530 -0.1732 0.8745
vn -0.0159 0.2624 -0.9648
vn 0.2444 0.0720 -0.9670
vn -0.0230 0.6759 0.7367
vn 0.3902 0.1697 0.9049
vn 0.0473 0.4185 0.9070
vn -0.3925 -0.2429 -0.8871
vn -0.2497 -0.4619 -0.8511
vn 0.5731 0.3672 0.7326
vn 0.1151 -0.1201 0.9861
vn -0.7160 -0.0457 -0.6966
vn -0.4930 0.4248 -0.7593
vn 0.6626 -0.1360 0.7365
vn -0.1714 -0.9852 -0.0000
vn -0.2725 0.3518 0.8955
vn 0.3610 0.1721 -0.9165
vn -0.0647 -0.1549 -0.9858
vn 0.0736 0.2450 -0.9667
vn 0.1122 0.2838 0.9523
vn -0.6126 -0.1068 0.7832
vn -0.8454 0.1930 -0.4980
vn -0.4254 -0.0888 0.9006
vn 0.2579 -0.3193 -0.9119
vn 0.3550 -0.0989 -0.9296
vn 0.4032 0.0014 -0.9151
vn -0.5933 0.1739 0.7860
vn 0.7946 -0.3514 0.4951
vn 0.0595 -0.2687 0.9614
vn 0.1380 0.2509 0.9581
vn 0.1793 0.2406 -0.9539
vn -0.0281 -0.3092 -0.9506
vn -0.0665 -0.1368 0.9884
vn 0.2993 0.9542 -0.0000
vn -0.2505 0.4900 -0.8349
vn -0.3553 -0.1935 -0.9145
vn -0.2025 -0.2149 -0.9554
vn -0.0167 0.3553 -0.9346
vn 0.9036 -0.3981 0.1580
vn 0.4732 0.0954 0.8758
vn 0.4935 -0.3196 0.8089
vn -0.8855 0.1029 -0.4532
vn -0.6661 0.5382 -0.5163
vn 0.1093 0.6044 -0.7892
vn 0.0767 -0.2526 0.9645
vn -0.2306 -0.1124 0.9665
vn 0.2757 0.0516 -0.9598
vn -0.8138 0.5812 -0.0000
vn -0.3138 -0.9005 0.3011
vn 0.5653 0.7566 -0.3287
vn -0.4232 -0.5229 0.7399
vn 0.4012 0.5089 -0.7616
vn -0.0906 -0.6666 0.7398
vn 0.1717 0.9044 -0.3907
vn -0.5657 -0.7573 0.3263
vn -0.1232 -0.2669 -0.9558
vn 0.7963 -0.6049 -0.0000
vn 0.9519 -0.3064 -0.0000
vn 0.5421 0.8403 0.0017
vn 0.5826 0.8127 0.0087
vn 0.5335 0.6261 -0.5687
vn 0.9022 -0.3079 -0.3021
vn 0.4387 0.1371 -0.8881
vn 0.7846 -0.5327 -0.3172
vn 0.1856 -0.4124 -0.8919
vn -0.3004 -0.9538 -0.0000
vn -0.3829 -0.9237 -0.0119
vn -0.4988 -0.8667 -0.0000
vn -0.9586 0.2843 0.0185
vn -0.8987 0.4381 0.0188
vn -0.9784 0.2067 -0.0000
vn -0.8228 0.5684 -0.0000
vn 0.3573 0.9340 -0.0000
vn 0.2576 0.9662 0.0131
vn 0.3855 0.9227 -0.0000
vn 0.4187 0.9081 0.0115
vn -0.9637 0.2672 -0.0000
vn -0.9407 0.1818 0.2865
vn -0.4052 -0.0420 0.9132
vn -0.8521 0.5234 -0.0000
vn -0.7795 0.5400 0.3173
vn -0.2035 0.3825 0.9013
vn -0.1907 -0.8094 0.5554
vn -0.3954 -0.9184 -0.0141
vn -0.4285 -0.9035 -0.0017
vn 0.2904 0.7702 -0.5678
vn 0.3484 0.9372 0.0152
vn -0.5560 -0.6085 0.5662
vn -0.6557 -0.7550 -0.0063
vn -0.6703 -0.7421 -0.0016
vn 0.9831 -0.1821 -0.0180
vn 0.9504 -0.3109 -0.0000
vn 0.8477 -0.1835 0.4977
vn 0.9080 -0.4190 -0.0000
vn 0.8577 -0.5139 -0.0188
vn -0.7858 0.3725 -0.4936
vn 0.9291 0.3698 -0.0000
vn 0.0598 0.9982 -0.0000
vn -0.9352 -0.3542 -0.0000
vn -0.2374 -0.9714 -0.0000
vn 0.5416 0.3891 -0.7451
vn 0.2160 -0.1334 0.9672
vn -0.1665 -0.1916 0.9672
vn -0.6329 0.2102 -0.7451
vn 0.1543 -0.6466 0.7471
vn -0.0950 -0.0389 -0.9947
vn -0.2102 -0.6329 -0.7451
vn -0.1916 0.1665 0.9672
vn 0.1334 0.2160 0.9672
vn 0.3891 -0.5416 -0.7451
vn 0.0363 0.1180 0.9923
vn 0.4935 0.2059 0.8450
vn 0.2633 -0.1925 0.9453
vn 0.0802 -0.2962 0.9517
vn 0.9945 -0.1046 -0.0000
vn -0.4145 0.5945 -0.6890
vn 0.1808 0.6774 -0.7131
vn 0.1482 -0.2657 -0.9526
vn -0.2611 -0.3579 -0.8965
vn -0.2969 -0.3835 0.8745
vn -0.1500 0.2158 -0.9648
vn 0.1713 0.1886 -0.9670
vn -0.3711 0.5653 0.7367
vn 0.2450 0.3479 0.9049
vn -0.1772 0.3820 0.9070
vn -0.2089 -0.4116 -0.8871
vn -0.0269 0.5244 0.8511
vn 0.2985 0.6117 0.7326
vn 0.1608 -0.0427 0.9861
vn -0.5878 -0.4113 -0.6966
vn -0.6420 0.1064 -0.7593
vn 0.6367 0.2284 0.7365
vn 0.3659 -0.9306 -0.0000
vn -0.4157 0.1587 0.8955
vn 0.2188 0.3347 -0.9165
vn 0.0253 -0.1659 -0.9858
vn -0.0646 0.2475 -0.9667
vn -0.0517 0.3008 0.9523
vn -0.4677 -0.4098 0.7832
vn -0.8225 -0.2748 -0.4980
vn -0.3172 -0.2971 0.9006
vn 0.3864 -0.1386 -0.9119
vn 0.3547 0.1001 -0.9296
vn 0.3437 0.2109 -0.9151
vn -0.5972 -0.1600 0.7860
vn 0.8615 0.1130 0.4951
vn 0.1906 -0.1986 0.9614
vn -0.0126 0.2860 0.9581
vn 0.0280 0.2988 -0.9539
vn 0.1367 -0.2787 -0.9506
vn 0.0143 -0.1514 0.9884
vn -0.2405 0.9706 -0.0000
vn -0.4688 0.2883 -0.8349
vn -0.2029 -0.3501 -0.9145
vn -0.0612 -0.2889 -0.9554
vn -0.1990 0.2948 -0.9346
vn 0.9789 0.1298 0.1580
vn 0.3545 0.3276 0.8758
vn 0.5877 -0.0163 0.8089
vn -0.8098 -0.3725 -0.4532
vn -0.8489 0.1133 -0.5163
vn -0.2209 0.5731 -0.7892
vn 0.1968 -0.1759 0.9645
vn -0.1385 -0.2159 0.9665
vn 0.2087 0.1875 -0.9598
vn -0.9973 0.0733 -0.0000
vn 0.2003 -0.9323 0.3011
vn 0.0894 0.9402 -0.3287
vn -0.0895 -0.6667 0.7399
vn 0.0780 0.6433 -0.7616
vn 0.2693 -0.6165 0.7398
vn -0.3236 0.8618 -0.3907
vn -0.0893 -0.9410 0.3263
vn 0.0336 -0.2920 -0.9558
vn 0.9947 -0.1026 -0.0000
vn 0.9724 0.2333 -0.0000
vn 0.0260 0.9997 0.0017
vn 0.0750 0.9971 0.0087
vn 0.1301 0.8122 -0.5687
vn 0.9307 0.2062 -0.3021
vn 0.3034 0.3452 -0.8881
vn 0.9472 -0.0470 -0.3172
vn 0.3730 -0.2557 -0.8919
vn 0.2394 -0.9709 -0.0000
vn 0.1533 -0.9881 -0.0119
vn 0.0247 -0.9997 -0.0000
vn -0.9666 -0.2556 0.0185
vn -0.9955 -0.0932 0.0188
vn -0.9432 -0.3323 -0.0000
vn -0.9983 0.0576 -0.0000
vn -0.1805 0.9836 -0.0000
vn -0.2824 0.9592 0.0131
vn -0.1506 0.9886 -0.0000
vn -0.1146 0.9933 0.0115
vn -0.9620 -0.2729 -0.0000
vn -0.8980 -0.3339 0.2865
vn -0.3243 -0.2466 0.9133
vn -1.0000 0.0040 -0.0000
vn -0.9467 0.0559 0.3173
vn -0.3727 0.2209 0.9013
vn 0.2580 -0.7905 0.5554
vn 0.1399 -0.9901 -0.0141
vn 0.1038 -0.9946 -0.0017
vn -0.1525 0.8089 -0.5678
vn -0.1898 0.9817 0.0152
vn -0.1585 -0.8089 0.5662
vn -0.1675 -0.9859 -0.0063
vn -0.1867 -0.9824 -0.0016
vn 0.9344 0.3557 -0.0180
vn 0.9735 0.2287 -0.0000
vn 0.8195 0.2841 0.4977
vn 0.9934 0.1143 -0.0000
vn 0.9998 0.0071 -0.0188
vn -0.8650 -0.0904 -0.4936
vn 0.2798 0.9601 -0.0000
vn -0.7504 0.6610 -0.0000
vn -0.2957 -0.9553 -0.0000
vn 0.6200 -0.7846 -0.0000
vn 0.0262 0.6664 -0.7451
vn 0.2380 0.0883 0.9672
vn 0.0487 -0.2492 0.9672
vn -0.5550 -0.3699 -0.7451
vn 0.6048 -0.2759 0.7471
vn -0.0277 -0.0988 -0.9947
vn 0.3699 -0.5550 -0.7451
vn -0.2491 -0.0487 0.9672
vn -0.0883 0.2380 0.9672
vn 0.6664 -0.0262 -0.7451
vn -0.0707 0.1012 0.9923
vn 0.1411 0.5158 0.8450
vn 0.3138 0.0893 0.9453
vn 0.2829 -0.1189 0.9517
vn 0.6940 0.7199 -0.0000
vn -0.7237 0.0387 -0.6890
vn -0.4230 0.5591 -0.7131
vn 0.3006 -0.0465 -0.9526
vn 0.1217 -0.4260 -0.8965
vn 0.1199 -0.4700 0.8745
vn -0.2625 0.0144 -0.9648
vn -0.0434 0.2511 -0.9670
vn -0.6740 0.0550 0.7367
vn -0.1237 0.4071 0.9050
vn -0.4102 0.0951 0.9070
vn 0.1961 -0.4179 -0.8871
vn 0.4300 -0.3013 -0.8511
vn -0.2987 0.6115 0.7326
vn 0.1326 0.1005 0.9861
vn -0.0371 -0.7165 -0.6966
vn -0.4787 -0.4408 -0.7593
vn 0.2114 0.6425 0.7365
vn 0.9589 -0.2837 -0.0000
vn -0.3808 -0.2302 0.8955
vn -0.1294 0.3784 -0.9165
vn 0.1464 -0.0821 -0.9858
vn -0.2349 0.1013 -0.9667
vn -0.2690 0.1442 0.9523
vn 0.0355 -0.6208 0.7832
vn -0.2891 -0.8176 -0.4980
vn 0.0392 -0.4328 0.9006
vn 0.3469 0.2194 -0.9119
vn 0.1392 0.3412 -0.9296
vn 0.0451 0.4007 -0.9151
vn -0.2411 -0.5693 0.7860
vn 0.4406 0.7488 0.4951
vn 0.2738 0.0281 0.9614
vn -0.2333 0.1660 0.9581
vn -0.2184 0.2058 -0.9539
vn 0.3039 -0.0636 -0.9506
vn 0.1282 -0.0818 0.9884
vn -0.9133 0.4072 -0.0000
vn -0.5156 -0.1924 -0.8349
vn 0.1513 -0.3752 -0.9145
vn 0.1902 -0.2259 -0.9554
vn -0.3548 0.0244 -0.9346
vn 0.4996 0.8518 0.1580
vn -0.0403 0.4810 0.8758
vn 0.3743 0.4534 0.8089
vn -0.2042 -0.8677 -0.4532
vn -0.6114 -0.5997 -0.5163
vn -0.5877 0.1782 -0.7892
vn 0.2598 0.0471 0.9645
vn 0.0851 -0.2420 0.9665
vn -0.0195 0.2798 -0.9598
vn -0.6711 -0.7414 -0.0000
vn 0.8584 -0.4154 0.3011
vn -0.6864 0.6487 -0.3287
vn 0.4707 -0.4806 0.7399
vn -0.4593 0.4571 -0.7616
vn 0.6518 -0.1668 0.7398
vn -0.8786 0.2747 -0.3907
vn 0.6871 -0.6492 0.3263
vn 0.2509 -0.1531 -0.9558
vn 0.6926 0.7213 -0.0000
vn 0.4140 0.9103 -0.0000
vn -0.7723 0.6353 0.0016
vn -0.7402 0.6723 0.0087
vn -0.5604 0.6021 -0.5687
vn 0.4098 0.8607 -0.3021
vn -0.0857 0.4516 -0.8881
vn 0.6195 0.7180 -0.3172
vn 0.4311 0.1369 -0.8919
vn 0.9128 -0.4083 -0.0000
vn 0.8735 -0.4868 -0.0119
vn 0.8035 -0.5953 -0.0000
vn -0.3928 -0.9194 0.0185
vn -0.5387 -0.8423 0.0188
vn -0.3180 -0.9481 -0.0000
vn -0.6594 -0.7518 -0.0000
vn -0.8866 0.4625 -0.0000
vn -0.9301 0.3672 0.0131
vn -0.8722 0.4892 -0.0000
vn -0.8538 0.5205 0.0115
vn -0.3764 -0.9265 -0.0000
vn -0.2890 -0.9135 0.2865
vn -0.0050 -0.4074 0.9132
vn -0.6181 -0.7861 -0.0000
vn -0.6262 -0.7121 0.3173
vn -0.4034 -0.1581 0.9013
vn 0.7820 -0.2827 0.5554
vn 0.8668 -0.4985 -0.0141
vn 0.8481 -0.5298 -0.0017
vn -0.7316 0.3772 -0.5678
vn -0.8909 0.4540 0.0152
vn 0.5404 -0.6224 0.5662
vn 0.6744 -0.7383 -0.0063
vn 0.6599 -0.7514 -0.0016
vn -0.7723 0.6353 0.0017
vn 0.2942 0.9556 -0.0180
vn 0.4183 0.9083 -0.0000
vn 0.2799 0.8209 0.4977
vn 0.5208 0.8537 -0.0000
vn 0.6092 0.7928 -0.0188
vn -0.4606 -0.7377 -0.4936
vn 0.6259 0.7595 0.1775
vn -0.4338 0.8414 0.3223
vn -0.6387 -0.7498 -0.1729
vn 0.2667 -0.9073 -0.3252
vn 0.2018 0.8133 -0.5457
vn 0.3542 -0.2996 0.8859
vn 0.0509 -0.5359 0.8428
vn -0.7298 0.0878 -0.6780
vn 0.5272 -0.6797 0.5100
vn -0.1683 0.2277 -0.9591
vn 0.0471 -0.3891 -0.9200
vn -0.1452 -0.2570 0.9554
vn 0.1126 -0.0563 0.9920
vn 0.5224 -0.0190 -0.8525
vn 0.0787 -0.1916 0.9783
vn 0.4170 0.1509 0.8963
vn 0.4218 -0.3176 0.8493
vn 0.3141 -0.4943 0.8105
vn 0.9134 0.4060 0.0303
vn -0.7214 0.4910 -0.4883
vn -0.2480 0.8597 -0.4466
vn 0.1574 0.1504 -0.9760
vn -0.1468 -0.1440 -0.9786
vn 0.0214 -0.7277 0.6855
vn -0.3369 0.3985 -0.8530
vn -0.0452 0.5357 -0.8432
vn -0.5192 0.0497 0.8532
vn 0.1387 0.1253 0.9824
vn -0.2439 -0.0561 0.9682
vn -0.0745 -0.1648 -0.9835
vn 0.1887 -0.1512 -0.9703
vn 0.0385 0.4193 0.9070
vn 0.2643 -0.2589 0.9290
vn -0.3831 -0.4103 -0.8276
vn -0.6886 0.0034 -0.7251
vn 0.5187 0.2734 0.8101
vn 0.7702 -0.5762 -0.2735
vn -0.3433 -0.3519 0.8708
vn -0.0698 0.6625 -0.7458
vn -0.0013 0.1811 -0.9835
vn -0.2784 0.4671 -0.8392
vn -0.0908 -0.0741 0.9931
vn -0.1236 -0.8053 0.5798
vn -0.6321 -0.4762 -0.6112
vn -0.0356 -0.6755 0.7365
vn 0.3064 0.3588 -0.8817
vn 0.1608 0.5427 -0.8244
vn 0.0989 0.6230 -0.7760
vn -0.3572 -0.6670 0.6539
vn 0.7443 0.3648 0.5594
vn 0.3633 -0.3634 0.8579
vn -0.0490 -0.0686 0.9964
vn -0.2217 0.5505 -0.8048
vn 0.1539 0.1335 -0.9790
vn 0.1903 -0.4204 0.8872
vn -0.6809 0.6707 0.2943
vn -0.6349 0.2600 -0.7275
vn -0.1021 -0.1033 -0.9894
vn -0.0133 0.0290 -0.9995
vn -0.4146 0.4293 -0.8024
vn 0.8024 0.5403 0.2535
vn 0.2404 0.1718 0.9553
vn 0.6030 0.0278 0.7973
vn -0.5689 -0.5633 -0.5992
vn -0.8458 -0.1680 -0.5064
vn -0.5536 0.6000 -0.5775
vn 0.3580 -0.3428 0.8685
vn 0.0869 -0.5416 0.8362
vn -0.0114 0.5510 -0.8344
vn -0.9006 -0.4328 -0.0405
vn 0.6591 -0.7521 -0.0000
vn -0.4146 0.9100 -0.0051
vn 0.3248 -0.8142 0.4812
vn -0.3257 0.7962 -0.5099
vn 0.6116 -0.5962 0.5201
vn -0.7412 0.6614 -0.1151
vn 0.4148 -0.9099 0.0025
vn 0.0704 0.0733 -0.9948
vn 0.9126 0.4077 0.0310
vn 0.7298 0.6698 0.1367
vn -0.4637 0.8254 0.3222
vn -0.4193 0.8453 0.3312
vn -0.3423 0.8999 -0.2702
vn 0.6750 0.7202 -0.1603
vn 0.0015 0.7040 -0.7102
vn 0.8109 0.5271 -0.2543
vn 0.3539 0.2508 -0.9010
vn 0.6800 -0.6715 -0.2945
vn 0.6125 -0.7243 -0.3167
vn 0.5078 -0.8009 -0.3174
vn -0.7119 -0.6908 -0.1260
vn -0.8160 -0.5731 -0.0757
vn -0.6563 -0.7359 -0.1664
vn -0.8939 -0.4460 -0.0455
vn -0.6351 0.7108 0.3023
vn -0.7103 0.6366 0.3004
vn -0.6116 0.7296 0.3058
vn -0.5815 0.7477 0.3205
vn -0.7015 -0.6970 -0.1487
vn -0.5861 -0.8031 0.1068
vn -0.0650 -0.6419 0.7641
vn -0.8692 -0.4905 -0.0628
vn -0.8147 -0.5197 0.2573
vn -0.3356 -0.2819 0.8988
vn 0.6670 -0.6865 0.2895
vn 0.6016 -0.7318 -0.3203
vn 0.5738 -0.7571 -0.3123
vn -0.5857 0.7574 -0.2885
vn -0.6407 0.7000 0.3155
vn 0.3159 -0.9104 0.2672
vn 0.3338 -0.8825 -0.3312
vn 0.3160 -0.8907 -0.3269
vn 0.6354 0.7562 0.1563
vn 0.7330 0.6667 0.1353
vn 0.6249 0.4824 0.6138
vn 0.8060 0.5834 0.1001
vn 0.8616 0.5052 0.0485
vn -0.7582 -0.3486 -0.5510
vn 0.9651 -0.1924 0.1775
vn 0.5363 0.7801 0.3224
vn -0.9627 0.2083 -0.1729
vn -0.6733 -0.6640 -0.3252
vn 0.8121 0.2067 -0.5457
vn -0.0965 -0.4538 0.8859
vn -0.4481 -0.2982 0.8428
vn -0.2676 0.6846 -0.6780
vn -0.3496 -0.7859 0.5100
vn 0.1211 0.2560 -0.9591
vn -0.3206 -0.2255 -0.9200
vn -0.2951 0.0064 0.9554
vn 0.0036 -0.1258 0.9920
vn 0.2303 -0.4693 -0.8525
vn -0.1316 -0.1600 0.9783
vn 0.3301 -0.2961 0.8963
vn -0.0805 -0.5218 0.8493
vn -0.2871 -0.5105 0.8105
vn 0.7896 -0.6129 0.0303
vn 0.0915 0.8678 -0.4883
vn 0.6403 0.6250 -0.4466
vn 0.2069 -0.0675 -0.9760
vn -0.1963 0.0613 -0.9786
vn -0.6312 -0.3629 0.6855
vn 0.1919 0.4853 -0.8530
vn 0.4507 0.2931 -0.8432
vn -0.2017 0.4810 0.8532
vn 0.1760 -0.0629 0.9824
vn -0.1648 0.1884 0.9682
vn -0.1804 -0.0123 -0.9835
vn 0.0440 0.2378 0.9703
vn 0.3877 0.1643 0.9070
vn -0.1032 -0.3553 0.9290
vn -0.5426 0.1436 -0.8276
vn -0.3226 0.6084 -0.7251
vn 0.4861 -0.3278 0.8101
vn -0.1436 -0.9511 -0.2735
vn -0.4724 0.1361 0.8708
vn 0.5508 0.3747 -0.7458
vn 0.1589 0.0868 -0.9835
vn 0.2799 0.4662 -0.8392
vn -0.1082 0.0450 0.9931
vn -0.7681 -0.2718 0.5798
vn -0.7185 0.3319 -0.6112
vn -0.6120 -0.2881 0.7365
vn 0.4610 -0.1003 -0.8817
vn 0.5543 0.1149 -0.8244
vn 0.5957 0.2074 -0.7760
vn -0.7566 -0.0006 0.6539
vn 0.6734 -0.4834 0.5594
vn -0.1485 -0.4920 0.8579
vn -0.0836 0.0108 0.9964
vn 0.3803 0.4556 -0.8049
vn 0.1904 -0.0725 -0.9790
vn -0.2805 -0.3665 0.8872
vn 0.2690 0.9171 0.2943
vn -0.0711 0.6824 -0.7275
vn -0.1393 0.0411 -0.9894
vn 0.0192 0.0254 -0.9995
vn 0.1822 0.5683 -0.8024
vn 0.8554 -0.4517 0.2535
vn 0.2651 -0.1306 0.9553
vn 0.3096 -0.5182 0.7973
vn -0.7653 0.2349 -0.5992
vn -0.5479 0.6659 -0.5064
vn 0.2669 0.7715 -0.5775
vn -0.1328 -0.4776 0.8685
vn -0.4361 -0.3326 0.8362
vn 0.4801 0.2706 -0.8344
vn -0.8072 0.5889 -0.0405
vn -0.3511 -0.9364 -0.0000
vn 0.6059 0.7956 -0.0051
vn -0.5639 -0.6712 0.4812
vn 0.5476 0.6634 -0.5099
vn -0.2362 -0.8208 0.5201
vn 0.2323 0.9658 -0.1152
vn -0.6057 -0.7957 0.0025
vn 0.0980 -0.0273 -0.9948
vn 0.7907 -0.6114 0.0310
vn 0.9353 -0.3264 0.1367
vn 0.5080 0.7988 0.3222
vn 0.5466 0.7691 0.3312
vn 0.6311 0.7271 -0.2702
vn 0.9538 -0.2542 -0.1603
vn 0.6211 0.3316 -0.7102
vn 0.8479 -0.4653 -0.2543
vn 0.3883 -0.1933 -0.9010
vn -0.2701 -0.9167 -0.2945
vn -0.3486 -0.8821 -0.3167
vn -0.4656 -0.8261 -0.3174
vn -0.9454 0.3007 -0.1260
vn -0.8908 0.4481 -0.0757
vn -0.9588 0.2304 -0.1664
vn -0.8156 0.5768 -0.0455
vn 0.3260 0.8957 0.3023
vn 0.2252 0.9269 0.3004
vn 0.3538 0.8839 0.3058
vn 0.3839 0.8659 0.3205
vn -0.9458 0.2886 -0.1487
vn -0.9848 0.1368 0.1068
vn -0.5963 -0.2462 0.7641
vn -0.8431 0.5340 -0.0628
vn -0.8431 0.4722 0.2573
vn -0.4071 0.1625 0.8988
vn -0.2896 -0.9123 0.2895
vn -0.3604 -0.8761 -0.3203
vn -0.3959 -0.8636 -0.3123
vn 0.3905 0.8742 -0.2885
vn 0.3139 0.8955 0.3155
vn -0.6529 -0.7088 0.2671
vn -0.6199 -0.7114 -0.3312
vn -0.6354 -0.6995 -0.3269
vn 0.9668 -0.2024 0.1563
vn 0.9340 -0.3307 0.1353
vn 0.7206 -0.3226 0.6138
vn 0.8952 -0.4343 0.1001
vn 0.8525 -0.5204 0.0485
vn -0.6657 0.5033 -0.5510
vn 0.9454 0.1157 -0.3046
vn 0.5649 0.5853 0.5816
vn -0.9423 -0.1058 0.3176
vn -0.6952 -0.5496 -0.4632
vn 0.4389 0.7645 -0.4721
vn 0.3687 -0.8745 0.3152
vn 0.0280 -0.8664 0.4986
vn -0.6071 0.7894 0.0909
vn -0.0066 -0.9964 -0.0848
vn -0.3670 0.7807 -0.5058
vn -0.7001 0.2423 -0.6717
vn 0.1929 -0.6512 0.7340
vn 0.4823 -0.6581 0.5782
vn -0.1664 0.2296 -0.9590
vn 0.3597 -0.7254 0.5869
vn 0.7363 -0.6068 0.2996
vn 0.3705 -0.8974 0.2398
vn 0.1700 -0.9436 0.2842
vn 0.7532 -0.1729 -0.6347
vn -0.2158 0.9482 0.2331
vn 0.3037 0.9502 -0.0701
vn -0.2755 0.5856 -0.7624
vn -0.6402 0.5318 -0.5544
vn -0.2022 -0.8917 0.4050
vn -0.2718 0.9141 -0.3009
vn -0.0256 0.8639 -0.5031
vn 0.1910 -0.2108 0.9587
vn 0.6243 -0.5426 0.5620
vn 0.2997 -0.4770 0.8262
vn -0.6231 0.4866 -0.6124
vn 0.4802 -0.3647 0.7977
vn 0.7574 -0.2548 0.6012
vn 0.3759 -0.8296 0.4129
vn -0.8788 0.3771 -0.2923
vn -0.6720 0.7402 0.0245
vn 0.8347 -0.5228 0.1729
vn -0.1844 -0.5927 -0.7840
vn -0.0124 -0.5736 0.8190
vn 0.1022 0.9050 -0.4130
vn -0.3327 0.6849 -0.6483
vn -0.1865 0.9249 -0.3313
vn 0.3719 -0.5753 0.7286
vn -0.3792 -0.8154 0.4375
vn -0.9448 0.3259 0.0336
vn -0.1669 -0.8590 0.4840
vn -0.0054 0.6019 -0.7986
vn 0.0875 0.7611 -0.6427
vn 0.1399 0.8165 -0.5602
vn -0.3544 -0.6550 0.6674
vn 0.8920 -0.4238 -0.1573
vn 0.3127 -0.9057 0.2864
vn 0.3976 -0.5930 0.7002
vn -0.0814 0.9347 -0.3459
vn -0.2910 0.5775 -0.7628
vn 0.2013 -0.8795 0.4311
vn 0.3069 0.6024 0.7368
vn -0.4578 0.8890 -0.0033
vn -0.5938 0.5443 -0.5926
vn -0.4582 0.5974 -0.6582
vn -0.2625 0.9423 -0.2078
vn 0.9045 -0.1581 -0.3960
vn 0.6947 -0.5437 0.4709
vn 0.6880 -0.7203 0.0890
vn -0.9730 0.2308 -0.0098
vn -0.7704 0.5736 0.2783
vn -0.0969 0.9938 0.0549
vn 0.3304 -0.8954 0.2985
vn 0.0380 -0.8834 0.4672
vn 0.0061 0.8533 -0.5214
vn -0.7716 0.1546 0.6170
vn -0.2381 -0.8153 -0.5278
vn 0.4698 0.8097 0.3517
vn -0.2169 -0.9754 0.0388
vn 0.1896 0.9801 -0.0583
vn 0.1003 -0.9856 -0.1360
vn 0.0771 0.8587 0.5067
vn -0.4708 -0.8083 -0.3535
vn -0.3830 0.5853 -0.7146
vn 0.7544 -0.1717 -0.6336
vn 0.9100 0.0299 -0.4136
vn 0.5387 0.5886 0.6028
vn 0.5790 0.5760 0.5770
vn 0.3715 0.9206 0.1200
vn 0.7802 0.2594 -0.5693
vn 0.1840 0.8791 -0.4396
vn 0.6585 0.1195 -0.7430
vn -0.0714 0.5180 -0.8524
vn -0.3080 -0.6025 -0.7363
vn -0.3900 -0.5936 -0.7040
vn -0.4971 -0.5956 -0.6310
vn -0.9118 -0.0586 0.4064
vn -0.8511 0.0407 0.5234
vn -0.9375 -0.0919 0.3358
vn -0.7805 0.1455 0.6080
vn 0.3623 0.6034 0.7104
vn 0.2705 0.5899 0.7608
vn 0.3892 0.6030 0.6963
vn 0.4239 0.5927 0.6848
vn -0.9221 -0.0546 0.3831
vn -0.8240 -0.3263 0.4633
vn -0.1431 -0.8383 0.5261
vn -0.8096 0.1139 0.5758
vn -0.6534 -0.1144 0.7483
vn 0.0562 -0.5462 0.8358
vn -0.0489 -0.9405 -0.3363
vn -0.4024 -0.5915 -0.6987
vn -0.4307 -0.6001 -0.6741
vn 0.1407 0.9495 0.2805
vn 0.3579 0.5912 0.7228
vn -0.3935 -0.9135 -0.1030
vn -0.6476 -0.5610 -0.5156
vn -0.6602 -0.5605 -0.5000
vn 0.9376 0.1211 -0.3260
vn 0.9085 0.0271 -0.4170
vn 0.9471 -0.3198 -0.0262
vn 0.8655 -0.0430 -0.4991
vn 0.8101 -0.0923 -0.5790
vn -0.8827 0.4364 0.1740
vn -0.3031 -0.5941 -0.7451
vn -0.1644 0.1935 0.9672
vn 0.1644 0.1935 0.9672
vn 0.3031 -0.5941 -0.7451
vn 0.0858 0.4226 0.9022
vn 0.2490 -0.1533 -0.9563
vn 0.5941 0.3031 -0.7451
vn 0.1935 -0.1644 0.9672
vn -0.1935 -0.1644 0.9672
vn -0.5941 0.3031 -0.7451
vn -0.0423 -0.1231 0.9915
vn -0.6677 0.0756 0.7406
vn -0.1553 0.2698 0.9503
vn 0.2807 0.6437 0.7119
vn 0.0984 -0.5378 -0.8373
vn -0.3237 -0.6618 -0.6762
vn -0.2803 0.4128 -0.8666
vn 0.2656 0.2975 -0.9170
vn 0.1145 0.1718 0.9785
vn 0.2235 -0.3586 -0.9063
vn -0.2246 -0.1737 -0.9589
vn -0.0699 -0.6367 0.7680
vn -0.2243 -0.2783 0.9339
vn 0.1584 -0.3866 0.9086
vn 0.0504 0.5097 -0.8589
vn -0.2329 0.4403 -0.8671
vn 0.0061 0.2975 0.9547
vn 0.6298 0.2492 -0.7357
vn 0.6430 -0.3181 -0.6966
vn -0.4919 0.1169 0.8628
vn 0.2749 -0.0854 0.9577
vn -0.3645 -0.2056 -0.9082
vn 0.1060 0.3209 -0.9411
vn -0.0000 -0.2131 -0.9770
vn -0.1215 -0.1067 0.9868
vn 0.3833 0.2198 0.8971
vn -0.3521 0.1857 -0.9174
vn -0.4094 0.1405 -0.9015
vn -0.3657 -0.0456 -0.9296
vn 0.5733 -0.2274 0.7872
vn -0.0866 0.1403 0.9863
vn -0.1940 -0.0888 0.9770
vn -0.1959 -0.1653 -0.9666
vn -0.0027 0.0913 -0.9958
vn -0.0554 0.1119 0.9922
vn 0.3035 -0.1836 -0.9350
vn 0.4817 0.1004 -0.8706
vn 0.1997 0.1831 -0.9626
vn -0.0140 -0.1237 -0.9922
vn -0.9579 0.2024 0.2037
vn -0.5859 -0.0260 0.8099
vn -0.2257 0.4394 0.8695
vn 0.8386 -0.0508 -0.5423
vn 0.9284 -0.0367 -0.3698
vn -0.9656 -0.1949 0.1724
vn 0.1780 -0.6247 -0.7604
vn -0.1783 0.1923 0.9650
vn 0.1656 0.1969 0.9663
vn -0.0935 0.0083 -0.9956
vn -0.2150 0.9105 0.3531
vn -0.1130 -0.9044 -0.4115
vn 0.1722 0.6342 0.7537
vn -0.1697 0.6479 0.7426
vn 0.2148 -0.9005 -0.3780
vn -0.0447 0.9638 0.2629
vn 0.6666 -0.0190 -0.7451
vn -0.1043 -0.2315 0.9672
vn -0.2453 0.0655 0.9672
vn 0.4066 0.5286 -0.7451
vn -0.4186 -0.1037 0.9022
vn 0.0317 0.2907 -0.9563
vn -0.5286 0.4066 -0.7451
vn 0.0655 0.2453 0.9672
vn 0.2315 -0.1043 0.9672
vn -0.0190 -0.6667 -0.7451
vn 0.1294 0.0146 0.9915
vn 0.2181 -0.6355 0.7406
vn -0.1771 -0.2561 0.9503
vn -0.7019 -0.0226 0.7119
vn 0.4436 0.3196 -0.8373
vn 0.7367 -0.0085 -0.6762
vn -0.2527 -0.4303 -0.8666
vn -0.3827 0.1123 -0.9170
vn -0.2043 0.0298 0.9785
vn 0.2280 0.3557 -0.9063
vn 0.2532 -0.1284 -0.9589
vn 0.6051 0.2099 0.7680
vn 0.3476 -0.0832 0.9339
vn 0.2813 0.3089 0.9086
vn -0.4820 -0.1731 -0.8589
vn -0.2979 -0.3992 -0.8671
vn -0.2714 -0.1221 0.9547
vn -0.4953 0.4620 -0.7357
vn 0.0115 0.7173 -0.6966
vn 0.1054 -0.4945 0.8628
vn -0.0408 0.2849 0.9577
vn 0.3421 -0.2411 -0.9082
vn -0.3354 -0.0419 -0.9411
vn 0.1925 0.0914 -0.9770
vn 0.1485 -0.0639 0.9868
vn -0.3252 0.5258 0.7860
vn -0.3629 0.2519 0.8971
vn -0.0168 -0.3977 -0.9174
vn 0.0487 -0.4301 -0.9015
vn -0.0405 0.6154 0.7872
vn -0.0896 -0.1384 0.9863
vn 0.1634 -0.1371 0.9770
vn 0.2333 -0.1061 -0.9666
vn -0.0813 -0.0416 -0.9958
vn -0.0773 -0.0981 0.9922
vn 0.0357 0.3528 -0.9350
vn -0.2973 0.3921 -0.8706
vn -0.2510 0.1018 -0.9626
vn 0.1177 0.0404 -0.9922
vn 0.2280 -0.9521 0.2037
vn 0.2749 -0.5181 0.8099
vn -0.3001 -0.3924 0.8695
vn -0.3138 0.7794 -0.5423
vn 0.3651 -0.8544 0.3698
vn 0.5902 -0.7886 0.1724
vn 0.4879 0.4287 -0.7604
vn -0.0972 -0.2436 0.9650
vn -0.2489 0.0652 0.9663
vn 0.0326 -0.0881 -0.9956
vn -0.7303 -0.5848 0.3531
vn 0.8654 0.2859 -0.4115
vn -0.6468 -0.1164 0.7537
vn -0.5125 -0.4312 0.7426
vn 0.7214 0.5803 -0.3780
vn -0.8514 -0.4538 0.2629
vn -0.2699 -0.1163 -0.9558
vn -0.0220 0.6665 -0.7451
vn 0.2374 -0.0898 0.9672
vn -0.0503 -0.2488 0.9672
vn -0.5526 0.3733 -0.7451
vn 0.1293 -0.4114 0.9022
vn -0.2921 0.0138 -0.9563
vn -0.3734 -0.5526 -0.7451
vn -0.2488 0.0503 0.9672
vn 0.0898 0.2374 0.9672
vn 0.6666 0.0220 -0.7451
vn -0.0225 0.1283 0.9915
vn 0.6209 0.2568 0.7406
vn 0.2665 -0.1610 0.9503
vn 0.0657 -0.6992 0.7119
vn -0.3463 0.4231 -0.8373
vn -0.0368 0.7358 -0.6762
vn 0.4450 -0.2257 -0.8666
vn -0.0885 -0.3889 -0.9170
vn -0.0171 -0.2058 0.9785
vn -0.3691 0.2057 -0.9063
vn 0.1125 0.2606 -0.9589
vn -0.2467 0.5911 0.7680
vn 0.0617 0.3521 0.9339
vn -0.3256 0.2617 0.9086
vn 0.2024 -0.4705 -0.8589
vn 0.4168 -0.2727 -0.8671
vn 0.1385 -0.2634 0.9547
vn -0.4307 -0.5228 -0.7357
vn -0.7167 -0.0326 -0.6967
vn 0.4871 0.1356 0.8628
vn -0.2819 -0.0582 0.9577
vn 0.2196 0.3563 -0.9082
vn 0.0624 -0.3322 -0.9411
vn -0.1031 0.1865 -0.9770
vn 0.0547 0.1521 0.9868
vn -0.2291 -0.3778 0.8971
vn 0.3980 0.0077 -0.9174
vn 0.4263 0.0751 -0.9015
vn -0.6117 -0.0783 0.7872
vn 0.1436 -0.0809 0.9863
vn 0.1268 0.1716 0.9770
vn 0.0915 0.2394 -0.9666
vn 0.0465 -0.0786 -0.9958
vn 0.1027 -0.0711 0.9922
vn -0.3544 0.0139 -0.9350
vn -0.3730 -0.3209 -0.8706
vn -0.0862 -0.2568 -0.9626
vn -0.0476 0.1150 -0.9922
vn 0.9363 0.2861 0.2037
vn 0.5003 0.3062 0.8099
vn 0.4101 -0.2754 0.8695
vn -0.7586 -0.3611 -0.5423
vn 0.8303 0.4169 0.3698
vn 0.7508 0.6376 0.1724
vn -0.4579 0.4607 -0.7604
vn 0.2491 -0.0820 0.9650
vn -0.0498 -0.2524 0.9663
vn 0.0859 0.0379 -0.9956
vn 0.6286 -0.6930 0.3531
vn -0.3385 0.8462 -0.4115
vn 0.1560 -0.6384 0.7537
vn 0.4619 -0.4850 0.7426
vn -0.6236 0.6843 -0.3780
vn 0.5053 -0.8219 0.2629
vn -0.5885 0.3137 -0.7451
vn 0.1964 0.1609 0.9672
vn 0.1905 -0.1678 0.9672
vn -0.5994 -0.2924 -0.7451
vn 0.4210 -0.0934 0.9022
vn -0.1578 -0.2462 -0.9563
vn 0.2924 -0.5994 -0.7451
vn -0.1678 -0.1905 0.9672
vn -0.1609 0.1964 0.9672
vn 0.3137 0.5885 -0.7451
vn -0.1224 0.0445 0.9915
vn 0.0875 0.6662 0.7406
vn 0.2726 0.1505 0.9503
vn 0.6386 -0.2922 0.7119
vn -0.5395 -0.0887 -0.8373
vn -0.6559 0.3356 -0.6762
vn 0.4178 0.2728 -0.8666
vn 0.2927 -0.2709 -0.9170
vn 0.1697 -0.1176 0.9785
vn -0.3625 -0.2170 -0.9063
vn -0.1696 0.2276 -0.9589
vn -0.6353 0.0814 0.7680
vn -0.2742 0.2292 0.9339
vn -0.3894 -0.1514 0.9086
vn 0.5087 -0.0596 -0.8589
vn 0.4444 0.2249 -0.8671
vn 0.2973 -0.0115 0.9547
vn 0.2379 -0.6342 -0.7357
vn -0.3296 -0.6372 -0.6966
vn 0.1257 0.4897 0.8628
vn -0.0903 -0.2733 0.9577
vn -0.1991 0.3682 -0.9082
vn 0.3190 -0.1118 -0.9411
vn -0.2130 0.0038 -0.9770
vn -0.1045 0.1233 0.9868
vn 0.0572 -0.6156 0.7860
vn 0.2129 -0.3872 0.8971
vn 0.1920 0.3487 -0.9174
vn 0.1478 0.4069 -0.9015
vn -0.2376 -0.5691 0.7872
vn 0.1418 0.0841 0.9863
vn -0.0853 0.1955 0.9770
vn -0.1617 0.1988 -0.9666
vn 0.0913 0.0010 -0.9958
vn 0.1129 0.0534 0.9922
vn -0.1890 -0.3001 -0.9350
vn 0.0917 -0.4834 -0.8706
vn 0.1795 -0.2029 -0.9626
vn -0.1234 0.0162 -0.9922
vn 0.2196 0.9541 0.2037
vn -0.0155 0.5863 0.8099
vn 0.4434 0.2178 0.8695
vn -0.0659 -0.8376 -0.5423
vn -0.0534 -0.9276 -0.3698
vn -0.1775 0.9689 0.1724
vn -0.6278 -0.1667 -0.7604
vn 0.1955 0.1748 0.9650
vn 0.1939 -0.1691 0.9663
vn 0.0100 0.0934 -0.9956
vn 0.9143 0.1986 0.3531
vn -0.9022 0.1292 -0.4115
vn 0.6310 -0.1836 0.7537
vn 0.6509 0.1580 0.7426
vn -0.9042 -0.1986 -0.3780
vn 0.9644 0.0274 0.2629
vn 0.2935 -0.0161 -0.9558
vn -0.1346 0.6532 -0.7451
vn 0.2492 -0.0483 0.9672
vn -0.0074 -0.2538 0.9672
vn -0.6078 0.2744 -0.7451
vn 0.1971 -0.3836 0.9022
vn -0.2902 -0.0359 -0.9563
vn -0.2744 -0.6079 -0.7451
vn -0.2537 0.0074 0.9672
vn 0.0483 0.2492 0.9672
vn 0.6532 0.1346 -0.7451
vn -0.0439 0.1226 0.9915
vn 0.5685 0.3582 0.7406
vn 0.2899 -0.1136 0.9503
vn 0.1831 -0.6780 0.7119
vn -0.4129 0.3584 -0.8373
vn -0.1608 0.7190 -0.6762
vn 0.4768 -0.1472 -0.8666
vn -0.0214 -0.3982 -0.9170
vn 0.0179 -0.2057 0.9785
vn -0.3986 0.1403 -0.9063
vn 0.0668 0.2759 -0.9589
vn -0.3432 0.5407 0.7680
vn 0.0012 0.3574 0.9339
vn -0.3652 0.2028 0.9086
vn 0.2791 -0.4294 -0.8589
vn 0.4569 -0.1983 -0.8671
vn 0.1811 -0.2361 0.9547
vn -0.3360 -0.5881 -0.7357
vn -0.7008 -0.1534 -0.6966
vn 0.4571 0.2161 0.8628
vn -0.2679 -0.1051 0.9577
vn 0.1561 0.3883 -0.9082
vn 0.1178 -0.3168 -0.9411
vn -0.1331 0.1663 -0.9770
vn 0.0281 0.1592 0.9868
vn -0.1619 -0.4111 0.8971
vn 0.3909 0.0750 -0.9174
vn 0.4074 0.1462 -0.9015
vn -0.5897 -0.1807 0.7872
vn 0.1553 -0.0554 0.9863
vn 0.0959 0.1906 0.9770
vn 0.0497 0.2514 -0.9666
vn 0.0591 -0.0696 -0.9958
vn 0.1132 -0.0527 0.9922
vn -0.3516 -0.0463 -0.9350
vn -0.3133 -0.3794 -0.8706
vn -0.0415 -0.2677 -0.9626
vn -0.0664 0.1053 -0.9922
vn 0.8743 0.4405 0.2037
vn 0.4412 0.3865 0.8099
vn 0.4508 -0.2020 0.8695
vn -0.6865 -0.4843 -0.5424
vn 0.7478 0.5515 0.3698
vn 0.6321 0.7555 0.1724
vn -0.5292 0.3765 -0.7604
vn 0.2594 -0.0387 0.9650
vn -0.0063 -0.2572 0.9663
vn 0.0782 0.0519 -0.9956
vn 0.7368 -0.5765 0.3531
vn -0.4769 0.7767 -0.4115
vn 0.2618 -0.6028 0.7537
vn 0.5373 -0.3998 0.7426
vn -0.7304 0.5689 -0.3780
vn 0.6371 -0.7245 0.2629
vn -0.7008 -0.1534 -0.6967
vn 0.2571 0.2641 -0.9296
vn -0.6865 -0.4843 -0.5423
vn -0.7477 -0.5515 -0.3698
vn -0.5293 0.3765 -0.7604
vn -0.3862 0.5437 -0.7451
vn 0.2476 0.0561 0.9672
vn 0.0954 -0.2353 0.9672
vn -0.6669 0.0064 -0.7451
vn 0.3348 -0.2718 0.9022
vn -0.2512 -0.1497 -0.9563
vn -0.0064 -0.6669 -0.7451
vn -0.2353 -0.0954 0.9672
vn -0.0561 0.2476 0.9672
vn 0.5437 0.3862 -0.7451
vn -0.0895 0.0945 0.9915
vn 0.3761 0.5568 0.7406
vn 0.3111 0.0127 0.9503
vn 0.4406 -0.5469 0.7119
vn -0.5223 0.1618 -0.8373
vn -0.4367 0.5934 -0.6762
vn 0.4957 0.0573 -0.8666
vn 0.1407 -0.3732 -0.9170
vn 0.0992 -0.1811 0.9785
vn -0.4213 -0.0321 -0.9064
vn -0.0499 0.2795 -0.9589
vn -0.5319 0.3568 0.7680
vn -0.1428 0.3277 0.9339
vn -0.4160 0.0386 0.9086
vn 0.4284 -0.2807 -0.8589
vn 0.4981 0.0025 -0.8671
vn 0.2609 -0.1432 0.9547
vn -0.0707 -0.6736 -0.7357
vn -0.5797 -0.4226 -0.6966
vn 0.3314 0.3819 0.8628
vn -0.2029 -0.2041 0.9577
vn -0.0135 0.4183 -0.9082
vn 0.2354 -0.2426 -0.9411
vn -0.1888 0.0987 -0.9770
vn -0.0383 0.1571 0.9868
vn 0.0173 -0.4415 0.8971
vn 0.3276 0.2260 -0.9174
vn 0.3141 0.2979 -0.9015
vn -0.4670 -0.4028 0.7872
vn 0.1644 0.0118 0.9863
vn 0.0111 0.2131 0.9770
vn -0.0558 0.2502 -0.9666
vn 0.0822 -0.0399 -0.9958
vn 0.1249 -0.0027 0.9922
vn -0.3032 -0.1839 -0.9350
vn -0.1341 -0.4734 -0.8706
vn 0.0698 -0.2617 -0.9626
vn -0.1031 0.0697 -0.9922
vn 0.6230 0.7553 0.2037
vn 0.2483 0.5314 0.8099
vn 0.4940 -0.0034 0.8695
vn -0.4334 -0.7197 -0.5423
vn 0.4624 0.8058 0.3698
vn 0.2744 0.9460 0.1724
vn -0.6360 0.1315 -0.7604
vn 0.2530 0.0690 0.9650
vn 0.0978 -0.2380 0.9663
vn 0.0507 0.0790 -0.9956
vn 0.9066 -0.2311 0.3531
vn -0.7492 0.5189 -0.4115
vn 0.4824 -0.4463 0.7537
vn 0.6528 -0.1496 0.7426
vn -0.8976 0.2266 -0.3780
vn 0.8749 -0.4067 0.2629
vn 0.1408 -0.3731 -0.9170
vn -0.4213 -0.0321 -0.9063
vn 0.2608 -0.1432 0.9547
vn -0.5797 -0.4226 -0.6967
vn -0.4334 -0.7197 -0.5424
vn 0.4624 0.8059 0.3698
vn -0.7493 0.5189 -0.4115
vn 0.1173 -0.6565 -0.7451
vn -0.2479 0.0549 0.9672
vn 0.0141 0.2535 0.9672
vn 0.6004 -0.2903 -0.7451
vn -0.1869 0.3887 0.9022
vn 0.2910 0.0282 -0.9563
vn 0.2903 0.6004 -0.7451
vn 0.2535 -0.0141 0.9672
vn -0.0549 -0.2479 0.9672
vn -0.6565 -0.1173 -0.7451
vn 0.0407 -0.1237 0.9915
vn -0.5777 -0.3431 0.7406
vn -0.2868 0.1212 0.9503
vn -0.1652 0.6826 0.7119
vn 0.4033 -0.3692 -0.8373
vn 0.1418 -0.7230 -0.6762
vn -0.4727 0.1597 -0.8666
vn 0.0319 0.3975 -0.9170
vn -0.0125 0.2061 0.9785
vn 0.3947 -0.1507 -0.9063
vn -0.0740 -0.2741 -0.9589
vn 0.3288 -0.5496 0.7680
vn -0.0106 -0.3573 0.9339
vn 0.3597 -0.2124 0.9086
vn -0.2677 0.4366 -0.8589
vn -0.4515 0.2102 -0.8671
vn -0.1748 0.2408 0.9547
vn 0.3514 0.5791 -0.7357
vn 0.7046 0.1349 -0.6966
vn -0.4626 -0.2040 0.8628
vn 0.2706 0.0980 0.9577
vn -0.1663 -0.3841 -0.9082
vn -0.1094 0.3198 -0.9411
vn 0.1287 -0.1698 -0.9770
vn -0.0323 -0.1584 0.9868
vn 0.1727 0.4067 0.8971
vn -0.3927 -0.0647 -0.9174
vn -0.4111 -0.1354 -0.9015
vn 0.5942 0.1651 0.7872
vn -0.1537 0.0595 0.9863
vn -0.1009 -0.1880 0.9770
vn -0.0563 -0.2500 -0.9666
vn -0.0573 0.0711 -0.9958
vn -0.1118 0.0557 0.9922
vn 0.3527 0.0370 -0.9350
vn 0.3232 0.3710 -0.8706
vn 0.0485 0.2665 -0.9626
vn 0.0636 -0.1070 -0.9922
vn -0.8856 -0.4173 0.2037
vn -0.4512 -0.3747 0.8099
vn -0.4453 0.2138 0.8695
vn 0.6990 0.4661 -0.5424
vn 0.7620 0.5316 -0.3698
vn -0.6518 -0.7386 0.1724
vn 0.5191 -0.3903 -0.7604
vn -0.2583 0.0455 0.9650
vn 0.0131 0.2569 0.9663
vn -0.0796 -0.0498 -0.9956
vn -0.7214 0.5958 0.3531
vn 0.4563 -0.7890 -0.4115
vn -0.2458 0.6095 0.7537
vn -0.5266 0.4138 0.7426
vn 0.7152 -0.5879 -0.3780
vn -0.6178 0.7411 0.2629
vn -0.4610 -0.4819 -0.7451
vn -0.1019 0.2325 0.9672
vn 0.2130 0.1381 0.9672
vn 0.1197 -0.6561 -0.7451
vn 0.2036 0.3801 0.9022
vn 0.1944 -0.2184 -0.9563
vn 0.6561 0.1197 -0.7451
vn 0.1381 -0.2130 0.9672
vn -0.2325 -0.1019 0.9672
vn -0.4819 0.4610 -0.7451
vn -0.0759 -0.1058 0.9915
vn -0.6178 0.2642 0.7406
vn -0.0713 0.3031 0.9503
vn 0.4538 0.5360 0.7119
vn -0.0602 -0.5434 -0.8373
vn -0.5002 -0.5409 -0.6762
vn -0.1499 0.4759 -0.8666
vn 0.3398 0.2087 -0.9170
vn 0.1591 0.1317 0.9785
vn 0.1111 -0.4077 -0.9063
vn -0.2650 -0.1018 -0.9589
vn -0.2499 -0.5897 0.7680
vn -0.2948 -0.2021 0.9339
vn 0.0406 -0.4158 0.9086
vn 0.1947 0.4737 -0.8589
vn -0.0965 0.4886 -0.8671
vn 0.0913 0.2832 0.9547
vn 0.6749 0.0578 -0.7357
vn 0.5245 -0.4894 -0.6966
vn -0.4376 0.2533 0.8628
vn 0.2387 -0.1607 0.9577
vn -0.4083 -0.0922 -0.9082
vn 0.1938 0.2769 -0.9411
vn -0.0612 -0.2041 -0.9770
vn -0.1470 -0.0673 0.9868
vn 0.6082 -0.1113 0.7860
vn 0.4303 0.1004 0.8971
vn -0.2839 0.2790 -0.9174
vn -0.3518 0.2522 -0.9015
vn -0.3634 0.0615 -0.9296
vn 0.4838 -0.3825 0.7872
vn -0.0426 0.1593 0.9863
vn -0.2113 -0.0294 0.9770
vn -0.2351 -0.1020 -0.9666
vn 0.0237 0.0882 -0.9958
vn -0.0210 0.1231 0.9922
vn 0.2379 -0.2630 -0.9350
vn 0.4902 -0.0422 -0.8706
vn 0.2438 0.1180 -0.9626
vn -0.0489 -0.1144 -0.9922
vn -0.8593 0.4691 0.2037
vn -0.5687 0.1434 0.8099
vn -0.0900 0.4857 0.8695
vn 0.7887 -0.2896 -0.5423
vn 0.8787 -0.3019 -0.3698
vn -0.9808 0.0907 0.1724
vn -0.0090 -0.6494 -0.7604
vn -0.1156 0.2354 0.9650
vn 0.2152 0.1410 0.9663
vn -0.0872 0.0349 -0.9956
vn 0.0556 0.9339 0.3531
vn -0.3681 -0.8338 -0.4115
vn 0.3472 0.5580 0.7537
vn 0.0236 0.6694 0.7426
vn -0.0530 -0.9243 -0.3780
vn 0.2341 0.9360 0.2629
vn 0.3194 -0.5855 -0.7451
vn -0.2525 -0.0265 0.9672
vn -0.0670 0.2449 0.9672
vn 0.6615 -0.0850 -0.7451
vn -0.3005 0.3094 0.9022
vn 0.2671 0.1190 -0.9563
vn 0.0850 0.6615 -0.7451
vn 0.2449 0.0670 0.9672
vn 0.0265 -0.2525 0.9672
vn -0.5855 -0.3194 -0.7451
vn 0.0778 -0.1044 0.9915
vn -0.4392 -0.5085 0.7406
vn -0.3104 0.0240 0.9503
vn -0.3731 0.5950 0.7119
vn 0.4995 -0.2223 -0.8373
vn 0.3637 -0.6407 -0.6762
vn -0.4990 0.0016 -0.8666
vn -0.0958 0.3871 -0.9170
vn -0.0772 0.1915 0.9785
vn 0.4222 -0.0178 -0.9063
vn 0.0166 -0.2834 -0.9589
vn 0.4861 -0.4170 0.7680
vn 0.1032 -0.3422 0.9339
vn 0.4085 -0.0874 0.9086
vn -0.3923 0.3292 -0.8589
vn -0.4949 0.0562 -0.8671
vn -0.2421 0.1730 0.9547
vn 0.1497 0.6606 -0.7357
vn 0.6255 0.3513 -0.6966
vn -0.3741 -0.3401 0.8628
vn 0.2256 0.1787 0.9577
vn -0.0360 -0.4170 -0.9082
vn -0.2051 0.2687 -0.9411
vn 0.1759 -0.1202 -0.9770
vn 0.0195 -0.1605 0.9868
vn 0.0348 0.4405 0.8971
vn -0.3520 -0.1858 -0.9174
vn -0.3470 -0.2588 -0.9015
vn 0.5112 0.3450 0.7872
vn -0.1647 0.0077 0.9863
vn -0.0361 -0.2103 0.9770
vn 0.0259 -0.2550 -0.9666
vn -0.0769 0.0493 -0.9958
vn -0.1237 0.0174 0.9922
vn 0.3228 0.1469 -0.9350
vn 0.1890 0.4543 -0.8706
vn -0.0385 0.2681 -0.9626
vn 0.0942 -0.0813 -0.9922
vn -0.7077 -0.6765 0.2037
vn -0.3092 -0.4984 0.8099
vn -0.4901 0.0616 0.8695
vn 0.5152 0.6636 -0.5424
vn -0.5542 -0.7457 0.3698
vn -0.3840 -0.9071 0.1724
vn 0.6161 -0.2056 -0.7604
vn -0.2594 -0.0387 0.9650
vn -0.0691 0.2478 0.9663
vn -0.0597 -0.0725 -0.9956
vn -0.8730 0.3363 0.3531
vn 0.6828 -0.6037 -0.4115
vn -0.4264 0.5001 0.7537
vn -0.6306 0.2256 0.7426
vn 0.8647 -0.3309 -0.3780
vn -0.8209 0.5070 0.2629
vn -0.2364 0.1746 -0.9558
vn -0.3568 -0.5635 -0.7451
vn -0.1458 0.2078 0.9672
vn 0.1816 0.1774 0.9672
vn 0.2468 -0.6195 -0.7451
vn 0.1246 0.4129 0.9022
vn 0.2337 -0.1757 -0.9563
vn 0.6196 0.2469 -0.7451
vn 0.1774 -0.1816 0.9672
vn -0.2078 -0.1458 0.9672
vn -0.5635 0.3568 -0.7451
vn -0.0535 -0.1187 0.9915
vn -0.6578 0.1370 0.7406
vn -0.1297 0.2830 0.9503
vn 0.3390 0.6150 0.7119
vn 0.0482 -0.5446 -0.8373
vn -0.3836 -0.6290 -0.6762
vn -0.2409 0.4370 -0.8666
vn 0.2919 0.2717 -0.9170
vn 0.1299 0.1605 0.9785
vn 0.1894 -0.3777 -0.9063
vn -0.2397 -0.1521 -0.9589
vn -0.1285 -0.6274 0.7680
vn -0.2491 -0.2563 0.9339
vn 0.1219 -0.3996 0.9086
vn 0.0973 0.5028 -0.8589
vn -0.1911 0.4600 -0.8671
vn 0.0336 0.2957 0.9547
vn 0.6502 0.1899 -0.7357
vn 0.6108 -0.3762 -0.6966
vn -0.4790 0.1619 0.8628
vn 0.2658 -0.1104 0.9577
vn -0.3820 -0.1710 -0.9082
vn 0.1353 0.3098 -0.9411
vn -0.0197 -0.2121 -0.9770
vn -0.1308 -0.0950 0.9868
vn 0.6182 0.0110 0.7860
vn 0.4020 0.1834 0.8971
vn -0.3334 0.2175 -0.9174
vn -0.3947 0.1777 -0.9015
vn 0.5498 -0.2794 0.7872
vn -0.0732 0.1477 0.9863
vn -0.2014 -0.0705 0.9770
vn -0.2103 -0.1464 -0.9666
vn 0.0058 0.0912 -0.9958
vn -0.0449 0.1165 0.9922
vn 0.2852 -0.2109 -0.9350
vn 0.4889 0.0554 -0.8706
vn 0.2157 0.1638 -0.9626
vn -0.0254 -0.1219 -0.9922
vn -0.9350 0.2902 0.2037
vn -0.5858 0.0283 0.8099
vn -0.1841 0.4584 0.8695
vn 0.8303 -0.1282 -0.5424
vn 0.9210 -0.1224 -0.3698
vn -0.9794 -0.1047 0.1724
vn 0.1194 -0.6384 -0.7604
vn -0.1598 0.2080 0.9650
vn 0.1831 0.1807 0.9663
vn -0.0924 0.0170 -0.9956
vn -0.1299 0.9265 0.3531
vn -0.1962 -0.8901 -0.4115
vn 0.2302 0.6156 0.7537
vn -0.1090 0.6608 0.7426
vn 0.1306 -0.9165 -0.3780
vn 0.0447 0.9638 0.2629
vn -0.6177 -0.1844 -0.7645
vn -0.0009 0.2244 0.9745
vn 0.2320 -0.0077 0.9727
vn -0.1884 -0.6123 -0.7678
vn 0.3395 0.2118 0.9165
vn 0.0889 -0.2560 -0.9626
vn 0.6508 -0.1829 -0.7369
vn 0.0001 -0.2815 0.9596
vn -0.2740 -0.0083 0.9617
vn -0.1907 0.6559 -0.7304
vn -0.1384 -0.0865 0.9866
vn -0.4356 0.5029 0.7465
vn 0.0598 0.2725 0.9603
vn 0.6376 0.2364 0.7332
vn -0.2917 -0.4253 -0.8568
vn -0.6816 -0.2198 -0.6979
vn 0.1116 0.5156 -0.8495
vn 0.4179 0.0502 -0.9071
vn 0.1811 0.0118 0.9834
vn -0.0751 -0.3848 -0.9200
vn -0.2608 0.0640 -0.9633
vn -0.5154 -0.4238 0.7448
vn -0.3755 -0.0662 0.9245
vn -0.1803 -0.4122 0.8931
vn 0.4140 0.3505 -0.8401
vn 0.1646 0.5016 -0.8493
vn 0.1936 0.1780 0.9648
vn 0.6379 -0.2465 -0.7296
vn 0.2460 -0.6585 -0.7112
vn -0.2846 0.4045 0.8691
vn 0.1137 -0.2827 0.9524
vn -0.3836 0.1387 -0.9130
vn 0.3220 0.1800 -0.9295
vn -0.1292 -0.1219 -0.9841
vn -0.1827 -0.0189 0.9830
vn 0.4071 -0.1415 0.9024
vn -0.0984 0.4071 -0.9081
vn -0.1713 0.4151 -0.8935
vn 0.2285 -0.5889 0.7753
vn 0.0163 0.1313 0.9912
vn -0.2212 0.0452 0.9742
vn -0.2344 0.0499 -0.9709
vn 0.0841 0.0959 -0.9918
vn 0.0182 0.0890 0.9959
vn 0.1056 -0.3165 -0.9427
vn 0.4309 -0.2433 -0.8690
vn 0.2915 0.0170 -0.9564
vn -0.0757 -0.0483 -0.9960
vn -0.5400 0.8134 0.2162
vn -0.4509 0.3713 0.8117
vn 0.1313 0.4446 0.8860
vn 0.5698 -0.6120 -0.5484
vn 0.6396 -0.6705 -0.3760
vn -0.8251 0.5386 0.1706
vn -0.2983 -0.5452 -0.7835
vn -0.0115 0.2334 0.9723
vn 0.2353 -0.0062 0.9719
vn -0.0388 0.1013 -0.9941
vn 0.4826 0.7857 0.3870
vn -0.7093 -0.5480 -0.4433
vn 0.5532 0.3049 0.7753
vn 0.3209 0.5563 0.7665
vn -0.4751 -0.7777 -0.4116
vn 0.6428 0.7058 0.2979
vn 0.2356 0.2284 -0.9446
vn 0.5774 -0.2867 -0.7645
vn -0.1525 -0.1646 0.9745
vn -0.1643 0.1639 0.9727
vn 0.5556 0.3191 -0.7678
vn -0.3927 0.0768 0.9165
vn 0.1097 0.2478 -0.9626
vn -0.3509 0.5778 -0.7369
vn 0.1920 0.2058 0.9596
vn 0.2059 -0.1809 0.9617
vn -0.3082 -0.6096 -0.7304
vn 0.1602 -0.0312 0.9866
vn -0.0248 -0.6649 0.7465
vn -0.2297 -0.1584 0.9603
vn -0.6274 0.2623 0.7332
vn 0.5034 0.1119 -0.8568
vn 0.6483 -0.3044 -0.6979
vn -0.4334 -0.3008 -0.8495
vn -0.3397 0.2485 -0.9071
vn -0.1405 0.1150 0.9834
vn 0.3174 0.2300 -0.9200
vn 0.1470 -0.2247 -0.9633
vn 0.6660 -0.0418 0.7448
vn 0.3196 -0.2078 0.9245
vn 0.4131 0.1783 0.8931
vn -0.5418 0.0263 -0.8401
vn -0.4626 -0.2543 -0.8493
vn -0.2630 0.0020 0.9648
vn -0.2981 0.6155 -0.7296
vn 0.2695 0.6492 -0.7112
vn -0.0680 -0.4899 0.8691
vn 0.1098 0.2842 0.9524
vn 0.1858 -0.3631 -0.9130
vn -0.3582 0.0881 -0.9295
vn 0.1776 0.0010 -0.9841
vn 0.1465 -0.1108 0.9830
vn -0.2010 0.3813 0.9024
vn -0.2058 -0.3647 -0.9081
vn -0.1580 -0.4203 -0.8935
vn 0.2348 0.5864 0.7753
vn -0.1015 -0.0848 0.9912
vn 0.1309 -0.1840 0.9742
vn 0.1373 -0.1964 -0.9709
vn -0.1269 -0.0127 -0.9918
vn -0.0740 -0.0527 0.9959
vn 0.1387 0.3034 -0.9427
vn -0.1489 0.4719 -0.8690
vn -0.2247 0.1864 -0.9564
vn 0.0883 -0.0163 -0.9960
vn -0.1603 -0.9631 0.2162
vn 0.0763 -0.5791 0.8117
vn -0.3994 -0.2354 0.8860
vn 0.0010 0.8362 -0.5484
vn -0.0101 0.9266 -0.3760
vn 0.2356 -0.9568 0.1705
vn 0.5901 0.1950 -0.7835
vn -0.1509 -0.1785 0.9723
vn -0.1678 0.1651 0.9719
vn -0.0408 -0.1005 -0.9941
vn -0.8889 -0.2450 0.3870
vn 0.8925 -0.0834 -0.4434
vn -0.6124 0.1546 0.7753
vn -0.6142 -0.1877 0.7665
vn 0.8780 0.2443 -0.4116
vn -0.9515 -0.0773 0.2979
vn 0.4104 0.4971 -0.7645
vn 0.1256 -0.1859 0.9745
vn -0.1970 -0.1228 0.9727
vn -0.1845 0.6135 -0.7678
vn -0.1640 -0.3649 0.9165
vn -0.2164 0.1632 -0.9626
vn -0.6424 -0.2104 -0.7369
vn -0.1568 0.2338 0.9596
vn 0.2230 0.1594 0.9617
vn 0.5236 -0.4386 -0.7304
vn 0.0668 0.1489 0.9866
vn 0.6418 -0.1752 0.7465
vn 0.1021 -0.2597 0.9603
vn -0.3980 -0.5513 0.7332
vn 0.0055 0.5157 -0.8568
vn 0.4438 0.5621 -0.6979
vn 0.1944 -0.4904 -0.8495
vn -0.3192 -0.2744 -0.9071
vn -0.1439 -0.1107 0.9834
vn -0.1519 0.3614 -0.9200
vn 0.2522 0.0921 -0.9633
vn 0.1921 0.6390 0.7448
vn 0.2750 0.2640 0.9245
vn -0.0797 0.4428 0.8931
vn -0.1487 -0.5216 -0.8401
vn 0.1426 -0.5083 -0.8493
vn -0.0617 -0.2556 0.9648
vn -0.6671 -0.1504 -0.7296
vn -0.5710 0.4100 -0.7112
vn 0.4616 -0.1775 0.8691
vn -0.2518 0.1716 0.9524
vn 0.3958 0.0984 -0.9130
vn -0.1672 -0.3288 -0.9295
vn 0.0394 0.1732 -0.9841
vn 0.1412 0.1174 0.9830
vn -0.6149 0.0800 0.7845
vn -0.4170 -0.1091 0.9024
vn 0.3084 -0.2833 -0.9081
vn 0.3734 -0.2494 -0.8935
vn -0.5177 0.3619 0.7753
vn 0.0596 -0.1181 0.9912
vn 0.2089 0.0856 0.9742
vn 0.2225 0.0891 -0.9709
vn -0.0165 -0.1265 -0.9918
vn 0.0345 -0.0841 0.9959
vn -0.2640 0.2041 -0.9427
vn -0.4934 -0.0378 -0.8690
vn -0.2326 -0.1764 -0.9564
vn 0.0359 0.0823 -0.9960
vn 0.9014 -0.3750 0.2162
vn 0.5813 -0.0574 0.8117
vn 0.1385 -0.4424 0.8860
vn -0.8141 0.1911 -0.5484
vn 0.9046 -0.2008 0.3760
vn 0.9853 0.0120 0.1705
vn -0.0558 0.6189 -0.7835
vn 0.1395 -0.1875 0.9723
vn -0.1989 -0.1259 0.9719
vn 0.0886 -0.0626 -0.9941
vn 0.0366 -0.9213 0.3870
vn 0.2840 0.8502 -0.4434
vn -0.2897 -0.5613 0.7753
vn 0.0432 -0.6408 0.7665
vn -0.0384 0.9106 -0.4116
vn -0.1409 -0.9441 0.2979
vn 0.5087 0.4313 -0.7451
vn 0.0771 -0.2419 0.9672
vn -0.2262 -0.1152 0.9672
vn -0.0507 0.6650 -0.7451
vn -0.2421 -0.3569 0.9022
vn -0.1706 0.2374 -0.9563
vn -0.6650 -0.0507 -0.7451
vn -0.1152 0.2262 0.9672
vn 0.2419 0.0771 0.9672
vn 0.4313 -0.5087 -0.7451
vn 0.0865 0.0973 0.9915
vn 0.5869 -0.3271 0.7406
vn 0.0393 -0.3088 0.9503
vn -0.5071 -0.4858 0.7119
vn 0.1165 0.5342 -0.8373
vn 0.5538 0.4859 -0.6762
vn 0.0995 -0.4889 -0.8666
vn -0.3597 -0.1722 -0.9170
vn -0.1719 -0.1144 0.9785
vn -0.0680 0.4170 -0.9063
vn 0.2741 0.0737 -0.9589
vn 0.3100 0.5605 0.7680
vn 0.3142 0.1703 0.9339
vn 0.0029 0.4177 0.9086
vn -0.2430 -0.4508 -0.8589
vn 0.0451 -0.4960 -0.8671
vn -0.1203 -0.2722 0.9547
vn -0.6772 0.0128 -0.7357
vn -0.4707 0.5414 -0.6966
vn 0.4088 -0.2975 0.8628
vn -0.2207 0.1847 0.9577
vn 0.4156 0.0492 -0.9082
vn -0.2216 -0.2553 -0.9411
vn 0.0821 0.1966 -0.9770
vn 0.1532 0.0516 0.9868
vn -0.5933 0.1740 0.7860
vn -0.4384 -0.0551 0.8971
vn 0.2533 -0.3071 -0.9174
vn 0.3237 -0.2874 -0.9015
vn -0.4413 0.4308 0.7872
vn 0.0258 -0.1628 0.9863
vn 0.2132 0.0072 0.9770
vn 0.2445 0.0770 -0.9666
vn -0.0327 -0.0853 -0.9958
vn 0.0080 -0.1246 0.9922
vn -0.2092 0.2863 -0.9350
vn -0.4832 0.0930 -0.8706
vn -0.2548 -0.0920 -0.9626
vn 0.0606 0.1087 -0.9922
vn 0.8058 -0.5560 0.2037
vn 0.5507 -0.2018 0.8099
vn 0.0389 -0.4925 0.8695
vn -0.7542 0.3701 -0.5423
vn -0.8425 0.3917 -0.3698
vn 0.9661 -0.1923 0.1724
vn 0.0766 0.6450 -0.7604
vn 0.0904 -0.2462 0.9650
vn -0.2287 -0.1178 0.9663
vn 0.0831 -0.0437 -0.9956
vn -0.1526 -0.9231 0.3531
vn 0.4529 0.7909 -0.4115
vn -0.4034 -0.5188 0.7537
vn -0.0932 -0.6633 0.7426
vn 0.1489 0.9138 -0.3780
vn -0.3303 -0.9065 0.2629
vn 0.2102 0.6329 -0.7451
vn 0.1916 -0.1665 0.9672
vn -0.1334 -0.2160 0.9672
vn -0.3891 0.5416 -0.7451
vn -0.0212 -0.4307 0.9022
vn -0.2692 0.1141 -0.9563
vn -0.5416 -0.3891 -0.7451
vn -0.2160 0.1334 0.9672
vn 0.1665 0.1916 0.9672
vn 0.6329 -0.2102 -0.7451
vn 0.0233 0.1281 0.9915
vn 0.6714 0.0259 0.7406
vn 0.1942 -0.2433 0.9503
vn -0.1805 -0.6787 0.7119
vn -0.1783 0.5169 -0.8373
vn 0.2204 0.7030 -0.6762
vn 0.3393 -0.3659 -0.8666
vn -0.2177 -0.3341 -0.9170
vn -0.0873 -0.1871 0.9785
vn -0.2750 0.3208 -0.9063
vn 0.1958 0.2055 -0.9589
vn -0.0267 0.6399 0.7680
vn 0.1798 0.3089 0.9339
vn -0.2148 0.3583 0.9086
vn 0.0269 -0.5115 -0.8589
vn 0.2965 -0.4002 -0.8671
vn 0.0387 -0.2950 0.9547
vn -0.5851 -0.3413 -0.7357
vn -0.6836 0.2177 -0.6966
vn 0.5039 -0.0415 0.8628
vn -0.2846 0.0430 0.9577
vn 0.3294 0.2582 -0.9082
vn -0.0565 -0.3332 -0.9411
vn -0.0321 0.2106 -0.9770
vn 0.1040 0.1238 0.9868
vn -0.3458 -0.2750 0.8971
vn 0.3760 -0.1306 -0.9174
vn 0.4259 -0.0772 -0.9015
vn -0.6010 0.1385 0.7872
vn 0.1067 -0.1256 0.9863
vn 0.1784 0.1170 0.9770
vn 0.1688 0.1929 -0.9666
vn 0.0164 -0.0899 -0.9958
vn 0.0717 -0.1023 0.9922
vn -0.3276 0.1358 -0.9350
vn -0.4611 -0.1718 -0.8706
vn -0.1698 -0.2111 -0.9626
vn -0.0048 0.1244 -0.9922
vn 0.9774 -0.0558 0.2037
vn 0.5753 0.1140 0.8099
vn 0.2893 -0.4004 0.8695
vn -0.8367 -0.0760 -0.5424
vn 0.9233 0.1035 0.3698
vn 0.9252 0.3381 0.1724
vn -0.2700 0.5907 -0.7604
vn 0.2052 -0.1632 0.9650
vn -0.1341 -0.2196 0.9663
vn 0.0937 0.0058 -0.9956
vn 0.3497 -0.8678 0.3531
vn -0.0245 0.9111 -0.4115
vn -0.0748 -0.6529 0.7537
vn 0.2653 -0.6150 0.7426
vn -0.3480 0.8579 -0.3780
vn 0.1893 -0.9461 0.2629
vn -0.3699 0.5550 -0.7451
vn 0.2492 0.0487 0.9672
vn 0.0883 -0.2380 0.9672
vn -0.6664 0.0262 -0.7451
vn 0.3266 -0.2816 0.9022
vn -0.2555 -0.1421 -0.9563
vn -0.0262 -0.6664 -0.7451
vn -0.2380 -0.0883 0.9672
vn -0.0487 0.2491 0.9672
vn 0.5550 0.3699 -0.7451
vn -0.0867 0.0972 0.9915
vn 0.3925 0.5454 0.7406
vn 0.3113 0.0035 0.9503
vn 0.4242 -0.5597 0.7119
vn -0.5172 0.1773 -0.8373
vn -0.4189 0.6061 -0.6762
vn 0.4972 0.0425 -0.8666
vn 0.1296 -0.3772 -0.9170
vn 0.0938 -0.1839 0.9785
vn -0.4221 -0.0195 -0.9063
vn -0.0416 0.2808 -0.9589
vn -0.5211 0.3724 0.7680
vn -0.1330 0.3318 0.9339
vn -0.4146 0.0510 0.9086
vn 0.4199 -0.2933 -0.8589
vn 0.4979 -0.0123 -0.8671
vn 0.2565 -0.1509 0.9547
vn -0.0907 -0.6712 -0.7357
vn -0.5920 -0.4052 -0.6966
vn 0.3426 0.3718 0.8628
vn -0.2089 -0.1980 0.9577
vn -0.0010 0.4185 -0.9082
vn 0.2280 -0.2495 -0.9411
vn -0.1858 0.1042 -0.9770
vn -0.0337 0.1581 0.9868
vn 0.0042 -0.4418 0.8971
vn 0.3342 0.2162 -0.9174
vn 0.3228 0.2884 -0.9015
vn -0.4788 -0.3888 0.7872
vn 0.1647 0.0069 0.9863
vn 0.0174 0.2126 0.9770
vn -0.0483 0.2517 -0.9666
vn 0.0809 -0.0423 -0.9958
vn 0.1247 -0.0064 0.9922
vn -0.3085 -0.1749 -0.9350
vn -0.1481 -0.4692 -0.8706
vn 0.0620 -0.2637 -0.9626
vn -0.1010 0.0727 -0.9922
vn 0.6451 0.7364 0.2037
vn 0.2639 0.5238 0.8099
vn 0.4937 -0.0181 0.8695
vn -0.4546 -0.7066 -0.5424
vn 0.4861 0.7918 0.3698
vn 0.3023 0.9375 0.1724
vn -0.6319 0.1504 -0.7604
vn 0.2549 0.0615 0.9650
vn 0.0907 -0.2408 0.9663
vn 0.0530 0.0775 -0.9956
vn 0.8993 -0.2579 0.3531
vn -0.7335 0.5410 -0.4115
vn 0.4689 -0.4605 0.7537
vn 0.6481 -0.1689 0.7426
vn -0.8905 0.2532 -0.3780
vn 0.8625 -0.4325 0.2629
vn -0.2043 0.8479 -0.4891
vn 0.3492 -0.3386 0.8737
vn 0.0915 -0.5393 0.8371
vn -0.6796 0.4778 -0.5567
vn 0.2863 -0.6386 0.7143
vn -0.3898 0.2543 -0.8851
vn -0.3590 -0.3545 -0.8634
vn -0.1502 -0.2960 0.9433
vn 0.1532 -0.0597 0.9864
vn 0.5726 0.3710 -0.7311
vn 0.0624 -0.1896 0.9799
vn 0.6478 0.1245 0.7516
vn 0.3871 -0.3946 0.8334
vn 0.2488 -0.8603 0.4450
vn -0.4944 0.5901 -0.6382
vn -0.2223 0.8887 -0.4009
vn 0.3808 0.1368 -0.9145
vn -0.1229 -0.0969 -0.9877
vn 0.1185 -0.4965 0.8599
vn -0.4902 0.4042 -0.7722
vn -0.0313 0.5590 -0.8286
vn -0.2536 0.2707 0.9287
vn 0.1042 0.0524 0.9932
vn -0.2648 -0.0944 0.9597
vn 0.1816 -0.1382 -0.9736
vn 0.3604 0.0879 -0.9286
vn 0.2779 -0.5148 0.8111
vn -0.4190 -0.3399 -0.8420
vn -0.7722 0.0540 -0.6330
vn 0.5482 -0.0506 0.8348
vn -0.1667 -0.4004 0.9010
vn 0.0643 0.6523 -0.7553
vn 0.0139 -0.0092 -0.9999
vn -0.2334 0.4563 -0.8587
vn 0.1340 -0.1518 0.9793
vn -0.3572 -0.6669 0.6539
vn -0.0715 -0.6706 0.7384
vn 0.2929 0.3619 -0.8850
vn 0.3119 0.4251 -0.8497
vn 0.1608 0.5428 -0.8243
vn -0.5056 -0.4265 0.7500
vn 0.2577 -0.3532 0.8994
vn 0.2008 -0.1175 0.9726
vn -0.0494 0.5378 -0.8416
vn -0.0471 0.2416 -0.9692
vn 0.2166 -0.3533 0.9101
vn -0.4488 0.2365 -0.8618
vn -0.4081 -0.0993 -0.9075
vn -0.1461 0.0409 -0.9884
vn -0.1693 0.4043 -0.8988
vn 0.8963 0.3745 0.2374
vn 0.5289 0.1274 0.8390
vn 0.5374 -0.4505 0.7129
vn -0.7458 -0.3080 -0.5907
vn 0.7894 0.4262 0.4418
vn 0.6560 0.6787 0.3302
vn -0.6018 0.5812 -0.5478
vn 0.3592 -0.3285 0.8735
vn 0.0925 -0.5423 0.8351
vn -0.0266 0.3576 -0.9335
vn 0.7627 -0.6418 0.0794
vn -0.5079 0.8556 -0.0999
vn 0.3324 -0.8000 0.4996
vn 0.6077 -0.5978 0.5229
vn -0.7591 0.6423 -0.1060
vn 0.6522 -0.7569 -0.0412
vn 0.6506 0.5809 -0.4892
vn -0.1333 -0.4678 0.8737
vn -0.4320 -0.3356 0.8371
vn 0.0997 0.8247 -0.5567
vn -0.4273 -0.5542 0.7143
vn 0.0398 0.4637 -0.8851
vn -0.4821 0.1487 -0.8634
vn -0.3318 -0.0076 0.9433
vn 0.0198 -0.1632 0.9864
vn 0.5976 -0.3291 -0.7311
vn -0.1375 -0.1446 0.9799
vn 0.4160 -0.5120 0.7516
vn -0.1647 -0.5276 0.8334
vn -0.6404 -0.6259 0.4450
vn 0.2862 0.7147 -0.6382
vn 0.6780 0.6161 -0.4009
vn 0.3006 -0.2709 -0.9145
vn -0.1435 0.0625 -0.9877
vn -0.3815 -0.3392 0.8599
vn 0.1244 0.6230 -0.7722
vn 0.4778 0.2919 -0.8285
vn 0.1187 0.3515 0.9286
vn 0.0955 -0.0670 0.9932
vn -0.2084 0.1887 0.9597
vn -0.0359 -0.2254 -0.9736
vn 0.2479 -0.2760 -0.9286
vn -0.3222 -0.4882 0.8111
vn -0.4976 0.2085 -0.8420
vn -0.3176 0.7060 -0.6330
vn 0.2146 -0.5069 0.8348
vn -0.4316 -0.0424 0.9010
vn 0.6051 0.2518 -0.7553
vn -0.0015 -0.0166 -0.9999
vn 0.2917 0.4214 -0.8587
vn -0.0704 -0.1899 0.9793
vn -0.6247 -0.2541 0.7384
vn 0.4574 -0.0870 -0.8850
vn 0.5220 -0.0738 -0.8497
vn -0.6148 0.2438 0.7500
vn -0.1894 -0.3941 0.8994
vn -0.0086 -0.2325 0.9726
vn 0.4505 0.2978 -0.8416
vn 0.1907 0.1557 -0.9692
vn -0.2089 -0.3579 0.9101
vn -0.0038 0.5073 -0.8618
vn -0.2805 0.3126 -0.9075
vn -0.0330 0.1481 -0.9884
vn 0.2762 0.3403 -0.8988
vn 0.7538 -0.6128 0.2374
vn 0.3624 -0.4058 0.8390
vn -0.1428 -0.6866 0.7129
vn -0.6240 0.5116 -0.5907
vn 0.7488 -0.4940 0.4418
vn 0.9082 -0.2572 0.3302
vn 0.2276 0.8051 -0.5477
vn -0.1197 -0.4719 0.8735
vn -0.4342 -0.3379 0.8351
vn 0.3025 0.1925 -0.9335
vn -0.2049 -0.9756 0.0794
vn 0.5137 0.8521 -0.0999
vn -0.5478 -0.6711 0.4996
vn -0.2394 -0.8181 0.5229
vn 0.2071 0.9726 -0.1060
vn -0.3586 -0.9326 -0.0412
vn 0.0979 -0.0273 -0.9948
vn 0.2959 0.9461 -0.1316
vn 0.3317 -0.8914 0.3088
vn 0.0423 -0.8845 0.4645
vn -0.2377 0.9588 0.1557
vn 0.0047 -0.9725 0.2327
vn -0.4189 0.8602 -0.2908
vn -0.8430 0.4238 -0.3312
vn 0.1560 -0.6681 0.7275
vn 0.4966 -0.6762 0.5441
vn 0.2030 0.3990 -0.8942
vn 0.3541 -0.7173 0.6001
vn 0.7592 -0.6501 0.0302
vn 0.2895 -0.9238 0.2507
vn -0.3045 -0.9500 0.0685
vn -0.1044 0.9941 -0.0302
vn 0.3592 0.9315 -0.0570
vn -0.1489 0.4363 -0.8874
vn -0.5983 0.5574 -0.5757
vn 0.0977 -0.8815 0.4620
vn -0.3030 0.9437 -0.1329
vn 0.0052 0.8647 -0.5023
vn 0.5176 -0.2300 0.8242
vn 0.5590 -0.5816 0.5909
vn 0.2574 -0.4881 0.8340
vn -0.4756 0.3786 -0.7940
vn -0.2015 0.4211 -0.8844
vn 0.1377 -0.9406 0.3103
vn -0.8510 0.4495 -0.2717
vn -0.6312 0.7608 0.1507
vn 0.6215 -0.7688 0.1506
vn 0.0510 -0.7065 0.7059
vn 0.1547 0.8406 -0.5191
vn -0.4735 0.5592 -0.6805
vn -0.1821 0.9076 -0.3783
vn 0.4161 -0.7251 0.5487
vn -0.1797 -0.8399 0.5121
vn -0.0111 0.6122 -0.7906
vn 0.0613 0.6256 -0.7777
vn -0.2027 -0.4786 0.8543
vn 0.2891 -0.8729 0.3929
vn 0.4703 -0.7296 0.4966
vn -0.0254 0.8664 -0.4988
vn -0.3032 0.7390 -0.6016
vn 0.2743 -0.8598 0.4306
vn -0.4493 0.8626 -0.2324
vn -0.6992 0.6438 -0.3109
vn -0.5081 0.6614 -0.5518
vn -0.2086 0.8655 -0.4553
vn 0.8197 -0.3046 -0.4850
vn 0.7456 -0.6424 0.1770
vn 0.2635 -0.9630 0.0557
vn -0.8656 0.4807 0.1405
vn 0.9033 -0.3364 -0.2662
vn 0.9726 -0.0402 -0.2289
vn -0.1198 0.9867 0.1095
vn 0.3439 -0.8892 0.3018
vn 0.0396 -0.8859 0.4623
vn -0.1909 0.7869 -0.5868
vn -0.0693 -0.8352 -0.5456
vn 0.3398 0.8711 0.3544
vn -0.1940 -0.9799 0.0463
vn 0.0986 -0.9864 -0.1313
vn 0.0588 0.8490 0.5251
vn -0.2644 -0.7918 -0.5506
vn -0.1978 -0.1606 -0.9670
vn 0.2818 -0.6148 0.7367
vn -0.2946 -0.3070 0.9049
vn 0.1177 -0.4044 0.9070
vn 0.0524 0.5224 -0.8511
vn 0.3871 -0.2195 0.8955
vn -0.0000 0.1679 -0.9858
vn 0.0266 -0.2544 -0.9667
vn -0.1734 0.6500 0.7398
vn 0.0108 0.2936 -0.9559
vn -0.9965 -0.0842 -0.0000
vn -0.9511 -0.0637 -0.3021
vn 0.3577 0.1949 0.9133
vn 0.9274 -0.1978 0.3173
vn 0.3141 0.9494 -0.0062
vn -0.8529 -0.1574 0.4977
vn -0.0423 -0.1232 0.9915
vn -0.6676 0.0756 0.7406
vn -0.0699 -0.6366 0.7680
vn -0.4095 0.1405 -0.9015
vn -0.0555 0.1119 0.9922
vn 0.3034 -0.1836 -0.9350
vn -0.5860 -0.0260 0.8099
vn 0.8386 -0.0508 -0.5424
vn 0.1779 -0.6247 -0.7604
vn 0.4516 -0.6676 -0.5919
vn 0.0440 0.2510 -0.9670
vn -0.4543 0.6773 0.5786
vn -0.1289 -0.0939 0.9872
vn -0.3876 -0.6748 -0.6280
vn 0.9500 0.2174 0.2240
vn 0.7655 0.5206 0.3781
vn -0.9542 0.2562 -0.1548
vn 0.7194 0.0144 0.6944
vn -0.9187 -0.3833 -0.0953
vn -0.7642 -0.3527 0.5400
vn 0.7590 0.6497 0.0432
vn 0.9157 0.3921 -0.0878
vn -0.4751 -0.8277 0.2986
vn 0.8897 0.4553 0.0346
vn 0.9812 0.0315 -0.1902
vn 0.9526 0.1499 0.2647
vn 0.8688 0.2751 0.4118
vn 0.4757 -0.8655 -0.1566
vn -0.7942 0.2144 -0.5686
vn -0.5283 -0.2707 -0.8047
vn -0.7685 -0.6366 0.0648
vn -0.9172 -0.2957 0.2671
vn 0.6187 0.5299 0.5800
vn -0.9150 -0.2467 -0.3192
vn -0.7631 -0.5254 -0.3764
vn 0.4767 0.8159 -0.3271
vn 0.9167 0.3100 -0.2521
vn 0.7164 0.6753 -0.1755
vn -0.8847 -0.3514 0.3063
vn -0.7416 -0.5668 0.3587
vn 0.7953 0.2665 -0.5445
vn 0.9415 0.2995 0.1548
vn -0.8995 0.0528 0.4337
vn -0.9725 0.2260 -0.0558
vn 0.9551 -0.1309 -0.2657
vn 0.1614 -0.5876 0.7929
vn 0.5884 0.8027 0.0970
vn -0.6938 -0.4983 -0.5200
vn -0.8551 -0.5184 -0.0038
vn -0.8751 -0.3097 -0.3718
vn 0.8151 0.5661 -0.1232
vn 0.4562 0.6238 0.6346
vn -0.8358 0.3809 0.3953
vn 0.6332 0.5849 0.5069
vn -0.6165 -0.7795 -0.1112
vn -0.6436 -0.6889 -0.3334
vn -0.6344 -0.6397 -0.4339
vn 0.4003 0.8091 0.4303
vn 0.8495 -0.4637 -0.2516
vn 0.9317 0.2164 0.2918
vn 0.8388 0.5315 -0.1184
vn -0.8187 -0.3661 -0.4425
vn -0.7725 -0.6299 0.0805
vn 0.8715 0.3907 0.2965
vn -0.1005 0.4945 -0.8633
vn -0.9529 0.1014 -0.2857
vn -0.9049 -0.3503 0.2418
vn -0.8718 -0.4692 0.1405
vn -0.9108 -0.1681 -0.3771
vn 0.6104 -0.7100 -0.3511
vn 0.9434 0.1988 -0.2655
vn 0.9914 -0.1309 -0.0083
vn -0.7919 0.3612 0.4923
vn -0.8586 0.5119 0.0293
vn -0.7894 0.0002 -0.6138
vn 0.9378 0.2194 0.2690
vn 0.7780 0.4894 0.3939
vn -0.7389 -0.5539 -0.3838
vn -0.4776 0.8584 0.1871
vn 0.3459 -0.3126 0.8846
vn -0.2310 0.0595 -0.9711
vn 0.5958 0.2096 0.7753
vn -0.6207 -0.2169 -0.7535
vn 0.7687 -0.0762 0.6350
vn -0.4848 0.3542 -0.7997
vn 0.2288 -0.0610 0.9716
vn -0.8268 -0.5498 0.1189
vn 0.4759 -0.8651 -0.1585
vn 0.4703 -0.7451 -0.4729
vn 0.0293 0.2805 -0.9594
vn 0.0589 0.2419 -0.9685
vn -0.4239 -0.1221 -0.8974
vn 0.1849 -0.8553 -0.4840
vn -0.6281 -0.5531 -0.5473
vn 0.1757 -0.9524 -0.2493
vn -0.6072 -0.7945 0.0071
vn 0.1000 -0.4937 0.8639
vn 0.0480 -0.4320 0.9006
vn -0.0035 -0.3223 0.9466
vn -0.4517 0.7418 0.4957
vn -0.4627 0.8152 0.3483
vn -0.4578 0.6907 0.5598
vn -0.4783 0.8546 0.2023
vn -0.0715 0.4481 -0.8911
vn -0.1093 0.5322 -0.8396
vn -0.0571 0.4245 -0.9036
vn -0.0297 0.4010 -0.9156
vn -0.4660 0.7244 0.5081
vn -0.1849 0.7823 0.5948
vn 0.6416 0.6118 0.4626
vn -0.4799 0.8398 0.2538
vn -0.1752 0.9547 0.2407
vn 0.6151 0.7880 0.0276
vn 0.5989 -0.2029 0.7747
vn 0.0396 -0.4224 0.9056
vn 0.0331 -0.3879 0.9211
vn -0.5588 0.1143 -0.8214
vn -0.0627 0.4623 -0.8845
vn 0.4082 0.1457 0.9012
vn -0.1010 -0.1598 0.9820
vn -0.1061 -0.1406 0.9844
vn 0.4382 -0.6845 -0.5827
vn 0.4708 -0.7474 -0.4689
vn 0.8343 -0.3757 -0.4035
vn 0.4786 -0.7986 -0.3649
vn 0.4635 -0.8448 -0.2673
vn -0.8495 0.4741 0.2312
vn -0.5430 -0.3233 -0.7750
vn 0.9378 0.2278 0.2619
vn 0.7811 0.4854 0.3928
vn -0.8320 0.1517 -0.5336
vn 0.7746 0.2971 0.5583
vn -0.9663 -0.1736 -0.1902
vn -0.9195 -0.0012 0.3930
vn 0.7468 0.6601 0.0811
vn 0.9313 0.3569 -0.0731
vn -0.3530 -0.9322 -0.0802
vn 0.8828 0.4689 0.0282
vn 0.9723 -0.2193 -0.0809
vn 0.9230 0.1948 0.3318
vn 0.5274 0.2696 0.8057
vn -0.8121 -0.0744 -0.5788
vn -0.4765 -0.2794 -0.8336
vn -0.6029 -0.7880 0.1247
vn -0.9140 -0.3342 0.2300
vn 0.8134 0.4606 0.3551
vn -0.9221 -0.0838 -0.3779
vn -0.7439 -0.5372 -0.3976
vn 0.6706 0.5639 -0.4820
vn 0.9103 0.3660 -0.1935
vn 0.6993 0.7003 -0.1430
vn -0.7483 -0.5665 0.3452
vn -0.6244 -0.7627 0.1684
vn 0.8515 0.3116 0.4218
vn -0.9314 0.0540 0.3601
vn -0.9358 0.3229 -0.1412
vn 0.9980 -0.0437 0.0458
vn 0.7041 0.6860 0.1834
vn -0.6345 -0.6103 -0.4742
vn -0.8578 -0.4801 0.1838
vn -0.8692 -0.3527 -0.3466
vn 0.9174 0.3978 0.0108
vn 0.6167 0.6139 0.4927
vn -0.6262 -0.7708 -0.1171
vn -0.5874 -0.7894 -0.1783
vn -0.6437 -0.6889 -0.3334
vn 0.4041 0.9028 0.1470
vn 0.9144 0.3200 0.2478
vn 0.9444 0.3289 -0.0035
vn -0.7639 -0.5218 -0.3798
vn -0.8670 -0.4926 -0.0756
vn 0.9031 0.3591 0.2355
vn -0.9753 -0.1084 -0.1925
vn -0.9876 -0.0601 0.1453
vn -0.9291 -0.3579 0.0932
vn -0.8707 -0.4085 -0.2738
vn 0.6470 -0.7441 -0.1665
vn 0.9883 -0.0807 -0.1292
vn 0.8954 0.0310 0.4442
vn -0.8785 0.4327 0.2026
vn -0.7691 0.5753 0.2783
vn 0.6005 -0.5956 -0.5335
vn -0.7875 0.0597 -0.6135
vn 0.9425 0.2164 0.2549
vn 0.7799 0.4845 0.3962
vn -0.8282 -0.5284 -0.1867
vn 0.4642 -0.3949 0.7928
vn -0.3587 0.1088 -0.9271
vn 0.6152 0.2076 0.7605
vn -0.6207 -0.2168 -0.7535
vn 0.7693 -0.0712 0.6350
vn -0.4854 0.3792 -0.7878
vn 0.3069 -0.3249 0.8945
vn -0.1587 -0.1055 -0.9817
vn 0.6169 -0.6357 -0.4641
vn 0.1713 0.0946 0.9807
vn -0.5238 0.5929 0.6116
vn 0.4925 0.3855 -0.7803
vn -0.7925 -0.6086 0.0393
vn -0.6666 -0.6259 0.4048
vn 0.8788 0.3327 0.3420
vn -0.9566 -0.1210 0.2652
vn 0.6473 0.7578 -0.0816
vn 0.1557 0.9374 0.3114
vn -0.4254 -0.8606 0.2799
vn -0.5323 -0.8460 -0.0306
vn -0.0414 0.9644 -0.2612
vn -0.5699 -0.8155 0.1009
vn -0.6150 -0.6961 -0.3704
vn -0.8368 -0.5472 0.0174
vn -0.8295 -0.5114 0.2247
vn -0.4919 0.2100 -0.8449
vn 0.9973 0.0738 -0.0008
vn 0.8117 0.1238 -0.5708
vn 0.3708 0.9074 -0.1977
vn 0.4506 0.8662 0.2160
vn -0.6756 -0.4511 0.5832
vn 0.8158 0.5631 -0.1317
vn 0.6625 0.6283 -0.4078
vn 0.0543 -0.9708 0.2339
vn -0.4555 -0.8684 -0.1960
vn -0.2546 -0.9525 0.1674
vn 0.3878 0.9013 0.1932
vn 0.1917 0.9808 0.0357
vn -0.1992 -0.9017 -0.3838
vn -0.7225 -0.6892 0.0548
vn 0.4287 0.7039 0.5663
vn 0.8249 0.4090 0.3902
vn -0.5927 -0.6088 -0.5274
vn -0.7552 0.6531 0.0561
vn -0.2892 -0.8339 0.4700
vn 0.7042 0.5030 -0.5011
vn 0.5086 0.8503 -0.1350
vn 0.8010 0.5563 -0.2214
vn -0.3892 -0.9160 0.0970
vn -0.5615 -0.3902 0.7297
vn 0.4907 0.4331 0.7561
vn -0.6279 -0.5294 0.5705
vn 0.3250 0.8290 -0.4551
vn 0.5035 0.6837 -0.5283
vn 0.5703 0.5997 -0.5614
vn -0.3472 -0.5721 0.7431
vn -0.6096 -0.3209 -0.7249
vn -0.8199 -0.5658 0.0878
vn -0.4192 -0.9053 0.0692
vn 0.7862 0.5269 -0.3228
vn 0.3661 0.9127 -0.1817
vn -0.7314 -0.6418 0.2307
vn 0.7274 -0.6609 -0.1846
vn 0.9161 0.3731 0.1469
vn 0.4422 0.8830 0.1575
vn 0.4471 0.8945 -0.0016
vn 0.8684 0.4824 -0.1150
vn -0.4347 -0.0620 -0.8984
vn -0.4969 -0.8177 -0.2907
vn -0.7753 -0.5121 -0.3697
vn 0.3939 0.4644 0.7932
vn 0.7633 0.1925 0.6166
vn 0.9644 0.1906 -0.1832
vn -0.8099 -0.5819 0.0734
vn -0.6938 -0.6057 0.3897
vn 0.6412 0.6291 -0.4394
vn 0.4730 -0.1902 0.8603
vn -0.8768 0.4046 0.2599
vn 0.7757 -0.3474 -0.5269
vn -0.8609 -0.1377 0.4899
vn 0.8645 0.1674 -0.4740
vn -0.9817 -0.1186 0.1488
vn 0.9410 -0.3095 -0.1372
vn -0.7747 0.3498 0.5267
vn 0.4050 0.9103 -0.0851
vn -0.4907 0.2088 -0.8459
vn -0.2651 -0.0112 -0.9642
vn 0.6312 -0.6427 -0.4342
vn 0.6042 -0.6394 -0.4755
vn 0.8284 -0.0789 -0.5546
vn -0.0728 0.2270 -0.9712
vn 0.6568 0.4870 -0.5757
vn -0.2332 0.4041 -0.8845
vn 0.2427 0.8877 -0.3913
vn -0.7271 0.6610 0.1857
vn -0.6938 0.6686 0.2674
vn -0.6938 0.6686 0.2675
vn -0.6539 0.6488 0.3892
vn 0.2364 0.0126 0.9716
vn 0.3531 -0.0967 0.9306
vn 0.1889 0.0793 0.9788
vn 0.4634 -0.1803 0.8676
vn 0.7101 -0.6607 -0.2435
vn 0.7296 -0.6694 -0.1400
vn 0.7005 -0.6596 -0.2722
vn 0.6809 -0.6662 -0.3042
vn 0.2351 0.0383 0.9712
vn -0.0134 -0.1281 0.9917
vn -0.6003 -0.5725 0.5584
vn 0.4295 -0.1459 0.8912
vn 0.2386 -0.4098 0.8804
vn -0.2712 -0.8722 0.4071
vn -0.9718 0.1305 0.1967
vn -0.6880 0.6696 0.2798
vn -0.6834 0.6580 0.3162
vn 0.9464 -0.1179 -0.3007
vn 0.7032 -0.6722 -0.2316
vn -0.8126 0.0745 0.5781
vn -0.5590 0.6170 0.5540
vn -0.5516 0.6085 0.5705
vn -0.1586 -0.0821 -0.9839
vn -0.2685 -0.0081 -0.9633
vn -0.4832 -0.4394 -0.7573
vn -0.3506 0.0686 -0.9340
vn -0.4104 0.1528 -0.8990
vn 0.6247 0.3048 0.7190
vn 0.7909 0.1807 -0.5846
vn -0.8034 -0.5907 0.0747
vn -0.6965 -0.6054 0.3853
vn 0.9880 0.1537 -0.0120
vn -0.8413 -0.4020 0.3615
vn 0.7958 0.6053 0.0181
vn 0.4541 0.7326 0.5071
vn -0.4364 -0.8427 0.3153
vn -0.5622 -0.8255 -0.0502
vn 0.0678 0.7854 -0.6153
vn -0.5573 -0.8232 0.1083
vn -0.7405 -0.4761 -0.4743
vn -0.8432 -0.5281 0.1009
vn -0.8119 -0.1219 0.5709
vn 0.9406 0.2690 -0.2070
vn 0.7879 0.0851 -0.6099
vn 0.1702 0.9350 -0.3113
vn 0.4604 0.8725 0.1637
vn -0.7046 -0.6259 0.3343
vn 0.8996 0.4335 -0.0526
vn 0.6577 0.6148 -0.4352
vn -0.0646 -0.9930 -0.0985
vn -0.4712 -0.8743 -0.1164
vn -0.2548 -0.9437 0.2109
vn 0.2049 0.9784 0.0289
vn 0.1666 0.9514 -0.2591
vn -0.8129 -0.5203 0.2618
vn 0.4975 0.6883 0.5279
vn 0.8745 0.2842 0.3931
vn -0.7899 -0.5483 -0.2746
vn -0.4592 -0.7871 0.4120
vn 0.6024 0.5619 -0.5668
vn 0.4075 0.9131 0.0150
vn 0.7699 0.5925 -0.2371
vn -0.5916 -0.8054 0.0371
vn -0.3472 -0.5720 0.7431
vn -0.5992 -0.5451 0.5864
vn 0.3382 0.8264 -0.4502
vn 0.3411 0.7872 -0.5138
vn -0.1543 -0.7661 0.6239
vn -0.7530 -0.6436 0.1372
vn -0.6214 -0.7830 -0.0283
vn 0.6661 0.6249 -0.4072
vn 0.5677 0.8075 -0.1602
vn -0.7267 -0.6681 0.1600
vn 0.8212 0.5669 0.0652
vn 0.6393 0.6980 0.3227
vn 0.5481 0.8341 0.0620
vn 0.7124 0.6635 -0.2288
vn -0.5827 0.0233 -0.8124
vn -0.6868 -0.5988 -0.4121
vn -0.9335 -0.3525 0.0658
vn 0.6528 0.3361 0.6789
vn 0.5625 0.2119 0.7992
vn -0.2870 -0.2150 -0.9335
vn 0.9785 0.1505 -0.1414
vn -0.8057 -0.5892 0.0608
vn -0.6979 -0.6025 0.3872
vn 0.5962 0.7566 -0.2686
vn -0.9321 0.3453 0.1095
vn 0.8582 -0.2828 -0.4284
vn -0.8671 -0.1548 0.4735
vn -0.9808 -0.1222 0.1522
vn 0.9408 -0.3200 -0.1115
vn -0.8567 0.4405 0.2684
vn 0.5793 -0.8037 -0.1360
vn 0.1800 -0.2371 -0.9547
vn -0.5804 0.8055 0.1195
vn -0.2765 0.3722 0.8860
vn -0.2418 -0.9365 -0.2538
vn 0.8878 0.4195 0.1891
vn 0.6631 0.7325 0.1539
vn -0.9319 0.0246 -0.3619
vn 0.5990 0.4373 0.6707
vn -0.8669 -0.4984 0.0070
vn -0.8164 -0.1487 0.5580
vn 0.7014 0.6842 -0.1998
vn 0.8923 0.4183 -0.1699
vn -0.4644 -0.6391 0.6132
vn 0.8435 0.5282 -0.0978
vn 0.9951 0.0646 -0.0746
vn 0.8881 0.3806 0.2577
vn 0.7746 0.5487 0.3145
vn 0.5468 -0.7651 0.3402
vn -0.7066 -0.1881 -0.6822
vn -0.3776 -0.6878 -0.6199
vn -0.7285 -0.6226 0.2858
vn -0.9278 -0.2492 0.2775
vn 0.4860 0.8178 0.3081
vn -0.8365 -0.4859 -0.2533
vn -0.6606 -0.7356 -0.1498
vn 0.4711 0.6154 -0.6319
vn 0.9241 0.2687 -0.2716
vn 0.6921 0.5967 -0.4060
vn -0.8986 -0.2747 0.3423
vn -0.7526 -0.4183 0.5086
vn 0.8531 0.0757 -0.5162
vn 0.8852 0.4568 0.0881
vn -0.9580 0.1355 0.2526
vn -0.9637 0.0432 -0.2635
vn 0.9912 -0.1160 -0.0630
vn 0.0705 -0.1118 0.9912
vn 0.5154 0.8207 -0.2466
vn -0.5714 -0.7715 -0.2798
vn -0.8104 -0.5639 0.1592
vn -0.7851 -0.5605 -0.2636
vn 0.7879 0.5395 -0.2967
vn 0.3115 0.9043 0.2919
vn -0.9094 0.4107 0.0653
vn 0.5084 0.8327 0.2196
vn -0.5422 -0.8109 0.2199
vn -0.5396 -0.8417 -0.0196
vn -0.5178 -0.8456 -0.1297
vn 0.2771 0.9607 0.0183
vn 0.9054 -0.4124 0.1010
vn 0.8591 0.4486 0.2463
vn 0.8127 0.5148 -0.2729
vn -0.7148 -0.6359 -0.2910
vn -0.7353 -0.6099 0.2957
vn 0.7883 0.5945 0.1584
vn 0.0062 0.0052 -1.0000
vn -0.9006 -0.1722 -0.3991
vn -0.9084 -0.3072 0.2837
vn -0.8526 -0.4545 0.2580
vn -0.8281 -0.4446 -0.3415
vn 0.7005 -0.7051 0.1101
vn 0.9594 0.1691 -0.2258
vn 0.9865 0.0114 0.1634
vn -0.8802 0.4455 0.1636
vn -0.8823 0.3471 -0.3179
vn -0.6816 -0.3954 -0.6157
vn 0.8686 0.4412 0.2258
vn 0.6748 0.7146 0.1842
vn -0.6339 -0.7607 -0.1396
vn -0.5529 0.7732 -0.3104
vn 0.2211 0.1951 0.9555
vn -0.0786 -0.4414 -0.8939
vn 0.4525 0.6295 0.6317
vn -0.4800 -0.6286 -0.6119
vn 0.6626 0.3367 0.6691
vn -0.3739 -0.1366 -0.9174
vn 0.0766 0.4400 0.8947
vn -0.7998 -0.5290 0.2837
vn 0.5472 -0.7656 0.3383
vn 0.5837 -0.8119 0.0069
vn 0.1625 -0.2098 -0.9642
vn 0.1955 -0.2438 -0.9499
vn -0.2692 -0.5892 -0.7618
vn 0.3109 -0.9502 0.0208
vn -0.4990 -0.8236 -0.2695
vn 0.2709 -0.9239 0.2703
vn -0.5507 -0.7664 0.3306
vn -0.0069 -0.0042 1.0000
vn -0.0678 0.0600 0.9959
vn -0.1325 0.1707 0.9764
vn -0.5687 0.8224 0.0164
vn -0.5610 0.8144 -0.1483
vn -0.5817 0.8077 0.0962
vn -0.5558 0.7770 -0.2955
vn 0.0420 -0.0446 -0.9981
vn -0.0085 0.0481 -0.9988
vn 0.0597 -0.0692 -0.9958
vn 0.0901 -0.0918 -0.9917
vn -0.5837 0.8113 0.0341
vn -0.3239 0.9396 0.1109
vn 0.5220 0.8360 0.1689
vn -0.5646 0.7885 -0.2439
vn -0.2692 0.9218 -0.2789
vn 0.5534 0.7783 -0.2966
vn 0.4810 0.2710 0.8338
vn -0.0774 0.0698 0.9946
vn -0.0883 0.1063 0.9904
vn -0.4287 -0.3650 -0.8264
vn 0.0489 -0.0281 -0.9984
vn 0.2517 0.6095 0.7518
vn -0.2441 0.3161 0.9168
vn -0.2507 0.3333 0.9089
vn 0.5656 -0.8157 -0.1212
vn 0.5837 -0.8119 0.0116
vn 0.9089 -0.4103 -0.0751
vn 0.5782 -0.8059 0.1275
vn 0.5508 -0.8015 0.2329
vn -0.9029 0.4118 -0.1238
vn -0.3935 -0.7213 -0.5700
vn 0.8692 0.4451 0.2154
vn 0.6783 0.7110 0.1855
vn -0.7455 -0.2309 -0.6252
vn 0.6574 0.6254 0.4203
vn -0.9118 -0.3675 -0.1831
vn -0.9681 0.0666 0.2417
vn 0.6827 0.7098 -0.1735
vn 0.9074 0.3968 -0.1382
vn -0.2780 -0.8946 0.3499
vn 0.8369 0.5360 -0.1108
vn 0.9845 -0.1025 0.1420
vn 0.8456 0.4478 0.2905
vn 0.3765 0.6872 0.6213
vn -0.7048 -0.4464 -0.5513
vn -0.3214 -0.7024 -0.6351
vn -0.5654 -0.7041 0.4296
vn -0.9165 -0.2999 0.2647
vn 0.7176 0.6757 0.1686
vn -0.8443 -0.3731 -0.3847
vn -0.6377 -0.7534 -0.1602
vn 0.7021 0.3478 -0.6214
vn 0.9051 0.3445 -0.2491
vn 0.6687 0.6318 -0.3920
vn -0.7570 -0.4254 0.4960
vn -0.5950 -0.6641 0.4526
vn 0.7538 0.5829 0.3034
vn -0.9779 0.0973 0.1849
vn -0.9201 0.0915 -0.3810
vn 0.9792 0.1138 0.1681
vn 0.6230 0.7755 -0.1023
vn -0.5133 -0.8393 -0.1789
vn -0.8448 -0.4414 0.3023
vn -0.7805 -0.5851 -0.2201
vn 0.8781 0.4705 -0.0872
vn 0.2772 0.9606 0.0184
vn 0.4926 0.8490 0.1912
vn -0.5514 -0.8075 0.2096
vn -0.5024 -0.8478 0.1699
vn -0.5396 -0.8417 -0.0195
vn 0.3197 0.9076 -0.2722
vn 0.8427 0.5155 0.1556
vn 0.9111 0.4073 -0.0629
vn -0.6611 -0.7342 -0.1546
vn -0.8124 -0.5772 0.0831
vn 0.8310 0.5421 0.1245
vn -0.9244 -0.3131 -0.2180
vn -0.9925 -0.1116 0.0491
vn -0.9084 -0.3878 0.1564
vn -0.7900 -0.5991 -0.1299
vn 0.7096 -0.6419 0.2904
vn 0.9994 -0.0030 0.0340
vn 0.8108 0.3554 0.4651
vn -0.9243 0.3583 -0.1313
vn -0.8372 0.5326 -0.1241
vn 0.7124 -0.6939 -0.1048
vn -0.6834 -0.3432 -0.6444
vn 0.8755 0.4324 0.2155
vn 0.6766 0.7118 0.1888
vn -0.7545 -0.6563 0.0088
vn 0.3572 0.0952 0.9292
vn -0.2145 -0.3942 -0.8936
vn 0.4741 0.6232 0.6220
vn 0.6628 0.3411 0.6667
vn -0.3779 -0.1092 -0.9194
vn 0.1819 0.1840 0.9659
vn -0.9808 -0.1296 0.1456
vn -0.3051 -0.9522 0.0133
vn 0.9827 0.1131 -0.1465
vn 0.4684 0.8826 -0.0407
vn -0.7276 -0.2179 -0.6505
vn -0.0273 0.1488 0.9885
vn 0.3532 0.1111 0.9289
vn 0.4407 -0.3334 -0.8334
vn 0.1259 0.6384 0.7593
vn -0.0499 0.0488 -0.9976
vn 0.2456 0.5872 -0.7712
vn 0.2883 -0.2419 0.9265
vn -0.0350 -0.2100 0.9771
vn -0.3505 0.6462 -0.6779
vn 0.0860 -0.1398 0.9864
vn -0.3955 -0.1073 0.9122
vn -0.0612 0.2185 0.9739
vn 0.1408 0.2737 0.9515
vn -0.9256 0.3459 0.1538
vn 0.1448 -0.6540 -0.7426
vn -0.4490 -0.5869 -0.6737
vn -0.2199 0.3268 -0.9191
vn 0.2031 0.3136 -0.9276
vn 0.5116 0.2682 0.8163
vn -0.0560 -0.2125 -0.9756
vn -0.3570 -0.1070 -0.9280
vn 0.3261 -0.6644 0.6725
vn -0.1840 -0.3081 0.9334
vn 0.2119 -0.4451 0.8701
vn 0.1680 0.3781 -0.9104
vn -0.0242 0.5441 -0.8387
vn -0.3267 -0.5445 0.7725
vn 0.0059 0.0468 0.9989
vn 0.5592 0.2780 -0.7810
vn 0.4730 -0.2347 -0.8492
vn -0.5545 -0.0902 0.8273
vn -0.1190 0.9915 0.0530
vn 0.4938 -0.2871 0.8209
vn -0.4311 -0.2387 -0.8702
vn -0.1321 0.2011 -0.9706
vn -0.1459 -0.2222 -0.9640
vn 0.1188 -0.3371 0.9339
vn 0.6677 0.2547 0.6995
vn 0.7799 0.0811 -0.6207
vn 0.5135 0.1785 0.8393
vn -0.4732 0.2609 -0.8415
vn -0.5048 0.0224 -0.8630
vn -0.5196 -0.0880 -0.8498
vn 0.7300 -0.0192 0.6832
vn -0.7774 0.0852 0.6232
vn 0.0124 0.2059 0.9785
vn 0.0859 -0.3134 0.9457
vn -0.2453 -0.2494 -0.9368
vn -0.2054 0.3365 -0.9190
vn 0.1734 0.1159 0.9780
vn -0.0109 -0.9994 -0.0334
vn 0.2507 -0.3656 -0.8964
vn 0.1427 0.3209 -0.9363
vn -0.0142 0.2979 -0.9545
vn -0.0242 -0.3021 -0.9530
vn -0.9449 0.1095 0.3084
vn -0.2881 -0.2604 0.9215
vn -0.4359 0.1323 0.8902
vn 0.7988 0.1774 -0.5748
vn 0.7060 -0.3007 -0.6412
vn -0.0503 -0.5821 -0.8116
vn 0.0012 0.1854 0.9827
vn 0.3323 0.1416 0.9325
vn -0.3914 -0.0970 -0.9151
vn 0.9360 -0.3163 -0.1544
vn 0.0854 0.9419 0.3247
vn -0.3688 -0.8773 -0.3071
vn 0.3631 0.5981 0.7144
vn -0.3496 -0.5776 -0.7377
vn 0.0073 0.6378 0.7702
vn 0.0365 -0.9008 -0.4327
vn 0.3685 0.8783 0.3047
vn -0.1042 0.3241 -0.9403
vn -0.9263 0.3440 0.1539
vn -0.9883 0.0132 0.1518
vn -0.2729 -0.9620 0.0097
vn -0.3181 -0.9478 0.0243
vn -0.4122 -0.7350 -0.5384
vn -0.9874 0.0397 -0.1533
vn -0.5103 -0.2290 -0.8289
vn -0.9426 0.2895 -0.1666
vn -0.4283 0.3704 -0.8243
vn 0.0121 0.9994 0.0332
vn 0.0969 0.9953 0.0080
vn 0.2247 0.9744 -0.0002
vn 0.9911 0.0093 -0.1327
vn 0.9784 -0.1552 -0.1362
vn 0.9850 0.0899 -0.1476
vn 0.9409 -0.3014 -0.1546
vn -0.0716 -0.9971 -0.0240
vn 0.0340 -0.9991 -0.0270
vn -0.1014 -0.9947 -0.0194
vn -0.1353 -0.9908 -0.0024
vn 0.9882 0.0278 -0.1503
vn 0.9855 0.0926 0.1424
vn 0.5096 0.1274 0.8509
vn 0.9558 -0.2498 -0.1551
vn 0.9399 -0.2980 0.1669
vn 0.4380 -0.3369 0.8335
vn 0.0334 0.8100 0.5855
vn 0.1099 0.9939 0.0038
vn 0.1474 0.9890 0.0105
vn -0.1409 -0.8014 -0.5813
vn -0.0599 -0.9982 -0.0104
vn 0.4382 0.7249 0.5315
vn 0.4041 0.9140 -0.0361
vn 0.4224 0.9058 -0.0345
vn -0.9851 -0.1141 0.1286
vn -0.9882 0.0179 0.1519
vn -0.7793 -0.0909 0.6200
vn -0.9789 0.1337 0.1545
vn -0.9612 0.2397 0.1365
vn 0.7754 -0.1080 -0.6222
vn -0.4710 -0.5356 -0.7010
vn 0.0043 0.1749 0.9846
vn 0.3275 0.1429 0.9340
vn 0.1251 -0.5945 -0.7943
vn 0.2637 0.3807 0.8863
vn 0.0846 -0.1436 -0.9860
vn 0.5022 0.2695 -0.8217
vn 0.3198 -0.2158 0.9226
vn -0.0606 -0.1782 0.9821
vn -0.6661 0.3851 -0.6388
vn 0.0958 -0.1527 0.9836
vn -0.5368 0.1144 0.8359
vn 0.0183 0.2505 0.9679
vn 0.4489 0.5883 0.6725
vn -0.0844 -0.5155 -0.8527
vn -0.4877 -0.6034 -0.6310
vn -0.3648 0.4679 -0.8050
vn 0.1526 0.3019 -0.9410
vn 0.2780 0.1258 0.9523
vn 0.0463 -0.3470 -0.9367
vn -0.3834 -0.1177 -0.9160
vn -0.0171 -0.6531 0.7571
vn -0.1075 -0.2874 0.9518
vn 0.2539 -0.4314 0.8657
vn -0.0287 0.5318 -0.8464
vn -0.3154 0.4906 -0.8123
vn 0.1806 0.2622 0.9480
vn 0.5333 0.2122 -0.8189
vn 0.4947 -0.3548 -0.7934
vn -0.3413 0.1342 0.9303
vn 0.4064 -0.1448 0.9021
vn -0.5167 -0.1376 -0.8451
vn -0.0055 0.3415 -0.9399
vn -0.1694 -0.1780 -0.9693
vn 0.0190 -0.1285 0.9915
vn 0.7300 -0.0191 0.6832
vn 0.5348 0.1502 0.8315
vn -0.4661 0.2508 -0.8485
vn -0.5247 0.2108 -0.8248
vn -0.5048 0.0225 -0.8630
vn 0.6597 -0.3092 0.6850
vn 0.0782 0.1138 0.9904
vn -0.0520 -0.1034 0.9933
vn -0.3556 -0.1118 -0.9279
vn -0.1440 0.1256 -0.9816
vn 0.1069 0.0823 0.9909
vn 0.1384 -0.1797 -0.9739
vn 0.3521 0.0832 -0.9322
vn 0.0693 0.1961 -0.9781
vn -0.1764 -0.0873 -0.9804
vn -0.8905 0.2874 0.3526
vn -0.4563 0.0030 0.8898
vn -0.0459 0.4289 0.9022
vn 0.7374 -0.1133 -0.6659
vn 0.8532 -0.1140 -0.5089
vn -0.9431 -0.1059 0.3152
vn -0.0034 -0.6123 -0.7906
vn -0.0099 0.1752 0.9845
vn 0.3290 0.1462 0.9329
vn -0.2417 0.0519 -0.9690
vn -0.0657 0.9144 0.3996
vn -0.2651 -0.8743 -0.4066
vn 0.3477 0.5879 0.7304
vn -0.3496 -0.5775 -0.7377
vn 0.0112 0.6352 0.7723
vn 0.0627 -0.9035 -0.4239
vn 0.0936 0.9539 0.2853
vn -0.9455 -0.2745 0.1752
vn -0.1503 -0.9863 0.0673
vn 0.9500 0.2585 -0.1753
vn 0.3221 0.9419 -0.0952
vn -0.6941 -0.3633 -0.6215
vn -0.0348 0.1941 0.9804
vn 0.3458 0.2137 0.9136
vn 0.4747 -0.3030 -0.8264
vn 0.0353 0.6890 0.7239
vn -0.0728 -0.0118 -0.9973
vn 0.1373 0.5775 -0.8048
vn 0.3376 -0.1449 0.9301
vn 0.0142 -0.1615 0.9868
vn -0.4591 0.5467 -0.7002
vn 0.1227 -0.0728 0.9898
vn -0.3590 -0.1204 0.9255
vn -0.0796 0.2567 0.9632
vn 0.1107 0.3417 0.9333
vn -0.9661 0.2035 0.1587
vn 0.2347 -0.6609 -0.7128
vn -0.3611 -0.6846 -0.6332
vn -0.2834 0.2397 -0.9286
vn 0.1362 0.2927 -0.9464
vn 0.4755 0.3876 0.7897
vn -0.0371 -0.2693 -0.9623
vn -0.3502 -0.2102 -0.9128
vn 0.4378 -0.5688 0.6963
vn -0.1180 -0.2840 0.9515
vn 0.2934 -0.3601 0.8855
vn 0.0915 0.3517 -0.9316
vn -0.1234 0.4889 -0.8636
vn -0.2241 -0.5480 0.8059
vn 0.0142 0.0992 0.9950
vn 0.4957 0.3214 -0.8069
vn 0.4906 -0.2014 -0.8478
vn -0.5200 -0.1330 0.8437
vn -0.2736 0.9618 0.0071
vn 0.5459 -0.1625 0.8219
vn -0.4016 -0.3486 -0.8468
vn -0.1776 0.1269 -0.9759
vn -0.1241 -0.2924 -0.9482
vn 0.1855 -0.2650 0.9463
vn 0.6299 0.3928 0.6700
vn 0.7473 0.1703 -0.6423
vn 0.4920 0.3007 0.8170
vn -0.5218 0.1389 -0.8417
vn -0.5156 -0.1023 -0.8507
vn -0.5125 -0.2129 -0.8318
vn 0.7346 0.1316 0.6657
vn -0.7711 -0.0057 0.6366
vn -0.0049 0.2561 0.9666
vn 0.1494 -0.2462 0.9576
vn -0.2175 -0.3335 -0.9173
vn -0.2706 0.2516 -0.9292
vn 0.1683 0.1927 0.9667
vn 0.1469 -0.9890 0.0159
vn 0.2912 -0.3679 -0.8831
vn 0.0752 0.2900 -0.9541
vn -0.0763 0.2417 -0.9673
vn 0.0089 -0.3515 -0.9362
vn -0.9453 -0.0245 0.3252
vn -0.2286 -0.2540 0.9398
vn -0.4372 0.1084 0.8928
vn 0.7515 0.2706 -0.6017
vn 0.7344 -0.2189 -0.6424
vn 0.0296 -0.6243 -0.7806
vn -0.0126 0.2343 0.9721
vn 0.3204 0.2406 0.9162
vn -0.3856 -0.2050 -0.8996
vn 0.9717 -0.1727 -0.1610
vn -0.0596 0.9593 0.2760
vn -0.2301 -0.9392 -0.2548
vn 0.2751 0.6843 0.6753
vn -0.2654 -0.6631 -0.6999
vn -0.0815 0.6703 0.7376
vn 0.1718 -0.9052 -0.3887
vn 0.2296 0.9400 0.2523
vn -0.1691 0.2542 -0.9522
vn -0.9665 0.2016 0.1589
vn -0.9754 -0.1345 0.1745
vn -0.1170 -0.9911 0.0634
vn -0.1636 -0.9834 0.0783
vn -0.2991 -0.8178 -0.4916
vn -0.9835 -0.1242 -0.1314
vn -0.4807 -0.3494 -0.8042
vn -0.9790 0.1285 -0.1580
vn -0.4945 0.2549 -0.8310
vn -0.1458 0.9892 -0.0161
vn -0.0617 0.9972 -0.0431
vn 0.0676 0.9963 -0.0534
vn 0.9749 0.1581 -0.1566
vn 0.9884 -0.0063 -0.1517
vn 0.9558 0.2359 -0.1753
vn 0.9742 -0.1573 -0.1621
vn 0.0868 -0.9959 0.0266
vn 0.1913 -0.9813 0.0213
vn 0.0571 -0.9979 0.0319
vn 0.0232 -0.9985 0.0495
vn 0.9689 0.1750 -0.1750
vn 0.9605 0.2538 0.1140
vn 0.4965 0.2503 0.8312
vn 0.9807 -0.1041 -0.1655
vn 0.9777 -0.1373 0.1588
vn 0.4990 -0.2198 0.8383
vn -0.0860 0.8346 0.5441
vn -0.0488 0.9977 -0.0476
vn -0.0109 0.9991 -0.0416
vn -0.0214 -0.8428 -0.5378
vn 0.0987 -0.9943 0.0400
vn 0.3262 0.8116 0.4847
vn 0.2537 0.9630 -0.0906
vn 0.2730 0.9579 -0.0890
vn -0.9525 -0.2608 0.1575
vn -0.9761 -0.1299 0.1744
vn -0.7452 -0.1799 0.6421
vn -0.9851 -0.0141 0.1711
vn -0.9847 0.0923 0.1476
vn 0.7728 -0.0170 -0.6345
vn -0.3913 -0.6389 -0.6624
vn -0.0079 0.2246 0.9744
vn 0.3155 0.2412 0.9177
vn 0.2050 -0.6081 -0.7669
vn 0.2141 0.4632 0.8600
vn 0.0906 -0.1797 -0.9795
vn 0.4401 0.3019 -0.8457
vn 0.3646 -0.1144 0.9241
vn -0.0161 -0.1340 0.9909
vn -0.7287 0.2416 -0.6408
vn 0.1344 -0.0842 0.9873
vn -0.5348 0.0720 0.8419
vn -0.0062 0.3005 0.9538
vn 0.3607 0.6859 0.6320
vn -0.0152 -0.5662 -0.8241
vn -0.3960 -0.7047 -0.5888
vn -0.4470 0.3620 -0.8180
vn 0.0879 0.2726 -0.9581
vn 0.2696 0.2176 0.9381
vn 0.0858 -0.3838 -0.9194
vn -0.3744 -0.2242 -0.8997
vn 0.0985 -0.6072 0.7884
vn -0.0456 -0.2506 0.9670
vn 0.3327 -0.3403 0.8795
vn -0.1259 0.4758 -0.8705
vn -0.4020 0.3918 -0.8276
vn 0.1518 0.3365 0.9294
vn 0.4799 0.2504 -0.8408
vn 0.5320 -0.3135 -0.7866
vn -0.3435 0.1272 0.9305
vn 0.4385 -0.0318 0.8982
vn -0.5017 -0.2611 -0.8247
vn -0.0744 0.2869 -0.9551
vn -0.1544 -0.2528 -0.9551
vn 0.0548 -0.0720 0.9959
vn 0.7346 0.1316 0.6656
vn 0.5174 0.2757 0.8101
vn -0.5133 0.1297 -0.8484
vn -0.5645 0.0823 -0.8214
vn 0.7111 -0.1654 0.6834
vn 0.0749 0.1762 0.9815
vn -0.0192 -0.0582 0.9981
vn -0.3480 -0.2147 -0.9126
vn -0.1776 0.0499 -0.9828
vn 0.1082 0.1497 0.9828
vn 0.1496 -0.2063 -0.9670
vn 0.3197 0.0888 -0.9433
vn 0.0219 0.1532 -0.9880
vn -0.1758 -0.1650 -0.9705
vn -0.9191 0.1618 0.3593
vn -0.4369 -0.0224 0.8992
vn -0.0989 0.4628 0.8809
vn 0.7354 -0.0305 -0.6769
vn 0.8523 -0.0048 -0.5230
vn -0.9093 -0.2364 0.3424
vn 0.0811 -0.6456 -0.7593
vn -0.0219 0.2226 0.9747
vn 0.3164 0.2447 0.9165
vn -0.2622 -0.0374 -0.9643
vn -0.2033 0.9122 0.3557
vn -0.1297 -0.9251 -0.3568
vn 0.2617 0.6726 0.6921
vn -0.0773 0.6685 0.7397
vn 0.1983 -0.9033 -0.3805
vn -0.0541 0.9703 0.2358
vn -0.1691 0.2543 -0.9522
vn -0.9690 -0.1662 0.1830
vn -0.2915 -0.9525 -0.0879
vn 0.9710 0.1500 -0.1860
vn 0.4538 0.8901 0.0430
vn -0.7611 -0.1507 -0.6308
vn 0.0281 0.0254 0.9993
vn 0.4049 0.0030 0.9143
vn 0.3960 -0.2194 -0.8917
vn 0.1614 0.5424 0.8245
vn -0.1083 0.1703 -0.9794
vn 0.1928 0.6825 -0.7049
vn 0.3446 -0.3483 0.8717
vn 0.0245 -0.3293 0.9439
vn -0.3975 0.7176 -0.5719
vn 0.1448 -0.2584 0.9551
vn -0.3406 -0.2267 0.9125
vn -0.0075 0.0957 0.9954
vn 0.1921 0.1572 0.9687
vn -0.9195 0.3057 0.2470
vn 0.1100 -0.5545 -0.8249
vn -0.4796 -0.5084 -0.7152
vn -0.2770 0.4330 -0.8578
vn 0.1449 0.4294 -0.8914
vn 0.5545 0.1758 0.8134
vn -0.1097 -0.0919 -0.9897
vn -0.4087 0.0009 -0.9127
vn 0.3731 -0.7355 0.5656
vn -0.1256 -0.4243 0.8968
vn 0.2677 -0.5445 0.7949
vn 0.1100 0.4906 -0.8644
vn -0.0799 0.6426 -0.7620
vn -0.2743 -0.6419 0.7161
vn 0.0631 -0.0765 0.9951
vn 0.5093 0.3833 -0.7705
vn 0.4260 -0.1188 -0.8969
vn -0.5044 -0.2025 0.8394
vn -0.1286 0.9748 0.1822
vn 0.5442 -0.3760 0.7500
vn -0.4777 -0.1383 -0.8676
vn -0.1907 0.3164 -0.9293
vn -0.1986 -0.1047 -0.9745
vn 0.1771 -0.4471 0.8768
vn 0.7037 0.1800 0.6873
vn 0.7415 0.1725 -0.6484
vn 0.5589 0.0841 0.8250
vn -0.5245 0.3530 -0.7748
vn -0.5542 0.1184 -0.8239
vn -0.5668 0.0069 -0.8238
vn 0.7686 -0.0885 0.6336
vn -0.7410 -0.0077 0.6714
vn 0.0664 0.0841 0.9942
vn 0.1446 -0.4257 0.8933
vn -0.2959 -0.1371 -0.9453
vn -0.2626 0.4429 -0.8572
vn 0.2283 -0.0019 0.9736
vn 0.0001 -0.9877 -0.1565
vn 0.2031 -0.2474 -0.9474
vn 0.0840 0.4365 -0.8958
vn -0.0733 0.4128 -0.9079
vn -0.0754 -0.1829 -0.9802
vn -0.9268 0.0517 0.3719
vn -0.2308 -0.3777 0.8967
vn -0.3853 0.0129 0.9227
vn 0.7618 0.2628 -0.5921
vn 0.6715 -0.2052 -0.7120
vn -0.0897 -0.4786 -0.8734
vn 0.0557 0.0629 0.9965
vn 0.3839 0.0323 0.9228
vn -0.4425 0.0086 -0.8967
vn 0.9295 -0.2760 -0.2445
vn 0.0919 0.8963 0.4338
vn -0.3745 -0.8401 -0.3925
vn 0.3961 0.5128 0.7617
vn -0.3843 -0.4892 -0.7830
vn 0.0437 0.5381 0.8417
vn 0.0231 -0.8398 -0.5425
vn 0.3742 0.8413 0.3902
vn -0.1627 0.4353 -0.8855
vn -0.9202 0.3038 0.2469
vn -0.9780 -0.0254 0.2072
vn -0.2594 -0.9611 -0.0945
vn -0.3038 -0.9497 -0.0758
vn -0.4331 -0.6713 -0.6015
vn -0.9950 0.0384 -0.0918
vn -0.5545 -0.1354 -0.8211
vn -0.9543 0.2888 -0.0765
vn -0.4801 0.4604 -0.7467
vn 0.0010 0.9877 0.1562
vn 0.0843 0.9884 0.1260
vn 0.2116 0.9714 0.1081
vn 0.9816 0.0454 -0.1857
vn 0.9708 -0.1176 -0.2089
vn 0.9735 0.1271 -0.1901
vn 0.9342 -0.2611 -0.2431
vn -0.0599 -0.9878 -0.1435
vn 0.0453 -0.9873 -0.1525
vn -0.0894 -0.9865 -0.1369
vn -0.1223 -0.9855 -0.1177
vn 0.9774 0.0659 -0.2007
vn 0.9908 0.0941 0.0974
vn 0.5564 0.0319 0.8303
vn 0.9484 -0.2096 -0.2381
vn 0.9518 -0.2973 0.0758
vn 0.4899 -0.4281 0.7594
vn 0.0568 0.7322 0.6787
vn 0.0970 0.9879 0.1210
vn 0.1349 0.9830 0.1248
vn -0.1639 -0.7264 -0.6675
vn -0.0474 -0.9903 -0.1308
vn 0.4588 0.6626 0.5920
vn 0.3895 0.9194 0.0550
vn 0.4078 0.9114 0.0546
vn -0.9744 -0.1488 0.1683
vn -0.9779 -0.0208 0.2079
vn -0.7409 -0.1822 0.6465
vn -0.9700 0.0939 0.2244
vn -0.9547 0.2017 0.2187
vn 0.7394 -0.0150 -0.6731
vn -0.5038 -0.4545 -0.7346
vn 0.0591 0.0524 0.9969
vn 0.3792 0.0334 0.9247
vn 0.0866 -0.4896 -0.8677
vn 0.3097 0.2739 0.9105
vn 0.0292 -0.0193 -0.9994
vn 0.4502 0.3787 -0.8087
vn 0.3755 -0.3213 0.8693
vn -0.0013 -0.2989 0.9543
vn -0.7069 0.4474 -0.5478
vn 0.1546 -0.2707 0.9502
vn -0.4889 -0.0002 0.8723
vn 0.0711 0.1298 0.9890
vn 0.4795 0.5099 0.7142
vn -0.1270 -0.4082 -0.9040
vn -0.5156 -0.5307 -0.6727
vn -0.4169 0.5560 -0.7190
vn 0.0939 0.4185 -0.9034
vn 0.3311 0.0132 0.9435
vn -0.0035 -0.2280 -0.9737
vn -0.4343 -0.0117 -0.9007
vn 0.0352 -0.7415 0.6700
vn -0.0484 -0.4045 0.9133
vn 0.3092 -0.5295 0.7899
vn -0.0846 0.6313 -0.7709
vn -0.3683 0.5805 -0.7262
vn 0.2318 0.1471 0.9616
vn 0.4822 0.3220 -0.8148
vn 0.4524 -0.2444 -0.8577
vn -0.2886 0.0118 0.9574
vn 0.4599 -0.2466 0.8530
vn -0.5629 -0.0428 -0.8254
vn -0.0644 0.4545 -0.8884
vn -0.2229 -0.0607 -0.9729
vn 0.0781 -0.2492 0.9653
vn 0.5801 0.0574 0.8125
vn -0.5177 0.3439 -0.7834
vn -0.5743 0.3002 -0.7616
vn -0.5542 0.1185 -0.8239
vn 0.7022 -0.3779 0.6034
vn 0.1340 -0.0075 0.9909
vn 0.0070 -0.2259 0.9741
vn -0.4072 -0.0038 -0.9133
vn -0.2022 0.2426 -0.9488
vn 0.1630 -0.0382 0.9859
vn 0.0840 -0.0556 -0.9949
vn 0.2964 0.2044 -0.9329
vn 0.0100 0.3163 -0.9486
vn -0.2317 0.0306 -0.9723
vn -0.8723 0.2239 0.4348
vn -0.4040 -0.1157 0.9074
vn 0.0009 0.3135 0.9496
vn 0.6990 -0.0157 -0.7149
vn 0.8237 -0.0333 -0.5661
vn -0.9218 -0.1628 0.3518
vn -0.0412 -0.5102 -0.8591
vn 0.0449 0.0524 0.9976
vn 0.3806 0.0368 0.9240
vn -0.2981 0.1659 -0.9400
vn -0.0543 0.8567 0.5130
vn -0.2768 -0.8227 -0.4965
vn 0.3817 0.5004 0.7771
vn -0.3842 -0.4892 -0.7830
vn 0.0476 0.5354 0.8433
vn 0.0498 -0.8430 -0.5356
vn 0.0976 0.9132 0.3957
vn -0.8696 -0.4152 0.2672
vn -0.0019 -0.9996 0.0299
vn 0.8762 0.4001 -0.2687
vn 0.1735 0.9816 -0.0797
vn -0.7069 -0.4364 -0.5567
vn 0.0577 0.1497 0.9870
vn 0.4209 0.2269 0.8783
vn 0.4084 -0.1994 -0.8907
vn 0.0264 0.6589 0.7517
vn -0.1910 0.0155 -0.9815
vn -0.0434 0.6213 -0.7823
vn 0.4649 -0.1294 0.8758
vn 0.1563 -0.1950 0.9683
vn -0.6125 0.5005 -0.6119
vn 0.2509 -0.0917 0.9637
vn -0.2237 -0.2062 0.9526
vn 0.0029 0.2058 0.9786
vn 0.1744 0.3186 0.9317
vn -0.9586 0.0551 0.2795
vn 0.2363 -0.5924 -0.7702
vn -0.3361 -0.7053 -0.6241
vn -0.4247 0.2310 -0.8754
vn -0.0219 0.3450 -0.9383
vn 0.5091 0.4223 0.7500
vn -0.1157 -0.2353 -0.9650
vn -0.4256 -0.2241 -0.8767
vn 0.5942 -0.5252 0.6092
vn 0.0392 -0.3340 0.9418
vn 0.4462 -0.3470 0.8249
vn -0.0723 0.3963 -0.9153
vn -0.2943 0.4982 -0.8156
vn -0.0459 -0.6048 0.7950
vn 0.1209 0.0625 0.9907
vn 0.3443 0.4202 -0.8396
vn 0.4074 -0.0958 -0.9082
vn -0.3901 -0.2389 0.8893
vn -0.4023 0.9110 0.0912
vn 0.6590 -0.1126 0.7437
vn -0.4489 -0.3709 -0.8130
vn -0.3107 0.1366 -0.9406
vn -0.1963 -0.2712 -0.9423
vn 0.3341 -0.2709 0.9028
vn 0.6456 0.4544 0.6138
vn 0.6326 0.3011 -0.7135
vn 0.5407 0.3377 0.7704
vn -0.6344 0.0935 -0.7674
vn -0.5957 -0.1438 -0.7902
vn -0.5750 -0.2534 -0.7779
vn 0.7844 0.2115 0.5832
vn -0.6798 -0.1416 0.7196
vn 0.0768 0.2159 0.9734
vn 0.2974 -0.2579 0.9192
vn -0.2786 -0.3266 -0.9032
vn -0.4139 0.2446 -0.8768
vn 0.2559 0.1783 0.9501
vn 0.2844 -0.9571 -0.0552
vn 0.2303 -0.2881 -0.9295
vn -0.0824 0.3338 -0.9391
vn -0.2261 0.2645 -0.9375
vn -0.0559 -0.3108 -0.9488
vn -0.8861 -0.1737 0.4297
vn -0.0751 -0.3199 0.9445
vn -0.3364 0.0100 0.9417
vn 0.6277 0.3993 -0.6683
vn 0.6743 -0.0856 -0.7335
vn 0.0215 -0.5834 -0.8119
vn 0.0730 0.1930 0.9785
vn 0.3926 0.2497 0.8852
vn -0.4595 -0.2246 -0.8593
vn 0.9595 -0.0237 -0.2807
vn -0.1590 0.9294 0.3332
vn -0.1259 -0.9524 -0.2778
vn 0.2569 0.6909 0.6758
vn -0.2533 -0.6676 -0.7001
vn -0.0841 0.6230 0.7777
vn 0.2480 -0.8553 -0.4549
vn 0.1251 0.9531 0.2754
vn -0.3173 0.2629 -0.9112
vn -0.9587 0.0531 0.2796
vn -0.9186 -0.2811 0.2776
vn 0.0311 -0.9993 0.0220
vn -0.0140 -0.9990 0.0425
vn -0.2395 -0.8334 -0.4981
vn -0.9652 -0.2605 -0.0243
vn -0.5213 -0.3848 -0.7617
vn -0.9993 -0.0090 -0.0373
vn -0.6224 0.2117 -0.7535
vn -0.2833 0.9575 0.0549
vn -0.2051 0.9786 0.0190
vn -0.0791 0.9968 -0.0061
vn 0.9170 0.3037 -0.2586
vn 0.9538 0.1429 -0.2643
vn 0.8851 0.3785 -0.2707
vn 0.9596 -0.0080 -0.2812
vn 0.2276 -0.9730 -0.0381
vn 0.3275 -0.9433 -0.0547
vn 0.1992 -0.9795 -0.0296
vn 0.1682 -0.9857 -0.0083
vn 0.9065 0.3202 -0.2752
vn 0.9224 0.3860 0.0168
vn 0.5539 0.2880 0.7812
vn 0.9582 0.0456 -0.2823
vn 0.9993 0.0001 0.0378
vn 0.6228 -0.1766 0.7621
vn -0.1349 0.7921 0.5953
vn -0.1929 0.9811 0.0131
vn -0.1552 0.9878 0.0148
vn 0.0313 -0.8160 -0.5771
vn 0.2407 -0.9703 -0.0262
vn 0.2662 0.8314 0.4878
vn 0.1039 0.9924 -0.0662
vn 0.1238 0.9900 -0.0671
vn -0.8805 -0.4020 0.2512
vn -0.9199 -0.2766 0.2779
vn -0.6293 -0.3103 0.7126
vn -0.9454 -0.1634 0.2820
vn -0.9627 -0.0572 0.2644
vn 0.6848 0.1193 -0.7189
vn -0.3758 -0.6633 -0.6471
vn 0.0792 0.1840 0.9797
vn 0.3878 0.2496 0.8873
vn 0.1933 -0.5425 -0.8176
vn 0.2502 0.4565 0.8538
vn -0.0048 -0.1275 -0.9918
vn 0.2877 0.3943 -0.8728
vn 0.4864 -0.0951 0.8685
vn 0.1232 -0.1723 0.9773
vn -0.8276 0.1574 -0.5387
vn 0.2637 -0.1011 0.9593
vn -0.4335 -0.0382 0.9004
vn 0.0677 0.2601 0.9632
vn 0.3355 0.7066 0.6230
vn -0.0360 -0.5308 -0.8467
vn -0.3623 -0.7319 -0.5772
vn -0.5891 0.3240 -0.7402
vn -0.0679 0.3185 -0.9455
vn 0.3485 0.2187 0.9114
vn 0.0263 -0.3322 -0.9428
vn -0.4459 -0.2419 -0.8618
vn 0.2772 -0.6159 0.7375
vn 0.1076 -0.2910 0.9507
vn 0.4812 -0.3215 0.8155
vn -0.2958 0.4850 -0.8229
vn -0.5502 0.3604 -0.7532
vn 0.2150 0.3196 0.9228
vn 0.3346 0.3490 -0.8753
vn 0.4710 -0.2030 -0.8584
vn -0.2423 0.0407 0.9693
vn 0.5444 -0.0018 0.8388
vn -0.5567 -0.2997 -0.7747
vn -0.2291 0.3090 -0.9231
vn -0.2324 -0.2362 -0.9435
vn 0.1848 -0.1009 0.9776
vn 0.7843 0.2115 0.5832
vn 0.5683 0.3170 0.7593
vn -0.6255 0.0858 -0.7755
vn -0.6659 0.0305 -0.7454
vn -0.5957 -0.1437 -0.7902
vn 0.8049 -0.0862 0.5872
vn 0.1682 0.1480 0.9746
vn 0.1104 -0.0981 0.9890
vn -0.4229 -0.2282 -0.8770
vn -0.3008 0.0608 -0.9517
vn 0.2047 0.1265 0.9706
vn 0.0584 -0.1457 -0.9876
vn 0.1873 0.1698 -0.9675
vn -0.1198 0.1920 -0.9741
vn -0.2676 -0.1519 -0.9515
vn -0.8822 0.0130 0.4707
vn -0.3170 -0.1195 0.9409
vn -0.0549 0.4099 0.9105
vn 0.6448 0.1022 -0.7575
vn 0.7748 0.1387 -0.6168
vn -0.8191 -0.3786 0.4311
vn 0.0776 -0.5978 -0.7979
vn 0.0658 0.1800 0.9815
vn 0.3881 0.2531 0.8862
vn -0.3695 -0.0385 -0.9284
vn -0.2839 0.8590 0.4261
vn -0.0417 -0.9200 -0.3897
vn 0.2474 0.6768 0.6934
vn -0.0795 0.6217 0.7792
vn 0.2747 -0.8499 -0.4497
vn -0.1600 0.9425 0.2933
vn -0.3172 0.2629 -0.9112
vn 0.8762 0.4000 -0.2687
vn -0.6125 0.5004 -0.6119
vn 0.2843 -0.9571 -0.0553
vn -0.0824 0.3338 -0.9390
vn -0.9993 -0.0090 -0.0374
vn 0.3275 -0.9433 -0.0546
vn -0.1930 0.9811 0.0131
vn 0.2877 0.3944 -0.8728
vn -0.2958 0.4851 -0.8229
vn 0.6448 0.1021 -0.7575
vn -0.3695 -0.0386 -0.9284
vn -0.5405 -0.8257 -0.1614
vn 0.5007 -0.7617 -0.4111
vn 0.5539 0.8180 0.1551
vn -0.3438 0.8487 0.4019
vn -0.3979 -0.3581 -0.8447
vn -0.0149 -0.3563 0.9343
vn 0.2592 -0.0846 0.9621
vn 0.4440 0.4759 -0.7592
vn -0.3003 0.1276 0.9453
vn -0.1833 0.4182 -0.8897
vn -0.3578 0.8357 -0.4167
vn 0.4762 -0.3300 0.8151
vn 0.2433 -0.5608 0.7914
vn -0.7874 0.4101 -0.4603
vn 0.2731 -0.4398 0.8556
vn -0.0798 -0.7284 0.6805
vn -0.0906 -0.3342 0.9381
vn 0.0006 -0.1512 0.9885
vn -0.8535 -0.5200 0.0330
vn 0.4938 0.0468 -0.8683
vn 0.0571 -0.3622 -0.9304
vn -0.4925 0.4232 -0.7605
vn -0.2021 0.7168 -0.6673
vn 0.2360 0.1641 0.9578
vn 0.0080 0.2559 -0.9667
vn -0.2647 0.0839 -0.9607
vn 0.7839 -0.4353 0.4427
vn 0.2115 -0.7027 0.6793
vn 0.5687 -0.4752 0.6714
vn -0.2711 0.7215 -0.6372
vn -0.5133 0.6500 -0.5604
vn 0.2724 -0.8689 0.4132
vn 0.0836 -0.3954 0.9147
vn 0.0778 0.8846 -0.4599
vn 0.3908 0.5615 -0.7294
vn -0.2080 -0.7942 0.5709
vn -0.8044 0.4575 0.3790
vn 0.6341 -0.1661 0.7552
vn -0.2104 -0.0678 -0.9753
vn -0.3472 0.4355 -0.8305
vn -0.0434 0.1823 -0.9823
vn 0.4344 -0.5065 0.7448
vn 0.3364 0.3161 0.8871
vn 0.3883 0.8594 -0.3326
vn 0.3060 0.1046 0.9463
vn -0.6035 0.1745 -0.7780
vn -0.4512 0.0258 -0.8921
vn -0.3780 -0.0530 -0.9243
vn 0.5781 0.2111 0.7882
vn -0.5091 -0.7642 0.3961
vn -0.0318 -0.2916 0.9560
vn 0.3964 -0.5212 0.7558
vn -0.0863 0.0853 -0.9926
vn -0.4899 0.4389 -0.7532
vn 0.1417 -0.2293 0.9630
vn 0.7260 -0.5617 -0.3968
vn 0.3341 0.3508 -0.8748
vn -0.2487 0.6823 -0.6875
vn -0.3383 0.5666 -0.7514
vn 0.0978 0.2177 -0.9711
vn -0.6744 -0.7339 0.0807
vn 0.1057 -0.7438 0.6600
vn -0.2860 -0.6111 0.7381
vn 0.3351 0.9079 -0.2517
vn 0.6183 0.5991 -0.5086
vn 0.3031 -0.0202 -0.9528
vn -0.0236 -0.3129 0.9495
vn 0.2233 -0.0835 0.9712
vn -0.2936 0.0599 -0.9541
vn 0.8386 0.5444 -0.0201
vn -0.6008 0.4572 0.6558
vn 0.3666 -0.6272 -0.6872
vn -0.1178 0.2908 0.9495
vn 0.1090 -0.2596 -0.9595
vn -0.3775 0.0393 0.9252
vn 0.6393 -0.3019 -0.7072
vn -0.3677 0.6286 0.6853
vn -0.4159 0.5122 -0.7514
vn -0.8526 -0.5216 0.0321
vn -0.6502 -0.7524 -0.1057
vn 0.5290 -0.7431 -0.4099
vn 0.4901 -0.7729 -0.4029
vn 0.2062 -0.4782 -0.8537
vn -0.7039 -0.6065 -0.3696
vn -0.2655 -0.1356 -0.9545
vn -0.8599 -0.4273 -0.2793
vn -0.6524 0.2610 -0.7115
vn -0.7253 0.5626 0.3969
vn -0.6686 0.6307 0.3940
vn -0.5692 0.7122 0.4109
vn 0.6376 0.7590 0.1318
vn 0.7501 0.6580 0.0655
vn 0.5724 0.8069 0.1462
vn 0.8308 0.5564 -0.0136
vn 0.6851 -0.6071 -0.4027
vn 0.7564 -0.5327 -0.3797
vn 0.6639 -0.6286 -0.4050
vn 0.6404 -0.6575 -0.3969
vn 0.6201 0.7750 0.1220
vn 0.6038 0.6851 0.4075
vn 0.3424 0.0679 0.9371
vn 0.8027 0.5964 0.0084
vn 0.8644 0.4205 0.2758
vn 0.6353 -0.2390 0.7344
vn -0.5082 0.2343 0.8287
vn -0.6595 0.6408 0.3930
vn -0.6301 0.6616 0.4065
vn 0.4309 -0.3068 -0.8487
vn 0.6951 -0.6052 -0.3879
vn -0.1823 0.4936 0.8503
vn -0.4093 0.8194 0.4015
vn -0.3909 0.8268 0.4045
vn -0.5568 -0.8126 -0.1721
vn -0.6535 -0.7497 -0.1039
vn -0.3808 -0.8643 0.3285
vn -0.7324 -0.6785 -0.0570
vn -0.8009 -0.5981 -0.0301
vn 0.5246 0.7494 -0.4040
vn 0.0015 -0.3368 -0.9416
vn -0.0136 -0.3175 0.9481
vn 0.2193 -0.0868 0.9718
vn 0.4310 0.0888 -0.8980
vn -0.0040 0.0239 0.9997
vn 0.0495 0.3985 -0.9158
vn 0.0415 0.8570 -0.5137
vn 0.4775 -0.2913 0.8289
vn 0.2033 -0.5629 0.8011
vn -0.8003 0.0229 -0.5991
vn 0.2889 -0.4390 0.8508
vn -0.3461 -0.6691 0.6576
vn -0.0620 -0.2575 0.9643
vn -0.0583 0.3634 0.9298
vn 0.2266 0.0113 -0.9739
vn 0.0483 -0.4169 -0.9076
vn -0.6799 0.3528 -0.6428
vn -0.2287 0.6804 -0.6962
vn 0.2011 -0.1391 0.9696
vn 0.1797 0.2349 -0.9553
vn -0.2731 0.0542 -0.9605
vn 0.5567 -0.7064 0.4371
vn 0.2492 -0.6450 0.7224
vn 0.5861 -0.4360 0.6829
vn -0.5080 0.6433 -0.5728
vn -0.6647 0.4036 -0.6288
vn 0.0351 -0.1283 0.9911
vn 0.1049 0.8451 -0.5243
vn 0.5002 0.4846 -0.7176
vn -0.2198 -0.5606 0.7983
vn 0.4804 -0.1813 0.8581
vn -0.3389 -0.0812 -0.9373
vn -0.3630 0.5912 -0.7202
vn -0.0922 0.1931 -0.9768
vn 0.2208 -0.4827 0.8475
vn 0.3402 0.1069 0.9343
vn -0.5921 0.1767 -0.7862
vn -0.5989 0.1026 -0.7942
vn -0.4512 0.0259 -0.8921
vn 0.7454 -0.0040 0.6666
vn 0.0814 -0.3028 0.9496
vn 0.1552 -0.5190 0.8405
vn -0.2602 0.0822 -0.9621
vn -0.3006 0.3889 -0.8709
vn 0.1237 -0.3007 0.9457
vn 0.1133 0.4106 -0.9048
vn 0.0665 0.6927 -0.7182
vn -0.2103 0.5775 -0.7889
vn -0.1651 0.2446 -0.9555
vn -0.7644 -0.6134 0.1988
vn -0.2042 -0.6988 0.6855
vn -0.2437 -0.1733 0.9542
vn 0.4982 0.7383 -0.4546
vn 0.5938 0.7524 -0.2852
vn -0.5135 -0.8580 0.0088
vn 0.3590 -0.0132 -0.9333
vn -0.0232 -0.3273 0.9446
vn 0.2177 -0.0834 0.9724
vn -0.3099 0.2729 -0.9108
vn -0.6724 0.3032 0.6752
vn 0.4220 -0.5101 -0.7495
vn -0.1188 0.2673 0.9563
vn -0.3728 0.0396 0.9271
vn 0.6597 -0.2888 -0.6938
vn -0.6086 0.4865 0.6268
vn 0.9881 0.1403 0.0624
vn 0.3064 0.9388 -0.1573
vn -0.9901 -0.1241 -0.0658
vn -0.4710 -0.8726 0.1292
vn 0.6857 0.1037 -0.7205
vn 0.0889 0.0098 0.9960
vn -0.2945 0.0417 0.9547
vn -0.4916 0.2016 -0.8472
vn -0.0789 -0.5082 0.8576
vn -0.0126 -0.2072 -0.9782
vn -0.2940 -0.6996 -0.6513
vn -0.2295 0.3892 0.8921
vn 0.0963 0.3621 0.9272
vn 0.3067 -0.7495 -0.5867
vn -0.0240 0.2957 0.9550
vn 0.4519 0.2465 0.8573
vn 0.1217 -0.0617 0.9906
vn -0.0813 -0.1175 0.9897
vn 0.9330 -0.3273 0.1497
vn -0.1902 0.5292 -0.8269
vn 0.4066 0.4675 -0.7849
vn 0.1616 -0.4711 -0.8672
vn -0.2611 -0.4547 -0.8515
vn -0.4598 -0.1294 0.8785
vn -0.0049 0.0542 -0.9985
vn 0.2984 -0.0457 -0.9534
vn -0.2827 0.7663 0.5769
vn 0.2423 0.4504 0.8593
vn -0.1566 0.5799 0.7995
vn -0.2250 -0.5160 -0.8265
vn -0.0287 -0.6706 -0.7413
vn 0.3750 0.6566 0.6544
vn 0.0566 0.1126 0.9920
vn -0.6072 -0.3924 -0.6909
vn -0.5249 0.1020 -0.8450
vn 0.6053 0.2144 0.7666
vn 0.1210 -0.9717 0.2028
vn -0.4411 0.4192 0.7935
vn 0.3761 0.0926 -0.9219
vn 0.0709 -0.3542 -0.9325
vn 0.0855 0.0646 -0.9942
vn -0.0598 0.4825 0.8739
vn -0.6229 -0.1330 0.7709
vn -0.8173 -0.1701 -0.5506
vn -0.4602 -0.0373 0.8871
vn 0.4193 -0.3965 -0.8167
vn 0.4498 -0.1648 -0.8778
vn 0.4655 -0.0538 -0.8834
vn -0.6858 0.1355 0.7150
vn 0.8148 0.0063 0.5797
vn 0.0486 -0.0477 0.9977
vn -0.0262 0.4606 0.8872
vn 0.1865 0.0947 -0.9779
vn 0.1471 -0.4805 -0.8646
vn -0.1120 0.0428 0.9928
vn 0.0099 0.9812 -0.1927
vn -0.3059 0.2213 -0.9260
vn -0.2013 -0.4640 -0.8627
vn -0.0459 -0.4459 -0.8939
vn -0.0352 0.1466 -0.9886
vn 0.9623 -0.0695 0.2631
vn 0.3455 0.4003 0.8488
vn 0.4906 0.0060 0.8714
vn -0.8334 -0.2576 -0.4889
vn -0.7444 0.2028 -0.6362
vn 0.0001 0.4452 -0.8954
vn 0.0601 -0.0269 0.9978
vn -0.2735 0.0120 0.9618
vn 0.3335 -0.0539 -0.9412
vn -0.9435 0.2980 -0.1449
vn -0.0660 -0.8774 0.4752
vn 0.3498 0.8133 -0.4650
vn -0.3184 -0.4730 0.8215
vn 0.3034 0.4491 -0.8404
vn 0.0402 -0.5072 0.8609
vn -0.0626 0.8210 -0.5675
vn -0.3497 -0.8146 0.4627
vn 0.0448 -0.4706 -0.8812
vn 0.9337 -0.3254 0.1494
vn 0.9959 0.0002 0.0908
vn 0.2740 0.9482 -0.1604
vn 0.3200 0.9360 -0.1466
vn 0.3786 0.6356 -0.6728
vn 0.9758 -0.0744 -0.2055
vn 0.4578 0.0888 -0.8846
vn 0.9300 -0.3226 -0.1761
vn 0.3755 -0.5013 -0.7796
vn -0.0111 -0.9812 0.1926
vn -0.0973 -0.9802 0.1723
vn -0.2253 -0.9596 0.1688
vn -0.9975 -0.0193 -0.0682
vn -0.9849 0.1424 -0.0986
vn -0.9924 -0.1013 -0.0705
vn -0.9484 0.2833 -0.1424
vn 0.0710 0.9798 -0.1868
vn -0.0345 0.9824 -0.1835
vn 0.1011 0.9778 -0.1837
vn 0.1359 0.9763 -0.1684
vn -0.9957 -0.0404 -0.0828
vn -0.9747 -0.0579 0.2157
vn -0.4556 0.0150 0.8901
vn -0.9633 0.2326 -0.1337
vn -0.9273 0.3310 0.1749
vn -0.3847 0.4698 0.7945
vn 0.0024 -0.7063 0.7079
vn -0.1106 -0.9794 0.1688
vn -0.1476 -0.9731 0.1769
vn 0.1051 0.6973 -0.7090
vn 0.0602 0.9831 -0.1729
vn -0.4048 -0.6264 0.6661
vn -0.4066 -0.9036 0.1348
vn -0.4247 -0.8950 0.1362
vn 0.2740 0.9483 -0.1604
vn 0.9914 0.1222 0.0478
vn 0.9958 -0.0044 0.0917
vn 0.8167 0.1796 0.5484
vn 0.9865 -0.1182 0.1133
vn 0.9676 -0.2255 0.1135
vn -0.8127 0.0164 -0.5825
vn 0.4268 0.4122 -0.8050
vn 0.0571 -0.0162 0.9982
vn -0.2686 0.0109 0.9632
vn -0.1739 0.4621 -0.8696
vn -0.2082 -0.2322 0.9501
vn -0.1460 -0.0140 -0.9892
vn -0.5529 -0.3911 -0.7358
vn -0.2613 0.3632 0.8943
vn 0.1221 0.3313 0.9356
vn 0.6244 -0.4890 -0.6091
vn -0.0340 0.3081 0.9507
vn 0.5879 0.0139 0.8088
vn 0.0420 -0.0934 0.9947
vn -0.4066 -0.4691 0.7840
vn 0.0315 0.3725 -0.9275
vn 0.4479 0.4900 -0.7478
vn 0.3132 -0.5938 -0.7411
vn -0.2115 -0.4459 -0.8698
vn -0.2180 0.0301 0.9755
vn -0.1045 0.1943 -0.9754
vn 0.3255 -0.0336 -0.9449
vn 0.0653 0.7648 0.6410
vn 0.1672 0.4337 0.8854
vn -0.1988 0.5662 0.7999
vn -0.0250 -0.6598 -0.7511
vn 0.2635 -0.6169 -0.7416
vn -0.1212 -0.1063 0.9869
vn -0.5837 -0.3336 -0.7403
vn -0.5429 0.2297 -0.8078
vn 0.3987 0.0115 0.9170
vn -0.3491 0.2908 0.8908
vn 0.4629 -0.0041 -0.8864
vn -0.0536 -0.4865 -0.8720
vn 0.1086 0.0199 -0.9939
vn 0.0432 0.2846 0.9577
vn -0.4819 -0.0104 0.8761
vn 0.4118 -0.3875 -0.8248
vn 0.4718 -0.3449 -0.8114
vn 0.4498 -0.1649 -0.8778
vn -0.6152 0.4214 0.6663
vn -0.0163 0.0459 0.9988
vn 0.1141 0.2593 0.9590
vn 0.2969 -0.0409 -0.9540
vn 0.0822 -0.2815 -0.9560
vn -0.0448 0.0773 0.9960
vn -0.1988 0.0242 -0.9797
vn -0.4099 -0.2263 -0.8836
vn -0.1306 -0.3482 -0.9283
vn 0.1148 -0.0716 -0.9908
vn 0.9105 -0.2376 0.3384
vn 0.5111 0.1333 0.8491
vn 0.1018 -0.2806 0.9544
vn -0.7775 0.0142 -0.6287
vn -0.8833 0.0411 -0.4671
vn 0.9611 0.1442 0.2356
vn -0.0454 0.4788 -0.8767
vn 0.0713 -0.0166 0.9973
vn -0.2701 0.0075 0.9628
vn 0.1805 -0.2078 -0.9614
vn 0.0895 -0.8400 0.5352
vn 0.2401 0.7956 -0.5562
vn -0.3019 -0.4606 0.8347
vn 0.0365 -0.5043 0.8628
vn -0.0881 0.8253 -0.5577
vn -0.0766 -0.8954 0.4387
vn 0.0448 -0.4707 -0.8812
vn -0.3116 0.9502 0.0024
vn -0.9910 0.1221 -0.0557
vn 0.2958 -0.9553 -0.0035
vn 0.9534 -0.2977 0.0497
vn -0.3108 0.5810 -0.7522
vn 0.0892 0.1861 0.9785
vn 0.1239 -0.1992 0.9721
vn -0.2043 -0.6021 -0.7718
vn 0.6098 0.0972 0.7866
vn 0.0915 -0.0755 -0.9929
vn 0.6616 -0.2330 -0.7127
vn -0.2345 -0.2019 0.9509
vn -0.2640 0.1254 0.9563
vn 0.6073 0.3707 -0.7027
vn -0.1738 0.0220 0.9845
vn -0.2247 0.4869 0.8441
vn 0.1523 0.2301 0.9612
vn 0.2441 0.0407 0.9689
vn 0.1650 0.9858 0.0313
vn -0.5772 -0.3614 -0.7323
vn -0.6219 0.2383 -0.7460
vn 0.3298 0.1521 -0.9317
vn 0.3934 -0.2633 -0.8809
vn 0.3126 -0.3393 0.8872
vn -0.1675 -0.1151 -0.9791
vn -0.1206 0.2038 -0.9716
vn -0.6293 -0.3511 0.6934
vn -0.3849 0.2465 0.8894
vn -0.4448 -0.1728 0.8788
vn 0.4495 -0.2148 -0.8671
vn 0.5742 0.0127 -0.8186
vn -0.6343 0.3201 0.7037
vn -0.0056 0.1363 0.9907
vn 0.4149 -0.5970 -0.6866
vn -0.1007 -0.6173 -0.7802
vn -0.2320 0.6335 0.7382
vn 0.9497 0.3069 0.0627
vn -0.2363 -0.4244 0.8741
vn -0.2662 0.2593 -0.9284
vn 0.2249 0.0364 -0.9737
vn -0.1937 -0.0279 -0.9807
vn -0.3589 -0.0536 0.9318
vn 0.3336 -0.5094 0.7932
vn 0.2528 -0.8270 -0.5022
vn 0.2236 -0.3547 0.9078
vn 0.2154 0.3968 -0.8923
vn -0.0234 0.3804 -0.9245
vn -0.1353 0.3761 -0.9166
vn 0.0766 -0.6231 0.7784
vn -0.0891 0.8558 0.5095
vn 0.1530 0.1567 0.9757
vn -0.3421 -0.0156 0.9395
vn -0.2399 0.0675 -0.9685
vn 0.3420 0.1398 -0.9293
vn 0.0936 -0.0168 0.9955
vn -0.9819 -0.1793 -0.0618
vn -0.2668 -0.4316 -0.8617
vn 0.3902 -0.2043 -0.8978
vn 0.3403 -0.0583 -0.9385
vn -0.2509 -0.1597 -0.9547
vn -0.0788 0.9814 0.1751
vn -0.3562 0.3551 0.8643
vn 0.0046 0.5677 0.8232
vn 0.3483 -0.8215 -0.4515
vn -0.1345 -0.8287 -0.5434
vn -0.5381 -0.1673 -0.8261
vn 0.1306 0.1644 0.9777
vn 0.1498 -0.1728 0.9735
vn -0.1176 0.2409 -0.9634
vn -0.1340 -0.9905 -0.0296
vn 0.9235 0.1350 0.3591
vn -0.9120 0.1552 -0.3797
vn 0.6153 -0.1472 0.7744
vn -0.5914 0.1347 -0.7950
vn 0.5872 0.2140 0.7806
vn -0.8555 -0.2605 -0.4476
vn 0.9130 -0.1551 0.3773
vn 0.3492 0.0361 -0.9363
vn 0.1630 0.9861 0.0312
vn -0.1730 0.9849 0.0113
vn -0.9946 0.0884 -0.0550
vn -0.9895 0.1370 -0.0466
vn -0.7679 0.1931 -0.6108
vn -0.1307 0.9481 -0.2897
vn -0.2732 0.3437 -0.8984
vn 0.1234 0.9491 -0.2898
vn 0.3301 0.3757 -0.8660
vn 0.9821 0.1781 0.0618
vn 0.9946 0.0914 0.0487
vn 0.9976 -0.0379 0.0580
vn 0.1945 -0.9809 0.0085
vn 0.0308 -0.9995 -0.0012
vn 0.2734 -0.9619 -0.0049
vn -0.1185 -0.9925 -0.0287
vn -0.9911 -0.1186 -0.0610
vn -0.9738 -0.2221 -0.0491
vn -0.9942 -0.0885 -0.0605
vn -0.9974 -0.0525 -0.0484
vn 0.2131 -0.9770 -0.0088
vn 0.2609 -0.9232 0.2822
vn 0.1722 -0.3590 0.9173
vn -0.0651 -0.9975 -0.0256
vn -0.1322 -0.9480 0.2894
vn -0.2959 -0.3777 0.8774
vn 0.7708 0.1959 0.6062
vn 0.9959 0.0780 0.0463
vn 0.9975 0.0414 0.0580
vn -0.7819 -0.0892 -0.6169
vn -0.9907 -0.1284 -0.0459
vn 0.7630 -0.2211 0.6075
vn 0.9724 -0.2286 0.0460
vn 0.9676 -0.2477 0.0500
vn -0.2962 0.9550 -0.0146
vn -0.1684 0.9857 0.0116
vn -0.2622 0.8246 0.5013
vn -0.0531 0.9984 0.0187
vn 0.0552 0.9985 0.0063
vn 0.0663 -0.8579 -0.5095
vn -0.5740 0.2656 -0.7746
vn 0.1207 0.1597 0.9798
vn 0.1502 -0.1677 0.9743
vn -0.5196 -0.3381 -0.7846
vn 0.3748 -0.0678 0.9246
vn -0.0739 -0.2406 -0.9678
vn 0.3984 -0.5485 -0.7351
vn -0.2030 -0.2283 0.9522
vn -0.2376 0.1570 0.9586
vn 0.2920 0.6347 -0.7155
vn -0.1846 0.0096 0.9828
vn -0.0283 0.6554 0.7548
vn 0.1984 0.1578 0.9673
vn 0.6233 -0.2381 0.7448
vn -0.4767 -0.1273 -0.8698
vn -0.6472 0.2786 -0.7095
vn 0.4363 0.3346 -0.8353
vn 0.3736 -0.2181 -0.9016
vn 0.1235 -0.1202 0.9850
vn -0.2832 -0.2345 -0.9300
vn -0.1364 0.2292 -0.9638
vn -0.6844 -0.0035 0.7291
vn -0.3517 0.1783 0.9190
vn -0.4236 -0.2117 0.8808
vn 0.5618 0.0136 -0.8272
vn 0.4679 0.2898 -0.8349
vn 0.2402 -0.0006 0.9707
vn 0.3475 -0.5891 -0.7295
vn -0.2177 -0.6533 -0.7251
vn 0.0214 0.4813 0.8763
vn -0.1166 -0.3022 0.9461
vn -0.1837 0.3647 -0.9128
vn 0.3840 -0.0567 -0.9216
vn -0.1544 0.0025 -0.9880
vn -0.1750 0.0900 0.9804
vn 0.0767 -0.6231 0.7784
vn 0.2001 -0.3818 0.9023
vn 0.2070 0.3871 -0.8985
vn 0.1560 0.4399 -0.8844
vn -0.2210 -0.6082 0.7624
vn 0.0737 0.0771 0.9943
vn -0.1632 0.1640 0.9729
vn -0.1250 0.2016 -0.9715
vn 0.1491 0.0325 -0.9883
vn 0.0479 0.0435 0.9979
vn -0.1003 -0.2980 -0.9493
vn 0.1942 -0.4518 -0.8707
vn 0.2565 -0.1616 -0.9529
vn -0.0659 0.0247 -0.9975
vn 0.1034 0.9673 0.2314
vn -0.1260 0.5635 0.8164
vn 0.3655 0.2447 0.8981
vn 0.0565 -0.8278 -0.5582
vn 0.0684 -0.9197 -0.3866
vn -0.2904 0.9405 0.1762
vn -0.5604 -0.2159 -0.7996
vn 0.1184 0.1735 0.9777
vn 0.1537 -0.1686 0.9736
vn 0.0585 0.1156 -0.9916
vn 0.8653 0.2869 0.4111
vn -0.8851 0.0415 -0.4636
vn 0.6016 -0.1319 0.7878
vn 0.5853 0.2101 0.7831
vn -0.8539 -0.2853 -0.4353
vn 0.9388 0.1240 0.3215
vn 0.6345 0.7553 -0.1641
vn -0.4109 0.9115 0.0186
vn -0.6470 -0.7443 0.1657
vn 0.2444 -0.9696 0.0156
vn 0.1547 0.5482 -0.8219
vn 0.4241 0.0408 0.9047
vn 0.1193 -0.1870 0.9751
vn -0.7812 -0.1511 -0.6058
vn 0.5687 -0.4556 0.6849
vn -0.2442 -0.1393 -0.9597
vn -0.0236 -0.7030 -0.7108
vn -0.0685 0.1186 0.9906
vn 0.1904 0.3121 0.9308
vn 0.4539 -0.3462 -0.8210
vn 0.1562 0.1822 0.9708
vn 0.4854 0.4615 0.7426
vn 0.4886 0.0088 0.8725
vn 0.3790 -0.1670 0.9102
vn 0.9111 0.3654 -0.1907
vn -0.7598 0.2933 -0.5803
vn -0.2862 0.6393 -0.7138
vn 0.0795 -0.2255 -0.9710
vn -0.2226 -0.4922 -0.8415
vn 0.0784 -0.4226 0.9029
vn -0.4046 0.0628 -0.9123
vn -0.1137 0.1865 -0.9759
vn -0.4508 0.3749 0.8101
vn 0.2149 0.4765 0.8525
vn -0.1669 0.3124 0.9352
vn -0.1508 -0.5152 -0.8437
vn 0.1126 -0.5042 -0.8562
vn 0.1078 0.7241 0.6812
vn 0.3376 0.0968 0.9363
vn -0.4451 -0.6777 -0.5853
vn -0.7435 -0.2480 -0.6211
vn 0.5795 0.5407 0.6098
vn 0.7489 -0.6556 -0.0969
vn -0.2723 0.0041 0.9622
vn -0.1311 0.3409 -0.9309
vn -0.0794 -0.1958 -0.9774
vn -0.3456 0.1301 -0.9293
vn -0.0121 0.3010 0.9535
vn -0.0741 -0.5301 0.8447
vn -0.6761 -0.6526 -0.3420
vn 0.0254 -0.3538 0.9350
vn 0.2345 -0.0008 -0.9721
vn 0.0931 0.1949 -0.9764
vn 0.0349 0.2888 -0.9567
vn -0.3018 -0.3684 0.8793
vn 0.7843 0.5272 0.3270
vn 0.4312 -0.0291 0.9018
vn 0.0297 0.3064 0.9515
vn -0.2867 0.2189 -0.9327
vn 0.0759 -0.2422 -0.9672
vn 0.2613 -0.0668 0.9629
vn -0.6586 0.7488 0.0745
vn -0.6913 -0.0119 -0.7225
vn -0.1790 -0.4596 -0.8699
vn -0.0919 -0.3427 -0.9349
vn -0.4783 0.1120 -0.8710
vn 0.8174 0.5754 -0.0256
vn 0.3140 0.5071 0.8026
vn 0.6636 0.3059 0.6827
vn -0.6117 -0.7307 -0.3033
vn -0.8822 -0.3222 -0.3433
vn -0.6000 0.3573 -0.7158
vn 0.4267 -0.0059 0.9044
vn 0.1547 -0.1956 0.9684
vn -0.0794 0.2032 -0.9759
vn -0.8990 -0.3944 0.1903
vn 0.6604 -0.7149 0.2298
vn -0.4177 0.8536 -0.3113
vn 0.3652 -0.5862 0.7232
vn -0.3682 0.5588 -0.7430
vn 0.6532 -0.3765 0.6570
vn -0.7509 0.5901 -0.2966
vn 0.4177 -0.8544 0.3089
vn -0.0083 -0.3018 -0.9533
vn 0.9104 0.3672 -0.1907
vn 0.7353 0.6543 -0.1764
vn -0.4406 0.8973 0.0267
vn -0.3957 0.9181 0.0243
vn -0.3665 0.7442 -0.5584
vn 0.6571 0.5926 -0.4659
vn -0.0574 0.3909 -0.9186
vn 0.7860 0.3751 -0.4914
vn 0.2809 -0.1095 -0.9535
vn 0.6577 -0.7496 -0.0743
vn 0.5889 -0.8052 -0.0702
vn 0.4848 -0.8739 -0.0346
vn -0.7166 -0.6704 0.1927
vn -0.8169 -0.5398 0.2034
vn -0.6641 -0.7286 0.1679
vn -0.8927 -0.4087 0.1900
vn -0.6126 0.7879 0.0636
vn -0.6873 0.7202 0.0949
vn -0.5889 0.8061 0.0581
vn -0.5578 0.8276 0.0627
vn -0.7079 -0.6847 0.1732
vn -0.5724 -0.6916 0.4405
vn -0.0019 -0.3116 0.9502
vn -0.8693 -0.4569 0.1888
vn -0.7897 -0.3670 0.4917
vn -0.2628 0.0793 0.9616
vn 0.6907 -0.5471 0.4728
vn 0.5778 -0.8132 -0.0698
vn 0.5509 -0.8330 -0.0510
vn -0.6099 0.6113 -0.5043
vn -0.6170 0.7829 0.0802
vn 0.3399 -0.7545 0.5614
vn 0.3106 -0.9505 -0.0041
vn 0.2932 -0.9560 0.0042
vn 0.6424 0.7442 -0.1832
vn 0.7384 0.6508 -0.1768
vn 0.6691 0.6595 0.3426
vn 0.8088 0.5587 -0.1839
vn 0.8606 0.4655 -0.2067
vn -0.7976 -0.5087 -0.3242
vn -0.2458 0.6115 -0.7521
vn 0.4183 0.0002 0.9083
vn 0.1593 -0.1933 0.9681
vn -0.7233 0.2547 -0.6418
vn 0.3444 -0.3358 0.8767
vn -0.4593 -0.0817 -0.8845
vn -0.4242 -0.6398 -0.6409
vn -0.0743 0.0780 0.9942
vn 0.2305 0.3058 0.9238
vn 0.5117 0.0596 -0.8571
vn 0.1401 0.1851 0.9727
vn 0.7043 0.3776 0.6012
vn 0.4531 -0.0677 0.8889
vn 0.2868 -0.6404 0.7125
vn -0.5457 0.3242 -0.7728
vn -0.2570 0.6825 -0.6842
vn 0.3072 -0.2210 -0.9256
vn -0.1997 -0.4525 -0.8691
vn 0.1879 -0.1458 0.9713
vn -0.5511 0.1018 -0.8282
vn -0.0988 0.2133 -0.9720
vn -0.1810 0.6014 0.7781
vn 0.1816 0.4137 0.8921
vn -0.1882 0.2742 0.9431
vn 0.1052 -0.4933 -0.8635
vn 0.2859 -0.2711 -0.9191
vn 0.3430 -0.1848 0.9210
vn -0.4823 -0.6168 -0.6220
vn -0.8198 -0.1649 -0.5484
vn 0.6123 0.2483 0.7506
vn -0.0936 -0.0342 0.9950
vn 0.0018 0.3246 -0.9459
vn -0.0647 -0.3789 -0.9232
vn -0.3021 0.1117 -0.9467
vn 0.2112 0.2181 0.9528
vn -0.3017 -0.3684 0.8793
vn -0.0102 -0.3477 0.9376
vn 0.2208 0.0012 -0.9753
vn 0.2423 0.0724 -0.9675
vn 0.0932 0.1948 -0.9764
vn -0.4432 -0.1058 0.8902
vn 0.3292 -0.0015 0.9443
vn 0.2771 0.2458 0.9289
vn -0.1178 0.1892 -0.9749
vn -0.1242 -0.1332 -0.9833
vn 0.2890 0.0034 0.9573
vn -0.5162 -0.0881 -0.8519
vn -0.4777 -0.4179 -0.7728
vn -0.2235 -0.3242 -0.9192
vn -0.2412 0.0470 -0.9693
vn 0.9105 0.4132 0.0140
vn 0.5926 0.4156 0.6900
vn 0.5938 -0.1679 0.7869
vn -0.7885 -0.4859 -0.3769
vn -0.8198 -0.5396 -0.1920
vn 0.6770 0.7360 0.0049
vn -0.6455 0.3521 -0.6778
vn 0.4282 0.0092 0.9036
vn 0.1602 -0.1968 0.9673
vn -0.1014 -0.0128 -0.9948
vn 0.7694 -0.5858 0.2546
vn -0.5180 0.7703 -0.3720
vn 0.3741 -0.5663 0.7344
vn 0.6495 -0.3768 0.6604
vn -0.7679 0.5762 -0.2797
vn 0.6504 -0.7344 0.1940
vn 0.4213 0.9069 -0.0000
vn -0.6422 0.7665 -0.0000
vn -0.4364 -0.8998 -0.0000
vn 0.4947 -0.8691 -0.0000
vn 0.1264 0.6548 -0.7451
vn 0.2486 0.0514 0.9672
vn 0.0106 -0.2536 0.9672
vn -0.6043 -0.2820 -0.7452
vn 0.5563 -0.3640 0.7471
vn -0.0423 -0.0935 -0.9947
vn 0.2820 -0.6044 -0.7451
vn -0.2536 -0.0106 0.9672
vn -0.0514 0.2486 0.9672
vn 0.6548 -0.1264 -0.7451
vn -0.0547 0.1108 0.9923
vn 0.2173 0.4886 0.8450
vn 0.3236 0.0409 0.9453
vn 0.2618 -0.1602 0.9517
vn 0.7947 0.6070 -0.0000
vn -0.7096 0.1474 -0.6890
vn -0.3339 0.6164 -0.7131
vn 0.2902 -0.0913 -0.9526
vn 0.0561 -0.4395 -0.8965
vn 0.0476 -0.4827 0.8745
vn -0.2573 0.0538 -0.9648
vn -0.0050 0.2547 -0.9670
vn -0.6580 0.1560 0.7367
vn -0.0609 0.4211 0.9050
vn -0.3912 0.1559 0.9070
vn 0.1308 -0.4427 -0.8871
vn -0.3797 0.3626 0.8511
vn -0.2031 0.6496 0.7326
vn 0.1463 0.0794 0.9861
vn -0.1447 -0.7027 -0.6966
vn -0.5397 -0.3636 -0.7593
vn 0.3058 0.6033 0.7365
vn 0.9052 -0.4251 -0.0000
vn -0.4111 -0.1702 0.8956
vn -0.0709 0.3936 -0.9165
vn 0.1323 -0.1032 -0.9858
vn -0.2170 0.1356 -0.9667
vn -0.2442 0.1831 0.9523
vn -0.0585 -0.6190 0.7832
vn -0.4091 -0.7646 -0.4980
vn -0.0265 -0.4338 0.9006
vn 0.3761 0.1646 -0.9119
vn 0.1890 0.3164 -0.9296
vn 0.1049 0.3894 -0.9151
vn -0.3242 -0.5265 0.7860
vn 0.5485 0.6738 0.4951
vn 0.2749 -0.0135 0.9614
vn -0.2056 0.1993 0.9581
vn -0.1848 0.2364 -0.9539
vn 0.2908 -0.1086 -0.9506
vn 0.1144 -0.1002 0.9884
vn -0.8415 0.5403 -0.0000
vn -0.5387 -0.1125 -0.8349
vn 0.0930 -0.3938 -0.9145
vn 0.1540 -0.2520 -0.9554
vn -0.3471 0.0776 -0.9346
vn 0.6222 0.7667 0.1580
vn 0.0327 0.4816 0.8758
vn 0.4384 0.3918 0.8089
vn -0.3326 -0.8270 -0.4532
vn -0.6948 -0.5007 -0.5163
vn -0.5542 0.2648 -0.7892
vn 0.2639 0.0074 0.9645
vn 0.0476 -0.2520 0.9665
vn 0.0229 0.2796 -0.9598
vn -0.7752 -0.6317 -0.0000
vn 0.7859 -0.5401 0.3011
vn -0.5807 0.7448 -0.3287
vn 0.3928 -0.5461 0.7399
vn -0.3851 0.5212 -0.7616
vn 0.6192 -0.2631 0.7398
vn -0.8271 0.4040 -0.3907
vn 0.5812 -0.7454 0.3263
vn 0.2249 -0.1891 -0.9558
vn 0.7934 0.6087 -0.0000
vn 0.5466 0.8374 -0.0000
vn -0.6677 0.7445 0.0016
vn -0.6304 0.7762 0.0087
vn -0.4633 0.6797 -0.5687
vn 0.5348 0.7891 -0.3022
vn -0.0166 0.4593 -0.8881
vn 0.7207 0.6164 -0.3172
vn 0.4468 0.0704 -0.8919
vn 0.8409 -0.5413 -0.0000
vn 0.7901 -0.6129 -0.0119
vn 0.7046 -0.7096 -0.0000
vn -0.5270 -0.8497 0.0184
vn -0.6595 -0.7514 0.0188
vn -0.4574 -0.8893 -0.0000
vn -0.7652 -0.6438 -0.0000
vn -0.8068 0.5909 -0.0000
vn -0.8641 0.5032 0.0131
vn -0.7885 0.6150 -0.0000
vn -0.7656 0.6432 0.0115
vn -0.5117 -0.8592 -0.0000
vn -0.4233 -0.8595 0.2865
vn -0.0664 -0.4020 0.9132
vn -0.7296 -0.6839 -0.0000
vn -0.7264 -0.6096 0.3174
vn -0.4226 -0.0955 0.9013
vn 0.7305 -0.3973 0.5554
vn 0.7817 -0.6235 -0.0140
vn 0.7586 -0.6516 -0.0017
vn -0.6664 0.4832 -0.5678
vn -0.8122 0.5831 0.0152
vn 0.4403 -0.6968 0.5662
vn 0.5554 -0.8316 -0.0062
vn 0.5391 -0.8422 -0.0016
vn -0.6677 0.7444 0.0016
vn 0.4349 0.9003 -0.0179
vn 0.5504 0.8349 -0.0000
vn 0.4004 0.7693 0.4977
vn 0.6436 0.7654 -0.0000
vn 0.7217 0.6919 -0.0187
vn -0.5665 -0.6599 -0.4936
vn -0.2820 0.6044 -0.7451
vn 0.2536 0.0106 0.9672
vn 0.0515 -0.2486 0.9672
vn -0.6549 0.1264 -0.7451
vn 0.2804 -0.3276 0.9022
vn -0.2740 -0.1020 -0.9563
vn -0.1264 -0.6548 -0.7451
vn -0.2486 -0.0514 0.9672
vn -0.0106 0.2536 0.9672
vn 0.6044 0.2820 -0.7451
vn -0.0711 0.1091 0.9915
vn 0.4702 0.4799 0.7406
vn 0.3083 -0.0435 0.9503
vn 0.3349 -0.6172 0.7119
vn -0.4846 0.2532 -0.8373
vn -0.3227 0.6623 -0.6762
vn 0.4979 -0.0329 -0.8666
vn 0.0713 -0.3924 -0.9170
vn 0.0650 -0.1960 0.9784
vn -0.4202 0.0443 -0.9063
vn 0.0012 0.2839 -0.9589
vn -0.4589 0.4467 0.7680
vn -0.0815 0.3480 0.9339
vn -0.4022 0.1129 0.9086
vn 0.3709 -0.3532 -0.8589
vn 0.4904 -0.0872 -0.8671
vn 0.2308 -0.1878 0.9547
vn -0.1909 -0.6499 -0.7357
vn -0.6463 -0.3114 -0.6966
vn 0.3947 0.3160 0.8628
vn -0.2364 -0.1642 0.9577
vn 0.0621 0.4139 -0.9082
vn 0.1878 -0.2810 -0.9411
vn -0.1680 0.1310 -0.9770
vn -0.0094 0.1614 0.9868
vn -0.0624 -0.4374 0.8971
vn 0.3630 0.1634 -0.9174
vn 0.3626 0.2364 -0.9015
vn 0.1891 0.3163 -0.9296
vn -0.5319 -0.3122 0.7872
vn 0.1639 -0.0180 0.9863
vn 0.0493 0.2076 0.9770
vn -0.0098 0.2561 -0.9666
vn 0.0736 -0.0540 -0.9958
vn 0.1223 -0.0251 0.9922
vn -0.3314 -0.1263 -0.9350
vn -0.2171 -0.4416 -0.8706
vn 0.0215 -0.2700 -0.9626
vn -0.0889 0.0871 -0.9922
vn 0.7487 0.6308 0.2038
vn 0.3399 0.4780 0.8099
vn 0.4853 -0.0923 0.8695
vn -0.5559 -0.6299 -0.5424
vn -0.6000 -0.7094 -0.3698
vn 0.4403 0.8811 0.1725
vn -0.6020 0.2439 -0.7604
vn 0.2613 0.0223 0.9650
vn 0.0533 -0.2517 0.9663
vn 0.0641 0.0686 -0.9956
vn 0.8503 -0.3904 0.3530
vn -0.6436 0.6454 -0.4115
vn 0.3941 -0.5259 0.7537
vn 0.6153 -0.2647 0.7426
vn -0.8422 0.3845 -0.3780
vn 0.7874 -0.5576 0.2629
vn 0.2248 -0.1891 -0.9559
vn 0.8911 0.4538 -0.0000
vn -0.0324 0.9995 -0.0000
vn -0.8985 -0.4389 -0.0000
vn -0.1470 -0.9891 -0.0000
vn 0.5034 0.4374 -0.7451
vn 0.2274 -0.1129 0.9672
vn -0.1481 -0.2062 0.9672
vn -0.6496 0.1510 -0.7451
vn 0.2132 -0.6296 0.7471
vn -0.0910 -0.0475 -0.9947
vn -0.1510 -0.6496 -0.7451
vn -0.2061 0.1481 0.9672
vn 0.1129 0.2274 0.9672
vn 0.4374 -0.5035 -0.7451
vn 0.0253 0.1209 0.9923
vn 0.4724 0.2505 0.8450
vn 0.2800 -0.1674 0.9453
vn 0.1072 -0.2876 0.9517
vn 0.9999 -0.0125 -0.0000
vn -0.4676 0.5538 -0.6890
vn 0.1176 0.6911 -0.7131
vn 0.1721 -0.2509 -0.9526
vn -0.2270 -0.3804 -0.8965
vn -0.2603 -0.4092 0.8745
vn -0.1693 0.2011 -0.9648
vn 0.1532 0.2036 -0.9670
vn -0.4216 0.5287 0.7367
vn 0.2119 0.3690 0.9050
vn -0.2117 0.3641 0.9070
vn -0.1701 -0.4291 -0.8871
vn -0.0751 0.5196 0.8511
vn 0.2409 0.6366 0.7326
vn 0.1641 -0.0277 0.9861
vn -0.5474 -0.4637 -0.6966
vn -0.6491 0.0469 -0.7593
vn 0.6129 0.2861 0.7365
vn 0.4501 -0.8930 -0.0000
vn -0.4286 0.1198 0.8955
vn 0.1871 0.3535 -0.9165
vn 0.0405 -0.1629 -0.9858
vn -0.0871 0.2405 -0.9667
vn -0.0792 0.2947 0.9523
vn -0.4280 -0.4511 0.7832
vn -0.7937 -0.3494 -0.4979
vn -0.2885 -0.3250 0.9006
vn 0.3975 -0.1024 -0.9119
vn 0.3439 0.1323 -0.9296
vn 0.3228 0.2417 -0.9151
vn -0.5800 -0.2142 0.7859
vn 0.8474 0.1919 0.4951
vn 0.2081 -0.1802 0.9614
vn -0.0389 0.2837 0.9581
vn 0.0004 0.3001 -0.9539
vn 0.1618 -0.2649 -0.9506
vn 0.0282 -0.1495 0.9884
vn -0.3290 0.9443 -0.0000
vn -0.4934 0.2439 -0.8349
vn -0.1698 -0.3672 -0.9145
vn -0.0343 -0.2933 -0.9554
vn -0.2253 0.2752 -0.9346
vn 0.9628 0.2194 0.1580
vn 0.3228 0.3588 0.8758
vn 0.5867 0.0379 0.8089
vn -0.7721 -0.4456 -0.4532
vn -0.8557 0.0346 -0.5163
vn -0.2727 0.5503 -0.7892
vn 0.2122 -0.1570 0.9645
vn -0.1180 -0.2278 0.9665
vn 0.1905 0.2059 -0.9599
vn -0.9998 -0.0189 -0.0000
vn 0.2853 -0.9099 0.3011
vn 0.0022 0.9444 -0.3287
vn -0.0278 -0.6721 0.7399
vn 0.0185 0.6478 -0.7616
vn 0.3249 -0.5891 0.7399
vn -0.4016 0.8283 -0.3907
vn -0.0022 -0.9453 0.3263
vn 0.0603 -0.2877 -0.9558
vn 0.9999 -0.0105 -0.0000
vn 0.9468 0.3219 -0.0000
vn -0.0662 0.9978 0.0017
vn -0.0172 0.9998 0.0087
vn 0.0547 0.8208 -0.5687
vn 0.9077 0.2910 -0.3021
vn 0.2703 0.3717 -0.8881
vn 0.9475 0.0405 -0.3172
vn 0.3951 -0.2203 -0.8918
vn 0.3279 -0.9447 -0.0000
vn 0.2437 -0.9698 -0.0119
vn 0.2437 -0.9698 -0.0120
vn 0.1166 -0.9932 -0.0000
vn -0.9389 -0.3436 0.0185
vn -0.9827 -0.1845 0.0189
vn -0.9086 -0.4177 -0.0000
vn -0.9994 -0.0346 -0.0000
vn -0.2703 0.9628 -0.0000
vn -0.3696 0.9291 0.0132
vn -0.2410 0.9705 -0.0000
vn -0.2057 0.9786 0.0116
vn -0.9328 -0.3604 -0.0000
vn -0.8635 -0.4152 0.2865
vn -0.3002 -0.2754 0.9132
vn -0.9961 -0.0881 -0.0000
vn -0.9478 -0.0316 0.3174
vn -0.3915 0.1856 0.9013
vn 0.3298 -0.7634 0.5554
vn 0.2306 -0.9730 -0.0140
vn 0.1950 -0.9808 -0.0017
vn -0.2263 0.7915 -0.5678
vn -0.2794 0.9600 0.0152
vn -0.0833 -0.8200 0.5662
vn -0.0760 -0.9971 -0.0062
vn -0.0954 -0.9954 -0.0016
vn 0.8977 0.4402 -0.0180
vn 0.9483 0.3174 -0.0000
vn 0.7898 0.3584 0.4978
vn 0.9787 0.2053 -0.0000
vn 0.9949 0.0992 -0.0188
vn -0.8529 -0.1698 -0.4936
vn 0.1510 0.6496 -0.7451
vn 0.2062 -0.1481 0.9672
vn -0.1129 -0.2274 0.9672
vn -0.4373 0.5035 -0.7451
vn 0.0185 -0.4308 0.9022
vn -0.2786 0.0888 -0.9563
vn -0.5035 -0.4374 -0.7451
vn -0.2274 0.1129 0.9672
vn 0.1481 0.2062 0.9672
vn 0.6496 -0.1510 -0.7451
vn 0.0114 0.1297 0.9915
vn 0.6662 0.0876 0.7406
vn 0.2158 -0.2244 0.9503
vn -0.1172 -0.6924 0.7119
vn -0.2252 0.4982 -0.8373
vn 0.1547 0.7203 -0.6761
vn 0.3715 -0.3331 -0.8666
vn -0.1860 -0.3528 -0.9170
vn -0.0697 -0.1943 0.9785
vn -0.3033 0.2941 -0.9064
vn 0.1761 0.2227 -0.9589
vn -0.0854 0.6347 0.7680
vn 0.1506 0.3242 0.9339
vn -0.2469 0.3370 0.9086
vn 0.0738 -0.5068 -0.8589
vn 0.3321 -0.3712 -0.8671
vn 0.0658 -0.2902 0.9547
vn -0.5511 -0.3937 -0.7357
vn -0.7007 0.1538 -0.6967
vn 0.5056 0.0051 0.8628
vn -0.2873 0.0166 0.9577
vn 0.3042 0.2874 -0.9082
vn -0.0256 -0.3370 -0.9411
vn -0.0514 0.2068 -0.9770
vn 0.0921 0.1328 0.9868
vn -0.5799 -0.2143 0.7860
vn -0.3190 -0.3057 0.8971
vn 0.3864 -0.0954 -0.9174
vn 0.4312 -0.0376 -0.9015
vn 0.3438 0.1323 -0.9297
vn -0.6112 0.0825 0.7872
vn 0.1178 -0.1153 0.9863
vn 0.1668 0.1330 0.9770
vn 0.1503 0.2076 -0.9666
vn 0.0246 -0.0880 -0.9958
vn 0.0808 -0.0952 0.9922
vn -0.3387 0.1050 -0.9350
vn -0.4433 -0.2135 -0.8706
vn -0.1496 -0.2258 -0.9626
vn -0.0162 0.1234 -0.9922
vn 0.9784 0.0345 0.2037
vn 0.5624 0.1665 0.8099
vn 0.3250 -0.3720 0.8695
vn -0.8262 -0.1528 -0.5423
vn -0.9098 -0.1882 -0.3698
vn 0.8901 0.4219 0.1724
vn -0.3233 0.5633 -0.7604
vn 0.2194 -0.1436 0.9650
vn -0.1133 -0.2310 0.9663
vn 0.0928 0.0144 -0.9956
vn 0.4281 -0.8319 0.3531
vn -0.1083 0.9049 -0.4115
vn -0.0143 -0.6570 0.7537
vn 0.0184 0.6478 -0.7616
vn 0.3209 -0.5879 0.7426
vn -0.4256 0.8221 -0.3780
vn 0.2757 -0.9246 0.2629
vn 0.0603 -0.2876 -0.9558
vn -0.5406 0.7879 -0.2948
vn -0.9911 -0.1300 0.0299
vn 0.5266 -0.7963 0.2975
vn 0.9988 -0.0388 0.0313
vn -0.4734 0.1734 -0.8636
vn 0.0738 0.5532 0.8298
vn 0.2041 0.2114 0.9558
vn -0.0731 -0.8761 -0.4765
vn 0.5929 0.5165 0.6178
vn 0.0726 -0.4190 -0.9051
vn 0.6735 -0.3301 -0.6614
vn -0.1425 0.1218 0.9823
vn -0.2533 0.4123 0.8751
vn 0.4693 0.2054 -0.8588
vn -0.1390 0.3495 0.9266
vn -0.3103 0.7045 0.6383
vn 0.1231 0.6003 0.7902
vn 0.2598 0.4529 0.8529
vn -0.0877 0.9361 -0.3406
vn -0.4929 -0.7270 -0.4781
vn -0.6877 -0.2017 -0.6974
vn 0.2479 -0.1385 -0.9588
vn 0.4158 -0.4796 -0.7727
vn 0.4189 0.0952 0.9030
vn -0.1674 -0.5068 -0.8456
vn -0.2021 -0.2063 -0.9574
vn -0.4958 -0.1961 0.8460
vn -0.4031 0.4695 0.7856
vn -0.3558 0.0746 0.9316
vn 0.4584 -0.4183 -0.7841
vn 0.5234 -0.1678 -0.8354
vn -0.6693 0.4112 0.6188
vn -0.0049 0.4919 0.8706
vn 0.5275 -0.7028 -0.4773
vn 0.0307 -0.8700 -0.4920
vn -0.3580 0.7953 0.4892
vn 0.8433 0.5097 -0.1701
vn -0.0908 -0.1077 0.9900
vn -0.3554 -0.1724 -0.9187
vn 0.1741 -0.2816 -0.9436
vn -0.2148 -0.4346 -0.8746
vn -0.3008 0.2208 0.9278
vn 0.4789 -0.0885 0.8734
vn 0.4352 -0.8768 -0.2046
vn 0.3375 0.0694 0.9388
vn 0.0770 0.0714 -0.9945
vn -0.1510 -0.0082 -0.9885
vn -0.2578 -0.0339 -0.9656
vn 0.2584 -0.2533 0.9322
vn -0.2839 0.9417 0.1807
vn 0.1427 0.5398 0.8296
vn -0.2939 0.2616 0.9193
vn -0.2830 -0.3543 -0.8913
vn 0.2629 -0.1460 -0.9537
vn 0.1297 0.3778 0.9168
vn -0.9066 -0.4017 0.1297
vn -0.1796 -0.7699 -0.6124
vn 0.3973 -0.4335 -0.8088
vn 0.3108 -0.3282 -0.8920
vn -0.2360 -0.5563 -0.7968
vn -0.3172 0.9321 -0.1751
vn -0.4036 0.5643 0.7202
vn -0.1096 0.8202 0.5615
vn 0.5280 -0.8317 -0.1716
vn 0.0597 -0.9793 -0.1935
vn -0.5073 -0.5786 -0.6387
vn 0.1192 0.5425 0.8316
vn 0.2226 0.2415 0.9445
vn -0.2082 -0.1692 -0.9633
vn 0.1190 -0.9329 0.3400
vn 0.8718 0.4599 0.1688
vn -0.9345 -0.2037 -0.2920
vn 0.6593 0.2930 0.6924
vn -0.6339 -0.3067 -0.7101
vn 0.5415 0.6144 0.5739
vn -0.7774 -0.5911 -0.2149
vn 0.9353 0.2032 0.2897
vn 0.2955 -0.2404 -0.9246
vn -0.0897 0.9359 -0.3406
vn -0.4150 0.8531 -0.3162
vn -0.9861 -0.1608 0.0429
vn -0.9931 -0.1128 0.0330
vn -0.8127 -0.2243 -0.5377
vn -0.3755 0.7168 -0.5875
vn -0.3824 -0.0867 -0.9199
vn -0.1300 0.7738 -0.6199
vn 0.1942 0.0876 -0.9771
vn 0.9070 0.4007 -0.1294
vn 0.9406 0.3204 -0.1123
vn 0.9764 0.2081 -0.0584
vn 0.4356 -0.8373 0.3305
vn 0.2816 -0.8939 0.3488
vn 0.5065 -0.8078 0.3014
vn 0.1345 -0.9309 0.3395
vn -0.9307 -0.3487 0.1102
vn -0.8875 -0.4337 0.1556
vn -0.9414 -0.3221 0.1003
vn -0.9531 -0.2859 0.0991
vn 0.4520 -0.8362 0.3107
vn 0.4948 -0.6684 0.5554
vn 0.2891 0.0578 0.9555
vn 0.1874 -0.9225 0.3374
vn 0.1211 -0.7749 0.6203
vn -0.1601 -0.0776 0.9840
vn 0.7174 0.5735 0.3955
vn 0.9451 0.3077 -0.1100
vn 0.9562 0.2795 -0.0864
vn -0.7554 -0.4839 -0.4418
vn -0.9274 -0.3518 0.1275
vn 0.8148 0.1967 0.5453
vn 0.9997 0.0263 0.0012
vn 0.9999 0.0095 0.0123
vn -0.9861 -0.1608 0.0428
vn -0.5276 0.7893 -0.3142
vn -0.4108 0.8549 -0.3168
vn -0.4437 0.8722 0.2058
vn -0.3022 0.8946 -0.3292
vn -0.1980 0.9139 -0.3545
vn 0.2623 -0.9486 -0.1769
vn -0.4853 -0.8314 0.2707
vn 0.5771 -0.7254 0.3752
vn 0.4996 0.8244 -0.2660
vn -0.4234 0.8172 -0.3911
vn -0.0795 -0.8828 -0.4630
vn -0.3731 0.3194 0.8711
vn -0.1147 0.5969 0.7941
vn 0.7141 -0.0307 -0.6994
vn -0.6179 0.6293 0.4714
vn 0.1758 -0.2860 -0.9420
vn -0.1381 0.2884 -0.9475
vn 0.1282 0.3655 0.9219
vn -0.0913 0.1298 0.9873
vn -0.5430 -0.1464 -0.8269
vn -0.0809 0.2669 0.9603
vn -0.3596 -0.1324 0.9237
vn -0.4438 0.3226 0.8361
vn -0.3682 0.5102 0.7773
vn -0.8318 -0.5448 0.1061
vn 0.7785 -0.4103 -0.4750
vn 0.3745 -0.8457 -0.3802
vn -0.1586 -0.2648 -0.9512
vn 0.0922 0.0737 -0.9930
vn -0.1222 0.7754 0.6195
vn 0.3734 -0.4163 -0.8290
vn 0.1091 -0.5977 -0.7943
vn 0.5450 0.1157 0.8304
vn -0.0871 -0.0537 0.9948
vn 0.2594 0.1855 0.9478
vn 0.0172 0.0819 -0.9965
vn -0.2395 0.0268 -0.9705
vn 0.0583 -0.3332 0.9411
vn -0.2764 0.2982 0.9136
vn 0.2851 0.3879 -0.8765
vn 0.6581 0.0411 -0.7518
vn -0.4421 -0.2773 0.8531
vn -0.8630 0.4147 -0.2885
vn 0.3052 0.4831 0.8206
vn 0.1572 -0.7091 -0.6874
vn 0.0027 -0.2697 -0.9630
vn 0.3276 -0.4919 -0.8067
vn 0.1061 0.1806 0.9778
vn 0.0048 0.8654 0.5011
vn 0.5259 0.5136 -0.6779
vn -0.0559 0.7382 0.6723
vn -0.2680 -0.4849 -0.8325
vn -0.0922 -0.6364 -0.7658
vn -0.0165 -0.7006 -0.7133
vn 0.2602 0.7745 0.5766
vn -0.6565 -0.4274 0.6216
vn -0.3935 0.3780 0.8380
vn 0.0660 0.1686 0.9835
vn 0.2866 -0.5799 -0.7626
vn -0.1581 -0.2479 -0.9558
vn -0.2316 0.4649 0.8545
vn 0.7913 -0.5201 0.3214
vn 0.6478 -0.2199 -0.7294
vn 0.0545 0.0255 -0.9982
vn -0.0113 -0.1198 -0.9927
vn 0.4567 -0.4291 -0.7793
vn -0.6935 -0.6378 0.3351
vn -0.1805 -0.1185 0.9764
vn -0.5663 -0.0511 0.8226
vn 0.4494 0.5900 -0.6708
vn 0.7908 0.2556 -0.5561
vn 0.6287 -0.5530 -0.5467
vn -0.3846 0.3596 0.8502
vn -0.1514 0.5960 0.7886
vn 0.0786 -0.6174 -0.7827
vn 0.8144 0.5681 -0.1180
vn -0.7748 0.6311 -0.0366
vn 0.5600 -0.8266 0.0561
vn -0.4416 0.7918 0.4220
vn 0.4386 -0.7766 -0.4522
vn -0.6868 0.5345 0.4925
vn 0.8372 -0.5395 -0.0896
vn -0.5602 0.8263 -0.0587
vn -0.0862 -0.1767 -0.9805
vn -0.8307 -0.5464 0.1069
vn -0.6038 -0.7641 0.2270
vn 0.6038 -0.7049 0.3723
vn 0.5636 -0.7308 0.3850
vn 0.4793 -0.8533 -0.2053
vn -0.5501 -0.8324 -0.0667
vn 0.0950 -0.7582 -0.6451
vn -0.7189 -0.6738 -0.1710
vn -0.3334 -0.3884 -0.8591
vn -0.7906 0.5210 -0.3217
vn -0.7335 0.5818 -0.3515
vn -0.6431 0.6740 -0.3634
vn 0.5830 0.7829 -0.2173
vn 0.7066 0.6889 -0.1616
vn 0.5196 0.8142 -0.2590
vn 0.8054 0.5796 -0.1239
vn 0.7531 -0.5662 0.3349
vn 0.8148 -0.4813 0.3232
vn 0.7332 -0.5882 0.3411
vn 0.7070 -0.6095 0.3587
vn 0.5711 0.7850 -0.2400
vn 0.4471 0.8944 0.0101
vn -0.0205 0.7125 0.7013
vn 0.7732 0.6176 -0.1439
vn 0.7241 0.6673 0.1745
vn 0.3102 0.4157 0.8550
vn -0.7632 0.5926 0.2575
vn -0.7241 0.5906 -0.3561
vn -0.7007 0.6208 -0.3516
vn 0.6950 -0.6754 -0.2468
vn 0.7572 -0.5535 0.3469
vn -0.4551 0.8676 0.2001
vn -0.4855 0.7814 -0.3921
vn -0.4692 0.7926 -0.3893
vn 0.6038 -0.7048 0.3723
vn -0.4959 -0.8317 0.2498
vn -0.6075 -0.7617 0.2254
vn -0.5177 -0.5183 0.6807
vn -0.6944 -0.6951 0.1863
vn -0.7637 -0.6322 0.1306
vn 0.6731 0.4145 -0.6124
vn -0.1766 -0.9842 0.0073
vn 0.7729 -0.5683 0.2822
vn 0.1923 0.9813 -0.0021
vn -0.6608 0.7058 -0.2554
vn 0.2620 -0.7093 -0.6544
vn -0.5100 -0.0560 0.8584
vn -0.3616 0.3006 0.8825
vn 0.7176 0.3855 -0.5801
vn -0.8251 0.2491 0.5072
vn 0.3178 0.0403 -0.9473
vn -0.1770 0.4616 -0.8693
vn -0.0605 0.1365 0.9888
vn -0.1866 -0.1664 0.9682
vn -0.4094 -0.0970 -0.9072
vn -0.2235 -0.0314 0.9742
vn -0.3417 -0.4760 0.8104
vn -0.5751 -0.0670 0.8153
vn -0.5671 0.1433 0.8111
vn -0.5919 -0.7943 -0.1370
vn 0.8985 0.0035 -0.4390
vn 0.6686 -0.5488 -0.5018
vn -0.0016 -0.0472 -0.9989
vn 0.1162 0.3532 -0.9283
vn -0.4215 0.5056 0.7528
vn 0.5420 -0.0429 -0.8393
vn 0.3567 -0.3031 -0.8837
vn 0.4219 0.0689 0.9040
vn -0.1186 -0.3338 0.9351
vn 0.1239 0.0088 0.9923
vn 0.0434 0.3371 -0.9405
vn 0.1785 -0.1966 0.9641
vn 0.1185 -0.5267 0.8418
vn -0.4146 -0.0547 0.9084
vn 0.1795 0.6719 -0.7186
vn 0.6430 0.4460 -0.6226
vn -0.3638 -0.6164 0.6984
vn -0.9360 0.1699 -0.3083
vn 0.0693 0.3273 0.9424
vn 0.4348 -0.4163 -0.7985
vn 0.1515 0.0040 -0.9884
vn 0.5244 -0.1324 -0.8411
vn -0.0193 -0.0533 0.9984
vn -0.3278 0.6593 0.6767
vn 0.3493 0.8136 -0.4649
vn -0.3495 0.4797 0.8048
vn -0.0332 -0.3137 -0.9489
vn 0.1805 -0.4114 -0.8934
vn 0.2709 -0.4585 -0.8464
vn -0.0614 0.6405 0.7655
vn -0.4985 -0.7632 0.4112
vn -0.5478 -0.0008 0.8366
vn -0.0530 -0.0788 0.9955
vn 0.5146 -0.2371 -0.8240
vn -0.0068 -0.0305 -0.9995
vn -0.4279 0.1268 0.8949
vn 0.9042 -0.2976 0.3065
vn 0.7238 0.1995 -0.6606
vn 0.0982 0.2984 -0.9494
vn 0.0875 0.1434 -0.9858
vn 0.6214 -0.0402 -0.7825
vn -0.4430 -0.8927 0.0828
vn -0.1820 -0.4185 0.8898
vn -0.5577 -0.4434 0.7017
vn 0.2505 0.8562 -0.4519
vn 0.6807 0.6339 -0.3673
vn 0.8126 -0.1568 -0.5613
vn -0.5337 -0.0177 0.8455
vn -0.3953 0.2892 0.8719
vn 0.3345 -0.3339 -0.8812
vn 0.5681 0.8129 0.1282
vn -0.9438 0.3305 -0.0046
vn 0.8105 -0.5835 -0.0504
vn -0.7147 0.4671 0.5207
vn 0.7082 -0.4465 -0.5468
vn -0.8574 0.1350 0.4966
vn 0.9770 -0.1943 -0.0877
vn -0.8104 0.5840 0.0479
vn 0.0368 0.0641 -0.9973
vn -0.5904 -0.7955 -0.1364
vn -0.3087 -0.9505 -0.0369
vn 0.7910 -0.5400 0.2877
vn 0.7618 -0.5800 0.2887
vn 0.7593 -0.5666 -0.3200
vn -0.2178 -0.9194 -0.3276
vn 0.3914 -0.4921 -0.7776
vn -0.4256 -0.8032 -0.4169
vn -0.1267 -0.2404 -0.9624
vn -0.9038 0.2987 -0.3064
vn -0.8701 0.3804 -0.3135
vn -0.8173 0.4969 -0.2916
vn 0.2821 0.9582 0.0474
vn 0.4275 0.8987 0.0978
vn 0.2140 0.9768 0.0051
vn 0.5561 0.8219 0.1239
vn 0.8839 -0.3555 0.3038
vn 0.9124 -0.2552 0.3201
vn 0.8727 -0.3836 0.3021
vn 0.8546 -0.4161 0.3105
vn 0.2714 0.9622 0.0243
vn 0.1031 0.9567 0.2723
vn -0.3090 0.4604 0.8322
vn 0.5137 0.8511 0.1085
vn 0.4323 0.7981 0.4196
vn 0.0956 0.2587 0.9612
vn -0.9360 0.2235 0.2719
vn -0.8641 0.3928 -0.3148
vn -0.8531 0.4266 -0.3003
vn 0.9007 -0.3238 -0.2897
vn 0.8825 -0.3457 0.3188
vn -0.7414 0.5889 0.3218
vn -0.7062 0.6532 -0.2731
vn -0.6951 0.6681 -0.2655
vn -0.1853 -0.9826 -0.0146
vn -0.3129 -0.9490 -0.0383
vn -0.3401 -0.8158 0.4677
vn -0.4151 -0.9068 -0.0736
vn -0.4990 -0.8578 -0.1231
vn 0.5179 0.7546 -0.4030
vn 0.8009 0.5412 -0.2561
vn -0.1112 0.9901 0.0862
vn -0.8091 -0.5272 0.2597
vn -0.0582 -0.9979 -0.0270
vn 0.1908 0.5190 -0.8332
vn 0.5436 -0.1325 0.8288
vn 0.1982 -0.2632 0.9442
vn -0.8699 0.1176 -0.4790
vn 0.4991 -0.6376 0.5868
vn -0.4116 -0.0119 -0.9113
vn -0.3365 -0.6275 -0.7021
vn 0.1150 0.0830 0.9899
vn 0.4085 0.1941 0.8919
vn 0.2046 -0.4227 -0.8828
vn 0.3431 0.0783 0.9360
vn 0.7041 0.2589 0.6612
vn 0.5902 -0.1804 0.7869
vn 0.4396 -0.3176 0.8402
vn 0.9409 0.0889 -0.3269
vn -0.7127 0.5339 -0.4550
vn -0.1819 0.7307 -0.6580
vn -0.1339 -0.1892 -0.9728
vn -0.4799 -0.3609 -0.7996
vn 0.0785 -0.4722 0.8780
vn -0.4953 0.2259 -0.8388
vn -0.1932 0.2611 -0.9458
vn -0.1947 0.4498 0.8717
vn 0.4695 0.3477 0.8116
vn 0.0724 0.2998 0.9513
vn -0.4194 -0.4039 -0.8130
vn 0.1698 0.4708 0.8657
vn 0.4180 0.6242 0.6600
vn 0.4835 -0.0551 0.8736
vn -0.7080 -0.4851 -0.5132
vn -0.8657 0.0149 -0.5004
vn 0.7972 0.3135 0.5159
vn 0.4952 -0.8419 -0.2143
vn -0.1155 0.0355 0.9927
vn -0.1567 0.4113 -0.8979
vn -0.2757 -0.1136 -0.9545
vn -0.4219 0.2735 -0.8644
vn 0.2175 0.2422 0.9455
vn -0.1060 -0.5267 0.8434
vn -0.8829 -0.4053 -0.2370
vn 0.0538 -0.3926 0.9182
vn 0.0795 -0.0207 -0.9966
vn 0.0042 0.2080 -0.9781
vn -0.0196 0.3139 -0.9493
vn -0.2670 -0.3068 0.9135
vn 0.9452 0.2544 0.2048
vn 0.5290 -0.2011 0.8245
vn 0.2583 0.2351 0.9370
vn -0.3402 0.3410 -0.8763
vn -0.1417 -0.2043 -0.9686
vn 0.3663 -0.1900 0.9109
vn -0.3855 0.9053 0.1787
vn -0.7604 0.2298 -0.6075
vn -0.4332 -0.3412 -0.8342
vn -0.3254 -0.2522 -0.9113
vn -0.5440 0.2926 -0.7864
vn 0.9396 0.3084 -0.1484
vn 0.5649 0.3501 0.7472
vn 0.8167 0.0608 0.5738
vn -0.8400 -0.5007 -0.2090
vn -0.9783 -0.0291 -0.2049
vn -0.5626 0.5546 -0.6131
vn 0.5320 -0.1778 0.8279
vn 0.2280 -0.2816 0.9320
vn -0.1559 0.2669 -0.9510
vn -0.9382 -0.1201 0.3245
vn 0.4415 -0.8889 0.1219
vn -0.1831 0.9536 -0.2391
vn 0.2736 -0.7039 0.6554
vn -0.2876 0.6798 -0.6747
vn 0.5984 -0.5857 0.5467
vn -0.5741 0.8000 -0.1746
vn 0.1825 -0.9543 0.2367
vn -0.2371 -0.2370 -0.9421
vn 0.9407 0.0908 -0.3268
vn 0.8639 0.4157 -0.2843
vn -0.1424 0.9849 0.0986
vn -0.0940 0.9915 0.0894
vn -0.2034 0.8467 -0.4916
vn 0.7295 0.3947 -0.5586
vn -0.0705 0.4366 -0.8969
vn 0.7821 0.1504 -0.6047
vn 0.0933 -0.1390 -0.9859
vn 0.3844 -0.9058 -0.1784
vn 0.3035 -0.9386 -0.1640
vn 0.3036 -0.9386 -0.1640
vn 0.1899 -0.9753 -0.1132
vn -0.8486 -0.4374 0.2977
vn -0.9024 -0.2837 0.3242
vn -0.8202 -0.5072 0.2646
vn -0.9366 -0.1356 0.3232
vn -0.3320 0.9295 0.1610
vn -0.4182 0.8854 0.2031
vn -0.3050 0.9401 0.1520
vn -0.2685 0.9512 0.1519
vn -0.8476 -0.4526 0.2768
vn -0.6830 -0.5129 0.5200
vn 0.0429 -0.3450 0.9376
vn -0.9292 -0.1885 0.3181
vn -0.7831 -0.1416 0.6056
vn -0.0840 0.1045 0.9910
vn 0.5558 -0.7502 0.3581
vn 0.2907 -0.9430 -0.1620
vn 0.2620 -0.9549 -0.1393
vn -0.4651 0.7891 -0.4014
vn -0.3352 0.9252 0.1781
vn 0.1758 -0.8488 0.4986
vn 0.0071 -0.9984 -0.0565
vn -0.0098 -0.9989 -0.0457
vn -0.1423 0.9849 0.0986
vn 0.8022 0.5292 -0.2765
vn 0.8657 0.4115 -0.2851
vn 0.8785 0.4139 0.2386
vn 0.9033 0.3031 -0.3035
vn 0.9208 0.2002 -0.3347
vn -0.9517 -0.2330 -0.1999
vn 0.9698 -0.1890 -0.1540
vn 0.5492 0.7910 -0.2696
vn -0.9672 0.2050 0.1502
vn -0.6859 -0.6745 0.2731
vn 0.5098 -0.1127 -0.8528
vn 0.3005 -0.0357 0.9531
vn -0.0518 0.1195 0.9915
vn -0.5720 0.3640 -0.7350
vn -0.0500 -0.4690 0.8818
vn -0.2896 -0.1760 -0.9408
vn -0.6361 -0.5556 -0.5355
vn 0.1059 0.4281 0.8975
vn 0.4052 0.2962 0.8649
vn -0.0840 -0.7988 -0.5956
vn 0.2791 0.2719 0.9210
vn 0.6812 0.0725 0.7285
vn 0.3067 -0.1139 0.9449
vn 0.1014 -0.1008 0.9897
vn 0.7881 -0.6147 -0.0315
vn -0.1848 0.5757 -0.7965
vn 0.3550 0.3229 -0.8773
vn -0.1893 -0.4839 -0.8544
vn -0.5705 -0.3314 -0.7514
vn -0.2756 0.0125 0.9612
vn -0.2031 0.0691 -0.9767
vn 0.0544 -0.1245 -0.9907
vn 0.1094 0.8071 0.5801
vn 0.5535 0.3334 0.7632
vn 0.2142 0.5863 0.7813
vn -0.5515 -0.4016 -0.7312
vn -0.4016 -0.6128 -0.6806
vn 0.6976 0.4887 0.5240
vn 0.3028 0.0720 0.9503
vn -0.8351 -0.1628 -0.5254
vn -0.6342 0.2806 -0.7205
vn 0.7927 -0.0062 0.6096
vn -0.1558 -0.9615 0.2262
vn -0.1010 0.5268 0.8440
vn 0.1772 -0.0195 -0.9840
vn -0.2497 -0.3428 -0.9056
vn -0.1154 0.0495 -0.9921
vn 0.2883 0.4615 0.8390
vn -0.4504 0.0638 0.8905
vn -0.9273 0.1133 -0.3568
vn -0.2446 0.0997 0.9645
vn 0.0832 -0.4978 -0.8633
vn 0.1722 -0.2876 -0.9421
vn 0.2211 -0.1876 -0.9570
vn -0.4346 0.3391 0.8344
vn 0.8788 -0.2680 0.3948
vn 0.2453 -0.0771 0.9664
vn 0.3152 0.4296 0.8462
vn -0.0091 0.0450 -0.9989
vn -0.2051 -0.4881 -0.8483
vn 0.1251 0.0607 0.9903
vn 0.2817 0.9279 -0.2444
vn -0.4115 0.3237 -0.8520
vn -0.5208 -0.3594 -0.7743
vn -0.3784 -0.3923 -0.8384
vn -0.1992 0.1661 -0.9658
vn 0.9221 -0.3824 0.0589
vn 0.6303 0.2527 0.7341
vn 0.6428 -0.1678 0.7474
vn -0.9569 0.0348 -0.2883
vn -0.7592 0.4437 -0.4762
vn -0.0510 0.4355 -0.8987
vn 0.2625 -0.0611 0.9630
vn -0.0404 0.0845 0.9956
vn 0.0868 -0.1440 -0.9858
vn -0.8061 0.5904 0.0400
vn -0.2391 -0.8161 0.5262
vn 0.4826 0.6631 -0.5721
vn -0.2675 -0.3574 0.8948
vn 0.2420 0.3399 -0.9088
vn 0.0608 -0.5067 0.8600
vn 0.0824 0.8060 -0.5862
vn -0.4834 -0.6644 0.5700
vn -0.2999 -0.4452 -0.8437
vn 0.7892 -0.6132 -0.0320
vn 0.9382 -0.3245 -0.1202
vn 0.5217 0.8105 -0.2664
vn 0.5632 0.7837 -0.2619
vn 0.4072 0.4892 -0.7713
vn 0.8318 -0.3837 -0.4011
vn 0.2594 -0.0502 -0.9645
vn 0.7164 -0.6041 -0.3491
vn 0.0172 -0.5833 -0.8121
vn -0.2827 -0.9275 0.2445
vn -0.3665 -0.8982 0.2427
vn -0.3664 -0.8982 0.2427
vn -0.4787 -0.8371 0.2650
vn -0.9409 0.3066 0.1437
vn -0.8841 0.4560 0.1024
vn -0.9630 0.2274 0.1449
vn -0.8148 0.5781 0.0442
vn 0.3389 0.9066 -0.2514
vn 0.2431 0.9433 -0.2262
vn 0.3666 0.8949 -0.2545
vn 0.4016 0.8819 -0.2468
vn -0.9492 0.2863 0.1302
vn -0.8710 0.2580 0.4181
vn -0.2229 0.1476 0.9636
vn -0.8430 0.5347 0.0586
vn -0.7114 0.6112 0.3468
vn -0.0325 0.5562 0.8304
vn -0.0709 -0.6802 0.7296
vn -0.3791 -0.8932 0.2420
vn -0.4095 -0.8753 0.2573
vn 0.1669 0.6368 -0.7527
vn 0.3330 0.9130 -0.2356
vn -0.4300 -0.4719 0.7697
vn -0.6353 -0.7248 0.2667
vn -0.6488 -0.7108 0.2715
vn 0.9638 -0.2070 -0.1679
vn 0.9368 -0.3289 -0.1191
vn 0.9294 -0.1041 0.3542
vn 0.8965 -0.4338 -0.0898
vn 0.8447 -0.5292 -0.0797
vn -0.8703 0.2887 -0.3992
vn 0.8531 -0.2903 0.4336
vn 0.7262 0.6874 0.0108
vn -0.8464 0.3052 -0.4365
vn -0.8222 -0.5612 -0.0955
vn 0.8648 -0.2949 -0.4065
vn -0.2745 0.1000 0.9564
vn -0.5610 0.2876 0.7762
vn -0.0149 0.2811 -0.9596
vn -0.5946 -0.3091 0.7422
vn 0.2429 -0.3069 -0.9202
vn -0.3235 -0.5838 -0.7446
vn -0.3305 0.5622 0.7581
vn -0.0871 0.4028 0.9111
vn 0.1253 -0.8778 -0.4624
vn -0.2254 0.3986 0.8890
vn 0.1786 0.1378 0.9742
vn -0.2775 0.0213 0.9605
vn -0.4691 0.0583 0.8812
vn 0.5683 -0.6733 0.4729
vn 0.3718 0.4474 -0.8134
vn 0.8203 0.1415 -0.5542
vn 0.2293 -0.6030 -0.7640
vn -0.1165 -0.4050 -0.9069
vn -0.7463 0.1956 0.6362
vn 0.3731 -0.0791 -0.9244
vn 0.5619 -0.2926 -0.7737
vn -0.0946 0.8813 0.4631
vn 0.0964 0.4103 0.9069
vn -0.1527 0.6894 0.7081
vn -0.1230 -0.4721 -0.8729
vn -0.0609 -0.6833 -0.7276
vn 0.3699 0.5111 0.7759
vn -0.2539 0.2052 0.9452
vn -0.4302 -0.1800 -0.8846
vn -0.0875 0.2067 -0.9745
vn 0.3223 0.0315 0.9461
vn -0.4055 -0.8942 0.1895
vn -0.4562 0.6670 0.5890
vn 0.6764 -0.1982 -0.7093
vn 0.2299 -0.4681 -0.8532
vn 0.4505 -0.1080 -0.8862
vn -0.1429 0.5704 0.8088
vn -0.8440 0.2484 0.4753
vn -0.5533 0.1271 -0.8232
vn -0.7085 0.2793 0.6481
vn 0.4566 -0.6403 -0.6176
vn 0.6066 -0.4543 -0.6524
vn 0.6711 -0.3625 -0.6467
vn -0.7562 0.5082 0.4121
vn 0.4679 -0.2687 0.8419
vn -0.3339 0.0660 0.9403
vn -0.1297 0.5382 0.8328
vn 0.5412 -0.1223 -0.8319
vn 0.2123 -0.6049 -0.7675
vn -0.4239 0.2153 0.8798
vn 0.5139 0.8478 -0.1309
vn 0.1745 0.2088 -0.9623
vn -0.0676 -0.4404 -0.8953
vn 0.0794 -0.4950 -0.8653
vn 0.3859 0.0178 -0.9224
vn 0.6672 -0.4408 0.6004
vn 0.1626 0.3199 0.9334
vn 0.0981 -0.0920 0.9909
vn -0.6274 0.0638 -0.7761
vn -0.2968 0.4180 -0.8586
vn 0.5151 0.2816 -0.8096
vn -0.3153 0.0798 0.9456
vn -0.5595 0.2529 0.7893
vn 0.5829 -0.3135 -0.7497
vn -0.5918 0.6524 -0.4735
vn -0.6135 -0.6943 0.3763
vn 0.8147 0.5166 -0.2635
vn -0.7631 -0.1796 0.6208
vn 0.7468 0.1622 -0.6450
vn -0.4974 -0.3589 0.7898
vn 0.5153 0.6870 -0.5124
vn -0.8143 -0.5182 0.2615
vn 0.1383 -0.5543 -0.8207
vn 0.5699 -0.6721 0.4728
vn 0.7869 -0.4152 0.4565
vn 0.7049 0.7093 -0.0037
vn 0.7324 0.6804 0.0258
vn 0.8325 0.3184 -0.4533
vn 0.8419 -0.5118 0.1710
vn 0.7287 -0.2319 -0.6444
vn 0.6831 -0.7102 0.1701
vn 0.3607 -0.7104 -0.6043
vn -0.5148 -0.8474 0.1303
vn -0.5781 -0.8121 0.0794
vn -0.5781 -0.8121 0.0793
vn -0.6728 -0.7392 0.0291
vn -0.8047 0.4017 -0.4370
vn -0.7115 0.5370 -0.4532
vn -0.8363 0.3260 -0.4409
vn -0.6032 0.6416 -0.4738
vn 0.5614 0.8212 -0.1027
vn 0.4746 0.8692 -0.1389
vn 0.5841 0.8068 -0.0886
vn 0.6067 0.7925 -0.0615
vn -0.8075 0.3803 -0.4509
vn -0.9036 0.3944 -0.1672
vn -0.6825 0.3244 0.6549
vn -0.6412 0.6037 -0.4736
vn -0.6767 0.7164 -0.1698
vn -0.3876 0.6882 0.6133
vn -0.5633 -0.5404 0.6250
vn -0.5874 -0.8062 0.0712
vn -0.6178 -0.7836 0.0651
vn 0.6480 0.4862 -0.5863
vn 0.5490 0.8306 -0.0937
vn -0.8477 -0.2999 0.4376
vn -0.7849 -0.6159 -0.0675
vn -0.7965 -0.6002 -0.0726
vn 0.7050 0.7092 -0.0037
vn 0.8527 -0.3098 0.4205
vn 0.7844 -0.4192 0.4571
vn 0.5579 -0.1186 0.8214
vn 0.7185 -0.5141 0.4685
vn 0.6550 -0.6019 0.4568
vn -0.4552 0.2876 -0.8427
vn -0.5769 0.8168 -0.0000
vn -0.9845 -0.1754 -0.0000
vn 0.5632 -0.8263 -0.0000
vn 1.0000 -0.0036 -0.0000
vn -0.5050 0.4356 -0.7451
vn 0.0791 0.2412 0.9672
vn 0.2253 -0.1170 0.9672
vn -0.0562 -0.6645 -0.7451
vn 0.5925 0.3013 0.7471
vn 0.0601 -0.0832 -0.9947
vn 0.6646 -0.0562 -0.7451
vn -0.1170 -0.2253 0.9672
vn -0.2412 0.0791 0.9672
vn 0.4356 0.5051 -0.7451
vn -0.1233 0.0077 0.9923
vn -0.3157 0.4317 0.8450
vn 0.1256 0.3011 0.9453
vn 0.2693 0.1473 0.9517
vn -0.1312 0.9914 -0.0000
vn -0.4810 -0.5421 -0.6890
vn -0.7008 0.0173 -0.7131
vn 0.2236 0.2063 -0.9526
vn 0.4090 -0.1701 -0.8965
vn 0.4423 -0.1989 0.8745
vn -0.1748 -0.1963 -0.9648
vn -0.2234 0.1224 -0.9670
vn -0.4628 -0.4931 0.7367
vn -0.3956 0.1568 0.9049
vn -0.3300 -0.2617 0.9070
vn 0.4490 -0.1068 -0.8871
vn 0.5035 0.1488 -0.8511
vn -0.6645 0.1471 0.7326
vn 0.0039 0.1664 0.9861
vn 0.5375 -0.4752 -0.6966
vn 0.0467 -0.6491 -0.7593
vn -0.3711 0.5655 0.7365
vn 0.8192 0.5734 -0.0000
vn -0.0571 -0.4413 0.8955
vn -0.3767 0.1345 -0.9165
vn 0.1554 0.0634 -0.9858
vn -0.2256 -0.1207 -0.9667
vn -0.2803 -0.1207 0.9523
vn 0.5078 -0.3589 0.7832
vn 0.4595 -0.7354 -0.4980
vn 0.3630 -0.2389 0.9006
vn 0.0444 0.4081 -0.9119
vn -0.1803 0.3214 -0.9296
vn -0.2854 0.2848 -0.9151
vn 0.2954 -0.5432 0.7859
vn -0.3114 0.8111 0.4951
vn 0.1485 0.2317 0.9614
vn -0.2752 -0.0791 0.9581
vn -0.2970 -0.0426 -0.9539
vn 0.2390 0.1981 -0.9506
vn 0.1439 0.0493 0.9884
vn -0.8874 -0.4610 -0.0000
vn -0.1706 -0.5233 -0.8349
vn 0.3878 -0.1153 -0.9145
vn 0.2952 0.0081 -0.9554
vn -0.2400 -0.2624 -0.9346
vn -0.3552 0.9214 0.1580
vn -0.4014 0.2680 0.8758
vn -0.1217 0.5752 0.8089
vn 0.5517 -0.7002 -0.4532
vn 0.0884 -0.8518 -0.5163
vn -0.5055 -0.3488 -0.7892
vn 0.1249 0.2325 0.9645
vn 0.2423 -0.0841 0.9665
vn -0.2311 0.1591 -0.9598
vn 0.1621 -0.9868 -0.0000
vn 0.8596 0.4128 0.3011
vn -0.9350 -0.1331 -0.3287
vn 0.6692 0.0689 0.7399
vn -0.6437 -0.0746 -0.7616
vn 0.5364 0.4061 0.7399
vn -0.7621 -0.5163 -0.3906
vn 0.9358 0.1334 0.3263
vn 0.2761 0.1010 -0.9558
vn -0.1330 0.9911 -0.0000
vn -0.4543 0.8909 -0.0000
vn -0.9780 -0.2086 0.0018
vn -0.9870 -0.1604 0.0087
vn -0.8201 -0.0635 -0.5686
vn -0.4182 0.8566 -0.3021
vn -0.4066 0.2142 -0.8881
vn -0.1760 0.9319 -0.3172
vn 0.1614 0.4226 -0.8919
vn 0.8880 0.4599 -0.0000
vn 0.9248 0.3802 -0.0118
vn 0.9662 0.2579 -0.0000
vn 0.4747 -0.8800 0.0185
vn 0.3235 -0.9461 0.0189
vn 0.5437 -0.8393 -0.0000
vn 0.1776 -0.9841 -0.0000
vn -0.9141 -0.4056 -0.0000
vn -0.8665 -0.4990 0.0130
vn -0.9259 -0.3778 -0.0000
vn -0.9390 -0.3438 0.0114
vn 0.4904 -0.8715 -0.0000
vn 0.5348 -0.7950 0.2864
vn 0.3157 -0.2576 0.9132
vn 0.2301 -0.9732 -0.0000
vn 0.1671 -0.9335 0.3173
vn -0.1275 -0.4141 0.9013
vn 0.7082 0.4358 0.5554
vn 0.9299 0.3676 -0.0141
vn 0.9427 0.3336 -0.0017
vn -0.7508 -0.3375 -0.5678
vn -0.9100 -0.4142 0.0153
vn 0.8235 0.0352 0.5662
vn 0.9977 0.0678 -0.0063
vn 0.9988 0.0484 -0.0017
vn -0.9780 -0.2086 0.0017
vn -0.5645 0.8253 -0.0181
vn -0.4502 0.8929 -0.0000
vn -0.4680 0.7302 0.4977
vn -0.3435 0.9392 -0.0000
vn -0.2408 0.9704 -0.0189
vn 0.2903 -0.8198 -0.4936
vn -0.0563 -0.6646 -0.7451
vn 0.6646 -0.0563 -0.7451
vn 0.4355 0.5051 -0.7451
vn -0.3156 0.4317 0.8450
vn -0.1311 0.9914 -0.0000
vn 0.4091 -0.1701 -0.8965
vn -0.3956 0.1568 0.9050
vn -0.3299 -0.2617 0.9070
vn 0.4491 -0.1068 -0.8871
vn -0.5035 -0.1489 0.8511
vn -0.6645 0.1471 0.7327
vn 0.5374 -0.4752 -0.6967
vn 0.8192 0.5735 -0.0000
vn -0.3767 0.1344 -0.9165
vn 0.5078 -0.3588 0.7832
vn 0.4596 -0.7354 -0.4980
vn -0.1804 0.3214 -0.9296
vn -0.2855 0.2848 -0.9151
vn 0.2952 -0.5432 0.7860
vn -0.3552 0.9213 0.1580
vn -0.1216 0.5752 0.8089
vn -0.2311 0.1590 -0.9598
vn 0.8596 0.4129 0.3011
vn -0.9351 -0.1329 -0.3286
vn 0.6691 0.0689 0.7399
vn -0.7621 -0.5163 -0.3907
vn 0.9358 0.1333 0.3263
vn 0.2760 0.1009 -0.9559
vn -0.4543 0.8908 -0.0000
vn -0.9780 -0.2086 0.0016
vn -0.1760 0.9319 -0.3171
vn 0.1614 0.4225 -0.8919
vn 0.9248 0.3802 -0.0119
vn 0.9248 0.3802 -0.0120
vn 0.4747 -0.8799 0.0186
vn 0.1775 -0.9841 -0.0000
vn -0.9140 -0.4056 -0.0000
vn -0.8665 -0.4990 0.0131
vn -0.9259 -0.3777 -0.0000
vn -0.9390 -0.3438 0.0115
vn 0.4905 -0.8714 -0.0000
vn 0.5347 -0.7950 0.2864
vn 0.2300 -0.9732 -0.0000
vn 0.1672 -0.9335 0.3173
vn -0.1276 -0.4140 0.9013
vn 0.7082 0.4359 0.5553
vn 0.9299 0.3676 -0.0140
vn 0.9427 0.3336 -0.0016
vn -0.7508 -0.3375 -0.5677
vn -0.9100 -0.4142 0.0152
vn 0.9977 0.0678 -0.0062
vn 0.9988 0.0484 -0.0016
vn -0.5644 0.8253 -0.0181
vn -0.4501 0.8930 -0.0000
vn -0.4680 0.7302 0.4978
vn -0.2408 0.9704 -0.0188
vn 0.2903 -0.8198 -0.4937
vn 0.1733 -0.9849 -0.0000
vn 0.9652 -0.2614 -0.0000
vn -0.1569 0.9876 -0.0000
vn -0.9029 0.4298 -0.0000
vn 0.2709 -0.6094 -0.7451
vn -0.1745 -0.1844 0.9672
vn -0.1538 0.2020 0.9672
vn 0.3344 0.5770 -0.7451
vn -0.6645 -0.0197 0.7471
vn -0.0188 0.1009 -0.9947
vn -0.5770 0.3344 -0.7451
vn 0.2019 0.1538 0.9672
vn 0.1844 -0.1745 0.9672
vn -0.6094 -0.2710 -0.7451
vn 0.1082 -0.0596 0.9923
vn 0.1013 -0.5251 0.8450
vn -0.2420 -0.2187 0.9453
vn -0.3064 -0.0183 0.9517
vn -0.3044 -0.9525 -0.0000
vn 0.6663 0.2851 -0.6890
vn 0.6265 -0.3146 -0.7131
vn -0.2902 -0.0912 -0.9526
vn -0.2974 0.3284 -0.8965
vn -0.3152 0.3686 0.8745
vn 0.2418 0.1030 -0.9648
vn 0.1499 -0.2060 -0.9670
vn 0.6290 0.2486 0.7366
vn 0.2908 -0.3106 0.9050
vn 0.4100 0.0959 0.9070
vn -0.3606 0.2882 -0.8871
vn 0.5190 -0.0801 0.8510
vn 0.5382 -0.4166 0.7326
vn -0.0745 -0.1488 0.9861
vn -0.2834 0.6591 -0.6966
vn 0.2347 0.6070 -0.7593
vn 0.0943 -0.6698 0.7365
vn -0.9856 -0.1692 -0.0000
vn 0.2399 0.3748 0.8955
vn 0.2833 -0.2823 -0.9165
vn -0.1676 0.0090 -0.9858
vn 0.2555 0.0130 -0.9667
vn 0.3050 -0.0104 0.9523
vn -0.3062 0.5412 0.7832
vn -0.1019 0.8611 -0.4980
vn -0.2264 0.3709 0.9006
vn -0.2142 -0.3501 -0.9119
vn 0.0259 -0.3676 -0.9296
vn 0.1367 -0.3794 -0.9151
vn -0.0354 0.6173 0.7860
vn -0.0643 -0.8664 0.4951
vn -0.2332 -0.1462 0.9614
vn 0.2826 -0.0458 0.9581
vn 0.2868 -0.0882 -0.9539
vn -0.3007 -0.0773 -0.9506
vn -0.1512 0.0168 0.9884
vn 0.9993 0.0383 -0.0000
vn 0.3775 0.4005 -0.8349
vn -0.3016 0.2697 -0.9145
vn -0.2705 0.1186 -0.9554
vn 0.3291 0.1350 -0.9346
vn -0.0719 -0.9848 0.1580
vn 0.2487 -0.4137 0.8758
vn -0.1354 -0.5721 0.8089
vn -0.2002 0.8687 -0.4532
vn 0.2835 0.8081 -0.5163
vn 0.6060 0.0999 -0.7892
vn -0.2122 -0.1570 0.9645
vn -0.1833 0.1795 0.9665
vn 0.1411 -0.2424 -0.9598
vn 0.2744 0.9616 -0.0000
vn -0.9536 -0.0067 0.3011
vn 0.9024 -0.2786 -0.3287
vn -0.6346 0.2231 0.7399
vn 0.6140 -0.2071 -0.7616
vn -0.6584 -0.1384 0.7399
vn 0.9095 0.1418 -0.3907
vn -0.9033 0.2786 0.3263
vn -0.2928 0.0265 -0.9558
vn -0.3025 -0.9531 -0.0000
vn 0.0309 -0.9995 -0.0000
vn 0.9735 -0.2286 0.0017
vn 0.9611 -0.2760 0.0087
vn 0.7688 -0.2924 -0.5687
vn 0.0128 -0.9532 -0.3022
vn 0.2764 -0.3672 -0.8881
vn -0.2384 -0.9179 -0.3172
vn -0.3262 -0.3133 -0.8919
vn -0.9993 -0.0371 -0.0000
vn -0.9986 0.0507 -0.0118
vn -0.9986 0.0506 -0.0119
vn -0.9839 0.1790 -0.0000
vn -0.0539 0.9984 0.0185
vn 0.1110 0.9936 0.0188
vn -0.1337 0.9910 -0.0000
vn 0.2592 0.9658 -0.0000
vn 0.9997 -0.0231 -0.0000
vn 0.9966 0.0816 0.0131
vn 0.9986 -0.0534 -0.0000
vn 0.9959 -0.0896 0.0115
vn -0.0718 0.9974 -0.0000
vn -0.1445 0.9471 0.2865
vn -0.1755 0.3676 0.9133
vn 0.2071 0.9783 -0.0000
vn 0.2471 0.9155 0.3174
vn 0.2920 0.3201 0.9013
vn -0.8264 -0.0921 0.5555
vn -0.9978 0.0642 -0.0140
vn -0.9949 0.1004 -0.0017
vn 0.8230 -0.0150 -0.5678
vn 0.9998 -0.0136 0.0152
vn -0.7598 0.3195 0.5662
vn -0.9313 0.3643 -0.0062
vn -0.9240 0.3824 -0.0016
vn 0.1584 -0.9872 -0.0180
vn 0.0262 -0.9997 -0.0000
vn 0.1117 -0.8601 0.4978
vn -0.0900 -0.9959 -0.0000
vn -0.1962 -0.9804 -0.0188
vn 0.0872 0.8653 -0.4936
vn -0.6932 -0.7208 -0.0000
vn 0.3582 -0.9336 -0.0000
vn 0.7050 0.7092 -0.0000
vn -0.1854 0.9827 -0.0000
vn -0.3323 -0.5782 -0.7451
vn -0.2518 0.0321 0.9672
vn 0.0724 0.2433 0.9672
vn 0.6632 0.0703 -0.7451
vn -0.4078 0.5249 0.7471
vn 0.0704 0.0747 -0.9947
vn -0.0703 0.6632 -0.7451
vn 0.2433 -0.0724 0.9672
vn -0.0321 -0.2518 0.9672
vn -0.5782 0.3323 -0.7451
vn 0.0157 -0.1225 0.9923
vn -0.3643 -0.3915 0.8450
vn -0.3194 0.0664 0.9453
vn -0.1955 0.2366 0.9517
vn -0.9488 -0.3159 -0.0000
vn 0.6232 -0.3699 -0.6890
vn 0.1155 -0.6915 -0.7131
vn -0.2448 0.1806 -0.9526
vn 0.0898 0.4338 -0.8965
vn 0.1118 0.4720 0.8745
vn 0.2258 -0.1345 -0.9648
vn -0.0780 -0.2425 -0.9670
vn 0.5717 -0.3613 0.7367
vn -0.0792 -0.4181 0.9050
vn 0.3193 -0.2746 0.9070
vn 0.0201 0.4612 -0.8871
vn -0.2414 0.4663 -0.8510
vn -0.0190 -0.6804 0.7326
vn -0.1641 -0.0276 0.9861
vn 0.3652 0.6175 -0.6967
vn 0.6286 0.1685 -0.7593
vn -0.4853 -0.4712 0.7365
vn -0.7179 0.6961 -0.0000
vn 0.4441 0.0273 0.8955
vn -0.0609 -0.3953 -0.9165
vn -0.0916 0.1406 -0.9858
vn 0.1612 -0.1987 -0.9667
vn 0.1715 -0.2525 0.9523
vn 0.2564 0.5665 0.7832
vn 0.6353 0.5902 -0.4980
vn 0.1660 0.4016 0.9006
vn -0.4091 -0.0335 -0.9119
vn -0.2816 -0.2377 -0.9296
vn -0.2258 -0.3341 -0.9151
vn 0.4777 0.3925 0.7860
vn -0.7376 -0.4591 0.4951
vn -0.2556 0.1021 0.9614
vn 0.1297 -0.2553 0.9581
vn 0.0980 -0.2836 -0.9539
vn -0.2397 0.1972 -0.9506
vn -0.0756 0.1320 0.9884
vn 0.6203 -0.7844 -0.0000
vn 0.5461 -0.0687 -0.8349
vn 0.0400 0.4026 -0.9145
vn -0.0637 0.2884 -0.9554
vn 0.3031 -0.1862 -0.9346
vn -0.8376 -0.5229 0.1580
vn -0.1874 -0.4448 0.8758
vn -0.5419 -0.2281 0.8089
vn 0.5833 0.6741 -0.4532
vn 0.8198 0.2477 -0.5163
vn 0.4381 -0.4305 -0.7892
vn -0.2520 0.0788 0.9645
vn 0.0368 0.2538 0.9665
vn -0.1125 -0.2570 -0.9598
vn 0.9384 0.3456 -0.0000
vn -0.5678 0.7661 0.3011
vn 0.3072 -0.8931 -0.3287
vn -0.1941 0.6441 0.7399
vn 0.1949 -0.6180 -0.7616
vn -0.5001 0.4500 0.7399
vn 0.6509 -0.6509 -0.3907
vn -0.3076 0.8938 0.3263
vn -0.1513 0.2519 -0.9559
vn -0.9481 -0.3178 -0.0000
vn -0.7890 -0.6144 -0.0000
vn 0.3896 -0.9210 0.0016
vn 0.3440 -0.9389 0.0087
vn 0.2173 -0.7933 -0.5687
vn -0.7622 -0.5725 -0.3021
vn -0.1335 -0.4398 -0.8881
vn -0.8819 -0.3488 -0.3172
vn -0.4454 0.0786 -0.8919
vn -0.6194 0.7851 -0.0000
vn -0.5481 0.8363 -0.0119
vn -0.4357 0.9001 -0.0000
vn 0.7744 0.6324 0.0186
vn 0.8679 0.4964 0.0189
vn 0.7215 0.6924 -0.0000
vn 0.9329 0.3602 -0.0000
vn 0.5710 -0.8210 -0.0000
vn 0.6537 -0.7566 0.0131
vn 0.5459 -0.8379 -0.0000
vn 0.5150 -0.8571 0.0115
vn 0.7631 0.6462 -0.0000
vn 0.6797 0.6753 0.2865
vn 0.1933 0.3586 0.9132
vn 0.9122 0.4098 -0.0000
vn 0.8851 0.3405 0.3174
vn 0.4307 -0.0470 0.9013
vn -0.5618 0.6131 0.5554
vn -0.5367 0.8437 -0.0140
vn -0.5057 0.8627 -0.0017
vn 0.4732 -0.6735 -0.5678
vn 0.5787 -0.8154 0.0152
vn -0.1901 0.8020 0.5662
vn -0.2551 0.9669 -0.0062
vn -0.2362 0.9717 -0.0016
vn -0.7038 -0.7101 -0.0181
vn -0.7918 -0.6107 -0.0000
vn -0.6287 -0.5975 0.4978
vn -0.8573 -0.5148 -0.0000
vn -0.9074 -0.4198 -0.0188
vn 0.7502 0.4399 -0.4936
vn -0.6492 -0.1773 -0.7396
vn 0.1109 0.5368 0.8364
vn 0.2217 0.2465 0.9434
vn -0.4449 -0.7128 -0.5422
vn 0.4121 0.3675 0.8337
vn -0.0448 -0.5949 -0.8025
vn 0.4976 -0.6809 -0.5374
vn -0.1053 0.1055 0.9888
vn -0.2357 0.4473 0.8628
vn 0.0973 0.3687 -0.9245
vn -0.1463 0.3353 0.9307
vn -0.1659 0.8663 0.4712
vn 0.1862 0.5477 0.8157
vn 0.6890 0.2018 0.6961
vn -0.4595 -0.5452 -0.7011
vn -0.7211 -0.1574 -0.6748
vn 0.3083 0.0855 -0.9475
vn 0.3845 -0.4510 -0.8055
vn 0.1844 0.2873 0.9399
vn -0.2475 -0.6215 -0.7433
vn -0.2235 -0.1841 -0.9572
vn -0.6354 0.1183 0.7630
vn -0.3528 0.4265 0.8328
vn -0.3253 0.0449 0.9445
vn 0.5108 -0.1729 -0.8422
vn 0.3502 0.0522 -0.9352
vn 0.2666 0.4155 0.8697
vn 0.4588 -0.7266 -0.5114
vn -0.0715 -0.9077 -0.4135
vn -0.0698 0.7659 0.6391
vn -0.0034 0.0558 0.9984
vn -0.3016 -0.0535 -0.9519
vn 0.3532 -0.3108 -0.8824
vn -0.1846 -0.4013 -0.8971
vn -0.1575 0.4089 0.8989
vn 0.2584 -0.2532 0.9323
vn 0.3215 0.0377 0.9462
vn 0.0712 0.0585 -0.9957
vn 0.0089 0.1000 -0.9949
vn -0.1509 -0.0082 -0.9885
vn -0.0337 -0.3116 0.9496
vn 0.0868 0.4575 0.8850
vn -0.1649 0.4754 0.8642
vn -0.2058 -0.2093 -0.9559
vn 0.1013 -0.3073 -0.9462
vn 0.0705 0.4228 0.9035
vn -0.0553 -0.6455 -0.7617
vn 0.2710 -0.6896 -0.6716
vn 0.2553 -0.4452 -0.8583
vn -0.1050 -0.3653 -0.9249
vn -0.1356 0.9807 -0.1409
vn -0.2352 0.7850 0.5731
vn 0.3234 0.6370 0.6997
vn 0.2435 -0.9419 -0.2316
vn 0.2843 -0.9578 -0.0415
vn -0.5117 0.8488 -0.1329
vn -0.5157 -0.6173 -0.5942
vn 0.1052 0.5480 0.8298
vn 0.2254 0.2461 0.9427
vn -0.0074 -0.2537 -0.9673
vn 0.7790 0.6034 0.1706
vn -0.8828 -0.3316 -0.3328
vn 0.6428 0.3088 0.7010
vn -0.6338 -0.3066 -0.7101
vn 0.5407 0.6114 0.5778
vn -0.7692 -0.6086 -0.1949
vn 0.8879 0.4395 0.1359
vn 0.2957 -0.2403 -0.9246
vn 0.3282 -0.8453 -0.4217
vn -0.3751 0.3574 0.8553
vn -0.1554 0.5931 0.7899
vn 0.7331 -0.4106 -0.5423
vn -0.3677 0.6473 0.6677
vn 0.4007 -0.2690 -0.8758
vn 0.2696 0.3259 -0.9062
vn 0.1263 0.4035 0.9062
vn -0.1321 0.1260 0.9832
vn -0.5240 -0.5262 -0.6697
vn -0.0645 0.2677 0.9613
vn -0.5958 -0.1576 0.7875
vn -0.4228 0.4024 0.8120
vn -0.3754 0.8460 0.3786
vn 0.5669 -0.5587 -0.6054
vn 0.3553 -0.8742 -0.3311
vn -0.3793 -0.2820 -0.8812
vn 0.0762 0.0228 -0.9968
vn -0.1743 0.5488 0.8176
vn 0.5278 -0.3893 -0.7548
vn 0.0997 -0.6215 -0.7770
vn 0.3221 -0.1377 0.9367
vn -0.0649 0.0245 0.9976
vn 0.2733 0.2257 0.9351
vn -0.2304 0.0150 -0.9730
vn -0.3677 -0.2320 -0.9005
vn -0.3358 0.5362 0.7744
vn 0.3317 0.3234 -0.8862
vn 0.7516 0.0137 -0.6595
vn -0.5243 0.0384 0.8507
vn 0.1240 0.5048 0.8543
vn 0.0232 -0.7218 -0.6917
vn -0.0444 -0.0869 -0.9952
vn 0.2809 -0.4904 -0.8250
vn -0.1288 0.2189 0.9672
vn 0.2601 0.7745 0.5766
vn -0.0196 0.7394 0.6730
vn -0.2543 -0.4860 -0.8361
vn -0.2614 -0.5479 -0.7946
vn -0.0924 -0.6364 -0.7658
vn 0.4492 0.5715 0.6867
vn -0.2865 0.3890 0.8755
vn -0.1891 0.1737 0.9665
vn 0.1137 -0.5989 -0.7927
vn 0.0583 -0.3204 -0.9455
vn -0.2457 0.3968 0.8844
vn 0.4566 -0.2398 -0.8568
vn 0.3591 0.0791 -0.9299
vn 0.1219 -0.1088 -0.9866
vn 0.2079 -0.4536 -0.8666
vn -0.8142 -0.4918 0.3087
vn -0.4756 -0.1329 0.8696
vn -0.5839 0.4215 0.6939
vn 0.6666 0.3689 -0.6478
vn -0.6941 -0.5060 0.5120
vn -0.5240 -0.7427 0.4170
vn 0.6739 -0.5240 -0.5209
vn -0.3832 0.3459 0.8565
vn -0.1570 0.5957 0.7877
vn 0.0584 -0.4342 -0.8989
vn -0.8563 0.5133 0.0566
vn 0.6402 -0.7668 -0.0471
vn -0.4461 0.7783 0.4419
vn -0.6831 0.5369 0.4950
vn 0.8520 -0.5169 -0.0829
vn -0.7701 0.6331 -0.0783
vn 0.6275 -0.5528 -0.5483
vn -0.5243 -0.0180 0.8514
vn -0.3982 0.2849 0.8719
vn 0.8599 0.0057 -0.5105
vn -0.6086 0.2965 0.7360
vn 0.5183 0.1120 -0.8478
vn 0.1885 0.6180 -0.7632
vn -0.0747 0.1745 0.9818
vn -0.2231 -0.1821 0.9576
vn -0.2671 -0.4768 -0.8375
vn -0.2085 -0.0255 0.9777
vn -0.5459 -0.5409 0.6399
vn -0.5823 0.0186 0.8128
vn -0.6693 0.5492 0.5004
vn 0.7602 -0.1670 -0.6279
vn 0.6578 -0.5936 -0.4636
vn -0.2058 -0.1530 -0.9666
vn 0.1194 0.3027 -0.9456
vn -0.4018 0.2314 0.8860
vn 0.6726 0.0129 -0.7399
vn 0.3553 -0.3323 -0.8737
vn 0.2967 -0.2615 0.9185
vn -0.1255 -0.2562 0.9584
vn 0.1235 0.0533 0.9909
vn -0.1659 0.1893 -0.9678
vn -0.2114 -0.0987 -0.9724
vn -0.5459 0.1783 0.8187
vn 0.2464 0.6309 -0.7357
vn 0.7348 0.4278 -0.5264
vn -0.5514 -0.3556 0.7547
vn -0.1096 0.2792 0.9540
vn 0.3142 -0.4704 -0.8246
vn 0.0451 0.1632 -0.9856
vn 0.4813 -0.1416 -0.8651
vn -0.2518 -0.0924 0.9634
vn -0.3160 0.4924 0.8110
vn -0.0198 -0.3093 -0.9507
vn -0.0071 -0.3786 -0.9255
vn 0.1803 0.4892 0.8533
vn -0.4538 0.0345 0.8905
vn -0.2922 -0.1530 0.9441
vn 0.3613 -0.3031 -0.8818
vn 0.2203 -0.0284 -0.9750
vn -0.4188 0.0526 0.9065
vn 0.5592 0.1519 -0.8150
vn 0.3603 0.4291 -0.8283
vn 0.2078 0.1952 -0.9585
vn 0.4025 -0.1211 -0.9074
vn -0.6055 -0.7925 0.0728
vn -0.4468 -0.5003 0.7417
vn -0.7328 0.0138 0.6803
vn 0.5298 0.7200 -0.4482
vn -0.4998 -0.8187 0.2826
vn -0.2523 -0.9539 0.1625
vn 0.8432 -0.1223 -0.5235
vn -0.5279 -0.0314 0.8487
vn -0.4004 0.2874 0.8701
vn 0.2578 -0.1440 -0.9554
vn -0.9838 0.1728 0.0474
vn 0.8703 -0.4763 -0.1254
vn -0.7153 0.4482 0.5362
vn -0.8550 0.1377 0.5001
vn 0.9825 -0.1709 -0.0742
vn -0.9377 0.3447 -0.0438
vn -0.1578 0.6943 -0.7022
vn 0.5265 -0.1697 0.8331
vn 0.2330 -0.2807 0.9311
vn -0.6989 0.4895 -0.5215
vn 0.3515 -0.4667 0.8116
vn -0.5862 0.1028 -0.8036
vn -0.6850 -0.4523 -0.5711
vn 0.0979 0.0458 0.9941
vn 0.4434 0.1766 0.8788
vn 0.3757 -0.0509 -0.9254
vn 0.3291 0.0857 0.9404
vn 0.8647 0.1213 0.4874
vn 0.5361 -0.2437 0.8082
vn 0.1819 -0.7319 0.6567
vn -0.5296 0.5099 -0.6779
vn -0.1371 0.7618 -0.6331
vn 0.0887 -0.2546 -0.9630
vn -0.4505 -0.3284 -0.8302
vn 0.2746 -0.2440 0.9301
vn -0.6095 0.3022 -0.7329
vn -0.1705 0.2821 -0.9441
vn 0.1226 0.5877 0.7997
vn 0.4251 0.2956 0.8555
vn 0.0420 0.2692 0.9622
vn -0.1743 -0.4577 -0.8718
vn 0.0546 -0.2964 -0.9535
vn 0.4019 -0.3245 0.8563
vn -0.7302 -0.4142 -0.5434
vn -0.9021 0.1130 -0.4164
vn 0.7609 0.0177 0.6486
vn 0.0462 -0.0555 0.9974
vn -0.0385 0.3572 -0.9332
vn -0.3089 -0.2954 -0.9041
vn -0.3890 0.2440 -0.8883
vn 0.4032 0.0972 0.9100
vn -0.2672 -0.3069 0.9135
vn 0.0224 -0.3763 0.9262
vn 0.0667 -0.0146 -0.9977
vn 0.1094 0.0466 -0.9929
vn 0.0043 0.2079 -0.9781
vn -0.3201 -0.0152 0.9473
vn 0.4472 -0.1468 0.8823
vn 0.4701 0.1053 0.8763
vn -0.1961 0.2648 -0.9441
vn -0.3000 -0.0403 -0.9531
vn 0.4127 -0.1309 0.9014
vn -0.6370 0.1119 -0.7627
vn -0.6881 -0.2181 -0.6920
vn -0.4416 -0.1965 -0.8754
vn -0.3543 0.1654 -0.9204
vn 0.9844 0.1242 -0.1244
vn 0.7838 0.1862 0.5925
vn 0.6239 -0.3758 0.6853
vn -0.9440 -0.2112 -0.2534
vn -0.9626 -0.2626 -0.0661
vn 0.8597 0.5017 -0.0957
vn -0.6016 0.5612 -0.5685
vn 0.5379 -0.1637 0.8270
vn 0.2327 -0.2843 0.9301
vn -0.2442 0.0683 -0.9673
vn 0.5867 -0.7992 0.1302
vn -0.3114 0.9068 -0.2840
vn 0.2897 -0.6881 0.6652
vn 0.5954 -0.5851 0.5507
vn -0.5918 0.7910 -0.1553
vn 0.4211 -0.9028 0.0879
vn 0.3516 0.2644 -0.8980
vn 0.2634 -0.0501 0.9634
vn -0.0360 0.0818 0.9960
vn -0.2004 0.5076 -0.8379
vn -0.0609 -0.1675 0.9840
vn -0.3530 0.0502 -0.9343
vn -0.7943 -0.1785 -0.5807
vn 0.0687 0.4137 0.9078
vn 0.4210 0.2584 0.8694
vn 0.2876 -0.6552 -0.6986
vn 0.2729 0.2869 0.9182
vn 0.7216 -0.1908 0.6655
vn 0.2239 -0.1181 0.9674
vn -0.3557 -0.3244 0.8765
vn -0.0522 0.3572 -0.9326
vn 0.4083 0.3302 -0.8510
vn -0.0615 -0.6512 -0.7564
vn -0.5259 -0.3389 -0.7801
vn 0.0195 0.0834 0.9963
vn -0.2451 0.2335 -0.9410
vn 0.0851 -0.1220 -0.9889
vn 0.4438 0.6917 0.5698
vn 0.4845 0.3415 0.8054
vn 0.1709 0.5870 0.7913
vn -0.3966 -0.6037 -0.6916
vn -0.1149 -0.6569 -0.7452
vn 0.0676 -0.0772 0.9947
vn -0.8053 -0.1141 -0.5818
vn -0.6018 0.4066 -0.6874
vn 0.5697 -0.1334 0.8109
vn -0.0362 0.3738 0.9268
vn 0.2340 -0.1397 -0.9621
vn -0.3939 -0.4285 -0.8132
vn -0.1084 -0.0002 -0.9941
vn 0.3381 0.2396 0.9101
vn -0.4346 0.3391 0.8343
vn -0.2584 0.1324 0.9569
vn 0.0774 -0.4867 -0.8701
vn 0.1493 -0.4661 -0.8720
vn -0.2884 0.5873 0.7562
vn 0.2157 0.0324 0.9759
vn 0.3957 0.1926 0.8980
vn 0.0545 -0.1196 -0.9913
vn -0.2211 -0.2774 -0.9350
vn 0.1988 0.0715 0.9774
vn -0.3875 0.1033 -0.9161
vn -0.6416 -0.0666 -0.7641
vn -0.4326 -0.2718 -0.8596
vn -0.1313 -0.0888 -0.9874
vn 0.8369 -0.5257 0.1525
vn 0.6977 -0.0536 0.7144
vn 0.2104 -0.3139 0.9258
vn -0.8485 0.2761 -0.4515
vn 0.9025 -0.3331 0.2731
vn 0.9836 -0.1793 0.0205
vn -0.0781 0.4818 -0.8728
vn 0.2761 -0.0551 0.9596
vn -0.0386 0.0791 0.9961
vn -0.1079 -0.2395 -0.9649
vn -0.0708 -0.8321 0.5501
vn 0.3560 0.6836 -0.6372
vn -0.2455 -0.3511 0.9036
vn 0.2419 0.3399 -0.9088
vn 0.0587 -0.5028 0.8624
vn 0.0625 0.8182 -0.5715
vn -0.2625 -0.8290 0.4938
vn -0.3000 -0.4452 -0.8437
vn 0.8193 0.0809 -0.5677
vn -0.3131 0.0906 0.9454
vn -0.5565 0.2500 0.7924
vn 0.3704 0.3748 -0.8499
vn -0.6106 0.0051 0.7920
vn 0.2233 -0.0783 -0.9716
vn -0.3690 -0.2080 -0.9059
vn -0.3690 0.5529 0.7471
vn -0.0825 0.3652 0.9273
vn 0.5107 -0.7841 -0.3527
vn -0.2266 0.4134 0.8819
vn 0.2038 -0.1347 0.9697
vn -0.3587 0.0277 0.9330
vn -0.8206 -0.1430 0.5532
vn 0.5198 0.1991 -0.8307
vn 0.8512 0.1488 -0.5033
vn 0.2547 -0.7614 -0.5961
vn -0.0653 -0.4208 -0.9048
vn -0.5106 0.2471 0.8235
vn 0.3455 0.0918 -0.9339
vn 0.5867 -0.2924 -0.7552
vn 0.1682 0.7390 0.6524
vn 0.0179 0.4310 0.9022
vn -0.1937 0.6953 0.6921
vn -0.0493 -0.6766 -0.7347
vn 0.2037 -0.7608 -0.6162
vn -0.4959 0.0851 0.8642
vn -0.3672 -0.1440 -0.9189
vn -0.0585 0.3334 -0.9410
vn 0.0089 -0.0417 0.9991
vn -0.4722 0.5253 0.7078
vn 0.6921 -0.3173 -0.6483
vn 0.0471 -0.5251 -0.8497
vn 0.4495 -0.1578 -0.8792
vn -0.1761 0.3602 0.9161
vn -0.7106 0.3113 0.6310
vn 0.4573 -0.6302 -0.6275
vn 0.5210 -0.6161 -0.5908
vn -0.5535 0.7271 0.4062
vn -0.3459 0.1777 0.9213
vn -0.1295 0.3073 0.9427
vn 0.5631 -0.2878 -0.7746
vn 0.2799 -0.4110 -0.8676
vn -0.3544 0.2177 0.9094
vn 0.1936 -0.0203 -0.9809
vn -0.1257 -0.1412 -0.9820
vn 0.0655 -0.3758 -0.9244
vn 0.4127 -0.2419 -0.8782
vn 0.5232 -0.5590 0.6432
vn 0.1796 0.0102 0.9837
vn -0.3787 -0.1705 0.9097
vn -0.4108 0.2646 -0.8725
vn -0.5429 0.3550 -0.7611
vn 0.7713 -0.2528 0.5841
vn 0.4861 0.3337 -0.8077
vn -0.3013 0.0841 0.9498
vn -0.5591 0.2476 0.7913
vn 0.3955 -0.3881 -0.8324
vn -0.4901 -0.7198 0.4916
vn 0.7488 0.5361 -0.3899
vn -0.7487 -0.1738 0.6397
vn 0.7468 0.1622 -0.6449
vn -0.4998 -0.3544 0.7903
vn 0.4927 0.7032 -0.5127
vn -0.6173 -0.7105 0.3377
vn 0.1384 -0.5544 -0.8207
vn -0.6646 0.0563 -0.7451
vn 0.1170 0.2253 0.9672
vn 0.2412 -0.0791 0.9672
vn -0.4356 -0.5050 -0.7451
vn 0.4237 0.0802 0.9022
vn -0.0479 -0.2884 -0.9563
vn 0.5050 -0.4356 -0.7451
vn -0.0791 -0.2412 0.9672
vn -0.2253 0.1170 0.9672
vn 0.0563 0.6645 -0.7451
vn -0.1300 -0.0073 0.9915
vn -0.1822 0.6467 0.7406
vn 0.1911 0.2458 0.9503
vn 0.7021 -0.0167 0.7119
vn -0.4608 -0.2943 -0.8373
vn -0.7350 0.0498 -0.6762
vn 0.2764 0.4154 -0.8666
vn 0.3758 -0.1335 -0.9170
vn 0.2023 -0.0411 0.9785
vn -0.2476 -0.3424 -0.9063
vn -0.2456 0.1423 -0.9589
vn -0.6158 -0.1759 0.7680
vn -0.3424 0.1026 0.9339
vn -0.2981 -0.2927 0.9086
vn 0.4910 0.1459 -0.8588
vn 0.3198 0.3819 -0.8671
vn 0.2778 0.1067 0.9547
vn 0.4686 -0.4890 -0.7357
vn -0.0516 -0.7155 -0.6967
vn -0.0776 0.4996 0.8628
vn 0.0248 -0.2867 0.9577
vn -0.3281 0.2598 -0.9082
vn 0.3372 0.0230 -0.9411
vn -0.1973 -0.0805 -0.9770
vn -0.1447 0.0722 0.9868
vn 0.2951 -0.5432 0.7860
vn 0.3483 -0.2718 0.8971
vn 0.0390 0.3961 -0.9174
vn -0.0246 0.4322 -0.9015
vn 0.0060 -0.6167 0.7872
vn 0.0972 0.1332 0.9863
vn -0.1555 0.1460 0.9770
vn -0.2270 0.1189 -0.9666
vn 0.0835 0.0370 -0.9958
vn 0.0827 0.0936 0.9922
vn -0.0554 -0.3503 -0.9350
vn 0.2749 -0.4081 -0.8706
vn 0.2449 -0.1157 -0.9626
vn -0.1198 -0.0338 -0.9922
vn -0.1745 0.9634 0.2037
vn -0.2455 0.5327 0.8099
vn 0.3216 0.3750 0.8695
vn 0.2696 -0.7957 -0.5424
vn -0.3167 0.8735 0.3698
vn -0.5452 0.8204 0.1724
vn -0.5112 -0.4007 -0.7604
vn 0.1107 0.2377 0.9650
vn 0.2448 -0.0790 0.9663
vn -0.0276 0.0897 -0.9956
vn 0.7619 0.5430 0.3531
vn -0.8801 -0.2370 -0.4115
vn 0.6523 0.0801 0.7537
vn 0.5358 0.4019 0.7426
vn -0.7528 -0.5389 -0.3781
vn 0.8755 0.4055 0.2629
vn 0.2762 0.1010 -0.9558
vn -0.6645 0.0563 -0.7451
vn 0.1171 0.2253 0.9672
vn 0.4238 0.0802 0.9022
vn 0.5051 -0.4356 -0.7451
vn 0.0562 0.6645 -0.7451
vn -0.1823 0.6467 0.7406
vn 0.1911 0.2457 0.9503
vn -0.7351 0.0497 -0.6761
vn 0.2763 0.4154 -0.8666
vn -0.6158 -0.1757 0.7680
vn 0.4910 0.1458 -0.8589
vn 0.3197 0.3819 -0.8671
vn 0.4687 -0.4890 -0.7357
vn -0.0517 -0.7155 -0.6966
vn -0.3281 0.2599 -0.9082
vn 0.2953 -0.5432 0.7860
vn 0.0061 -0.6167 0.7872
vn -0.2270 0.1190 -0.9666
vn -0.0553 -0.3503 -0.9350
vn -0.1745 0.9633 0.2037
vn -0.2454 0.5327 0.8099
vn 0.2697 -0.7957 -0.5424
vn -0.3169 0.8734 0.3697
vn -0.5451 0.8204 0.1725
vn -0.5111 -0.4007 -0.7604
vn 0.6523 0.0801 0.7538
vn 0.5358 0.4018 0.7426
vn -0.7526 -0.5391 -0.3780
vn 0.8755 0.4054 0.2629
vn 0.2760 0.1009 -0.9558
vn 0.5771 -0.3344 -0.7451
vn -0.2020 -0.1538 0.9672
vn -0.1844 0.1745 0.9672
vn 0.6094 0.2710 -0.7452
vn -0.4174 0.1083 0.9022
vn 0.1664 0.2404 -0.9563
vn -0.2710 0.6094 -0.7451
vn 0.1745 0.1844 0.9672
vn 0.1538 -0.2020 0.9672
vn -0.3344 -0.5771 -0.7451
vn 0.1207 -0.0488 0.9915
vn -0.1111 -0.6627 0.7406
vn -0.2777 -0.1407 0.9503
vn -0.6279 0.3146 0.7119
vn 0.5423 0.0696 -0.8373
vn 0.6436 -0.3586 -0.6762
vn -0.4272 -0.2579 -0.8666
vn -0.2829 0.2811 -0.9170
vn -0.1654 0.1235 0.9785
vn 0.3700 0.2041 -0.9063
vn 0.1614 -0.2335 -0.9589
vn 0.6319 -0.1038 0.7681
vn 0.2659 -0.2388 0.9339
vn 0.3945 0.1375 0.9086
vn -0.5063 0.0775 -0.8589
vn -0.4521 -0.2090 -0.8671
vn -0.2967 0.0220 0.9547
vn -0.2153 0.6422 -0.7357
vn 0.3520 0.6251 -0.6966
vn -0.1430 -0.4850 0.8628
vn 0.0999 0.2699 0.9577
vn 0.1859 -0.3750 -0.9082
vn -0.3148 0.1230 -0.9411
vn 0.2128 -0.0114 -0.9770
vn 0.1001 -0.1270 0.9868
vn -0.0352 0.6173 0.7859
vn -0.1990 0.3944 0.8971
vn -0.2043 -0.3416 -0.9174
vn -0.1621 -0.4014 -0.9015
vn 0.2577 0.5603 0.7872
vn -0.1447 -0.0790 0.9863
vn 0.0784 -0.1984 0.9770
vn 0.1546 -0.2044 -0.9666
vn -0.0913 0.0022 -0.9958
vn -0.1147 -0.0494 0.9922
vn 0.1995 0.2932 -0.9350
vn -0.0746 0.4864 -0.8706
vn -0.1722 0.2091 -0.9626
vn 0.1227 -0.0206 -0.9922
vn -0.2533 -0.9457 0.2037
vn -0.0053 -0.5865 0.8099
vn -0.4508 -0.2020 0.8695
vn 0.0955 0.8347 -0.5424
vn 0.0861 0.9251 -0.3698
vn 0.1431 -0.9746 0.1724
vn 0.6332 0.1444 -0.7604
vn -0.2015 -0.1678 0.9650
vn -0.1877 0.1759 0.9663
vn -0.0133 -0.0929 -0.9956
vn -0.9207 -0.1660 0.3531
vn 0.8971 -0.1611 -0.4115
vn -0.6241 0.2058 0.7537
vn -0.6561 -0.1349 0.7426
vn 0.9107 0.1664 -0.3780
vn -0.9648 0.0068 0.2629
vn -0.2927 0.0264 -0.9558
vn 0.0703 -0.6632 -0.7451
vn -0.2433 0.0724 0.9672
vn 0.0321 0.2518 0.9672
vn 0.5782 -0.3323 -0.7451
vn -0.1588 0.4010 0.9022
vn 0.2923 0.0074 -0.9563
vn 0.3323 0.5782 -0.7451
vn 0.2518 -0.0321 0.9672
vn -0.0724 -0.2433 0.9672
vn -0.6632 -0.0703 -0.7451
vn 0.0318 -0.1263 0.9915
vn -0.6006 -0.3011 0.7406
vn -0.2774 0.1413 0.9503
vn -0.1162 0.6926 0.7119
vn 0.3760 -0.3969 -0.8373
vn 0.0900 -0.7313 -0.6761
vn -0.4602 0.1929 -0.8666
vn 0.0601 0.3943 -0.9170
vn 0.0022 0.2065 0.9785
vn 0.3830 -0.1784 -0.9063
vn -0.0934 -0.2681 -0.9589
vn 0.2889 -0.5716 0.7680
vn -0.0360 -0.3556 0.9339
vn 0.3437 -0.2375 0.9086
vn -0.2360 0.4546 -0.8589
vn -0.4354 0.2418 -0.8671
vn -0.1573 0.2526 0.9547
vn 0.3916 0.5526 -0.7357
vn 0.7124 0.0844 -0.6967
vn -0.4759 -0.1706 0.8628
vn 0.2769 0.0785 0.9577
vn -0.1932 -0.3713 -0.9082
vn -0.0863 0.3268 -0.9411
vn 0.1163 -0.1785 -0.9770
vn -0.0435 -0.1557 0.9868
vn 0.2012 0.3934 0.8971
vn -0.3964 -0.0366 -0.9174
vn -0.4197 -0.1058 -0.9015
vn -0.2815 -0.2378 -0.9296
vn 0.6045 0.1224 0.7872
vn -0.1491 0.0703 0.9863
vn -0.1140 -0.1803 0.9770
vn -0.0739 -0.2454 -0.9666
vn -0.0521 0.0750 -0.9958
vn -0.1075 0.0635 0.9922
vn 0.3544 0.0118 -0.9350
vn 0.3488 0.3470 -0.8706
vn 0.0674 0.2624 -0.9626
vn 0.0558 -0.1113 -0.9922
vn -0.9130 -0.3533 0.2037
vn -0.4767 -0.3417 0.8099
vn -0.4289 0.2450 0.8695
vn 0.7304 0.4151 -0.5424
vn 0.7980 0.4760 -0.3697
vn -0.7026 -0.6903 0.1724
vn 0.4901 -0.4262 -0.7604
vn -0.2544 0.0638 0.9650
vn 0.0313 0.2554 0.9663
vn -0.0829 -0.0441 -0.9956
vn -0.6772 0.6455 0.3531
vn 0.3990 -0.8195 -0.4114
vn -0.2019 0.6254 0.7537
vn -0.4958 0.4503 0.7426
vn 0.6717 -0.6372 -0.3779
vn -0.5635 0.7832 0.2629
vn -0.1513 0.2520 -0.9558
vn 0.7819 0.6234 -0.0000
vn 0.8964 -0.4432 -0.0000
vn -0.7714 -0.6363 -0.0000
vn -0.9613 0.2756 -0.0000
vn 0.6065 0.2773 -0.7451
vn -0.0087 0.2537 0.9672
vn -0.2490 -0.0495 0.9672
vn -0.1315 -0.6538 -0.7451
vn -0.4849 0.4547 0.7471
vn -0.0809 -0.0631 -0.9947
vn -0.6538 0.1315 -0.7451
vn 0.0495 -0.2490 0.9672
vn 0.2537 0.0087 0.9672
vn -0.2773 0.6065 -0.7451
vn 0.1205 -0.0270 0.9923
vn 0.4236 0.3264 0.8450
vn -0.0366 0.3242 0.9453
vn -0.2175 0.2166 0.9517
vn 0.4025 0.9154 -0.0000
vn 0.3106 -0.6548 -0.6890
vn 0.6778 -0.1790 -0.7131
vn -0.1572 0.2605 -0.9526
vn -0.4403 -0.0492 -0.8965
vn -0.4803 -0.0676 0.8745
vn 0.1130 -0.2373 -0.9648
vn 0.2487 0.0552 -0.9670
vn 0.3068 -0.6026 0.7367
vn 0.4236 0.0402 0.9050
vn 0.2438 -0.3434 0.9070
vn -0.4610 0.0227 -0.8871
vn -0.4420 0.2834 -0.8511
vn 0.6792 -0.0441 0.7326
vn 0.0427 0.1609 0.9861
vn -0.6487 -0.3064 -0.6967
vn -0.2260 -0.6103 -0.7593
vn 0.5142 0.4395 0.7365
vn -0.6267 0.7793 -0.0000
vn -0.0684 -0.4397 0.8955
vn 0.3992 0.0240 -0.9166
vn -0.1315 0.1042 -0.9858
vn 0.1829 -0.1789 -0.9667
vn 0.2355 -0.1941 0.9523
vn -0.5878 -0.2029 0.7832
vn -0.6465 -0.5779 -0.4980
vn -0.4153 -0.1281 0.9006
vn 0.0713 0.4043 -0.9119
vn 0.2627 0.2584 -0.9296
vn 0.3536 0.1939 -0.9151
vn -0.4351 -0.4392 0.7860
vn 0.5254 0.6920 0.4952
vn -0.0779 0.2640 0.9614
vn 0.2422 -0.1528 0.9581
vn 0.2733 -0.1238 -0.9539
vn -0.1742 0.2570 -0.9506
vn -0.1244 0.0875 0.9884
vn 0.7235 -0.6903 -0.0000
vn 0.0178 -0.5501 -0.8349
vn -0.4046 -0.0025 -0.9145
vn -0.2812 0.0901 -0.9554
vn 0.1573 -0.3190 -0.9346
vn 0.5982 0.7856 0.1580
vn 0.4602 0.1454 0.8758
vn 0.2773 0.5184 0.8089
vn -0.7252 -0.5184 -0.4532
vn -0.3227 -0.7933 -0.5163
vn 0.3880 -0.4760 -0.7892
vn -0.0551 0.2582 0.9645
vn -0.2562 -0.0132 0.9665
vn 0.2663 0.0883 -0.9599
vn -0.4310 -0.9024 -0.0000
vn -0.7103 0.6363 0.3011
vn 0.8607 -0.3888 -0.3288
vn -0.6234 0.2529 0.7399
vn 0.5973 -0.2513 -0.7616
vn -0.4018 0.5396 0.7399
vn 0.5879 -0.7084 -0.3906
vn -0.8614 0.3892 0.3263
vn -0.2370 0.1741 -0.9558
vn 0.4043 0.9146 -0.0000
vn 0.6848 0.7287 -0.0000
vn 0.8809 -0.4733 0.0018
vn 0.9030 -0.4295 0.0088
vn 0.7698 -0.2898 -0.5687
vn 0.6407 0.7059 -0.3021
vn 0.4503 0.0923 -0.8881
vn 0.4290 0.8458 -0.3172
vn -0.0371 0.4508 -0.8919
vn -0.7243 0.6894 -0.0000
vn -0.7820 0.6232 -0.0118
vn -0.8559 0.5172 -0.0000
vn -0.7014 -0.7125 0.0186
vn -0.5746 -0.8182 0.0189
vn -0.7563 -0.6542 -0.0000
vn -0.4451 -0.8955 -0.0000
vn 0.7646 -0.6445 -0.0000
vn 0.6929 -0.7210 0.0130
vn 0.7837 -0.6211 -0.0000
vn 0.8057 -0.5922 0.0114
vn -0.7142 -0.7000 -0.0000
vn -0.7353 -0.6142 0.2865
vn -0.3750 -0.1593 0.9132
vn -0.4925 -0.8703 -0.0000
vn -0.4210 -0.8497 0.3173
vn 0.0069 -0.4332 0.9013
vn -0.5585 0.6161 0.5554
vn -0.7903 0.6125 -0.0141
vn -0.8121 0.5834 -0.0018
vn 0.6268 -0.5336 -0.5678
vn 0.7583 -0.6517 0.0153
vn -0.7810 0.2636 0.5662
vn -0.9391 0.3435 -0.0063
vn -0.9457 0.3252 -0.0018
vn 0.8809 -0.4732 0.0018
vn 0.7723 0.6350 -0.0181
vn 0.6815 0.7318 -0.0000
vn 0.6531 0.5707 0.4978
vn 0.5919 0.8060 -0.0000
vn 0.5021 0.8646 -0.0189
vn -0.5075 -0.7062 -0.4937
vn 0.8965 -0.4431 -0.0000
vn -0.1314 -0.6539 -0.7451
vn -0.6539 0.1314 -0.7451
vn -0.4610 0.0228 -0.8871
vn -0.4418 0.2835 -0.8511
vn 0.6792 -0.0442 0.7326
vn -0.2260 -0.6102 -0.7593
vn 0.5141 0.4395 0.7365
vn -0.6266 0.7793 -0.0000
vn -0.0683 -0.4397 0.8955
vn 0.3992 0.0240 -0.9165
vn -0.1315 0.1043 -0.9858
vn 0.0712 0.4043 -0.9119
vn 0.2628 0.2583 -0.9296
vn 0.3536 0.1938 -0.9151
vn -0.4351 -0.4393 0.7860
vn 0.5254 0.6920 0.4951
vn 0.7236 -0.6903 -0.0000
vn 0.4603 0.1454 0.8758
vn -0.7252 -0.5184 -0.4531
vn -0.3226 -0.7933 -0.5163
vn 0.3881 -0.4760 -0.7892
vn 0.2663 0.0882 -0.9598
vn -0.4310 -0.9023 -0.0000
vn -0.7102 0.6363 0.3011
vn 0.8608 -0.3886 -0.3286
vn -0.6233 0.2529 0.7399
vn 0.5878 -0.7084 -0.3907
vn -0.8615 0.3891 0.3262
vn -0.2369 0.1739 -0.9558
vn 0.6849 0.7287 -0.0000
vn 0.8810 -0.4732 0.0016
vn 0.9030 -0.4295 0.0087
vn 0.7698 -0.2899 -0.5687
vn 0.6406 0.7059 -0.3021
vn 0.4503 0.0922 -0.8881
vn 0.4290 0.8458 -0.3171
vn -0.0370 0.4508 -0.8919
vn -0.7244 0.6894 -0.0000
vn -0.7820 0.6232 -0.0119
vn -0.7820 0.6231 -0.0119
vn -0.7014 -0.7125 0.0185
vn -0.5747 -0.8182 0.0189
vn 0.7645 -0.6446 -0.0000
vn 0.6929 -0.7210 0.0131
vn 0.8057 -0.5922 0.0115
vn -0.7353 -0.6143 0.2864
vn -0.4211 -0.8497 0.3173
vn 0.0070 -0.4332 0.9013
vn -0.5584 0.6162 0.5554
vn -0.7903 0.6125 -0.0140
vn -0.8122 0.5834 -0.0016
vn 0.7583 -0.6517 0.0152
vn -0.9391 0.3435 -0.0062
vn -0.9457 0.3251 -0.0016
vn 0.8809 -0.4732 0.0016
vn 0.6815 0.7319 -0.0000
vn 0.6532 0.5706 0.4978
vn 0.5020 0.8646 -0.0188
vn -0.5075 -0.7062 -0.4936
vn -0.4413 -0.8974 -0.0000
vn -0.9998 0.0184 -0.0000
vn 0.4262 0.9046 -0.0000
vn 0.9870 0.1608 -0.0000
vn -0.4302 -0.5096 -0.7451
vn 0.1161 -0.2258 0.9672
vn 0.2041 0.1510 0.9672
vn -0.1601 0.6474 -0.7451
vn 0.6326 -0.2044 0.7471
vn 0.0462 0.0916 -0.9947
vn 0.6474 0.1601 -0.7451
vn -0.1510 0.2041 0.9672
vn -0.2258 -0.1161 0.9672
vn 0.5096 -0.4302 -0.7451
vn -0.1205 -0.0270 0.9923
vn -0.2438 -0.4759 0.8450
vn 0.1714 -0.2776 0.9453
vn 0.2891 -0.1031 0.9517
vn 0.0265 -0.9996 -0.0000
vn -0.5603 0.4597 -0.6890
vn -0.6894 -0.1273 -0.7131
vn 0.2533 -0.1685 -0.9526
vn 0.3772 0.2323 -0.8965
vn 0.4056 0.2660 0.8745
vn -0.2035 0.1664 -0.9648
vn -0.2014 -0.1560 -0.9670
vn -0.5346 0.4142 0.7367
vn -0.3660 -0.2171 0.9050
vn -0.3670 0.2066 0.9070
vn 0.4267 0.1761 -0.8871
vn 0.5205 -0.0678 -0.8512
vn -0.6331 -0.2498 0.7326
vn 0.0301 -0.1637 0.9861
vn 0.4560 0.5538 -0.6966
vn -0.0560 0.6483 -0.7593
vn -0.2775 -0.6169 0.7365
vn 0.8992 -0.4375 -0.0000
vn -0.1258 0.4268 0.8955
vn -0.3508 -0.1920 -0.9166
vn 0.1634 -0.0382 -0.9858
vn -0.2417 0.0837 -0.9667
vn -0.2958 0.0751 0.9523
vn 0.4451 0.4342 0.7832
vn 0.3382 0.7985 -0.4981
vn 0.3210 0.2930 0.9006
vn 0.1080 -0.3960 -0.9119
vn -0.1275 -0.3458 -0.9296
vn -0.2371 -0.3262 -0.9151
vn 0.2062 0.5829 0.7859
vn -0.1800 -0.8500 0.4952
vn 0.1831 -0.2055 0.9614
vn -0.2842 0.0349 0.9581
vn -0.3000 -0.0046 -0.9539
vn 0.2672 -0.1581 -0.9506
vn 0.1498 -0.0261 0.9884
vn -0.9489 0.3156 -0.0000
vn -0.2508 0.4899 -0.8349
vn 0.3649 0.1749 -0.9145
vn 0.2928 0.0385 -0.9554
vn -0.2783 0.2214 -0.9346
vn -0.2059 -0.9657 0.1580
vn -0.3542 -0.3279 0.8758
vn -0.0297 -0.5872 0.8089
vn 0.4346 0.7783 -0.4532
vn -0.0467 0.8551 -0.5163
vn -0.5540 0.2650 -0.7892
vn 0.1600 -0.2100 0.9645
vn 0.2261 0.1212 0.9665
vn -0.2032 -0.1934 -0.9598
vn 0.0049 1.0000 -0.0000
vn 0.9138 -0.2725 0.3011
vn -0.9443 -0.0157 -0.3287
vn 0.6717 0.0372 0.7399
vn -0.6474 -0.0276 -0.7616
vn 0.5936 -0.3166 0.7399
vn -0.8338 0.3900 -0.3907
vn 0.9451 0.0155 0.3263
vn 0.2885 -0.0563 -0.9558
vn 0.0245 -0.9997 -0.0000
vn -0.3085 -0.9512 -0.0000
vn -0.9986 0.0522 0.0017
vn -1.0000 0.0032 0.0087
vn -0.8198 -0.0663 -0.5688
vn -0.2783 -0.9117 -0.3022
vn -0.3679 -0.2755 -0.8881
vn -0.0272 -0.9480 -0.3172
vn 0.2258 -0.3919 -0.8919
vn 0.9493 -0.3145 -0.0000
vn 0.9731 -0.2300 -0.0119
vn 0.9947 -0.1027 -0.0000
vn 0.3304 0.9437 0.0185
vn 0.1707 0.9851 0.0188
vn 0.4049 0.9143 -0.0000
vn 0.0206 0.9998 -0.0000
vn -0.9665 0.2568 -0.0000
vn -0.9342 0.3565 0.0131
vn -0.9738 0.2274 -0.0000
vn -0.9814 0.1919 0.0115
vn 0.3473 0.9378 -0.0000
vn 0.4030 0.8692 0.2865
vn 0.2712 0.3040 0.9133
vn 0.0742 0.9972 -0.0000
vn 0.0183 0.9481 0.3174
vn -0.1911 0.3888 0.9013
vn 0.7679 -0.3190 0.5555
vn 0.9761 -0.2168 -0.0140
vn 0.9834 -0.1812 -0.0017
vn -0.7945 0.2152 -0.5679
vn -0.9639 0.2660 0.0152
vn 0.8187 0.0948 0.5663
vn 0.9959 0.0900 -0.0062
vn 0.9940 0.1094 -0.0016
vn -0.4276 -0.9038 -0.0180
vn -0.3041 -0.9526 -0.0000
vn -0.3472 -0.7947 0.4978
vn -0.1916 -0.9815 -0.0000
vn -0.0852 -0.9962 -0.0188
vn 0.1577 0.8552 -0.4937
vn 0.4645 -0.8856 -0.0000
vn -0.6045 -0.7966 -0.0000
vn -0.4791 0.8777 -0.0000
vn 0.4522 0.8919 -0.0000
vn 0.1578 -0.6480 -0.7451
vn 0.2508 -0.0394 0.9672
vn -0.0016 0.2539 0.9672
vn -0.6172 0.2526 -0.7451
vn 0.5381 0.3903 0.7471
vn -0.0467 0.0914 -0.9947
vn 0.2526 0.6172 -0.7451
vn -0.2538 -0.0016 0.9672
vn -0.0394 -0.2508 0.9672
vn 0.6480 0.1578 -0.7451
vn -0.0493 -0.1133 0.9923
vn 0.2406 -0.4776 0.8450
vn 0.3252 -0.0253 0.9453
vn 0.2538 0.1726 0.9517
vn 0.8229 -0.5682 -0.0000
vn -0.7017 -0.1813 -0.6890
vn -0.3038 -0.6318 -0.7131
vn 0.2855 0.1051 -0.9526
vn 0.0348 0.4417 -0.8965
vn 0.0244 0.4844 0.8745
vn -0.2544 -0.0662 -0.9648
vn 0.0072 -0.2547 -0.9670
vn -0.6498 -0.1874 0.7367
vn -0.0406 -0.4236 0.9050
vn -0.3833 -0.1745 0.9070
vn 0.1094 0.4484 -0.8871
vn 0.3619 0.3804 -0.8511
vn -0.1717 -0.6586 0.7326
vn 0.1499 -0.0723 0.9861
vn -0.1783 0.6949 -0.6967
vn -0.5566 0.3372 -0.7593
vn 0.3345 -0.5879 0.7365
vn 0.8837 0.4681 -0.0000
vn -0.4189 0.1502 0.8955
vn -0.0519 -0.3965 -0.9165
vn 0.1272 0.1095 -0.9858
vn -0.2102 -0.1458 -0.9667
vn -0.2351 -0.1946 0.9523
vn -0.0882 0.6155 0.7832
vn -0.4454 0.7441 -0.4980
vn -0.0474 0.4320 0.9006
vn 0.3835 -0.1464 -0.9119
vn 0.2041 -0.3069 -0.9296
vn 0.1236 -0.3839 -0.9151
vn -0.3492 0.5102 0.7860
vn 0.5803 -0.6467 0.4951
vn 0.2739 0.0267 0.9614
vn -0.1958 -0.2089 0.9581
vn -0.1733 -0.2450 -0.9539
vn 0.2852 0.1225 -0.9506
vn 0.1094 0.1056 0.9884
vn -0.8145 -0.5801 -0.0000
vn -0.5436 0.0864 -0.8349
vn 0.0740 0.3978 -0.9145
vn 0.1417 0.2591 -0.9554
vn -0.3430 -0.0942 -0.9346
vn 0.6585 -0.7358 0.1580
vn 0.0558 -0.4794 0.8758
vn 0.4567 -0.3703 0.8089
vn -0.3722 0.8100 -0.4532
vn -0.7181 0.4667 -0.5163
vn -0.5408 -0.2911 -0.7892
vn 0.2639 0.0053 0.9645
vn 0.0354 0.2540 0.9665
vn 0.0364 -0.2782 -0.9598
vn -0.8047 0.5937 -0.0000
vn 0.7590 0.5773 0.3011
vn -0.5442 -0.7719 -0.3287
vn 0.3661 0.5643 0.7399
vn -0.3596 -0.5391 -0.7616
vn 0.6058 0.2926 0.7398
vn -0.8067 -0.4434 -0.3907
vn 0.5449 0.7724 0.3263
vn 0.2156 0.1997 -0.9558
vn 0.8218 -0.5698 -0.0000
vn 0.5862 -0.8102 -0.0000
vn -0.6311 -0.7757 0.0016
vn -0.5923 -0.8056 0.0087
vn -0.4301 -0.7012 -0.5687
vn 0.5722 -0.7624 -0.3022
vn 0.0055 -0.4596 -0.8881
vn 0.7495 -0.5811 -0.3172
vn 0.4496 -0.0488 -0.8919
vn 0.8138 0.5811 -0.0000
vn 0.7597 0.6502 -0.0119
vn 0.7597 0.6501 -0.0119
vn 0.6696 0.7427 -0.0000
vn -0.5672 0.8234 0.0185
vn -0.6949 0.7188 0.0189
vn -0.4995 0.8663 -0.0000
vn -0.7953 0.6062 -0.0000
vn -0.7774 -0.6290 -0.0000
vn -0.8389 -0.5442 0.0131
vn -0.7580 -0.6523 -0.0000
vn -0.7337 -0.6793 0.0115
vn -0.5525 0.8335 -0.0000
vn -0.4643 0.8381 0.2865
vn -0.0856 0.3983 0.9132
vn -0.7616 0.6480 -0.0000
vn -0.7549 0.5740 0.3174
vn -0.4267 0.0750 0.9013
vn 0.7105 0.4320 0.5554
vn 0.7508 0.6604 -0.0140
vn 0.7264 0.6873 -0.0017
vn -0.6424 -0.5147 -0.5678
vn -0.7832 -0.6215 0.0152
vn 0.4063 0.7171 0.5662
vn 0.5147 0.8573 -0.0062
vn 0.4980 0.8672 -0.0016
vn -0.6312 -0.7757 0.0016
vn 0.4776 -0.8784 -0.0181
vn 0.5900 -0.8074 -0.0000
vn 0.4370 -0.7492 0.4977
vn 0.6796 -0.7336 -0.0000
vn 0.7542 -0.6564 -0.0188
vn -0.5976 0.6318 -0.4936
vn 0.6538 -0.1314 -0.7451
vn -0.0495 0.2490 0.9672
vn -0.2537 -0.0086 0.9672
vn 0.2774 -0.6065 -0.7451
vn -0.3845 0.1952 0.9022
vn -0.0345 -0.2903 -0.9563
vn -0.6065 -0.2773 -0.7451
vn 0.0086 -0.2537 0.9672
vn 0.2490 0.0495 0.9672
vn 0.1314 0.6538 -0.7451
vn 0.1228 -0.0433 0.9915
vn 0.3555 0.5702 0.7406
vn -0.1150 0.2893 0.9503
vn -0.6789 0.1799 0.7119
vn 0.3604 -0.4112 -0.8373
vn 0.7197 -0.1573 -0.6762
vn -0.1494 0.4761 -0.8666
vn -0.3981 -0.0233 -0.9170
vn -0.2058 0.0169 0.9785
vn 0.1422 -0.3979 -0.9063
vn 0.2756 0.0681 -0.9589
vn 0.5423 -0.3407 0.7680
vn 0.3574 0.0029 0.9339
vn 0.2046 -0.3642 0.9086
vn -0.4307 0.2772 -0.8589
vn -0.2005 0.4560 -0.8671
vn -0.2370 0.1800 0.9547
vn -0.5865 -0.3388 -0.7357
vn -0.1501 -0.7015 -0.6967
vn 0.2139 0.4581 0.8628
vn -0.1038 -0.2684 0.9577
vn 0.3876 0.1580 -0.9082
vn -0.3174 0.1162 -0.9411
vn 0.1670 -0.1323 -0.9770
vn 0.1591 0.0289 0.9868
vn -0.4103 -0.1638 0.8971
vn 0.0731 0.3913 -0.9174
vn 0.1442 0.4081 -0.9015
vn -0.1779 -0.5905 0.7872
vn -0.0562 0.1550 0.9863
vn 0.1901 0.0968 0.9770
vn 0.2512 0.0509 -0.9666
vn -0.0699 0.0588 -0.9958
vn -0.0533 0.1130 0.9922
vn -0.0446 -0.3518 -0.9350
vn -0.3779 -0.3152 -0.8706
vn -0.2675 -0.0428 -0.9626
vn 0.1056 -0.0658 -0.9922
vn 0.4363 0.8764 0.2037
vn 0.3844 0.4431 0.8099
vn -0.2042 0.4498 0.8695
vn -0.4809 -0.6889 -0.5424
vn -0.5478 -0.7505 -0.3698
vn 0.7525 0.6357 0.1724
vn 0.3790 -0.5275 -0.7603
vn -0.0399 0.2592 0.9650
vn -0.2572 -0.0075 0.9663
vn 0.0515 0.0785 -0.9956
vn -0.5801 0.7340 0.3531
vn 0.7790 -0.4732 -0.4114
vn -0.6040 0.2589 0.7538
vn -0.4024 0.5354 0.7425
vn 0.5726 -0.7275 -0.3781
vn -0.7276 0.6337 0.2629
vn -0.2370 0.1740 -0.9558
vn -0.2537 -0.0087 0.9672
vn 0.2773 -0.6065 -0.7451
vn -0.3846 0.1952 0.9022
vn 0.0087 -0.2537 0.9672
vn -0.6788 0.1799 0.7119
vn 0.7198 -0.1574 -0.6762
vn -0.2058 0.0170 0.9785
vn 0.1422 -0.3979 -0.9064
vn 0.5425 -0.3405 0.7679
vn -0.4309 0.2769 -0.8589
vn -0.5866 -0.3388 -0.7357
vn -0.1500 -0.7016 -0.6966
vn -0.4350 -0.4393 0.7860
vn -0.4103 -0.1639 0.8971
vn -0.3778 -0.3152 -0.8706
vn 0.4364 0.8764 0.2037
vn 0.3843 0.4431 0.8099
vn -0.4809 -0.6888 -0.5424
vn -0.5479 -0.7504 -0.3697
vn 0.7524 0.6357 0.1725
vn 0.3790 -0.5274 -0.7604
vn -0.5800 0.7341 0.3531
vn 0.7790 -0.4732 -0.4115
vn -0.6040 0.2589 0.7537
vn -0.4024 0.5354 0.7426
vn 0.5722 -0.7278 -0.3779
vn -0.7276 0.6336 0.2629
vn -0.2368 0.1740 -0.9559
vn -0.6474 -0.1601 -0.7451
vn 0.1510 -0.2041 0.9672
vn 0.2258 0.1161 0.9672
vn -0.5096 0.4302 -0.7451
vn 0.4311 -0.0125 0.9022
vn -0.0927 0.2773 -0.9563
vn 0.4303 0.5096 -0.7451
vn -0.1161 0.2258 0.9672
vn -0.2041 -0.1510 0.9672
vn 0.1601 -0.6474 -0.7451
vn -0.1295 -0.0132 0.9915
vn -0.0782 -0.6673 0.7406
vn 0.2274 -0.2126 0.9503
vn 0.6907 0.1269 0.7119
vn -0.5014 0.2182 -0.8373
vn -0.7181 -0.1647 -0.6762
vn 0.3383 -0.3668 -0.8666
vn 0.3501 0.1909 -0.9170
vn 0.1933 0.0725 0.9785
vn -0.2983 0.2992 -0.9063
vn -0.2202 -0.1792 -0.9589
vn -0.6360 0.0767 0.7679
vn -0.3220 -0.1551 0.9339
vn -0.3404 0.2421 0.9086
vn 0.5078 -0.0668 -0.8589
vn 0.3758 -0.3269 -0.8671
vn 0.2911 -0.0617 0.9547
vn 0.3860 0.5566 -0.7357
vn -0.1636 0.6985 -0.6966
vn 0.0020 -0.5056 0.8628
vn -0.0206 0.2871 0.9577
vn -0.2831 -0.3082 -0.9082
vn 0.3367 0.0303 -0.9411
vn -0.2075 0.0484 -0.9770
vn -0.1315 -0.0940 0.9868
vn 0.2060 0.5829 0.7860
vn 0.3012 0.3232 0.8971
vn 0.1008 -0.3851 -0.9174
vn 0.0437 -0.4307 -0.9015
vn -0.0911 0.6100 0.7872
vn 0.1169 -0.1162 0.9863
vn -0.1306 -0.1687 0.9770
vn -0.2055 -0.1532 -0.9666
vn 0.0883 -0.0234 -0.9958
vn 0.0964 -0.0794 0.9922
vn -0.1098 0.3372 -0.9350
vn 0.2073 0.4462 -0.8706
vn 0.2237 0.1528 -0.9626
vn -0.1236 0.0145 -0.9922
vn -0.0207 -0.9788 0.2037
vn -0.1586 -0.5647 0.8099
vn 0.3766 -0.3197 0.8695
vn 0.1412 0.8282 -0.5424
vn -0.1754 -0.9124 0.3698
vn -0.4093 -0.8959 0.1724
vn -0.5678 0.3153 -0.7604
vn 0.1467 -0.2174 0.9650
vn 0.2294 0.1165 0.9663
vn -0.0131 -0.0930 -0.9956
vn 0.8378 -0.4164 0.3531
vn -0.9064 0.0956 -0.4115
vn 0.6567 0.0235 0.7538
vn -0.6474 -0.0275 -0.7616
vn 0.5924 -0.3126 0.7426
vn -0.8281 0.4140 -0.3780
vn 0.9284 -0.2627 0.2629
vn -0.2526 -0.6172 -0.7451
vn 0.2539 0.0016 0.9672
vn 0.0394 0.2508 0.9672
vn -0.6480 -0.1577 -0.7451
vn 0.2643 0.3407 0.9022
vn -0.2786 0.0887 -0.9563
vn -0.1578 0.6480 -0.7451
vn -0.2508 0.0394 0.9672
vn 0.0016 -0.2539 0.9672
vn 0.6173 -0.2526 -0.7451
vn -0.0657 -0.1124 0.9915
vn 0.4928 -0.4568 0.7406
vn 0.3058 0.0582 0.9503
vn 0.3049 0.6326 0.7119
vn -0.4719 -0.2762 -0.8373
vn -0.2904 -0.6771 -0.6762
vn 0.4957 0.0568 -0.8666
vn 0.0523 0.3954 -0.9170
vn 0.0555 0.1989 0.9785
vn -0.4176 -0.0645 -0.9064
vn 0.0148 -0.2835 -0.9589
vn -0.4369 -0.4683 0.7680
vn -0.0646 -0.3515 0.9339
vn -0.3963 -0.1321 0.9086
vn 0.3535 0.3706 -0.8589
vn 0.4856 0.1107 -0.8671
vn 0.2215 0.1987 0.9547
vn -0.2219 0.6400 -0.7357
vn -0.6606 0.2799 -0.6967
vn 0.4095 -0.2966 0.8628
vn -0.2440 0.1526 0.9577
vn 0.0819 -0.4104 -0.9082
vn 0.1741 0.2897 -0.9411
vn -0.1615 -0.1390 -0.9770
vn -0.0017 -0.1617 0.9868
vn -0.0834 0.4339 0.8971
vn 0.3704 -0.1457 -0.9174
vn 0.3735 -0.2187 -0.9015
vn -0.5463 0.2862 0.7872
vn 0.1628 0.0259 0.9863
vn 0.0592 -0.2050 0.9770
vn 0.0025 -0.2563 -0.9666
vn 0.0710 0.0575 -0.9958
vn 0.1210 0.0310 0.9922
vn -0.3371 0.1103 -0.9350
vn -0.2381 0.4306 -0.8706
vn 0.0085 0.2708 -0.9626
vn -0.0846 -0.0913 -0.9922
vn 0.7782 -0.5940 0.2037
vn 0.3625 -0.4611 0.8099
vn 0.4803 0.1155 0.8695
vn -0.5855 0.6025 -0.5424
vn 0.6335 -0.6797 0.3697
vn 0.4821 -0.8590 0.1724
vn -0.5895 -0.2726 -0.7604
vn 0.2621 -0.0097 0.9650
vn 0.0412 0.2540 0.9663
vn 0.0673 -0.0654 -0.9956
vn 0.8304 0.4309 0.3531
vn -0.6118 -0.6756 -0.4114
vn 0.3684 0.5442 0.7538
vn 0.6018 0.2940 0.7426
vn -0.8228 -0.4245 -0.3779
vn 0.7597 0.5948 0.2629
vn 0.1614 0.5424 0.8244
vn 0.1929 0.6825 -0.7049
vn 0.0244 -0.3293 0.9439
vn -0.0798 0.6426 -0.7621
vn -0.1286 0.9748 0.1821
vn 0.7685 -0.0885 0.6337
vn 0.1446 -0.4256 0.8933
vn 0.0002 -0.9877 -0.1564
vn -0.0733 0.4128 -0.9078
vn -0.3746 -0.8401 -0.3924
vn -0.1626 0.4353 -0.8855
vn -0.4331 -0.6712 -0.6015
vn 0.0843 0.9885 0.1259
vn 0.0454 -0.9873 -0.1525
vn 0.0971 0.9879 0.1209
vn 0.4588 0.6626 0.5921
vn 0.4524 -0.2444 -0.8576
vn 0.3818 0.5004 0.7771
vn 0.0499 -0.8430 -0.5356
vn 0.0975 0.9132 0.3957
vn -0.5735 0.7985 0.1830
vn -0.9840 -0.1547 -0.0879
vn 0.5598 -0.8075 -0.1860
vn 0.9989 -0.0186 0.0430
vn -0.4685 0.6185 -0.6308
vn 0.0351 -0.0142 0.9993
vn 0.1799 -0.3628 0.9143
vn -0.0240 -0.4520 -0.8917
vn 0.5584 0.0922 0.8245
vn 0.1057 0.1719 -0.9794
vn 0.6981 0.1252 -0.7050
vn -0.1625 -0.4623 0.8717
vn -0.2854 -0.1661 0.9439
vn 0.4713 0.6715 -0.5719
vn -0.1690 -0.2433 0.9551
vn -0.3529 0.2070 0.9125
vn 0.0827 0.0486 0.9954
vn 0.2254 -0.1039 0.9687
vn -0.1276 0.9606 0.2470
vn -0.4505 -0.3415 -0.8249
vn -0.6670 0.2088 -0.7152
vn 0.2681 0.4386 -0.8578
vn 0.4495 0.0576 -0.8914
vn 0.4007 -0.4216 0.8134
vn -0.1306 0.0584 -0.9897
vn -0.1780 0.3679 -0.9127
vn -0.4980 -0.6573 0.5656
vn -0.4365 -0.0728 0.8968
vn -0.3724 -0.4790 0.7949
vn 0.4893 0.1158 -0.8644
vn 0.5429 0.3529 -0.7620
vn -0.6972 -0.0342 0.7161
vn -0.0411 -0.0902 0.9951
vn 0.5675 -0.2903 -0.7705
vn 0.0796 -0.4350 -0.8969
vn -0.4028 0.3650 0.8394
vn 0.8203 0.5422 0.1821
vn -0.1000 -0.6538 0.7500
vn -0.3334 0.3690 -0.8676
vn 0.2011 0.3099 -0.9293
vn -0.1810 0.1328 -0.9745
vn -0.3245 -0.3549 0.8768
vn 0.4698 -0.5540 0.6873
vn 0.4796 -0.5912 -0.6484
vn 0.3201 -0.4658 0.8250
vn 0.0879 0.6261 -0.7748
vn -0.1361 0.5501 -0.8239
vn -0.2418 0.5127 -0.8238
vn 0.2568 -0.7298 0.6336
vn -0.3313 0.6629 0.6714
vn 0.1047 -0.0229 0.9942
vn -0.3195 -0.3163 0.8933
vn -0.2527 0.2061 -0.9453
vn 0.2834 0.4300 -0.8572
vn 0.0982 -0.2061 0.9736
vn -0.8880 -0.4323 -0.1564
vn -0.1336 -0.2909 -0.9474
vn 0.4293 0.1154 -0.8958
vn 0.3391 0.2466 -0.9078
vn -0.1975 -0.0122 -0.9802
vn -0.3591 0.8560 0.3719
vn -0.4406 0.0423 0.8967
vn -0.1569 0.3521 0.9227
vn 0.5696 -0.5700 -0.5921
vn 0.1093 -0.6936 -0.7120
vn -0.4696 -0.1288 -0.8734
vn 0.0810 -0.0226 0.9965
vn 0.1971 -0.3311 0.9228
vn -0.1859 0.4016 -0.8967
vn 0.1586 -0.9566 -0.2445
vn 0.8461 0.3096 0.4338
vn -0.9193 -0.0308 -0.3924
vn 0.6344 -0.1318 0.7617
vn -0.6080 0.1315 -0.7829
vn 0.5030 0.1962 0.8417
vn -0.7450 -0.3882 -0.5425
vn 0.9202 0.0317 0.3902
vn 0.3203 0.3367 -0.8854
vn -0.1294 0.9604 0.2469
vn -0.4507 0.8683 0.2072
vn -0.9777 -0.1873 -0.0945
vn -0.9869 -0.1424 -0.0758
vn -0.7931 0.0958 -0.6015
vn -0.4008 0.9116 -0.0918
vn -0.3644 0.4393 -0.8211
vn -0.1579 0.9845 -0.0765
vn 0.2039 0.6331 -0.7467
vn 0.8886 0.4313 0.1562
vn 0.9257 0.3567 0.1259
vn 0.9660 0.2347 0.1081
vn 0.4703 -0.8627 -0.1857
vn 0.3190 -0.9244 -0.2089
vn 0.5403 -0.8197 -0.1901
vn 0.1740 -0.9543 -0.2431
vn -0.9144 -0.3784 -0.1435
vn -0.8679 -0.4728 -0.1525
vn -0.9262 -0.3513 -0.1369
vn -0.9397 -0.3212 -0.1177
vn 0.4869 -0.8501 -0.2007
vn 0.5182 -0.8497 0.0974
vn 0.2721 -0.4863 0.8303
vn 0.2265 -0.9445 -0.2381
vn 0.1491 -0.9859 0.0758
vn -0.1705 -0.6278 0.7594
vn 0.6832 0.2693 0.6788
vn 0.9308 0.3450 0.1210
vn 0.9429 0.3088 0.1248
vn -0.7249 -0.1704 -0.6675
vn -0.9112 -0.3907 -0.1308
vn 0.7965 -0.1226 0.5921
vn 0.9971 0.0521 0.0550
vn 0.9980 0.0321 0.0546
vn -0.5602 0.8111 0.1683
vn -0.4466 0.8702 0.2079
vn -0.4879 0.5865 0.6465
vn -0.3399 0.9133 0.2244
vn -0.2364 0.9467 0.2187
vn 0.3100 -0.6714 -0.6731
vn -0.6292 0.2541 -0.7346
vn 0.0729 -0.0302 0.9969
vn 0.1960 -0.3264 0.9247
vn -0.4023 -0.2921 -0.8676
vn 0.3818 -0.1586 0.9105
vn -0.0046 -0.0347 -0.9994
vn 0.5375 -0.2391 -0.8087
vn -0.1246 -0.4783 0.8693
vn -0.2694 -0.1297 0.9543
vn 0.0930 0.8314 -0.5478
vn -0.1758 -0.2575 0.9502
vn -0.2141 0.4396 0.8723
vn 0.1478 -0.0072 0.9890
vn 0.6683 -0.2080 0.7142
vn -0.4226 -0.0644 -0.9040
vn -0.7028 0.2313 -0.6727
vn 0.3176 0.6182 -0.7190
vn 0.4174 0.0987 -0.9034
vn 0.1567 -0.2919 0.9435
vn -0.2066 -0.0966 -0.9737
vn -0.2005 0.3854 -0.9007
vn -0.6514 -0.3562 0.6700
vn -0.3849 -0.1334 0.9133
vn -0.3408 -0.5098 0.7899
vn 0.5306 0.3523 -0.7709
vn 0.3608 0.5852 -0.7262
vn 0.2337 -0.1441 0.9616
vn 0.5005 -0.2926 -0.8148
vn -0.0218 -0.5138 -0.8577
vn -0.1157 0.2646 0.9574
vn -0.0206 -0.5214 0.8530
vn -0.2848 0.4874 -0.8254
vn 0.3805 0.2568 -0.8884
vn -0.1521 0.1739 -0.9729
vn -0.1899 -0.1793 0.9653
vn 0.2567 -0.7298 0.6337
vn 0.3055 -0.4965 0.8125
vn 0.0828 0.6160 -0.7834
vn 0.0187 0.6477 -0.7616
vn -0.1360 0.5502 -0.8239
vn -0.0326 -0.7968 0.6034
vn 0.0519 -0.1238 0.9909
vn -0.2001 -0.1051 0.9741
vn -0.1817 0.3645 -0.9133
vn 0.1296 0.2880 -0.9488
vn 0.0370 -0.1633 0.9859
vn -0.0132 -0.0999 -0.9949
vn 0.3135 -0.1771 -0.9329
vn 0.2888 0.1295 -0.9486
vn -0.0739 0.2218 -0.9723
vn -0.1803 0.8823 0.4348
vn -0.2808 0.3126 0.9074
vn 0.2823 0.1364 0.9496
vn 0.2918 -0.6354 -0.7149
vn 0.3304 -0.7552 -0.5661
vn -0.5498 0.7576 0.3518
vn -0.4768 -0.1862 -0.8591
vn 0.0667 -0.0175 0.9976
vn 0.1996 -0.3261 0.9240
vn 0.0188 0.3406 -0.9400
vn 0.7466 0.4237 0.5129
vn -0.8609 -0.1111 -0.4965
vn 0.6170 -0.1243 0.7771
vn -0.6080 0.1314 -0.7829
vn 0.5023 0.1914 0.8433
vn -0.7362 -0.4137 -0.5356
vn 0.8638 0.3119 0.3957
vn 0.3202 0.3367 -0.8855
vn 0.4487 -0.8747 0.1830
vn 0.9961 0.0071 -0.0879
vn -0.4339 0.8816 -0.1860
vn -0.9851 0.1665 0.0430
vn 0.3717 -0.6811 -0.6308
vn -0.0326 0.0192 0.9993
vn -0.1241 0.3855 0.9143
vn 0.0907 0.4435 -0.8917
vn -0.5659 -0.0084 0.8245
vn -0.1301 -0.1543 -0.9794
vn -0.7090 -0.0204 -0.7049
vn 0.2292 0.4331 0.8717
vn 0.3069 0.1219 0.9439
vn -0.5657 -0.5942 -0.5719
vn 0.2032 0.2156 0.9551
vn 0.3183 -0.2571 0.9125
vn -0.0890 -0.0358 0.9954
vn -0.2075 0.1362 0.9687
vn -0.0162 -0.9689 0.2470
vn 0.4961 0.2710 -0.8249
vn 0.6287 -0.3054 -0.7152
vn -0.3302 -0.3940 -0.8578
vn -0.4531 0.0097 -0.8914
vn -0.3338 0.4764 0.8134
vn 0.1205 -0.0771 -0.9897
vn 0.1215 -0.3902 -0.9127
vn 0.5900 0.5762 0.5655
vn 0.4424 0.0072 0.8968
vn 0.4393 0.4184 0.7949
vn -0.5010 -0.0419 -0.8644
vn -0.5892 -0.2685 -0.7620
vn 0.6946 -0.0695 0.7161
vn 0.0540 0.0831 0.9951
vn -0.5182 0.3712 -0.7705
vn -0.0142 0.4420 -0.8969
vn 0.3442 -0.4206 0.8394
vn -0.8916 -0.4146 0.1821
vn 0.1958 0.6318 0.7500
vn 0.2750 -0.4144 -0.8676
vn -0.2448 -0.2767 -0.9293
vn 0.1593 -0.1582 -0.9745
vn 0.3735 0.3028 0.8768
vn -0.3825 0.6176 0.6873
vn -0.3866 0.6558 -0.6484
vn -0.2476 0.5081 0.8250
vn -0.1798 -0.6061 -0.7748
vn 0.0530 -0.5642 -0.8239
vn 0.1632 -0.5429 -0.8238
vn -0.1455 0.7598 0.6336
vn 0.2293 -0.7047 0.6714
vn -0.1001 0.0382 0.9942
vn 0.3628 0.2654 0.8933
vn 0.2194 -0.2413 -0.9453
vn -0.3440 -0.3832 -0.8572
vn -0.0665 0.2184 0.9736
vn 0.9423 0.2959 -0.1564
vn 0.1752 0.2678 -0.9474
vn -0.4417 -0.0505 -0.8958
vn -0.3719 -0.1936 -0.9079
vn 0.1971 -0.0172 -0.9802
vn 0.2281 -0.8998 0.3719
vn 0.4294 -0.1072 0.8967
vn 0.1030 -0.3715 0.9227
vn -0.4789 0.6482 -0.5921
vn -0.0053 0.7021 -0.7120
vn 0.4835 0.0577 -0.8734
vn -0.0768 0.0343 0.9965
vn -0.1458 0.3566 0.9228
vn 0.1243 -0.4248 -0.8967
vn -0.0150 0.9695 -0.2445
vn -0.8827 -0.1807 0.4338
vn 0.9137 -0.1058 -0.3925
vn -0.6079 0.2244 0.7617
vn 0.5818 -0.2201 -0.7830
vn -0.5265 -0.1195 0.8417
vn 0.7943 0.2735 -0.5425
vn -0.9147 0.1051 0.3901
vn -0.3667 -0.2855 -0.8854
vn -0.0143 -0.9689 0.2469
vn 0.3171 -0.9255 0.2072
vn 0.9947 0.0403 -0.0945
vn 0.9971 -0.0055 -0.0758
vn 0.7701 -0.2123 -0.6015
vn 0.2613 -0.9609 -0.0917
vn 0.2952 -0.4885 -0.8211
vn 0.0102 -0.9970 -0.0764
vn -0.2955 -0.5959 -0.7467
vn -0.9427 -0.2948 0.1562
vn -0.9683 -0.2156 0.1260
vn -0.9683 -0.2156 0.1259
vn -0.9902 -0.0889 0.1081
vn -0.3373 0.9229 -0.1857
vn -0.1784 0.9615 -0.2089
vn -0.4127 0.8908 -0.1901
vn -0.0306 0.9695 -0.2431
vn 0.9604 0.2387 -0.1435
vn 0.9284 0.3389 -0.1525
vn 0.9681 0.2100 -0.1369
vn 0.9769 0.1784 -0.1177
vn -0.3556 0.9129 -0.2007
vn -0.3865 0.9171 0.0974
vn -0.1970 0.5213 0.8303
vn -0.0839 0.9676 -0.2381
vn -0.0013 0.9971 0.0758
vn 0.2617 0.5956 0.7594
vn -0.7156 -0.1651 0.6787
vn -0.9716 -0.2032 0.1209
vn -0.9783 -0.1656 0.1248
vn 0.7421 0.0611 -0.6675
vn 0.9590 0.2513 -0.1308
vn -0.7695 0.2393 0.5921
vn -0.9938 0.0963 0.0550
vn -0.9917 0.1162 0.0546
vn 0.4337 -0.8852 0.1683
vn 0.3126 -0.9268 0.2079
vn 0.3957 -0.6523 0.6465
vn 0.2008 -0.9536 0.2244
vn 0.0934 -0.9713 0.2187
vn -0.2070 0.7100 -0.6731
vn 0.5845 -0.3446 -0.7346
vn -0.0677 0.0407 0.9969
vn -0.1454 0.3518 0.9247
vn 0.4412 0.2292 -0.8677
vn -0.3541 0.2134 0.9105
vn 0.0097 0.0337 -0.9994
vn -0.4961 0.3161 -0.8087
vn 0.1941 0.4545 0.8693
vn 0.2856 0.0883 0.9543
vn -0.2152 -0.8084 -0.5478
vn 0.2120 0.2286 0.9502
vn 0.1466 -0.4664 0.8723
vn -0.1451 0.0290 0.9890
vn -0.6301 0.3048 0.7142
vn 0.4275 0.0011 -0.9040
vn 0.6608 -0.3330 -0.6727
vn -0.4057 -0.5643 -0.7190
vn -0.4274 -0.0357 -0.9034
vn -0.1117 0.3119 0.9435
vn 0.2186 0.0649 -0.9737
vn 0.1412 -0.4109 -0.9007
vn 0.6969 0.2557 0.6700
vn 0.4004 0.0749 0.9133
vn 0.4126 0.4536 0.7899
vn -0.5770 -0.2697 -0.7709
vn -0.4436 -0.5253 -0.7262
vn -0.2097 0.1771 0.9616
vn -0.4516 0.3636 -0.8148
vn 0.0978 0.5048 -0.8577
vn 0.0752 -0.2788 0.9574
vn 0.0976 0.5126 0.8530
vn 0.2094 -0.5243 -0.8254
vn -0.4143 -0.1975 -0.8884
vn 0.1247 -0.1945 -0.9729
vn 0.2144 0.1491 0.9653
vn -0.1458 0.7597 0.6337
vn -0.2285 0.5363 0.8125
vn -0.1731 -0.5969 -0.7834
vn -0.1144 -0.6378 -0.7616
vn 0.0529 -0.5643 -0.8239
vn 0.1503 0.7832 0.6034
vn -0.0330 0.1301 0.9909
vn 0.2134 0.0743 0.9741
vn 0.1256 -0.3874 -0.9133
vn -0.1709 -0.2656 -0.9488
vn -0.0124 0.1670 0.9859
vn 0.0279 0.0968 -0.9949
vn -0.2838 0.2216 -0.9329
vn -0.3048 -0.0852 -0.9486
vn 0.0402 -0.2303 -0.9723
vn 0.0476 -0.8993 0.4348
vn 0.2314 -0.3508 0.9074
vn -0.2994 -0.0930 0.9496
vn -0.1943 0.6716 -0.7150
vn -0.2148 0.7959 -0.5661
vn 0.4314 -0.8307 0.3518
vn 0.4991 0.1134 -0.8591
vn -0.0634 0.0272 0.9976
vn -0.1491 0.3521 0.9240
vn -0.0691 -0.3341 -0.9400
vn -0.8011 -0.3084 0.5130
vn 0.8679 -0.0178 -0.4965
vn -0.5917 0.2144 0.7771
vn -0.5251 -0.1149 0.8433
vn 0.7894 0.3000 -0.5356
vn -0.9005 -0.1803 0.3957
vn -0.3666 -0.2855 -0.8855
vn 0.9017 0.3916 0.1829
vn 0.0568 0.9945 -0.0879
vn -0.9076 -0.3764 -0.1860
vn -0.2294 -0.9724 0.0430
vn 0.7036 0.3272 -0.6309
vn -0.0213 -0.0313 0.9993
vn -0.3926 -0.0991 0.9143
vn -0.4367 0.1190 -0.8917
vn -0.0279 -0.5652 0.8245
vn 0.1456 -0.1397 -0.9794
vn -0.0252 -0.7088 -0.7049
vn -0.4175 0.2565 0.8717
vn -0.1020 0.3141 0.9439
vn 0.5566 -0.6026 -0.5719
vn -0.2021 0.2166 0.9551
vn 0.2770 0.3012 0.9125
vn 0.0300 -0.0911 0.9954
vn -0.1492 -0.1984 0.9687
vn 0.9658 -0.0785 0.2470
vn -0.2386 0.5125 -0.8249
vn 0.3452 0.6078 -0.7152
vn 0.3720 -0.3548 -0.8578
vn -0.0388 -0.4515 -0.8914
vn -0.4968 -0.3025 0.8134
vn 0.0847 0.1153 -0.9897
vn 0.3972 0.0962 -0.9127
vn -0.5372 0.6258 0.5656
vn 0.0212 0.4420 0.8968
vn -0.3894 0.4653 0.7949
vn 0.0097 -0.5027 -0.8644
vn 0.2301 -0.6052 -0.7621
vn 0.1140 0.6887 0.7161
vn -0.0795 0.0593 0.9951
vn -0.4037 -0.4933 -0.7705
vn -0.4420 0.0142 -0.8969
vn 0.4419 0.3165 0.8394
vn 0.3564 -0.9164 0.1821
vn -0.6179 0.2360 0.7500
vn 0.4312 0.2478 -0.8676
vn 0.2604 -0.2620 -0.9293
vn 0.1681 0.1488 -0.9745
vn -0.2783 0.3922 0.8768
vn -0.6409 -0.3420 0.6873
vn -0.6793 -0.3437 -0.6484
vn -0.5229 -0.2144 0.8250
vn 0.5933 -0.2183 -0.7748
vn 0.5664 0.0167 -0.8239
vn 0.5522 0.1280 -0.8238
vn -0.7676 -0.0965 0.6336
vn 0.7180 0.1835 0.6714
vn -0.0445 -0.0974 0.9942
vn -0.2416 0.3791 0.8933
vn 0.2549 0.2034 -0.9453
vn 0.3604 -0.3679 -0.8572
vn -0.2222 -0.0524 0.9736
vn -0.2348 0.9594 -0.1564
vn -0.2560 0.1921 -0.9474
vn 0.0221 -0.4440 -0.8958
vn 0.1693 -0.3836 -0.9078
vn 0.0298 0.1956 -0.9802
vn 0.9126 0.1700 0.3719
vn 0.1345 0.4217 0.8967
vn 0.3773 0.0790 0.9227
vn -0.6776 -0.4362 -0.5921
vn -0.7010 0.0398 -0.7120
vn -0.0266 0.4862 -0.8734
vn -0.0392 -0.0744 0.9965
vn -0.3652 -0.1226 0.9228
vn 0.4319 0.0968 -0.8967
vn -0.9685 0.0473 -0.2445
vn 0.1237 -0.8925 0.4338
vn 0.1643 0.9050 -0.3924
vn -0.2630 -0.5922 0.7617
vn 0.2570 0.5665 -0.7830
vn 0.0854 -0.5331 0.8417
vn -0.2220 0.8102 -0.5425
vn -0.1636 -0.9061 0.3902
vn 0.2614 -0.3842 -0.8855
vn 0.9660 -0.0765 0.2469
vn 0.9439 0.2570 0.2072
vn 0.0236 0.9952 -0.0945
vn 0.0695 0.9947 -0.0758
vn 0.2613 0.7549 -0.6015
vn 0.9757 0.1990 -0.0917
vn 0.5065 0.2632 -0.8211
vn 0.9956 -0.0539 -0.0764
vn 0.5757 -0.3332 -0.7467
vn 0.2336 -0.9597 0.1562
vn 0.1529 -0.9802 0.1259
vn 0.0252 -0.9938 0.1081
vn -0.9427 -0.2773 -0.1857
vn -0.9710 -0.1163 -0.2089
vn -0.9154 -0.3547 -0.1901
vn -0.9695 0.0317 -0.2431
vn -0.1765 0.9738 -0.1435
vn -0.2786 0.9482 -0.1525
vn -0.1474 0.9795 -0.1369
vn -0.1153 0.9863 -0.1177
vn -0.9338 -0.2962 -0.2007
vn -0.9401 -0.3268 0.0974
vn -0.5329 -0.1632 0.8303
vn -0.9710 -0.0217 -0.2381
vn -0.9951 0.0627 0.0758
vn -0.5776 0.2994 0.7594
vn 0.1187 -0.7247 0.6787
vn 0.1404 -0.9827 0.1210
vn 0.1024 -0.9869 0.1248
vn -0.0133 0.7445 -0.6675
vn -0.1892 0.9732 -0.1309
vn -0.2882 -0.7526 0.5921
vn -0.1600 -0.9856 0.0550
vn -0.1797 -0.9822 0.0546
vn 0.9112 0.3760 0.1683
vn 0.9450 0.2525 0.2079
vn 0.6764 0.3529 0.6465
vn 0.9645 0.1391 0.2244
vn 0.9753 0.0308 0.2188
vn -0.7218 -0.1610 -0.6731
vn 0.3814 0.5612 -0.7346
vn -0.0449 -0.0649 0.9969
vn -0.3604 -0.1225 0.9247
vn -0.2004 0.4550 -0.8677
vn -0.2357 -0.3396 0.9105
vn -0.0330 0.0118 -0.9994
vn -0.3474 -0.4748 -0.8087
vn -0.4411 0.2229 0.8693
vn -0.0698 0.2907 0.9543
vn 0.7930 -0.2666 -0.5478
vn -0.2145 0.2262 0.9502
vn 0.4749 0.1163 0.8723
vn -0.0383 -0.1430 0.9890
vn -0.3446 -0.6092 0.7142
vn 0.0264 0.4267 -0.9040
vn 0.3747 0.6380 -0.6727
vn 0.5370 -0.4411 -0.7190
vn 0.0082 -0.4288 -0.9034
vn -0.3185 -0.0914 0.9435
vn -0.0508 0.2223 -0.9737
vn 0.4191 0.1145 -0.9007
vn -0.2104 0.7119 0.6700
vn -0.0490 0.4044 0.9133
vn -0.4262 0.4409 0.7899
vn 0.2321 -0.5931 -0.7709
vn 0.4957 -0.4764 -0.7262
vn -0.1902 -0.1979 0.9616
vn -0.3918 -0.4273 -0.8148
vn -0.4975 0.1300 -0.8576
vn 0.2831 0.0571 0.9574
vn -0.5053 0.1303 0.8530
vn 0.5366 0.1753 -0.8254
vn 0.1705 -0.4262 -0.8884
vn 0.2021 0.1119 -0.9729
vn -0.1351 0.2235 0.9653
vn -0.7675 -0.0967 0.6337
vn -0.5499 -0.1936 0.8125
vn 0.5846 -0.2111 -0.7834
vn 0.6292 -0.1552 -0.7616
vn 0.5665 0.0165 -0.8239
vn -0.7719 0.2003 0.6034
vn -0.1320 -0.0246 0.9909
vn -0.0605 0.2178 0.9741
vn 0.3947 0.1005 -0.9133
vn 0.2541 -0.1876 -0.9488
vn -0.1674 -0.0016 0.9859
vn -0.0948 0.0340 -0.9949
vn -0.2394 -0.2689 -0.9329
vn 0.0655 -0.3096 -0.9486
vn 0.2324 0.0253 -0.9723
vn 0.9005 -0.0103 0.4348
vn 0.3649 0.2084 0.9074
vn 0.0736 -0.3047 0.9496
vn -0.6827 -0.1509 -0.7149
vn -0.8080 -0.1633 -0.5661
vn 0.8567 0.3771 0.3518
vn -0.0812 0.5054 -0.8591
vn -0.0312 -0.0615 0.9976
vn -0.3609 -0.1261 0.9240
vn 0.3290 -0.0904 -0.9400
vn 0.2563 -0.8193 0.5130
vn 0.0735 0.8649 -0.4965
vn -0.2520 -0.5767 0.7771
vn 0.2571 0.5665 -0.7829
vn 0.0809 -0.5314 0.8433
vn -0.2487 0.8070 -0.5356
vn 0.1222 -0.9102 0.3957
vt 0.364596 0.452060
vt 0.243587 0.511496
vt 0.592251 0.475196
vt 0.700507 0.561962
vt 0.691445 0.424407
vt 0.257610 0.394200
vt 0.478421 0.463630
vt 0.489991 0.349801
vt 0.407017 0.376067
vt 0.466855 0.577455
vt 0.549828 0.551189
vt 0.565984 0.392223
vt 0.534140 0.289344
vt 0.612764 0.356902
vt 0.390863 0.535033
vt 0.386475 0.680561
vt 0.416687 0.240883
vt 0.526152 0.696938
vt 0.547034 0.283583
vt 0.704574 0.248264
vt 0.612821 0.356849
vt 0.565984 0.392223
vt 0.705705 0.248660
vt 0.735242 0.094685
vt 0.641376 0.171753
vt 0.853424 0.209302
vt 0.787885 0.151464
vt 0.779499 0.347608
vt 0.703505 0.412201
vt 0.615315 0.178647
vt 0.804993 0.132824
vt 0.904835 0.049446
vt 0.850400 0.183189
vt 0.789298 0.302040
vt 0.891949 0.037436
vt 0.759326 0.089351
vt 0.879063 0.025427
vt 0.550826 0.711190
vt 0.724697 0.765622
vt 0.622879 0.820797
vt 0.619596 0.636742
vt 0.618963 0.636084
vt 0.807188 0.708636
vt 0.797492 0.856757
vt 0.786456 0.839485
vt 0.871200 0.785584
vt 0.701082 0.594790
vt 0.802252 0.669288
vt 0.838488 0.964156
vt 0.726317 0.897908
vt 0.708018 0.898501
vt 0.649868 0.831355
vt 0.860399 0.949573
vt 0.882309 0.934991
vt 0.872211 0.797211
vt 0.226456 0.365328
vt 0.228608 0.210774
vt 0.323104 0.304888
vt 0.322364 0.147422
vt 0.397776 0.221698
vt 0.240836 0.219555
vt 0.238040 0.098070
vt 0.179353 0.156973
vt 0.158764 0.262205
vt 0.114488 0.210113
vt 0.164160 0.296133
vt 0.155555 0.129970
vt 0.126191 0.135031
vt 0.152149 0.113613
vt 0.298381 0.142170
vt 0.105885 0.184949
vt 0.214968 0.093812
vt 0.306106 0.604151
vt 0.287057 0.737742
vt 0.373763 0.692452
vt 0.229236 0.666838
vt 0.185300 0.654928
vt 0.172697 0.601987
vt 0.229884 0.666846
vt 0.210476 0.674498
vt 0.172062 0.595943
vt 0.240590 0.523812
vt 0.225183 0.702754
vt 0.275327 0.741504
vt 0.200008 0.683185
vt 0.178108 0.092194
s 0
g leavesMesh_leavesMat
usemtl leavesMat
f 1/1/1 2/1/1 93/2/1
f 8/3/2 7/3/2 87/4/2
f 7/3/3 8/3/3 69/5/3
f 2/1/4 1/1/4 97/6/4
f 18/7/5 5/8/5 15/9/5
f 17/7/6 2/1/6 16/9/6
f 4/10/7 17/7/7 14/11/7
f 7/3/8 18/7/8 13/11/8
f 12/12/9 83/13/9 21/14/9
f 9/15/10 91/16/10 3/10/10
f 3/10/11 18/7/11 9/15/11
f 8/3/12 17/7/12 12/12/12
f 17/7/13 6/8/13 12/12/13
f 18/7/14 1/1/14 9/15/14
f 16/9/15 82/17/15 6/8/15
f 14/11/16 90/18/16 4/10/16
f 22/19/17 25/20/17 21/14/17
f 12/12/18 69/5/18 8/3/18
f 6/8/19 5/8/19 83/13/19
f 7/3/20 20/21/20 11/22/20
f 5/8/21 20/21/21 83/13/21
f 24/23/22 85/24/22 26/25/22
f 24/23/23 27/26/23 29/27/23
f 21/14/24 86/28/24 19/29/24
f 19/29/25 24/23/25 20/21/25
f 22/19/26 24/23/26 84/30/26
f 30/31/27 32/32/27 28/33/27
f 26/25/28 30/31/28 25/20/28
f 25/20/29 27/26/29 23/34/29
f 28/33/30 33/35/30 29/27/30
f 31/36/31 33/35/31 34/37/31
f 31/36/32 33/35/32 30/31/32
f 35/38/33 41/39/33 89/40/33
f 3/10/34 36/41/34 13/11/34
f 7/3/35 36/41/35 87/4/35
f 14/11/36 87/4/36 37/42/36
f 3/10/37 4/10/37 90/18/37
f 43/43/38 46/44/38 41/39/38
f 43/43/39 45/45/39 48/46/39
f 35/38/40 40/39/40 36/41/40
f 38/47/41 40/39/41 42/48/41
f 38/47/42 41/39/42 37/42/42
f 46/44/43 49/49/43 44/50/43
f 45/45/44 88/51/44 46/44/44
f 41/39/45 88/51/45 39/52/45
f 40/39/46 88/51/46 45/45/46
f 45/45/47 49/49/47 50/53/47
f 45/45/48 51/54/48 47/55/48
f 46/44/49 51/54/49 50/53/49
f 44/50/50 45/45/50 46/44/50
f 52/56/51 59/57/51 55/58/51
f 55/58/52 94/59/52 53/60/52
f 15/9/53 82/17/53 54/58/53
f 1/1/54 54/58/54 97/6/54
f 16/9/55 97/6/55 55/58/55
f 5/8/56 6/8/56 82/17/56
f 58/61/57 61/62/57 62/63/57
f 56/64/58 62/63/58 96/65/58
f 52/56/59 58/61/59 81/66/59
f 54/58/60 94/59/60 58/61/60
f 63/67/61 64/68/61 66/69/61
f 59/57/62 61/62/62 57/70/62
f 59/57/63 96/65/63 63/67/63
f 62/63/64 64/68/64 60/71/64
f 95/72/65 66/69/65 62/63/65
f 67/73/66 92/74/66 71/75/66
f 10/15/67 93/2/67 2/1/67
f 10/15/68 91/16/68 70/73/68
f 9/15/69 93/2/69 67/73/69
f 4/10/70 3/10/70 91/16/70
f 75/76/71 78/77/71 74/78/71
f 72/79/72 78/77/72 77/80/72
f 71/75/73 75/76/73 70/73/73
f 67/73/74 73/81/74 72/79/74
f 68/82/75 75/76/75 73/81/75
f 72/79/76 80/83/76 76/84/76
f 75/76/77 80/83/77 79/85/77
f 79/85/78 77/80/78 78/77/78
f 97/6/79 54/58/79 55/58/79
f 82/17/80 55/58/80 54/58/80
f 83/13/81 20/21/81 21/14/81
f 84/30/82 24/23/82 25/20/82
f 85/24/83 29/27/83 30/31/83
f 94/59/84 59/57/84 58/61/84
f 61/62/85 63/67/85 62/63/85
f 81/66/86 58/61/86 59/57/86
f 96/65/87 62/63/87 63/67/87
f 93/2/88 70/73/88 67/73/88
f 73/81/89 75/76/89 72/79/89
f 92/74/89 72/79/89 75/76/89
f 91/16/90 67/73/90 70/73/90
f 90/18/91 37/42/91 36/41/91
f 87/4/92 36/41/92 37/42/92
f 89/40/93 41/39/93 40/39/93
f 42/48/94 40/39/94 41/39/94
f 71/75/95 70/73/95 67/73/95
f 72/79/96 76/84/96 75/76/96
f 68/82/97 67/73/97 70/73/97
f 74/78/98 72/79/98 75/76/98
f 52/56/99 55/58/99 54/58/99
f 58/61/100 56/64/100 59/57/100
f 62/63/101 60/71/101 63/67/101
f 55/58/102 53/60/102 54/58/102
f 57/70/103 58/61/103 59/57/103
f 95/72/104 62/63/104 63/67/104
f 31/36/105 30/31/105 29/27/105
f 26/25/106 25/20/106 24/23/106
f 22/19/107 21/14/107 20/21/107
f 27/26/108 30/31/108 29/27/108
f 24/23/109 86/28/109 25/20/109
f 30/31/110 28/33/110 29/27/110
f 23/34/111 24/23/111 25/20/111
f 21/14/112 19/29/112 20/21/112
f 20/21/81 69/5/81 21/14/81
f 36/41/113 38/47/113 37/42/113
f 40/39/114 43/43/114 41/39/114
f 47/55/115 46/44/115 45/45/115
f 39/52/116 40/39/116 41/39/116
f 35/38/117 36/41/117 37/42/117
f 48/46/118 45/45/118 46/44/118
f 98/1/119 99/1/119 190/2/119
f 105/3/120 104/3/120 184/4/120
f 104/3/121 105/3/121 166/5/121
f 99/1/122 98/1/122 194/6/122
f 115/7/123 102/8/123 112/9/123
f 114/7/124 99/1/124 113/9/124
f 101/10/125 114/7/125 111/11/125
f 104/3/126 115/7/126 110/11/126
f 109/12/127 180/13/127 118/14/127
f 106/15/128 188/16/128 100/10/128
f 100/10/129 115/7/129 106/15/129
f 105/3/130 114/7/130 109/12/130
f 114/7/131 103/8/131 109/12/131
f 115/7/132 98/1/132 106/15/132
f 113/9/133 179/17/133 103/8/133
f 111/11/134 187/18/134 101/10/134
f 119/19/135 122/20/135 118/14/135
f 109/12/136 166/5/136 105/3/136
f 103/8/137 102/8/137 180/13/137
f 104/3/138 117/21/138 108/22/138
f 102/8/139 117/21/139 180/13/139
f 121/23/140 182/24/140 123/25/140
f 121/23/141 124/26/141 126/27/141
f 118/14/142 183/28/142 116/29/142
f 116/29/143 121/23/143 117/21/143
f 119/19/144 121/23/144 181/30/144
f 127/31/145 129/32/145 125/33/145
f 123/25/146 127/31/146 122/20/146
f 122/20/147 124/26/147 120/34/147
f 125/33/148 130/35/148 126/27/148
f 128/36/149 130/35/149 131/37/149
f 128/36/150 130/35/150 127/31/150
f 132/38/151 138/39/151 186/40/151
f 100/10/152 133/41/152 110/11/152
f 104/3/153 133/41/153 184/4/153
f 111/11/154 184/4/154 134/42/154
f 100/10/155 101/10/155 187/18/155
f 140/43/156 143/44/156 138/39/156
f 140/43/157 142/45/157 145/46/157
f 132/38/158 137/39/158 133/41/158
f 135/47/159 137/39/159 139/48/159
f 135/47/160 138/39/160 134/42/160
f 143/44/161 146/49/161 141/50/161
f 142/45/162 185/51/162 143/44/162
f 138/39/163 185/51/163 136/52/163
f 137/39/164 185/51/164 142/45/164
f 142/45/165 146/49/165 147/53/165
f 142/45/166 148/54/166 144/55/166
f 143/44/167 148/54/167 147/53/167
f 141/50/168 142/45/168 143/44/168
f 149/56/169 156/57/169 152/58/169
f 152/58/170 191/59/170 150/60/170
f 112/9/171 179/17/171 151/58/171
f 98/1/172 151/58/172 194/6/172
f 113/9/173 194/6/173 152/58/173
f 102/8/174 103/8/174 179/17/174
f 155/61/175 158/62/175 159/63/175
f 153/64/176 159/63/176 193/65/176
f 149/56/177 155/61/177 178/66/177
f 151/58/178 191/59/178 155/61/178
f 160/67/179 161/68/179 163/69/179
f 156/57/180 158/62/180 154/70/180
f 156/57/181 193/65/181 160/67/181
f 159/63/182 161/68/182 157/71/182
f 192/72/183 163/69/183 159/63/183
f 164/73/184 189/74/184 168/75/184
f 107/15/185 190/2/185 99/1/185
f 107/15/186 188/16/186 167/73/186
f 106/15/187 190/2/187 164/73/187
f 101/10/188 100/10/188 188/16/188
f 172/76/189 175/77/189 171/78/189
f 169/79/190 175/77/190 174/80/190
f 168/75/191 172/76/191 167/73/191
f 164/73/192 170/81/192 169/79/192
f 165/82/193 172/76/193 170/81/193
f 169/79/194 177/83/194 173/84/194
f 172/76/195 177/83/195 176/85/195
f 176/85/196 174/80/196 175/77/196
f 194/6/197 151/58/197 152/58/197
f 179/17/198 152/58/198 151/58/198
f 180/13/199 117/21/199 118/14/199
f 181/30/200 121/23/200 122/20/200
f 182/24/201 126/27/201 127/31/201
f 191/59/202 156/57/202 155/61/202
f 158/62/203 160/67/203 159/63/203
f 178/66/204 155/61/204 156/57/204
f 193/65/205 159/63/205 160/67/205
f 190/2/206 167/73/206 164/73/206
f 170/81/207 172/76/207 169/79/207
f 189/74/207 169/79/207 172/76/207
f 188/16/208 164/73/208 167/73/208
f 187/18/209 134/42/209 133/41/209
f 184/4/210 133/41/210 134/42/210
f 186/40/211 138/39/211 137/39/211
f 139/48/212 137/39/212 138/39/212
f 168/75/213 167/73/213 164/73/213
f 169/79/214 173/84/214 172/76/214
f 165/82/215 164/73/215 167/73/215
f 171/78/216 169/79/216 172/76/216
f 149/56/217 152/58/217 151/58/217
f 155/61/218 153/64/218 156/57/218
f 159/63/219 157/71/219 160/67/219
f 152/58/220 150/60/220 151/58/220
f 154/70/221 155/61/221 156/57/221
f 192/72/222 159/63/222 160/67/222
f 128/36/223 127/31/223 126/27/223
f 123/25/224 122/20/224 121/23/224
f 119/19/225 118/14/225 117/21/225
f 124/26/226 127/31/226 126/27/226
f 121/23/227 183/28/227 122/20/227
f 127/31/228 125/33/228 126/27/228
f 120/34/229 121/23/229 122/20/229
f 118/14/230 116/29/230 117/21/230
f 117/21/231 166/5/231 118/14/231
f 133/41/232 135/47/232 134/42/232
f 137/39/233 140/43/233 138/39/233
f 144/55/234 143/44/234 142/45/234
f 136/52/235 137/39/235 138/39/235
f 132/38/236 133/41/236 134/42/236
f 145/46/237 142/45/237 143/44/237
f 195/1/238 196/1/238 287/2/238
f 202/3/239 201/3/239 281/4/239
f 201/3/240 202/3/240 263/5/240
f 196/1/241 195/1/241 291/6/241
f 212/7/242 199/8/242 209/9/242
f 211/7/243 196/1/243 210/9/243
f 198/10/244 211/7/244 208/11/244
f 201/3/245 212/7/245 207/11/245
f 206/12/246 277/13/246 215/14/246
f 203/15/247 285/16/247 197/10/247
f 197/10/248 212/7/248 203/15/248
f 202/3/249 211/7/249 206/12/249
f 211/7/250 200/8/250 206/12/250
f 212/7/251 195/1/251 203/15/251
f 210/9/252 276/17/252 200/8/252
f 208/11/253 284/18/253 198/10/253
f 216/19/254 219/20/254 215/14/254
f 206/12/255 263/5/255 202/3/255
f 200/8/256 199/8/256 277/13/256
f 201/3/257 214/21/257 205/22/257
f 199/8/258 214/21/258 277/13/258
f 218/23/259 279/24/259 220/25/259
f 218/23/260 221/26/260 223/27/260
f 215/14/261 280/28/261 213/29/261
f 213/29/262 218/23/262 214/21/262
f 216/19/263 218/23/263 278/30/263
f 224/31/264 226/32/264 222/33/264
f 220/25/265 224/31/265 219/20/265
f 219/20/266 221/26/266 217/34/266
f 222/33/267 227/35/267 223/27/267
f 225/36/268 228/37/268 227/35/268
f 225/36/269 227/35/269 224/31/269
f 229/38/270 235/39/270 283/40/270
f 197/10/271 230/41/271 207/11/271
f 201/3/272 230/41/272 281/4/272
f 208/11/273 281/4/273 231/42/273
f 197/10/274 198/10/274 284/18/274
f 237/43/275 240/44/275 235/39/275
f 237/43/276 239/45/276 242/46/276
f 229/38/277 234/39/277 230/41/277
f 232/47/278 234/39/278 236/48/278
f 232/47/279 235/39/279 231/42/279
f 240/44/280 243/49/280 238/50/280
f 239/45/281 282/51/281 240/44/281
f 235/39/282 282/51/282 233/52/282
f 234/39/283 282/51/283 239/45/283
f 239/45/284 243/49/284 244/53/284
f 239/45/285 245/54/285 241/55/285
f 240/44/286 245/54/286 244/53/286
f 238/50/287 239/45/287 240/44/287
f 246/56/288 253/57/288 249/58/288
f 249/58/289 288/59/289 247/60/289
f 209/9/290 276/17/290 248/58/290
f 195/1/291 248/58/291 291/6/291
f 210/9/292 291/6/292 249/58/292
f 199/8/293 200/8/293 276/17/293
f 252/61/294 255/62/294 256/63/294
f 250/64/295 256/63/295 290/65/295
f 246/56/296 252/61/296 275/66/296
f 248/58/297 288/59/297 252/61/297
f 257/67/298 258/68/298 260/69/298
f 253/57/299 255/62/299 251/70/299
f 253/57/300 290/65/300 257/67/300
f 256/63/301 258/68/301 254/71/301
f 289/72/302 260/69/302 256/63/302
f 261/73/303 286/74/303 265/75/303
f 204/15/304 287/2/304 196/1/304
f 204/15/305 285/16/305 264/73/305
f 203/15/306 287/2/306 261/73/306
f 198/10/307 197/10/307 285/16/307
f 269/76/308 272/77/308 268/78/308
f 266/79/309 272/77/309 271/80/309
f 265/75/310 269/76/310 264/73/310
f 261/73/311 267/81/311 266/79/311
f 262/82/312 269/76/312 267/81/312
f 266/79/313 274/83/313 270/84/313
f 269/76/314 274/83/314 273/85/314
f 273/85/315 271/80/315 272/77/315
f 291/6/316 248/58/316 249/58/316
f 276/17/317 249/58/317 248/58/317
f 277/13/318 214/21/318 215/14/318
f 278/30/319 218/23/319 219/20/319
f 279/24/320 223/27/320 224/31/320
f 288/59/321 253/57/321 252/61/321
f 255/62/322 257/67/322 256/63/322
f 275/66/323 252/61/323 253/57/323
f 290/65/324 256/63/324 257/67/324
f 287/2/325 264/73/325 261/73/325
f 267/81/326 269/76/326 266/79/326
f 286/74/326 266/79/326 269/76/326
f 285/16/327 261/73/327 264/73/327
f 284/18/328 231/42/328 230/41/328
f 281/4/329 230/41/329 231/42/329
f 283/40/330 235/39/330 234/39/330
f 236/48/331 234/39/331 235/39/331
f 265/75/332 264/73/332 261/73/332
f 266/79/333 270/84/333 269/76/333
f 262/82/334 261/73/334 264/73/334
f 268/78/335 266/79/335 269/76/335
f 246/56/336 249/58/336 248/58/336
f 252/61/337 250/64/337 253/57/337
f 256/63/338 254/71/338 257/67/338
f 249/58/339 247/60/339 248/58/339
f 251/70/340 252/61/340 253/57/340
f 289/72/341 256/63/341 257/67/341
f 225/36/342 224/31/342 223/27/342
f 220/25/343 219/20/343 218/23/343
f 216/19/344 215/14/344 214/21/344
f 221/26/345 224/31/345 223/27/345
f 218/23/346 280/28/346 219/20/346
f 224/31/347 222/33/347 223/27/347
f 217/34/348 218/23/348 219/20/348
f 215/14/349 213/29/349 214/21/349
f 214/21/318 263/5/318 215/14/318
f 230/41/350 232/47/350 231/42/350
f 234/39/351 237/43/351 235/39/351
f 241/55/352 240/44/352 239/45/352
f 233/52/353 234/39/353 235/39/353
f 229/38/354 230/41/354 231/42/354
f 242/46/355 239/45/355 240/44/355
f 292/1/356 293/1/356 384/2/356
f 299/3/357 298/3/357 378/4/357
f 298/3/358 299/3/358 360/5/358
f 293/1/359 292/1/359 388/6/359
f 309/7/360 296/8/360 306/9/360
f 308/7/361 293/1/361 307/9/361
f 295/10/362 308/7/362 305/11/362
f 298/3/363 309/7/363 304/11/363
f 303/12/364 374/13/364 312/14/364
f 300/15/365 382/16/365 294/10/365
f 294/10/366 309/7/366 300/15/366
f 299/3/367 308/7/367 303/12/367
f 308/7/368 297/8/368 303/12/368
f 309/7/369 292/1/369 300/15/369
f 307/9/370 373/17/370 297/8/370
f 305/11/371 381/18/371 295/10/371
f 313/19/372 316/20/372 312/14/372
f 303/12/373 360/5/373 299/3/373
f 297/8/374 296/8/374 374/13/374
f 298/3/375 311/21/375 302/22/375
f 296/8/376 311/21/376 374/13/376
f 315/23/377 376/24/377 317/25/377
f 315/23/378 318/26/378 320/27/378
f 312/14/379 377/28/379 310/29/379
f 310/29/380 315/23/380 311/21/380
f 313/19/381 315/23/381 375/30/381
f 321/31/382 323/32/382 319/33/382
f 317/25/383 321/31/383 316/20/383
f 316/20/384 318/26/384 314/34/384
f 319/33/385 324/35/385 320/27/385
f 322/36/386 325/37/386 324/35/386
f 322/36/387 324/35/387 321/31/387
f 326/38/388 332/39/388 380/40/388
f 294/10/389 327/41/389 304/11/389
f 298/3/390 327/41/390 378/4/390
f 305/11/391 378/4/391 328/42/391
f 294/10/392 295/10/392 381/18/392
f 334/43/393 337/44/393 332/39/393
f 334/43/394 336/45/394 339/46/394
f 326/38/395 331/39/395 327/41/395
f 329/47/396 331/39/396 333/48/396
f 329/47/397 332/39/397 328/42/397
f 337/44/398 340/49/398 335/50/398
f 336/45/399 379/51/399 337/44/399
f 332/39/400 379/51/400 330/52/400
f 331/39/401 379/51/401 336/45/401
f 336/45/402 340/49/402 341/53/402
f 336/45/403 342/54/403 338/55/403
f 337/44/404 342/54/404 341/53/404
f 335/50/405 336/45/405 337/44/405
f 343/56/406 350/57/406 346/58/406
f 346/58/407 385/59/407 344/60/407
f 306/9/408 373/17/408 345/58/408
f 292/1/409 345/58/409 388/6/409
f 307/9/410 388/6/410 346/58/410
f 296/8/411 297/8/411 373/17/411
f 349/61/412 352/62/412 353/63/412
f 347/64/413 353/63/413 387/65/413
f 343/56/414 349/61/414 372/66/414
f 345/58/415 385/59/415 349/61/415
f 354/67/416 355/68/416 357/69/416
f 350/57/417 352/62/417 348/70/417
f 350/57/418 387/65/418 354/67/418
f 353/63/419 355/68/419 351/71/419
f 386/72/420 357/69/420 353/63/420
f 358/73/421 383/74/421 362/75/421
f 301/15/422 384/2/422 293/1/422
f 301/15/423 382/16/423 361/73/423
f 300/15/424 384/2/424 358/73/424
f 295/10/425 294/10/425 382/16/425
f 366/76/426 369/77/426 365/78/426
f 363/79/427 369/77/427 368/80/427
f 362/75/428 366/76/428 361/73/428
f 358/73/429 364/81/429 363/79/429
f 359/82/430 366/76/430 364/81/430
f 363/79/431 371/83/431 367/84/431
f 366/76/432 371/83/432 370/85/432
f 370/85/433 368/80/433 369/77/433
f 388/6/434 345/58/434 346/58/434
f 373/17/435 346/58/435 345/58/435
f 374/13/436 311/21/436 312/14/436
f 375/30/437 315/23/437 316/20/437
f 376/24/438 320/27/438 321/31/438
f 385/59/439 350/57/439 349/61/439
f 352/62/440 354/67/440 353/63/440
f 372/66/441 349/61/441 350/57/441
f 387/65/442 353/63/442 354/67/442
f 384/2/443 361/73/443 358/73/443
f 364/81/444 366/76/444 363/79/444
f 383/74/444 363/79/444 366/76/444
f 382/16/445 358/73/445 361/73/445
f 381/18/446 328/42/446 327/41/446
f 378/4/447 327/41/447 328/42/447
f 380/40/448 332/39/448 331/39/448
f 333/48/449 331/39/449 332/39/449
f 362/75/450 361/73/450 358/73/450
f 363/79/451 367/84/451 366/76/451
f 359/82/452 358/73/452 361/73/452
f 365/78/453 363/79/453 366/76/453
f 343/56/454 346/58/454 345/58/454
f 349/61/455 347/64/455 350/57/455
f 353/63/456 351/71/456 354/67/456
f 346/58/457 344/60/457 345/58/457
f 348/70/458 349/61/458 350/57/458
f 386/72/459 353/63/459 354/67/459
f 322/36/460 321/31/460 320/27/460
f 317/25/461 316/20/461 315/23/461
f 313/19/462 312/14/462 311/21/462
f 318/26/463 321/31/463 320/27/463
f 315/23/464 377/28/464 316/20/464
f 321/31/465 319/33/465 320/27/465
f 314/34/466 315/23/466 316/20/466
f 312/14/467 310/29/467 311/21/467
f 311/21/436 360/5/436 312/14/436
f 327/41/468 329/47/468 328/42/468
f 331/39/469 334/43/469 332/39/469
f 338/55/470 337/44/470 336/45/470
f 330/52/471 331/39/471 332/39/471
f 326/38/472 327/41/472 328/42/472
f 339/46/473 336/45/473 337/44/473
f 389/1/474 390/1/474 481/2/474
f 396/3/475 395/3/475 475/4/475
f 395/3/476 396/3/476 457/5/476
f 390/1/477 389/1/477 485/6/477
f 406/7/478 393/8/478 403/9/478
f 405/7/479 390/1/479 404/9/479
f 392/10/480 405/7/480 402/11/480
f 395/3/481 406/7/481 401/11/481
f 400/12/482 471/13/482 409/14/482
f 397/15/483 479/16/483 391/10/483
f 391/10/484 406/7/484 397/15/484
f 396/3/485 405/7/485 400/12/485
f 405/7/486 394/8/486 400/12/486
f 406/7/487 389/1/487 397/15/487
f 404/9/488 470/17/488 394/8/488
f 402/11/489 478/18/489 392/10/489
f 410/19/490 413/20/490 409/14/490
f 400/12/491 457/5/491 396/3/491
f 394/8/492 393/8/492 471/13/492
f 395/3/493 408/21/493 399/22/493
f 393/8/494 408/21/494 471/13/494
f 412/23/495 473/24/495 414/25/495
f 412/23/496 415/26/496 417/27/496
f 409/14/497 474/28/497 407/29/497
f 407/29/498 412/23/498 408/21/498
f 410/19/499 412/23/499 472/30/499
f 418/31/500 420/32/500 416/33/500
f 414/25/501 418/31/501 413/20/501
f 413/20/502 415/26/502 411/34/502
f 416/33/503 421/35/503 417/27/503
f 419/36/504 421/35/504 422/37/504
f 419/36/505 421/35/505 418/31/505
f 423/38/506 429/39/506 477/40/506
f 391/10/507 424/41/507 401/11/507
f 395/3/508 424/41/508 475/4/508
f 402/11/509 475/4/509 425/42/509
f 391/10/510 392/10/510 478/18/510
f 431/43/511 434/44/511 429/39/511
f 431/43/512 433/45/512 436/46/512
f 423/38/513 428/39/513 424/41/513
f 426/47/514 428/39/514 430/48/514
f 426/47/515 429/39/515 425/42/515
f 434/44/516 437/49/516 432/50/516
f 433/45/517 476/51/517 434/44/517
f 429/39/518 476/51/518 427/52/518
f 428/39/519 476/51/519 433/45/519
f 433/45/520 437/49/520 438/53/520
f 433/45/521 439/54/521 435/55/521
f 434/44/522 439/54/522 438/53/522
f 432/50/523 433/45/523 434/44/523
f 440/56/524 447/57/524 443/58/524
f 443/58/525 482/59/525 441/60/525
f 403/9/526 470/17/526 442/58/526
f 389/1/527 442/58/527 485/6/527
f 404/9/528 485/6/528 443/58/528
f 393/8/529 394/8/529 470/17/529
f 446/61/530 449/62/530 450/63/530
f 444/64/531 450/63/531 484/65/531
f 440/56/532 446/61/532 469/66/532
f 442/58/533 482/59/533 446/61/533
f 451/67/534 452/68/534 454/69/534
f 447/57/535 449/62/535 445/70/535
f 447/57/536 484/65/536 451/67/536
f 450/63/537 452/68/537 448/71/537
f 483/72/538 454/69/538 450/63/538
f 455/73/539 480/74/539 459/75/539
f 398/15/540 481/2/540 390/1/540
f 398/15/541 479/16/541 458/73/541
f 397/15/542 481/2/542 455/73/542
f 392/10/543 391/10/543 479/16/543
f 463/76/544 466/77/544 462/78/544
f 460/79/545 466/77/545 465/80/545
f 459/75/546 463/76/546 458/73/546
f 455/73/547 461/81/547 460/79/547
f 456/82/548 463/76/548 461/81/548
f 460/79/549 468/83/549 464/84/549
f 463/76/550 468/83/550 467/85/550
f 467/85/551 465/80/551 466/77/551
f 485/6/552 442/58/552 443/58/552
f 470/17/553 443/58/553 442/58/553
f 471/13/554 408/21/554 409/14/554
f 472/30/555 412/23/555 413/20/555
f 473/24/556 417/27/556 418/31/556
f 482/59/557 447/57/557 446/61/557
f 449/62/558 451/67/558 450/63/558
f 469/66/559 446/61/559 447/57/559
f 484/65/560 450/63/560 451/67/560
f 481/2/561 458/73/561 455/73/561
f 461/81/562 463/76/562 460/79/562
f 480/74/562 460/79/562 463/76/562
f 479/16/563 455/73/563 458/73/563
f 478/18/564 425/42/564 424/41/564
f 475/4/565 424/41/565 425/42/565
f 477/40/566 429/39/566 428/39/566
f 430/48/567 428/39/567 429/39/567
f 459/75/568 458/73/568 455/73/568
f 460/79/569 464/84/569 463/76/569
f 456/82/570 455/73/570 458/73/570
f 462/78/571 460/79/571 463/76/571
f 440/56/572 443/58/572 442/58/572
f 446/61/573 444/64/573 447/57/573
f 450/63/574 448/71/574 451/67/574
f 443/58/575 441/60/575 442/58/575
f 445/70/576 446/61/576 447/57/576
f 483/72/577 450/63/577 451/67/577
f 419/36/578 418/31/578 417/27/578
f 414/25/579 413/20/579 412/23/579
f 410/19/580 409/14/580 408/21/580
f 415/26/581 418/31/581 417/27/581
f 412/23/582 474/28/582 413/20/582
f 418/31/583 416/33/583 417/27/583
f 411/34/584 412/23/584 413/20/584
f 409/14/585 407/29/585 408/21/585
f 408/21/586 457/5/586 409/14/586
f 424/41/587 426/47/587 425/42/587
f 428/39/588 431/43/588 429/39/588
f 435/55/589 434/44/589 433/45/589
f 427/52/590 428/39/590 429/39/590
f 423/38/591 424/41/591 425/42/591
f 436/46/592 433/45/592 434/44/592
f 486/1/474 487/1/474 578/2/474
f 493/3/593 492/3/593 572/4/593
f 492/3/476 493/3/476 554/5/476
f 487/1/477 486/1/477 582/6/477
f 503/7/478 490/8/478 500/9/478
f 502/7/479 487/1/479 501/9/479
f 489/10/480 502/7/480 499/11/480
f 492/3/481 503/7/481 498/11/481
f 497/12/482 568/13/482 506/14/482
f 494/15/483 576/16/483 488/10/483
f 488/10/484 503/7/484 494/15/484
f 493/3/485 502/7/485 497/12/485
f 502/7/486 491/8/486 497/12/486
f 503/7/487 486/1/487 494/15/487
f 501/9/488 567/17/488 491/8/488
f 499/11/489 575/18/489 489/10/489
f 507/19/490 510/20/490 506/14/490
f 497/12/491 554/5/491 493/3/491
f 491/8/492 490/8/492 568/13/492
f 492/3/493 505/21/493 496/22/493
f 490/8/594 505/21/594 568/13/594
f 509/23/495 570/24/495 511/25/495
f 509/23/496 512/26/496 514/27/496
f 506/14/497 571/28/497 504/29/497
f 504/29/498 509/23/498 505/21/498
f 507/19/499 509/23/499 569/30/499
f 515/31/500 517/32/500 513/33/500
f 511/25/595 515/31/595 510/20/595
f 510/20/502 512/26/502 508/34/502
f 513/33/503 518/35/503 514/27/503
f 516/36/504 518/35/504 519/37/504
f 516/36/505 518/35/505 515/31/505
f 520/38/596 526/39/596 574/40/596
f 488/10/507 521/41/507 498/11/507
f 492/3/508 521/41/508 572/4/508
f 499/11/509 572/4/509 522/42/509
f 488/10/510 489/10/510 575/18/510
f 528/43/511 531/44/511 526/39/511
f 528/43/512 530/45/512 533/46/512
f 520/38/513 525/39/513 521/41/513
f 523/47/514 525/39/514 527/48/514
f 523/47/515 526/39/515 522/42/515
f 531/44/516 534/49/516 529/50/516
f 530/45/517 573/51/517 531/44/517
f 526/39/518 573/51/518 524/52/518
f 525/39/519 573/51/519 530/45/519
f 530/45/520 534/49/520 535/53/520
f 530/45/521 536/54/521 532/55/521
f 531/44/597 536/54/597 535/53/597
f 529/50/523 530/45/523 531/44/523
f 537/56/524 544/57/524 540/58/524
f 540/58/525 579/59/525 538/60/525
f 500/9/526 567/17/526 539/58/526
f 486/1/527 539/58/527 582/6/527
f 501/9/528 582/6/528 540/58/528
f 490/8/529 491/8/529 567/17/529
f 543/61/530 546/62/530 547/63/530
f 541/64/531 547/63/531 581/65/531
f 537/56/532 543/61/532 566/66/532
f 539/58/533 579/59/533 543/61/533
f 548/67/534 549/68/534 551/69/534
f 544/57/535 546/62/535 542/70/535
f 544/57/536 581/65/536 548/67/536
f 547/63/537 549/68/537 545/71/537
f 580/72/538 551/69/538 547/63/538
f 552/73/539 577/74/539 556/75/539
f 495/15/598 578/2/598 487/1/598
f 495/15/541 576/16/541 555/73/541
f 494/15/542 578/2/542 552/73/542
f 489/10/599 488/10/599 576/16/599
f 560/76/544 563/77/544 559/78/544
f 557/79/545 563/77/545 562/80/545
f 556/75/546 560/76/546 555/73/546
f 552/73/547 558/81/547 557/79/547
f 553/82/600 560/76/600 558/81/600
f 557/79/549 565/83/549 561/84/549
f 560/76/550 565/83/550 564/85/550
f 564/85/601 562/80/601 563/77/601
f 582/6/552 539/58/552 540/58/552
f 567/17/553 540/58/553 539/58/553
f 568/13/554 505/21/554 506/14/554
f 569/30/555 509/23/555 510/20/555
f 570/24/556 514/27/556 515/31/556
f 579/59/557 544/57/557 543/61/557
f 546/62/558 548/67/558 547/63/558
f 566/66/559 543/61/559 544/57/559
f 581/65/560 547/63/560 548/67/560
f 578/2/561 555/73/561 552/73/561
f 558/81/562 560/76/562 557/79/562
f 577/74/562 557/79/562 560/76/562
f 576/16/602 552/73/602 555/73/602
f 575/18/564 522/42/564 521/41/564
f 572/4/565 521/41/565 522/42/565
f 574/40/566 526/39/566 525/39/566
f 527/48/567 525/39/567 526/39/567
f 556/75/568 555/73/568 552/73/568
f 557/79/569 561/84/569 560/76/569
f 553/82/570 552/73/570 555/73/570
f 559/78/603 557/79/603 560/76/603
f 537/56/572 540/58/572 539/58/572
f 543/61/573 541/64/573 544/57/573
f 547/63/604 545/71/604 548/67/604
f 540/58/575 538/60/575 539/58/575
f 542/70/605 543/61/605 544/57/605
f 580/72/577 547/63/577 548/67/577
f 516/36/578 515/31/578 514/27/578
f 511/25/579 510/20/579 509/23/579
f 507/19/606 506/14/606 505/21/606
f 512/26/581 515/31/581 514/27/581
f 509/23/582 571/28/582 510/20/582
f 515/31/583 513/33/583 514/27/583
f 508/34/607 509/23/607 510/20/607
f 506/14/585 504/29/585 505/21/585
f 505/21/554 554/5/554 506/14/554
f 521/41/587 523/47/587 522/42/587
f 525/39/608 528/43/608 526/39/608
f 532/55/609 531/44/609 530/45/609
f 524/52/590 525/39/590 526/39/590
f 520/38/591 521/41/591 522/42/591
f 533/46/592 530/45/592 531/44/592
f 583/1/610 584/1/610 675/2/610
f 590/3/611 589/3/611 669/4/611
f 589/3/612 590/3/612 651/5/612
f 584/1/613 583/1/613 679/6/613
f 600/7/614 587/8/614 597/9/614
f 599/7/615 584/1/615 598/9/615
f 586/10/616 599/7/616 596/11/616
f 589/3/617 600/7/617 595/11/617
f 594/12/618 665/13/618 603/14/618
f 591/15/619 673/16/619 585/10/619
f 585/10/620 600/7/620 591/15/620
f 590/3/621 599/7/621 594/12/621
f 599/7/622 588/8/622 594/12/622
f 600/7/623 583/1/623 591/15/623
f 598/9/624 664/17/624 588/8/624
f 596/11/625 672/18/625 586/10/625
f 604/19/626 607/20/626 603/14/626
f 594/12/627 651/5/627 590/3/627
f 588/8/628 587/8/628 665/13/628
f 589/3/629 602/21/629 593/22/629
f 587/8/630 602/21/630 665/13/630
f 606/23/631 667/24/631 608/25/631
f 606/23/632 609/26/632 611/27/632
f 603/14/633 668/28/633 601/29/633
f 601/29/634 606/23/634 602/21/634
f 604/19/635 606/23/635 666/30/635
f 612/31/636 614/32/636 610/33/636
f 608/25/637 612/31/637 607/20/637
f 607/20/638 609/26/638 605/34/638
f 610/33/639 615/35/639 611/27/639
f 613/36/640 615/35/640 616/37/640
f 613/36/641 615/35/641 612/31/641
f 617/38/642 623/39/642 671/40/642
f 585/10/643 618/41/643 595/11/643
f 589/3/644 618/41/644 669/4/644
f 596/11/645 669/4/645 619/42/645
f 585/10/646 586/10/646 672/18/646
f 625/43/647 628/44/647 623/39/647
f 625/43/648 627/45/648 630/46/648
f 617/38/649 622/39/649 618/41/649
f 620/47/650 622/39/650 624/48/650
f 620/47/651 623/39/651 619/42/651
f 628/44/652 631/49/652 626/50/652
f 627/45/653 670/51/653 628/44/653
f 623/39/654 670/51/654 621/52/654
f 622/39/655 670/51/655 627/45/655
f 627/45/656 631/49/656 632/53/656
f 627/45/657 633/54/657 629/55/657
f 628/44/658 633/54/658 632/53/658
f 626/50/659 627/45/659 628/44/659
f 634/56/660 641/57/660 637/58/660
f 637/58/661 676/59/661 635/60/661
f 597/9/662 664/17/662 636/58/662
f 583/1/663 636/58/663 679/6/663
f 598/9/664 679/6/664 637/58/664
f 587/8/665 588/8/665 664/17/665
f 640/61/666 643/62/666 644/63/666
f 638/64/667 644/63/667 678/65/667
f 634/56/668 640/61/668 663/66/668
f 636/58/669 676/59/669 640/61/669
f 645/67/670 646/68/670 648/69/670
f 641/57/671 643/62/671 639/70/671
f 641/57/672 678/65/672 645/67/672
f 644/63/673 646/68/673 642/71/673
f 677/72/674 648/69/674 644/63/674
f 649/73/675 674/74/675 653/75/675
f 592/15/676 675/2/676 584/1/676
f 592/15/677 673/16/677 652/73/677
f 591/15/678 675/2/678 649/73/678
f 586/10/679 585/10/679 673/16/679
f 657/76/680 660/77/680 656/78/680
f 654/79/681 660/77/681 659/80/681
f 653/75/682 657/76/682 652/73/682
f 649/73/683 655/81/683 654/79/683
f 650/82/684 657/76/684 655/81/684
f 654/79/685 662/83/685 658/84/685
f 657/76/686 662/83/686 661/85/686
f 661/85/687 659/80/687 660/77/687
f 679/6/688 636/58/688 637/58/688
f 664/17/689 637/58/689 636/58/689
f 665/13/690 602/21/690 603/14/690
f 666/30/691 606/23/691 607/20/691
f 667/24/692 611/27/692 612/31/692
f 676/59/693 641/57/693 640/61/693
f 643/62/694 645/67/694 644/63/694
f 663/66/695 640/61/695 641/57/695
f 678/65/696 644/63/696 645/67/696
f 675/2/697 652/73/697 649/73/697
f 655/81/698 657/76/698 654/79/698
f 674/74/698 654/79/698 657/76/698
f 673/16/699 649/73/699 652/73/699
f 672/18/700 619/42/700 618/41/700
f 669/4/701 618/41/701 619/42/701
f 671/40/702 623/39/702 622/39/702
f 624/48/703 622/39/703 623/39/703
f 653/75/704 652/73/704 649/73/704
f 654/79/705 658/84/705 657/76/705
f 650/82/706 649/73/706 652/73/706
f 656/78/707 654/79/707 657/76/707
f 634/56/708 637/58/708 636/58/708
f 640/61/709 638/64/709 641/57/709
f 644/63/710 642/71/710 645/67/710
f 637/58/711 635/60/711 636/58/711
f 639/70/712 640/61/712 641/57/712
f 677/72/713 644/63/713 645/67/713
f 613/36/714 612/31/714 611/27/714
f 608/25/715 607/20/715 606/23/715
f 604/19/716 603/14/716 602/21/716
f 609/26/717 612/31/717 611/27/717
f 606/23/718 668/28/718 607/20/718
f 612/31/719 610/33/719 611/27/719
f 605/34/720 606/23/720 607/20/720
f 603/14/721 601/29/721 602/21/721
f 602/21/690 651/5/690 603/14/690
f 618/41/722 620/47/722 619/42/722
f 622/39/723 625/43/723 623/39/723
f 629/55/724 628/44/724 627/45/724
f 621/52/725 622/39/725 623/39/725
f 617/38/726 618/41/726 619/42/726
f 630/46/727 627/45/727 628/44/727
f 680/1/610 681/1/610 772/2/610
f 687/3/611 686/3/611 766/4/611
f 686/3/612 687/3/612 748/5/612
f 681/1/613 680/1/613 776/6/613
f 697/7/614 684/8/614 694/9/614
f 696/7/615 681/1/615 695/9/615
f 683/10/616 696/7/616 693/11/616
f 686/3/617 697/7/617 692/11/617
f 691/12/618 762/13/618 700/14/618
f 688/15/619 770/16/619 682/10/619
f 682/10/620 697/7/620 688/15/620
f 687/3/621 696/7/621 691/12/621
f 696/7/622 685/8/622 691/12/622
f 697/7/623 680/1/623 688/15/623
f 695/9/624 761/17/624 685/8/624
f 693/11/625 769/18/625 683/10/625
f 701/19/626 704/20/626 700/14/626
f 691/12/627 748/5/627 687/3/627
f 685/8/628 684/8/628 762/13/628
f 686/3/728 699/21/728 690/22/728
f 684/8/630 699/21/630 762/13/630
f 703/23/631 764/24/631 705/25/631
f 703/23/632 706/26/632 708/27/632
f 700/14/633 765/28/633 698/29/633
f 698/29/634 703/23/634 699/21/634
f 701/19/635 703/23/635 763/30/635
f 709/31/636 711/32/636 707/33/636
f 705/25/729 709/31/729 704/20/729
f 704/20/638 706/26/638 702/34/638
f 707/33/639 712/35/639 708/27/639
f 710/36/730 713/37/730 712/35/730
f 710/36/641 712/35/641 709/31/641
f 714/38/642 720/39/642 768/40/642
f 682/10/643 715/41/643 692/11/643
f 686/3/644 715/41/644 766/4/644
f 693/11/645 766/4/645 716/42/645
f 682/10/646 683/10/646 769/18/646
f 722/43/647 725/44/647 720/39/647
f 722/43/648 724/45/648 727/46/648
f 714/38/649 719/39/649 715/41/649
f 717/47/650 719/39/650 721/48/650
f 717/47/651 720/39/651 716/42/651
f 725/44/652 728/49/652 723/50/652
f 724/45/653 767/51/653 725/44/653
f 720/39/654 767/51/654 718/52/654
f 719/39/731 767/51/731 724/45/731
f 724/45/656 728/49/656 729/53/656
f 724/45/657 730/54/657 726/55/657
f 725/44/658 730/54/658 729/53/658
f 723/50/659 724/45/659 725/44/659
f 731/56/660 738/57/660 734/58/660
f 734/58/661 773/59/661 732/60/661
f 694/9/662 761/17/662 733/58/662
f 680/1/663 733/58/663 776/6/663
f 695/9/664 776/6/664 734/58/664
f 684/8/665 685/8/665 761/17/665
f 737/61/666 740/62/666 741/63/666
f 735/64/667 741/63/667 775/65/667
f 731/56/668 737/61/668 760/66/668
f 733/58/669 773/59/669 737/61/669
f 742/67/670 743/68/670 745/69/670
f 738/57/671 740/62/671 736/70/671
f 738/57/672 775/65/672 742/67/672
f 741/63/673 743/68/673 739/71/673
f 774/72/674 745/69/674 741/63/674
f 746/73/675 771/74/675 750/75/675
f 689/15/676 772/2/676 681/1/676
f 689/15/677 770/16/677 749/73/677
f 688/15/678 772/2/678 746/73/678
f 683/10/679 682/10/679 770/16/679
f 754/76/680 757/77/680 753/78/680
f 751/79/681 757/77/681 756/80/681
f 750/75/682 754/76/682 749/73/682
f 746/73/683 752/81/683 751/79/683
f 747/82/732 754/76/732 752/81/732
f 751/79/685 759/83/685 755/84/685
f 754/76/686 759/83/686 758/85/686
f 758/85/687 756/80/687 757/77/687
f 776/6/688 733/58/688 734/58/688
f 761/17/733 734/58/733 733/58/733
f 762/13/690 699/21/690 700/14/690
f 763/30/691 703/23/691 704/20/691
f 764/24/692 708/27/692 709/31/692
f 773/59/693 738/57/693 737/61/693
f 740/62/694 742/67/694 741/63/694
f 760/66/695 737/61/695 738/57/695
f 775/65/696 741/63/696 742/67/696
f 772/2/697 749/73/697 746/73/697
f 752/81/698 754/76/698 751/79/698
f 771/74/698 751/79/698 754/76/698
f 770/16/699 746/73/699 749/73/699
f 769/18/734 716/42/734 715/41/734
f 766/4/701 715/41/701 716/42/701
f 768/40/702 720/39/702 719/39/702
f 721/48/703 719/39/703 720/39/703
f 750/75/704 749/73/704 746/73/704
f 751/79/705 755/84/705 754/76/705
f 747/82/706 746/73/706 749/73/706
f 753/78/707 751/79/707 754/76/707
f 731/56/708 734/58/708 733/58/708
f 737/61/709 735/64/709 738/57/709
f 741/63/710 739/71/710 742/67/710
f 734/58/711 732/60/711 733/58/711
f 736/70/735 737/61/735 738/57/735
f 774/72/713 741/63/713 742/67/713
f 710/36/714 709/31/714 708/27/714
f 705/25/736 704/20/736 703/23/736
f 701/19/716 700/14/716 699/21/716
f 706/26/717 709/31/717 708/27/717
f 703/23/718 765/28/718 704/20/718
f 709/31/719 707/33/719 708/27/719
f 702/34/737 703/23/737 704/20/737
f 700/14/721 698/29/721 699/21/721
f 699/21/690 748/5/690 700/14/690
f 715/41/722 717/47/722 716/42/722
f 719/39/723 722/43/723 720/39/723
f 726/55/724 725/44/724 724/45/724
f 718/52/725 719/39/725 720/39/725
f 714/38/726 715/41/726 716/42/726
f 727/46/738 724/45/738 725/44/738
f 777/1/739 778/1/739 869/2/739
f 784/3/740 783/3/740 863/4/740
f 783/3/741 784/3/741 845/5/741
f 778/1/742 777/1/742 873/6/742
f 794/7/743 781/8/743 791/9/743
f 793/7/744 778/1/744 792/9/744
f 780/10/745 793/7/745 790/11/745
f 783/3/746 794/7/746 789/11/746
f 788/12/747 859/13/747 797/14/747
f 785/15/748 867/16/748 779/10/748
f 779/10/749 794/7/749 785/15/749
f 784/3/750 793/7/750 788/12/750
f 793/7/751 782/8/751 788/12/751
f 794/7/752 777/1/752 785/15/752
f 792/9/753 858/17/753 782/8/753
f 790/11/754 866/18/754 780/10/754
f 798/19/755 801/20/755 797/14/755
f 788/12/756 845/5/756 784/3/756
f 782/8/757 781/8/757 859/13/757
f 783/3/758 796/21/758 787/22/758
f 781/8/759 796/21/759 859/13/759
f 800/23/760 861/24/760 802/25/760
f 800/23/761 803/26/761 805/27/761
f 797/14/762 862/28/762 795/29/762
f 795/29/763 800/23/763 796/21/763
f 798/19/764 800/23/764 860/30/764
f 806/31/765 808/32/765 804/33/765
f 802/25/766 806/31/766 801/20/766
f 801/20/767 803/26/767 799/34/767
f 804/33/768 809/35/768 805/27/768
f 807/36/769 810/37/769 809/35/769
f 807/36/770 809/35/770 806/31/770
f 811/38/771 817/39/771 865/40/771
f 779/10/772 812/41/772 789/11/772
f 783/3/773 812/41/773 863/4/773
f 790/11/774 863/4/774 813/42/774
f 779/10/775 780/10/775 866/18/775
f 819/43/776 822/44/776 817/39/776
f 819/43/777 821/45/777 824/46/777
f 811/38/778 816/39/778 812/41/778
f 814/47/779 816/39/779 818/48/779
f 814/47/780 817/39/780 813/42/780
f 822/44/781 825/49/781 820/50/781
f 821/45/782 864/51/782 822/44/782
f 817/39/783 864/51/783 815/52/783
f 816/39/784 864/51/784 821/45/784
f 821/45/785 825/49/785 826/53/785
f 821/45/786 827/54/786 823/55/786
f 822/44/787 827/54/787 826/53/787
f 820/50/788 821/45/788 822/44/788
f 828/56/789 835/57/789 831/58/789
f 831/58/790 870/59/790 829/60/790
f 791/9/791 858/17/791 830/58/791
f 777/1/792 830/58/792 873/6/792
f 792/9/793 873/6/793 831/58/793
f 781/8/794 782/8/794 858/17/794
f 834/61/795 837/62/795 838/63/795
f 832/64/796 838/63/796 872/65/796
f 828/56/797 834/61/797 857/66/797
f 830/58/798 870/59/798 834/61/798
f 839/67/799 840/68/799 842/69/799
f 835/57/800 837/62/800 833/70/800
f 835/57/801 872/65/801 839/67/801
f 838/63/802 840/68/802 836/71/802
f 871/72/803 842/69/803 838/63/803
f 843/73/804 868/74/804 847/75/804
f 786/15/805 869/2/805 778/1/805
f 786/15/806 867/16/806 846/73/806
f 785/15/807 869/2/807 843/73/807
f 780/10/808 779/10/808 867/16/808
f 851/76/809 854/77/809 850/78/809
f 848/79/810 854/77/810 853/80/810
f 847/75/811 851/76/811 846/73/811
f 843/73/812 849/81/812 848/79/812
f 844/82/813 851/76/813 849/81/813
f 848/79/814 856/83/814 852/84/814
f 851/76/815 856/83/815 855/85/815
f 855/85/816 853/80/816 854/77/816
f 873/6/817 830/58/817 831/58/817
f 858/17/818 831/58/818 830/58/818
f 859/13/819 796/21/819 797/14/819
f 860/30/820 800/23/820 801/20/820
f 861/24/821 805/27/821 806/31/821
f 870/59/822 835/57/822 834/61/822
f 837/62/823 839/67/823 838/63/823
f 857/66/824 834/61/824 835/57/824
f 872/65/825 838/63/825 839/67/825
f 869/2/826 846/73/826 843/73/826
f 849/81/827 851/76/827 848/79/827
f 868/74/827 848/79/827 851/76/827
f 867/16/828 843/73/828 846/73/828
f 866/18/829 813/42/829 812/41/829
f 863/4/830 812/41/830 813/42/830
f 865/40/831 817/39/831 816/39/831
f 818/48/832 816/39/832 817/39/832
f 847/75/833 846/73/833 843/73/833
f 848/79/834 852/84/834 851/76/834
f 844/82/835 843/73/835 846/73/835
f 850/78/836 848/79/836 851/76/836
f 828/56/837 831/58/837 830/58/837
f 834/61/838 832/64/838 835/57/838
f 838/63/839 836/71/839 839/67/839
f 831/58/840 829/60/840 830/58/840
f 833/70/841 834/61/841 835/57/841
f 871/72/842 838/63/842 839/67/842
f 807/36/843 806/31/843 805/27/843
f 802/25/844 801/20/844 800/23/844
f 798/19/845 797/14/845 796/21/845
f 803/26/846 806/31/846 805/27/846
f 800/23/847 862/28/847 801/20/847
f 806/31/848 804/33/848 805/27/848
f 799/34/849 800/23/849 801/20/849
f 797/14/850 795/29/850 796/21/850
f 796/21/819 845/5/819 797/14/819
f 812/41/851 814/47/851 813/42/851
f 816/39/852 819/43/852 817/39/852
f 823/55/853 822/44/853 821/45/853
f 815/52/854 816/39/854 817/39/854
f 811/38/855 812/41/855 813/42/855
f 824/46/856 821/45/856 822/44/856
f 874/1/857 875/1/857 966/2/857
f 881/3/858 880/3/858 960/4/858
f 880/3/859 881/3/859 942/5/859
f 875/1/860 874/1/860 970/6/860
f 891/7/861 878/8/861 888/9/861
f 890/7/862 875/1/862 889/9/862
f 877/10/863 890/7/863 887/11/863
f 880/3/864 891/7/864 886/11/864
f 885/12/865 956/13/865 894/14/865
f 882/15/866 964/16/866 876/10/866
f 876/10/867 891/7/867 882/15/867
f 881/3/868 890/7/868 885/12/868
f 890/7/869 879/8/869 885/12/869
f 891/7/870 874/1/870 882/15/870
f 889/9/871 955/17/871 879/8/871
f 887/11/872 963/18/872 877/10/872
f 895/19/873 898/20/873 894/14/873
f 885/12/874 942/5/874 881/3/874
f 879/8/875 878/8/875 956/13/875
f 880/3/876 893/21/876 884/22/876
f 878/8/877 893/21/877 956/13/877
f 897/23/878 958/24/878 899/25/878
f 897/23/879 900/26/879 902/27/879
f 894/14/880 959/28/880 892/29/880
f 892/29/881 897/23/881 893/21/881
f 895/19/882 897/23/882 957/30/882
f 903/31/883 905/32/883 901/33/883
f 899/25/884 903/31/884 898/20/884
f 898/20/885 900/26/885 896/34/885
f 901/33/886 906/35/886 902/27/886
f 904/36/887 906/35/887 907/37/887
f 904/36/888 906/35/888 903/31/888
f 908/38/889 914/39/889 962/40/889
f 876/10/890 909/41/890 886/11/890
f 880/3/891 909/41/891 960/4/891
f 887/11/892 960/4/892 910/42/892
f 876/10/893 877/10/893 963/18/893
f 916/43/894 919/44/894 914/39/894
f 916/43/895 918/45/895 921/46/895
f 908/38/896 913/39/896 909/41/896
f 911/47/897 913/39/897 915/48/897
f 911/47/898 914/39/898 910/42/898
f 919/44/899 922/49/899 917/50/899
f 918/45/900 961/51/900 919/44/900
f 914/39/901 961/51/901 912/52/901
f 913/39/902 961/51/902 918/45/902
f 918/45/903 922/49/903 923/53/903
f 918/45/904 924/54/904 920/55/904
f 919/44/905 924/54/905 923/53/905
f 917/50/906 918/45/906 919/44/906
f 925/56/907 932/57/907 928/58/907
f 928/58/908 967/59/908 926/60/908
f 888/9/909 955/17/909 927/58/909
f 874/1/910 927/58/910 970/6/910
f 889/9/911 970/6/911 928/58/911
f 878/8/912 879/8/912 955/17/912
f 931/61/913 934/62/913 935/63/913
f 929/64/914 935/63/914 969/65/914
f 925/56/915 931/61/915 954/66/915
f 927/58/916 967/59/916 931/61/916
f 936/67/917 937/68/917 939/69/917
f 932/57/918 934/62/918 930/70/918
f 932/57/919 969/65/919 936/67/919
f 935/63/920 937/68/920 933/71/920
f 968/72/921 939/69/921 935/63/921
f 940/73/922 965/74/922 944/75/922
f 883/15/923 966/2/923 875/1/923
f 883/15/924 964/16/924 943/73/924
f 882/15/925 966/2/925 940/73/925
f 877/10/926 876/10/926 964/16/926
f 948/76/927 951/77/927 947/78/927
f 945/79/928 951/77/928 950/80/928
f 944/75/929 948/76/929 943/73/929
f 940/73/930 946/81/930 945/79/930
f 941/82/931 948/76/931 946/81/931
f 945/79/932 953/83/932 949/84/932
f 948/76/933 953/83/933 952/85/933
f 952/85/934 950/80/934 951/77/934
f 970/6/935 927/58/935 928/58/935
f 955/17/936 928/58/936 927/58/936
f 956/13/937 893/21/937 894/14/937
f 957/30/938 897/23/938 898/20/938
f 958/24/939 902/27/939 903/31/939
f 967/59/940 932/57/940 931/61/940
f 934/62/941 936/67/941 935/63/941
f 954/66/942 931/61/942 932/57/942
f 969/65/943 935/63/943 936/67/943
f 966/2/944 943/73/944 940/73/944
f 946/81/945 948/76/945 945/79/945
f 965/74/945 945/79/945 948/76/945
f 964/16/946 940/73/946 943/73/946
f 963/18/947 910/42/947 909/41/947
f 960/4/948 909/41/948 910/42/948
f 962/40/949 914/39/949 913/39/949
f 915/48/950 913/39/950 914/39/950
f 944/75/951 943/73/951 940/73/951
f 945/79/952 949/84/952 948/76/952
f 941/82/953 940/73/953 943/73/953
f 947/78/954 945/79/954 948/76/954
f 925/56/955 928/58/955 927/58/955
f 931/61/956 929/64/956 932/57/956
f 935/63/957 933/71/957 936/67/957
f 928/58/958 926/60/958 927/58/958
f 930/70/959 931/61/959 932/57/959
f 968/72/960 935/63/960 936/67/960
f 904/36/961 903/31/961 902/27/961
f 899/25/962 898/20/962 897/23/962
f 895/19/963 894/14/963 893/21/963
f 900/26/964 903/31/964 902/27/964
f 897/23/965 959/28/965 898/20/965
f 903/31/966 901/33/966 902/27/966
f 896/34/967 897/23/967 898/20/967
f 894/14/968 892/29/968 893/21/968
f 893/21/937 942/5/937 894/14/937
f 909/41/969 911/47/969 910/42/969
f 913/39/970 916/43/970 914/39/970
f 920/55/971 919/44/971 918/45/971
f 912/52/972 913/39/972 914/39/972
f 908/38/973 909/41/973 910/42/973
f 921/46/974 918/45/974 919/44/974
f 971/1/975 972/1/975 1063/2/975
f 978/3/976 977/3/976 1057/4/976
f 977/3/977 978/3/977 1039/5/977
f 972/1/978 971/1/978 1067/6/978
f 988/7/979 975/8/979 985/9/979
f 987/7/980 972/1/980 986/9/980
f 974/10/981 987/7/981 984/11/981
f 977/3/982 988/7/982 983/11/982
f 982/12/983 1053/13/983 991/14/983
f 979/15/984 1061/16/984 973/10/984
f 973/10/985 988/7/985 979/15/985
f 978/3/986 987/7/986 982/12/986
f 987/7/987 976/8/987 982/12/987
f 988/7/988 971/1/988 979/15/988
f 986/9/989 1052/17/989 976/8/989
f 984/11/990 1060/18/990 974/10/990
f 992/19/991 995/20/991 991/14/991
f 982/12/992 1039/5/992 978/3/992
f 976/8/993 975/8/993 1053/13/993
f 977/3/994 990/21/994 981/22/994
f 975/8/995 990/21/995 1053/13/995
f 994/23/996 1055/24/996 996/25/996
f 994/23/997 997/26/997 999/27/997
f 991/14/998 1056/28/998 989/29/998
f 989/29/999 994/23/999 990/21/999
f 992/19/1000 994/23/1000 1054/30/1000
f 1000/31/1001 1002/32/1001 998/33/1001
f 996/25/1002 1000/31/1002 995/20/1002
f 995/20/1003 997/26/1003 993/34/1003
f 998/33/1004 1003/35/1004 999/27/1004
f 1001/36/1005 1003/35/1005 1004/37/1005
f 1001/36/1006 1003/35/1006 1000/31/1006
f 1005/38/1007 1011/39/1007 1059/40/1007
f 973/10/1008 1006/41/1008 983/11/1008
f 977/3/1009 1006/41/1009 1057/4/1009
f 984/11/1010 1057/4/1010 1007/42/1010
f 973/10/1011 974/10/1011 1060/18/1011
f 1013/43/1012 1016/44/1012 1011/39/1012
f 1013/43/1013 1015/45/1013 1018/46/1013
f 1005/38/1014 1010/39/1014 1006/41/1014
f 1008/47/1015 1010/39/1015 1012/48/1015
f 1008/47/1016 1011/39/1016 1007/42/1016
f 1016/44/1017 1019/49/1017 1014/50/1017
f 1015/45/1018 1058/51/1018 1016/44/1018
f 1011/39/1019 1058/51/1019 1009/52/1019
f 1010/39/1020 1058/51/1020 1015/45/1020
f 1015/45/1021 1019/49/1021 1020/53/1021
f 1015/45/1022 1021/54/1022 1017/55/1022
f 1016/44/1023 1021/54/1023 1020/53/1023
f 1014/50/1024 1015/45/1024 1016/44/1024
f 1022/56/1025 1029/57/1025 1025/58/1025
f 1025/58/1026 1064/59/1026 1023/60/1026
f 985/9/1027 1052/17/1027 1024/58/1027
f 971/1/1028 1024/58/1028 1067/6/1028
f 986/9/1029 1067/6/1029 1025/58/1029
f 975/8/1030 976/8/1030 1052/17/1030
f 1028/61/1031 1031/62/1031 1032/63/1031
f 1026/64/1032 1032/63/1032 1066/65/1032
f 1022/56/1033 1028/61/1033 1051/66/1033
f 1024/58/1034 1064/59/1034 1028/61/1034
f 1033/67/1035 1034/68/1035 1036/69/1035
f 1029/57/1036 1031/62/1036 1027/70/1036
f 1029/57/1037 1066/65/1037 1033/67/1037
f 1032/63/1038 1034/68/1038 1030/71/1038
f 1065/72/1039 1036/69/1039 1032/63/1039
f 1037/73/1040 1062/74/1040 1041/75/1040
f 980/15/1041 1063/2/1041 972/1/1041
f 980/15/1042 1061/16/1042 1040/73/1042
f 979/15/1043 1063/2/1043 1037/73/1043
f 974/10/1044 973/10/1044 1061/16/1044
f 1045/76/1045 1048/77/1045 1044/78/1045
f 1042/79/1046 1048/77/1046 1047/80/1046
f 1041/75/1047 1045/76/1047 1040/73/1047
f 1037/73/1048 1043/81/1048 1042/79/1048
f 1038/82/1049 1045/76/1049 1043/81/1049
f 1042/79/1050 1050/83/1050 1046/84/1050
f 1045/76/1051 1050/83/1051 1049/85/1051
f 1049/85/1052 1047/80/1052 1048/77/1052
f 1067/6/1053 1024/58/1053 1025/58/1053
f 1052/17/1054 1025/58/1054 1024/58/1054
f 1053/13/1055 990/21/1055 991/14/1055
f 1054/30/1056 994/23/1056 995/20/1056
f 1055/24/1057 999/27/1057 1000/31/1057
f 1064/59/1058 1029/57/1058 1028/61/1058
f 1031/62/1059 1033/67/1059 1032/63/1059
f 1051/66/1060 1028/61/1060 1029/57/1060
f 1066/65/1061 1032/63/1061 1033/67/1061
f 1063/2/1062 1040/73/1062 1037/73/1062
f 1043/81/1063 1045/76/1063 1042/79/1063
f 1062/74/1063 1042/79/1063 1045/76/1063
f 1061/16/1064 1037/73/1064 1040/73/1064
f 1060/18/1065 1007/42/1065 1006/41/1065
f 1057/4/1066 1006/41/1066 1007/42/1066
f 1059/40/1067 1011/39/1067 1010/39/1067
f 1012/48/1068 1010/39/1068 1011/39/1068
f 1041/75/1069 1040/73/1069 1037/73/1069
f 1042/79/1070 1046/84/1070 1045/76/1070
f 1038/82/1071 1037/73/1071 1040/73/1071
f 1044/78/1072 1042/79/1072 1045/76/1072
f 1022/56/1073 1025/58/1073 1024/58/1073
f 1028/61/1074 1026/64/1074 1029/57/1074
f 1032/63/1075 1030/71/1075 1033/67/1075
f 1025/58/1076 1023/60/1076 1024/58/1076
f 1027/70/1077 1028/61/1077 1029/57/1077
f 1065/72/1078 1032/63/1078 1033/67/1078
f 1001/36/1079 1000/31/1079 999/27/1079
f 996/25/1080 995/20/1080 994/23/1080
f 992/19/1081 991/14/1081 990/21/1081
f 997/26/1082 1000/31/1082 999/27/1082
f 994/23/1083 1056/28/1083 995/20/1083
f 1000/31/1084 998/33/1084 999/27/1084
f 993/34/1085 994/23/1085 995/20/1085
f 991/14/1086 989/29/1086 990/21/1086
f 990/21/1055 1039/5/1055 991/14/1055
f 1006/41/1087 1008/47/1087 1007/42/1087
f 1010/39/1088 1013/43/1088 1011/39/1088
f 1017/55/1089 1016/44/1089 1015/45/1089
f 1009/52/1090 1010/39/1090 1011/39/1090
f 1005/38/1091 1006/41/1091 1007/42/1091
f 1018/46/1092 1015/45/1092 1016/44/1092
f 1068/1/1093 1069/1/1093 1160/2/1093
f 1075/3/1094 1074/3/1094 1154/4/1094
f 1074/3/1095 1075/3/1095 1136/5/1095
f 1069/1/1096 1068/1/1096 1164/6/1096
f 1085/7/1097 1072/8/1097 1082/9/1097
f 1084/7/1098 1069/1/1098 1083/9/1098
f 1071/10/1099 1084/7/1099 1081/11/1099
f 1074/3/1100 1085/7/1100 1080/11/1100
f 1079/12/1101 1150/13/1101 1088/14/1101
f 1076/15/1102 1158/16/1102 1070/10/1102
f 1070/10/1103 1085/7/1103 1076/15/1103
f 1075/3/1104 1084/7/1104 1079/12/1104
f 1084/7/1105 1073/8/1105 1079/12/1105
f 1085/7/1106 1068/1/1106 1076/15/1106
f 1083/9/1107 1149/17/1107 1073/8/1107
f 1081/11/1108 1157/18/1108 1071/10/1108
f 1089/19/1109 1092/20/1109 1088/14/1109
f 1079/12/1110 1136/5/1110 1075/3/1110
f 1073/8/1111 1072/8/1111 1150/13/1111
f 1074/3/1112 1087/21/1112 1078/22/1112
f 1072/8/1113 1087/21/1113 1150/13/1113
f 1091/23/1114 1152/24/1114 1093/25/1114
f 1091/23/1115 1094/26/1115 1096/27/1115
f 1088/14/1116 1153/28/1116 1086/29/1116
f 1086/29/1117 1091/23/1117 1087/21/1117
f 1089/19/1118 1091/23/1118 1151/30/1118
f 1097/31/1119 1099/32/1119 1095/33/1119
f 1093/25/1120 1097/31/1120 1092/20/1120
f 1092/20/1121 1094/26/1121 1090/34/1121
f 1095/33/1122 1100/35/1122 1096/27/1122
f 1098/36/1123 1100/35/1123 1101/37/1123
f 1098/36/1124 1100/35/1124 1097/31/1124
f 1102/38/1125 1108/39/1125 1156/40/1125
f 1070/10/1126 1103/41/1126 1080/11/1126
f 1074/3/1127 1103/41/1127 1154/4/1127
f 1081/11/1128 1154/4/1128 1104/42/1128
f 1070/10/1129 1071/10/1129 1157/18/1129
f 1110/43/1130 1113/44/1130 1108/39/1130
f 1110/43/1131 1112/45/1131 1115/46/1131
f 1102/38/1132 1107/39/1132 1103/41/1132
f 1105/47/1133 1107/39/1133 1109/48/1133
f 1105/47/1134 1108/39/1134 1104/42/1134
f 1113/44/1135 1116/49/1135 1111/50/1135
f 1112/45/1136 1155/51/1136 1113/44/1136
f 1108/39/1137 1155/51/1137 1106/52/1137
f 1107/39/1138 1155/51/1138 1112/45/1138
f 1112/45/1139 1116/49/1139 1117/53/1139
f 1112/45/1140 1118/54/1140 1114/55/1140
f 1113/44/1141 1118/54/1141 1117/53/1141
f 1111/50/1142 1112/45/1142 1113/44/1142
f 1119/56/1143 1126/57/1143 1122/58/1143
f 1122/58/1144 1161/59/1144 1120/60/1144
f 1082/9/1145 1149/17/1145 1121/58/1145
f 1068/1/1146 1121/58/1146 1164/6/1146
f 1083/9/1147 1164/6/1147 1122/58/1147
f 1072/8/1148 1073/8/1148 1149/17/1148
f 1125/61/1149 1128/62/1149 1129/63/1149
f 1123/64/1150 1129/63/1150 1163/65/1150
f 1119/56/1151 1125/61/1151 1148/66/1151
f 1121/58/1152 1161/59/1152 1125/61/1152
f 1130/67/1153 1131/68/1153 1133/69/1153
f 1126/57/1154 1128/62/1154 1124/70/1154
f 1126/57/1155 1163/65/1155 1130/67/1155
f 1129/63/1156 1131/68/1156 1127/71/1156
f 1162/72/1157 1133/69/1157 1129/63/1157
f 1134/73/1158 1159/74/1158 1138/75/1158
f 1077/15/1159 1160/2/1159 1069/1/1159
f 1077/15/1160 1158/16/1160 1137/73/1160
f 1076/15/1161 1160/2/1161 1134/73/1161
f 1071/10/1162 1070/10/1162 1158/16/1162
f 1142/76/1163 1145/77/1163 1141/78/1163
f 1139/79/1164 1145/77/1164 1144/80/1164
f 1138/75/1165 1142/76/1165 1137/73/1165
f 1134/73/1166 1140/81/1166 1139/79/1166
f 1135/82/1167 1142/76/1167 1140/81/1167
f 1139/79/1168 1147/83/1168 1143/84/1168
f 1142/76/1169 1147/83/1169 1146/85/1169
f 1146/85/1170 1144/80/1170 1145/77/1170
f 1164/6/1171 1121/58/1171 1122/58/1171
f 1149/17/1172 1122/58/1172 1121/58/1172
f 1150/13/1173 1087/21/1173 1088/14/1173
f 1151/30/1174 1091/23/1174 1092/20/1174
f 1152/24/1175 1096/27/1175 1097/31/1175
f 1161/59/1176 1126/57/1176 1125/61/1176
f 1128/62/1177 1130/67/1177 1129/63/1177
f 1148/66/1178 1125/61/1178 1126/57/1178
f 1163/65/1179 1129/63/1179 1130/67/1179
f 1160/2/1180 1137/73/1180 1134/73/1180
f 1140/81/1181 1142/76/1181 1139/79/1181
f 1159/74/1181 1139/79/1181 1142/76/1181
f 1158/16/1182 1134/73/1182 1137/73/1182
f 1157/18/1183 1104/42/1183 1103/41/1183
f 1154/4/1184 1103/41/1184 1104/42/1184
f 1156/40/1185 1108/39/1185 1107/39/1185
f 1109/48/1186 1107/39/1186 1108/39/1186
f 1138/75/1187 1137/73/1187 1134/73/1187
f 1139/79/1188 1143/84/1188 1142/76/1188
f 1135/82/1189 1134/73/1189 1137/73/1189
f 1141/78/1190 1139/79/1190 1142/76/1190
f 1119/56/1191 1122/58/1191 1121/58/1191
f 1125/61/1192 1123/64/1192 1126/57/1192
f 1129/63/1193 1127/71/1193 1130/67/1193
f 1122/58/1194 1120/60/1194 1121/58/1194
f 1124/70/1195 1125/61/1195 1126/57/1195
f 1162/72/1196 1129/63/1196 1130/67/1196
f 1098/36/1197 1097/31/1197 1096/27/1197
f 1093/25/1198 1092/20/1198 1091/23/1198
f 1089/19/1199 1088/14/1199 1087/21/1199
f 1094/26/1200 1097/31/1200 1096/27/1200
f 1091/23/1201 1153/28/1201 1092/20/1201
f 1097/31/1202 1095/33/1202 1096/27/1202
f 1090/34/1203 1091/23/1203 1092/20/1203
f 1088/14/1204 1086/29/1204 1087/21/1204
f 1087/21/1173 1136/5/1173 1088/14/1173
f 1103/41/1205 1105/47/1205 1104/42/1205
f 1107/39/1206 1110/43/1206 1108/39/1206
f 1114/55/1207 1113/44/1207 1112/45/1207
f 1106/52/1208 1107/39/1208 1108/39/1208
f 1102/38/1209 1103/41/1209 1104/42/1209
f 1115/46/1210 1112/45/1210 1113/44/1210
f 1165/1/1211 1166/1/1211 1257/2/1211
f 1172/3/1212 1171/3/1212 1251/4/1212
f 1171/3/1213 1172/3/1213 1233/5/1213
f 1166/1/1214 1165/1/1214 1261/6/1214
f 1182/7/1215 1169/8/1215 1179/9/1215
f 1181/7/1216 1166/1/1216 1180/9/1216
f 1168/10/1217 1181/7/1217 1178/11/1217
f 1171/3/1218 1182/7/1218 1177/11/1218
f 1176/12/1219 1247/13/1219 1185/14/1219
f 1173/15/1220 1255/16/1220 1167/10/1220
f 1167/10/1221 1182/7/1221 1173/15/1221
f 1172/3/1222 1181/7/1222 1176/12/1222
f 1181/7/1223 1170/8/1223 1176/12/1223
f 1182/7/1224 1165/1/1224 1173/15/1224
f 1180/9/1225 1246/17/1225 1170/8/1225
f 1178/11/1226 1254/18/1226 1168/10/1226
f 1186/19/1227 1189/20/1227 1185/14/1227
f 1176/12/1228 1233/5/1228 1172/3/1228
f 1170/8/1229 1169/8/1229 1247/13/1229
f 1171/3/1230 1184/21/1230 1175/22/1230
f 1169/8/1231 1184/21/1231 1247/13/1231
f 1188/23/1232 1249/24/1232 1190/25/1232
f 1188/23/1233 1191/26/1233 1193/27/1233
f 1185/14/1234 1250/28/1234 1183/29/1234
f 1183/29/1235 1188/23/1235 1184/21/1235
f 1186/19/1236 1188/23/1236 1248/30/1236
f 1194/31/1237 1196/32/1237 1192/33/1237
f 1190/25/1238 1194/31/1238 1189/20/1238
f 1189/20/1239 1191/26/1239 1187/34/1239
f 1192/33/1240 1197/35/1240 1193/27/1240
f 1195/36/1241 1197/35/1241 1198/37/1241
f 1195/36/1242 1197/35/1242 1194/31/1242
f 1199/38/1243 1205/39/1243 1253/40/1243
f 1167/10/1244 1200/41/1244 1177/11/1244
f 1171/3/1245 1200/41/1245 1251/4/1245
f 1178/11/1246 1251/4/1246 1201/42/1246
f 1167/10/1247 1168/10/1247 1254/18/1247
f 1207/43/1248 1210/44/1248 1205/39/1248
f 1207/43/1249 1209/45/1249 1212/46/1249
f 1199/38/1250 1204/39/1250 1200/41/1250
f 1202/47/1251 1204/39/1251 1206/48/1251
f 1202/47/1252 1205/39/1252 1201/42/1252
f 1210/44/1253 1213/49/1253 1208/50/1253
f 1209/45/1254 1252/51/1254 1210/44/1254
f 1205/39/1255 1252/51/1255 1203/52/1255
f 1204/39/1256 1252/51/1256 1209/45/1256
f 1209/45/1257 1213/49/1257 1214/53/1257
f 1209/45/1258 1215/54/1258 1211/55/1258
f 1210/44/1259 1215/54/1259 1214/53/1259
f 1208/50/1260 1209/45/1260 1210/44/1260
f 1216/56/1261 1223/57/1261 1219/58/1261
f 1219/58/1262 1258/59/1262 1217/60/1262
f 1179/9/1263 1246/17/1263 1218/58/1263
f 1165/1/1264 1218/58/1264 1261/6/1264
f 1180/9/1265 1261/6/1265 1219/58/1265
f 1169/8/1266 1170/8/1266 1246/17/1266
f 1222/61/1267 1225/62/1267 1226/63/1267
f 1220/64/1268 1226/63/1268 1260/65/1268
f 1216/56/1269 1222/61/1269 1245/66/1269
f 1218/58/1270 1258/59/1270 1222/61/1270
f 1227/67/1271 1228/68/1271 1230/69/1271
f 1223/57/1272 1225/62/1272 1221/70/1272
f 1223/57/1273 1260/65/1273 1227/67/1273
f 1226/63/1274 1228/68/1274 1224/71/1274
f 1259/72/1275 1230/69/1275 1226/63/1275
f 1231/73/1276 1256/74/1276 1235/75/1276
f 1174/15/1277 1257/2/1277 1166/1/1277
f 1174/15/1278 1255/16/1278 1234/73/1278
f 1173/15/1279 1257/2/1279 1231/73/1279
f 1168/10/1280 1167/10/1280 1255/16/1280
f 1239/76/1281 1242/77/1281 1238/78/1281
f 1236/79/1282 1242/77/1282 1241/80/1282
f 1235/75/1283 1239/76/1283 1234/73/1283
f 1231/73/1284 1237/81/1284 1236/79/1284
f 1232/82/1285 1239/76/1285 1237/81/1285
f 1236/79/1286 1244/83/1286 1240/84/1286
f 1239/76/1287 1244/83/1287 1243/85/1287
f 1243/85/1288 1241/80/1288 1242/77/1288
f 1261/6/1289 1218/58/1289 1219/58/1289
f 1246/17/1290 1219/58/1290 1218/58/1290
f 1247/13/1291 1184/21/1291 1185/14/1291
f 1248/30/1292 1188/23/1292 1189/20/1292
f 1249/24/1293 1193/27/1293 1194/31/1293
f 1258/59/1294 1223/57/1294 1222/61/1294
f 1225/62/1295 1227/67/1295 1226/63/1295
f 1245/66/1296 1222/61/1296 1223/57/1296
f 1260/65/1297 1226/63/1297 1227/67/1297
f 1257/2/1298 1234/73/1298 1231/73/1298
f 1237/81/1299 1239/76/1299 1236/79/1299
f 1256/74/1299 1236/79/1299 1239/76/1299
f 1255/16/1300 1231/73/1300 1234/73/1300
f 1254/18/1301 1201/42/1301 1200/41/1301
f 1251/4/1302 1200/41/1302 1201/42/1302
f 1253/40/1303 1205/39/1303 1204/39/1303
f 1206/48/1304 1204/39/1304 1205/39/1304
f 1235/75/1305 1234/73/1305 1231/73/1305
f 1236/79/1306 1240/84/1306 1239/76/1306
f 1232/82/1307 1231/73/1307 1234/73/1307
f 1238/78/1308 1236/79/1308 1239/76/1308
f 1216/56/1309 1219/58/1309 1218/58/1309
f 1222/61/1310 1220/64/1310 1223/57/1310
f 1226/63/1311 1224/71/1311 1227/67/1311
f 1219/58/1312 1217/60/1312 1218/58/1312
f 1221/70/1313 1222/61/1313 1223/57/1313
f 1259/72/1314 1226/63/1314 1227/67/1314
f 1195/36/1315 1194/31/1315 1193/27/1315
f 1190/25/1316 1189/20/1316 1188/23/1316
f 1186/19/1317 1185/14/1317 1184/21/1317
f 1191/26/1318 1194/31/1318 1193/27/1318
f 1188/23/1319 1250/28/1319 1189/20/1319
f 1194/31/1320 1192/33/1320 1193/27/1320
f 1187/34/1321 1188/23/1321 1189/20/1321
f 1185/14/1322 1183/29/1322 1184/21/1322
f 1184/21/1291 1233/5/1291 1185/14/1291
f 1200/41/1323 1202/47/1323 1201/42/1323
f 1204/39/1324 1207/43/1324 1205/39/1324
f 1211/55/1325 1210/44/1325 1209/45/1325
f 1203/52/1326 1204/39/1326 1205/39/1326
f 1199/38/1327 1200/41/1327 1201/42/1327
f 1212/46/1328 1209/45/1328 1210/44/1328
f 1262/1/1329 1263/1/1329 1354/2/1329
f 1269/3/1330 1268/3/1330 1348/4/1330
f 1268/3/1331 1269/3/1331 1330/5/1331
f 1263/1/1332 1262/1/1332 1358/6/1332
f 1279/7/1333 1266/8/1333 1276/9/1333
f 1278/7/1334 1263/1/1334 1277/9/1334
f 1265/10/1335 1278/7/1335 1275/11/1335
f 1268/3/1336 1279/7/1336 1274/11/1336
f 1273/12/1337 1344/13/1337 1282/14/1337
f 1270/15/1338 1352/16/1338 1264/10/1338
f 1264/10/1339 1279/7/1339 1270/15/1339
f 1269/3/1340 1278/7/1340 1273/12/1340
f 1278/7/1341 1267/8/1341 1273/12/1341
f 1279/7/1342 1262/1/1342 1270/15/1342
f 1277/9/1343 1343/17/1343 1267/8/1343
f 1275/11/1344 1351/18/1344 1265/10/1344
f 1283/19/1345 1286/20/1345 1282/14/1345
f 1273/12/1346 1330/5/1346 1269/3/1346
f 1267/8/1347 1266/8/1347 1344/13/1347
f 1268/3/1348 1281/21/1348 1272/22/1348
f 1266/8/1349 1281/21/1349 1344/13/1349
f 1285/23/1350 1346/24/1350 1287/25/1350
f 1285/23/1351 1288/26/1351 1290/27/1351
f 1282/14/1352 1347/28/1352 1280/29/1352
f 1280/29/1353 1285/23/1353 1281/21/1353
f 1283/19/1354 1285/23/1354 1345/30/1354
f 1291/31/1355 1293/32/1355 1289/33/1355
f 1287/25/1356 1291/31/1356 1286/20/1356
f 1286/20/1357 1288/26/1357 1284/34/1357
f 1289/33/1358 1294/35/1358 1290/27/1358
f 1292/36/1359 1295/37/1359 1294/35/1359
f 1292/36/1360 1294/35/1360 1291/31/1360
f 1296/38/1361 1302/39/1361 1350/40/1361
f 1264/10/1362 1297/41/1362 1274/11/1362
f 1268/3/1363 1297/41/1363 1348/4/1363
f 1275/11/1364 1348/4/1364 1298/42/1364
f 1264/10/1365 1265/10/1365 1351/18/1365
f 1304/43/1366 1307/44/1366 1302/39/1366
f 1304/43/1367 1306/45/1367 1309/46/1367
f 1296/38/1368 1301/39/1368 1297/41/1368
f 1299/47/1369 1301/39/1369 1303/48/1369
f 1299/47/1370 1302/39/1370 1298/42/1370
f 1307/44/1371 1310/49/1371 1305/50/1371
f 1306/45/1372 1349/51/1372 1307/44/1372
f 1302/39/1373 1349/51/1373 1300/52/1373
f 1301/39/1374 1349/51/1374 1306/45/1374
f 1306/45/1375 1310/49/1375 1311/53/1375
f 1306/45/1376 1312/54/1376 1308/55/1376
f 1307/44/1377 1312/54/1377 1311/53/1377
f 1305/50/1378 1306/45/1378 1307/44/1378
f 1313/56/1379 1320/57/1379 1316/58/1379
f 1316/58/1380 1355/59/1380 1314/60/1380
f 1276/9/1381 1343/17/1381 1315/58/1381
f 1262/1/1382 1315/58/1382 1358/6/1382
f 1277/9/1383 1358/6/1383 1316/58/1383
f 1266/8/1384 1267/8/1384 1343/17/1384
f 1319/61/1385 1322/62/1385 1323/63/1385
f 1317/64/1386 1323/63/1386 1357/65/1386
f 1313/56/1387 1319/61/1387 1342/66/1387
f 1315/58/1388 1355/59/1388 1319/61/1388
f 1324/67/1389 1325/68/1389 1327/69/1389
f 1320/57/1390 1322/62/1390 1318/70/1390
f 1320/57/1391 1357/65/1391 1324/67/1391
f 1323/63/1392 1325/68/1392 1321/71/1392
f 1356/72/1393 1327/69/1393 1323/63/1393
f 1328/73/1394 1353/74/1394 1332/75/1394
f 1271/15/1395 1354/2/1395 1263/1/1395
f 1271/15/1396 1352/16/1396 1331/73/1396
f 1270/15/1397 1354/2/1397 1328/73/1397
f 1265/10/1398 1264/10/1398 1352/16/1398
f 1336/76/1399 1339/77/1399 1335/78/1399
f 1333/79/1400 1339/77/1400 1338/80/1400
f 1332/75/1401 1336/76/1401 1331/73/1401
f 1328/73/1402 1334/81/1402 1333/79/1402
f 1329/82/1403 1336/76/1403 1334/81/1403
f 1333/79/1404 1341/83/1404 1337/84/1404
f 1336/76/1405 1341/83/1405 1340/85/1405
f 1340/85/1406 1338/80/1406 1339/77/1406
f 1358/6/1407 1315/58/1407 1316/58/1407
f 1343/17/1408 1316/58/1408 1315/58/1408
f 1344/13/1409 1281/21/1409 1282/14/1409
f 1345/30/1410 1285/23/1410 1286/20/1410
f 1346/24/1411 1290/27/1411 1291/31/1411
f 1355/59/1412 1320/57/1412 1319/61/1412
f 1322/62/1413 1324/67/1413 1323/63/1413
f 1342/66/1414 1319/61/1414 1320/57/1414
f 1357/65/1415 1323/63/1415 1324/67/1415
f 1354/2/1416 1331/73/1416 1328/73/1416
f 1334/81/1417 1336/76/1417 1333/79/1417
f 1353/74/1417 1333/79/1417 1336/76/1417
f 1352/16/1418 1328/73/1418 1331/73/1418
f 1351/18/1419 1298/42/1419 1297/41/1419
f 1348/4/1420 1297/41/1420 1298/42/1420
f 1350/40/1421 1302/39/1421 1301/39/1421
f 1303/48/1422 1301/39/1422 1302/39/1422
f 1332/75/1423 1331/73/1423 1328/73/1423
f 1333/79/1424 1337/84/1424 1336/76/1424
f 1329/82/1425 1328/73/1425 1331/73/1425
f 1335/78/1426 1333/79/1426 1336/76/1426
f 1313/56/1427 1316/58/1427 1315/58/1427
f 1319/61/1428 1317/64/1428 1320/57/1428
f 1323/63/1429 1321/71/1429 1324/67/1429
f 1316/58/1430 1314/60/1430 1315/58/1430
f 1318/70/1431 1319/61/1431 1320/57/1431
f 1356/72/1432 1323/63/1432 1324/67/1432
f 1292/36/1433 1291/31/1433 1290/27/1433
f 1287/25/1434 1286/20/1434 1285/23/1434
f 1283/19/1435 1282/14/1435 1281/21/1435
f 1288/26/1436 1291/31/1436 1290/27/1436
f 1285/23/1437 1347/28/1437 1286/20/1437
f 1291/31/1438 1289/33/1438 1290/27/1438
f 1284/34/1439 1285/23/1439 1286/20/1439
f 1282/14/1440 1280/29/1440 1281/21/1440
f 1281/21/1409 1330/5/1409 1282/14/1409
f 1297/41/1441 1299/47/1441 1298/42/1441
f 1301/39/1442 1304/43/1442 1302/39/1442
f 1308/55/1443 1307/44/1443 1306/45/1443
f 1300/52/1444 1301/39/1444 1302/39/1444
f 1296/38/1445 1297/41/1445 1298/42/1445
f 1309/46/1446 1306/45/1446 1307/44/1446
f 1359/1/1447 1360/1/1447 1451/2/1447
f 1366/3/1448 1365/3/1448 1445/4/1448
f 1365/3/1449 1366/3/1449 1427/5/1449
f 1360/1/1450 1359/1/1450 1455/6/1450
f 1376/7/1451 1363/8/1451 1373/9/1451
f 1375/7/1452 1360/1/1452 1374/9/1452
f 1362/10/1453 1375/7/1453 1372/11/1453
f 1365/3/1454 1376/7/1454 1371/11/1454
f 1370/12/1455 1441/13/1455 1379/14/1455
f 1367/15/1456 1449/16/1456 1361/10/1456
f 1361/10/1457 1376/7/1457 1367/15/1457
f 1366/3/1458 1375/7/1458 1370/12/1458
f 1375/7/1459 1364/8/1459 1370/12/1459
f 1376/7/1460 1359/1/1460 1367/15/1460
f 1374/9/1461 1440/17/1461 1364/8/1461
f 1372/11/1462 1448/18/1462 1362/10/1462
f 1380/19/1463 1383/20/1463 1379/14/1463
f 1370/12/1464 1427/5/1464 1366/3/1464
f 1364/8/1465 1363/8/1465 1441/13/1465
f 1365/3/1466 1378/21/1466 1369/22/1466
f 1363/8/1467 1378/21/1467 1441/13/1467
f 1382/23/1468 1443/24/1468 1384/25/1468
f 1382/23/1469 1385/26/1469 1387/27/1469
f 1379/14/1470 1444/28/1470 1377/29/1470
f 1377/29/1471 1382/23/1471 1378/21/1471
f 1380/19/1472 1382/23/1472 1442/30/1472
f 1388/31/1473 1390/32/1473 1386/33/1473
f 1384/25/1474 1388/31/1474 1383/20/1474
f 1383/20/1475 1385/26/1475 1381/34/1475
f 1386/33/1476 1391/35/1476 1387/27/1476
f 1389/36/1477 1391/35/1477 1392/37/1477
f 1389/36/1478 1391/35/1478 1388/31/1478
f 1393/38/1479 1399/39/1479 1447/40/1479
f 1361/10/1480 1394/41/1480 1371/11/1480
f 1365/3/1481 1394/41/1481 1445/4/1481
f 1372/11/1482 1445/4/1482 1395/42/1482
f 1361/10/1483 1362/10/1483 1448/18/1483
f 1401/43/1484 1404/44/1484 1399/39/1484
f 1401/43/1485 1403/45/1485 1406/46/1485
f 1393/38/1486 1398/39/1486 1394/41/1486
f 1396/47/1487 1398/39/1487 1400/48/1487
f 1396/47/1488 1399/39/1488 1395/42/1488
f 1404/44/1489 1407/49/1489 1402/50/1489
f 1403/45/1490 1446/51/1490 1404/44/1490
f 1399/39/1491 1446/51/1491 1397/52/1491
f 1398/39/1492 1446/51/1492 1403/45/1492
f 1403/45/1493 1407/49/1493 1408/53/1493
f 1403/45/1494 1409/54/1494 1405/55/1494
f 1404/44/1495 1409/54/1495 1408/53/1495
f 1402/50/1496 1403/45/1496 1404/44/1496
f 1410/56/1497 1417/57/1497 1413/58/1497
f 1413/58/1498 1452/59/1498 1411/60/1498
f 1373/9/1499 1440/17/1499 1412/58/1499
f 1359/1/1500 1412/58/1500 1455/6/1500
f 1374/9/1501 1455/6/1501 1413/58/1501
f 1363/8/1502 1364/8/1502 1440/17/1502
f 1416/61/1503 1419/62/1503 1420/63/1503
f 1414/64/1504 1420/63/1504 1454/65/1504
f 1410/56/1505 1416/61/1505 1439/66/1505
f 1412/58/1506 1452/59/1506 1416/61/1506
f 1421/67/1507 1422/68/1507 1424/69/1507
f 1417/57/1508 1419/62/1508 1415/70/1508
f 1417/57/1509 1454/65/1509 1421/67/1509
f 1420/63/1510 1422/68/1510 1418/71/1510
f 1453/72/1511 1424/69/1511 1420/63/1511
f 1425/73/1512 1450/74/1512 1429/75/1512
f 1368/15/1513 1451/2/1513 1360/1/1513
f 1368/15/1514 1449/16/1514 1428/73/1514
f 1367/15/1515 1451/2/1515 1425/73/1515
f 1362/10/1516 1361/10/1516 1449/16/1516
f 1433/76/1517 1436/77/1517 1432/78/1517
f 1430/79/1518 1436/77/1518 1435/80/1518
f 1429/75/1519 1433/76/1519 1428/73/1519
f 1425/73/1520 1431/81/1520 1430/79/1520
f 1426/82/1521 1433/76/1521 1431/81/1521
f 1430/79/1522 1438/83/1522 1434/84/1522
f 1433/76/1523 1438/83/1523 1437/85/1523
f 1437/85/1524 1435/80/1524 1436/77/1524
f 1455/6/1525 1412/58/1525 1413/58/1525
f 1440/17/1526 1413/58/1526 1412/58/1526
f 1441/13/1527 1378/21/1527 1379/14/1527
f 1442/30/1528 1382/23/1528 1383/20/1528
f 1443/24/1529 1387/27/1529 1388/31/1529
f 1452/59/1530 1417/57/1530 1416/61/1530
f 1419/62/1531 1421/67/1531 1420/63/1531
f 1439/66/1532 1416/61/1532 1417/57/1532
f 1454/65/1533 1420/63/1533 1421/67/1533
f 1451/2/1534 1428/73/1534 1425/73/1534
f 1431/81/1535 1433/76/1535 1430/79/1535
f 1450/74/1535 1430/79/1535 1433/76/1535
f 1449/16/1536 1425/73/1536 1428/73/1536
f 1448/18/1537 1395/42/1537 1394/41/1537
f 1445/4/1538 1394/41/1538 1395/42/1538
f 1447/40/1539 1399/39/1539 1398/39/1539
f 1400/48/1540 1398/39/1540 1399/39/1540
f 1429/75/1541 1428/73/1541 1425/73/1541
f 1430/79/1542 1434/84/1542 1433/76/1542
f 1426/82/1543 1425/73/1543 1428/73/1543
f 1432/78/1544 1430/79/1544 1433/76/1544
f 1410/56/1545 1413/58/1545 1412/58/1545
f 1416/61/1546 1414/64/1546 1417/57/1546
f 1420/63/1547 1418/71/1547 1421/67/1547
f 1413/58/1548 1411/60/1548 1412/58/1548
f 1415/70/1549 1416/61/1549 1417/57/1549
f 1453/72/1550 1420/63/1550 1421/67/1550
f 1389/36/1551 1388/31/1551 1387/27/1551
f 1384/25/1552 1383/20/1552 1382/23/1552
f 1380/19/1553 1379/14/1553 1378/21/1553
f 1385/26/1554 1388/31/1554 1387/27/1554
f 1382/23/1555 1444/28/1555 1383/20/1555
f 1388/31/1556 1386/33/1556 1387/27/1556
f 1381/34/1557 1382/23/1557 1383/20/1557
f 1379/14/1558 1377/29/1558 1378/21/1558
f 1378/21/1527 1427/5/1527 1379/14/1527
f 1394/41/1559 1396/47/1559 1395/42/1559
f 1398/39/1560 1401/43/1560 1399/39/1560
f 1405/55/1561 1404/44/1561 1403/45/1561
f 1397/52/1562 1398/39/1562 1399/39/1562
f 1393/38/1563 1394/41/1563 1395/42/1563
f 1406/46/1564 1403/45/1564 1404/44/1564
f 1456/1/1565 1457/1/1565 1548/2/1565
f 1463/3/1566 1462/3/1566 1542/4/1566
f 1462/3/1567 1463/3/1567 1524/5/1567
f 1457/1/1568 1456/1/1568 1552/6/1568
f 1473/7/1569 1460/8/1569 1470/9/1569
f 1472/7/1570 1457/1/1570 1471/9/1570
f 1459/10/1571 1472/7/1571 1469/11/1571
f 1462/3/1572 1473/7/1572 1468/11/1572
f 1467/12/1573 1538/13/1573 1476/14/1573
f 1464/15/1574 1546/16/1574 1458/10/1574
f 1458/10/1575 1473/7/1575 1464/15/1575
f 1463/3/1576 1472/7/1576 1467/12/1576
f 1472/7/1577 1461/8/1577 1467/12/1577
f 1473/7/1578 1456/1/1578 1464/15/1578
f 1471/9/1579 1537/17/1579 1461/8/1579
f 1469/11/1580 1545/18/1580 1459/10/1580
f 1477/19/1581 1480/20/1581 1476/14/1581
f 1467/12/1582 1524/5/1582 1463/3/1582
f 1461/8/1583 1460/8/1583 1538/13/1583
f 1462/3/1584 1475/21/1584 1466/22/1584
f 1460/8/1585 1475/21/1585 1538/13/1585
f 1479/23/1586 1540/24/1586 1481/25/1586
f 1479/23/1587 1482/26/1587 1484/27/1587
f 1476/14/1588 1541/28/1588 1474/29/1588
f 1474/29/1589 1479/23/1589 1475/21/1589
f 1477/19/1590 1479/23/1590 1539/30/1590
f 1485/31/1591 1487/32/1591 1483/33/1591
f 1481/25/1592 1485/31/1592 1480/20/1592
f 1480/20/1593 1482/26/1593 1478/34/1593
f 1483/33/1594 1488/35/1594 1484/27/1594
f 1486/36/1595 1488/35/1595 1489/37/1595
f 1486/36/1596 1488/35/1596 1485/31/1596
f 1490/38/1597 1496/39/1597 1544/40/1597
f 1458/10/1598 1491/41/1598 1468/11/1598
f 1462/3/1599 1491/41/1599 1542/4/1599
f 1469/11/1600 1542/4/1600 1492/42/1600
f 1458/10/1601 1459/10/1601 1545/18/1601
f 1498/43/1602 1501/44/1602 1496/39/1602
f 1498/43/1603 1500/45/1603 1503/46/1603
f 1490/38/1604 1495/39/1604 1491/41/1604
f 1493/47/1605 1495/39/1605 1497/48/1605
f 1493/47/1606 1496/39/1606 1492/42/1606
f 1501/44/1607 1504/49/1607 1499/50/1607
f 1500/45/1608 1543/51/1608 1501/44/1608
f 1496/39/1609 1543/51/1609 1494/52/1609
f 1495/39/1610 1543/51/1610 1500/45/1610
f 1500/45/1611 1504/49/1611 1505/53/1611
f 1500/45/1612 1506/54/1612 1502/55/1612
f 1501/44/1613 1506/54/1613 1505/53/1613
f 1499/50/1614 1500/45/1614 1501/44/1614
f 1507/56/1615 1514/57/1615 1510/58/1615
f 1510/58/1616 1549/59/1616 1508/60/1616
f 1470/9/1617 1537/17/1617 1509/58/1617
f 1456/1/1618 1509/58/1618 1552/6/1618
f 1471/9/1619 1552/6/1619 1510/58/1619
f 1460/8/1620 1461/8/1620 1537/17/1620
f 1513/61/1621 1516/62/1621 1517/63/1621
f 1511/64/1622 1517/63/1622 1551/65/1622
f 1507/56/1623 1513/61/1623 1536/66/1623
f 1509/58/1624 1549/59/1624 1513/61/1624
f 1518/67/1625 1519/68/1625 1521/69/1625
f 1514/57/1626 1516/62/1626 1512/70/1626
f 1514/57/1627 1551/65/1627 1518/67/1627
f 1517/63/1628 1519/68/1628 1515/71/1628
f 1550/72/1629 1521/69/1629 1517/63/1629
f 1522/73/1630 1547/74/1630 1526/75/1630
f 1465/15/1631 1548/2/1631 1457/1/1631
f 1465/15/1632 1546/16/1632 1525/73/1632
f 1464/15/1633 1548/2/1633 1522/73/1633
f 1459/10/1634 1458/10/1634 1546/16/1634
f 1530/76/1635 1533/77/1635 1529/78/1635
f 1527/79/1636 1533/77/1636 1532/80/1636
f 1526/75/1637 1530/76/1637 1525/73/1637
f 1522/73/1638 1528/81/1638 1527/79/1638
f 1523/82/1639 1530/76/1639 1528/81/1639
f 1527/79/1640 1535/83/1640 1531/84/1640
f 1530/76/1641 1535/83/1641 1534/85/1641
f 1534/85/1642 1532/80/1642 1533/77/1642
f 1552/6/1643 1509/58/1643 1510/58/1643
f 1537/17/1644 1510/58/1644 1509/58/1644
f 1538/13/1645 1475/21/1645 1476/14/1645
f 1539/30/1646 1479/23/1646 1480/20/1646
f 1540/24/1647 1484/27/1647 1485/31/1647
f 1549/59/1648 1514/57/1648 1513/61/1648
f 1516/62/1649 1518/67/1649 1517/63/1649
f 1536/66/1650 1513/61/1650 1514/57/1650
f 1551/65/1651 1517/63/1651 1518/67/1651
f 1548/2/1652 1525/73/1652 1522/73/1652
f 1528/81/1653 1530/76/1653 1527/79/1653
f 1547/74/1653 1527/79/1653 1530/76/1653
f 1546/16/1654 1522/73/1654 1525/73/1654
f 1545/18/1655 1492/42/1655 1491/41/1655
f 1542/4/1656 1491/41/1656 1492/42/1656
f 1544/40/1657 1496/39/1657 1495/39/1657
f 1497/48/1658 1495/39/1658 1496/39/1658
f 1526/75/1659 1525/73/1659 1522/73/1659
f 1527/79/1660 1531/84/1660 1530/76/1660
f 1523/82/1661 1522/73/1661 1525/73/1661
f 1529/78/1662 1527/79/1662 1530/76/1662
f 1507/56/1663 1510/58/1663 1509/58/1663
f 1513/61/1664 1511/64/1664 1514/57/1664
f 1517/63/1665 1515/71/1665 1518/67/1665
f 1510/58/1666 1508/60/1666 1509/58/1666
f 1512/70/1667 1513/61/1667 1514/57/1667
f 1550/72/1668 1517/63/1668 1518/67/1668
f 1486/36/1669 1485/31/1669 1484/27/1669
f 1481/25/1670 1480/20/1670 1479/23/1670
f 1477/19/1671 1476/14/1671 1475/21/1671
f 1482/26/1672 1485/31/1672 1484/27/1672
f 1479/23/1673 1541/28/1673 1480/20/1673
f 1485/31/1674 1483/33/1674 1484/27/1674
f 1478/34/1675 1479/23/1675 1480/20/1675
f 1476/14/1676 1474/29/1676 1475/21/1676
f 1475/21/1645 1524/5/1645 1476/14/1645
f 1491/41/1677 1493/47/1677 1492/42/1677
f 1495/39/1678 1498/43/1678 1496/39/1678
f 1502/55/1679 1501/44/1679 1500/45/1679
f 1494/52/1680 1495/39/1680 1496/39/1680
f 1490/38/1681 1491/41/1681 1492/42/1681
f 1503/46/1682 1500/45/1682 1501/44/1682
f 1553/1/1683 1554/1/1683 1645/2/1683
f 1560/3/1684 1559/3/1684 1639/4/1684
f 1559/3/1685 1560/3/1685 1621/5/1685
f 1554/1/1686 1553/1/1686 1649/6/1686
f 1570/7/1687 1557/8/1687 1567/9/1687
f 1569/7/1688 1554/1/1688 1568/9/1688
f 1556/10/1689 1569/7/1689 1566/11/1689
f 1559/3/1690 1570/7/1690 1565/11/1690
f 1564/12/1691 1635/13/1691 1573/14/1691
f 1561/15/1692 1643/16/1692 1555/10/1692
f 1555/10/1693 1570/7/1693 1561/15/1693
f 1560/3/1694 1569/7/1694 1564/12/1694
f 1569/7/1695 1558/8/1695 1564/12/1695
f 1570/7/1696 1553/1/1696 1561/15/1696
f 1568/9/1697 1634/17/1697 1558/8/1697
f 1566/11/1698 1642/18/1698 1556/10/1698
f 1574/19/1699 1577/20/1699 1573/14/1699
f 1564/12/1700 1621/5/1700 1560/3/1700
f 1558/8/1701 1557/8/1701 1635/13/1701
f 1559/3/1702 1572/21/1702 1563/22/1702
f 1557/8/1703 1572/21/1703 1635/13/1703
f 1576/23/1704 1637/24/1704 1578/25/1704
f 1576/23/1705 1579/26/1705 1581/27/1705
f 1573/14/1706 1638/28/1706 1571/29/1706
f 1571/29/1707 1576/23/1707 1572/21/1707
f 1574/19/1708 1576/23/1708 1636/30/1708
f 1582/31/1709 1584/32/1709 1580/33/1709
f 1578/25/1710 1582/31/1710 1577/20/1710
f 1577/20/1711 1579/26/1711 1575/34/1711
f 1580/33/1712 1585/35/1712 1581/27/1712
f 1583/36/1713 1586/37/1713 1585/35/1713
f 1583/36/1714 1585/35/1714 1582/31/1714
f 1587/38/1715 1593/39/1715 1641/40/1715
f 1555/10/1716 1588/41/1716 1565/11/1716
f 1559/3/1717 1588/41/1717 1639/4/1717
f 1566/11/1718 1639/4/1718 1589/42/1718
f 1555/10/1719 1556/10/1719 1642/18/1719
f 1595/43/1720 1598/44/1720 1593/39/1720
f 1595/43/1721 1597/45/1721 1600/46/1721
f 1587/38/1722 1592/39/1722 1588/41/1722
f 1590/47/1723 1592/39/1723 1594/48/1723
f 1590/47/1724 1593/39/1724 1589/42/1724
f 1598/44/1725 1601/49/1725 1596/50/1725
f 1597/45/1726 1640/51/1726 1598/44/1726
f 1593/39/1727 1640/51/1727 1591/52/1727
f 1592/39/1728 1640/51/1728 1597/45/1728
f 1597/45/1729 1601/49/1729 1602/53/1729
f 1597/45/1730 1603/54/1730 1599/55/1730
f 1598/44/1731 1603/54/1731 1602/53/1731
f 1596/50/1732 1597/45/1732 1598/44/1732
f 1604/56/1733 1611/57/1733 1607/58/1733
f 1607/58/1734 1646/59/1734 1605/60/1734
f 1567/9/1735 1634/17/1735 1606/58/1735
f 1553/1/1736 1606/58/1736 1649/6/1736
f 1568/9/1737 1649/6/1737 1607/58/1737
f 1557/8/1738 1558/8/1738 1634/17/1738
f 1610/61/1739 1613/62/1739 1614/63/1739
f 1608/64/1740 1614/63/1740 1648/65/1740
f 1604/56/1741 1610/61/1741 1633/66/1741
f 1606/58/1742 1646/59/1742 1610/61/1742
f 1615/67/1743 1616/68/1743 1618/69/1743
f 1611/57/1744 1613/62/1744 1609/70/1744
f 1611/57/1745 1648/65/1745 1615/67/1745
f 1614/63/1746 1616/68/1746 1612/71/1746
f 1647/72/1747 1618/69/1747 1614/63/1747
f 1619/73/1748 1644/74/1748 1623/75/1748
f 1562/15/1749 1645/2/1749 1554/1/1749
f 1562/15/1750 1643/16/1750 1622/73/1750
f 1561/15/1751 1645/2/1751 1619/73/1751
f 1556/10/1752 1555/10/1752 1643/16/1752
f 1627/76/1753 1630/77/1753 1626/78/1753
f 1624/79/1754 1630/77/1754 1629/80/1754
f 1623/75/1755 1627/76/1755 1622/73/1755
f 1619/73/1756 1625/81/1756 1624/79/1756
f 1620/82/1757 1627/76/1757 1625/81/1757
f 1624/79/1758 1632/83/1758 1628/84/1758
f 1627/76/1759 1632/83/1759 1631/85/1759
f 1631/85/1760 1629/80/1760 1630/77/1760
f 1649/6/1761 1606/58/1761 1607/58/1761
f 1634/17/1762 1607/58/1762 1606/58/1762
f 1635/13/1763 1572/21/1763 1573/14/1763
f 1636/30/1764 1576/23/1764 1577/20/1764
f 1637/24/1765 1581/27/1765 1582/31/1765
f 1646/59/1766 1611/57/1766 1610/61/1766
f 1613/62/1767 1615/67/1767 1614/63/1767
f 1633/66/1768 1610/61/1768 1611/57/1768
f 1648/65/1769 1614/63/1769 1615/67/1769
f 1645/2/1770 1622/73/1770 1619/73/1770
f 1625/81/1771 1627/76/1771 1624/79/1771
f 1644/74/1771 1624/79/1771 1627/76/1771
f 1643/16/1772 1619/73/1772 1622/73/1772
f 1642/18/1773 1589/42/1773 1588/41/1773
f 1639/4/1774 1588/41/1774 1589/42/1774
f 1641/40/1775 1593/39/1775 1592/39/1775
f 1594/48/1776 1592/39/1776 1593/39/1776
f 1623/75/1777 1622/73/1777 1619/73/1777
f 1624/79/1778 1628/84/1778 1627/76/1778
f 1620/82/1779 1619/73/1779 1622/73/1779
f 1626/78/1780 1624/79/1780 1627/76/1780
f 1604/56/1781 1607/58/1781 1606/58/1781
f 1610/61/1782 1608/64/1782 1611/57/1782
f 1614/63/1783 1612/71/1783 1615/67/1783
f 1607/58/1784 1605/60/1784 1606/58/1784
f 1609/70/1785 1610/61/1785 1611/57/1785
f 1647/72/1786 1614/63/1786 1615/67/1786
f 1583/36/1787 1582/31/1787 1581/27/1787
f 1578/25/1788 1577/20/1788 1576/23/1788
f 1574/19/1789 1573/14/1789 1572/21/1789
f 1579/26/1790 1582/31/1790 1581/27/1790
f 1576/23/1791 1638/28/1791 1577/20/1791
f 1582/31/1792 1580/33/1792 1581/27/1792
f 1575/34/1793 1576/23/1793 1577/20/1793
f 1573/14/1794 1571/29/1794 1572/21/1794
f 1572/21/1763 1621/5/1763 1573/14/1763
f 1588/41/1795 1590/47/1795 1589/42/1795
f 1592/39/1796 1595/43/1796 1593/39/1796
f 1599/55/1797 1598/44/1797 1597/45/1797
f 1591/52/1798 1592/39/1798 1593/39/1798
f 1587/38/1799 1588/41/1799 1589/42/1799
f 1600/46/1800 1597/45/1800 1598/44/1800
f 1650/1/1801 1651/1/1801 1742/2/1801
f 1657/3/1802 1656/3/1802 1736/4/1802
f 1656/3/1803 1657/3/1803 1718/5/1803
f 1651/1/1804 1650/1/1804 1746/6/1804
f 1667/7/1805 1654/8/1805 1664/9/1805
f 1666/7/1806 1651/1/1806 1665/9/1806
f 1653/10/1807 1666/7/1807 1663/11/1807
f 1656/3/1808 1667/7/1808 1662/11/1808
f 1661/12/1809 1732/13/1809 1670/14/1809
f 1658/15/1810 1740/16/1810 1652/10/1810
f 1652/10/1811 1667/7/1811 1658/15/1811
f 1657/3/1812 1666/7/1812 1661/12/1812
f 1666/7/1813 1655/8/1813 1661/12/1813
f 1667/7/1814 1650/1/1814 1658/15/1814
f 1665/9/1815 1731/17/1815 1655/8/1815
f 1663/11/1816 1739/18/1816 1653/10/1816
f 1671/19/1817 1674/20/1817 1670/14/1817
f 1661/12/1818 1718/5/1818 1657/3/1818
f 1655/8/1819 1654/8/1819 1732/13/1819
f 1656/3/1820 1669/21/1820 1660/22/1820
f 1654/8/1821 1669/21/1821 1732/13/1821
f 1673/23/1822 1734/24/1822 1675/25/1822
f 1673/23/1823 1676/26/1823 1678/27/1823
f 1670/14/1824 1735/28/1824 1668/29/1824
f 1668/29/1825 1673/23/1825 1669/21/1825
f 1671/19/1826 1673/23/1826 1733/30/1826
f 1679/31/1827 1681/32/1827 1677/33/1827
f 1675/25/1828 1679/31/1828 1674/20/1828
f 1674/20/1829 1676/26/1829 1672/34/1829
f 1677/33/1830 1682/35/1830 1678/27/1830
f 1680/36/1831 1682/35/1831 1683/37/1831
f 1680/36/1832 1682/35/1832 1679/31/1832
f 1684/38/1833 1690/39/1833 1738/40/1833
f 1652/10/1834 1685/41/1834 1662/11/1834
f 1656/3/1835 1685/41/1835 1736/4/1835
f 1663/11/1836 1736/4/1836 1686/42/1836
f 1652/10/1837 1653/10/1837 1739/18/1837
f 1692/43/1838 1695/44/1838 1690/39/1838
f 1692/43/1839 1694/45/1839 1697/46/1839
f 1684/38/1840 1689/39/1840 1685/41/1840
f 1687/47/1841 1689/39/1841 1691/48/1841
f 1687/47/1842 1690/39/1842 1686/42/1842
f 1695/44/1843 1698/49/1843 1693/50/1843
f 1694/45/1844 1737/51/1844 1695/44/1844
f 1690/39/1845 1737/51/1845 1688/52/1845
f 1689/39/1846 1737/51/1846 1694/45/1846
f 1694/45/1847 1698/49/1847 1699/53/1847
f 1694/45/1848 1700/54/1848 1696/55/1848
f 1695/44/1849 1700/54/1849 1699/53/1849
f 1693/50/1850 1694/45/1850 1695/44/1850
f 1701/56/1851 1708/57/1851 1704/58/1851
f 1704/58/1852 1743/59/1852 1702/60/1852
f 1664/9/1853 1731/17/1853 1703/58/1853
f 1650/1/1854 1703/58/1854 1746/6/1854
f 1665/9/1855 1746/6/1855 1704/58/1855
f 1654/8/1856 1655/8/1856 1731/17/1856
f 1707/61/1857 1710/62/1857 1711/63/1857
f 1705/64/1858 1711/63/1858 1745/65/1858
f 1701/56/1859 1707/61/1859 1730/66/1859
f 1703/58/1860 1743/59/1860 1707/61/1860
f 1712/67/1861 1713/68/1861 1715/69/1861
f 1708/57/1862 1710/62/1862 1706/70/1862
f 1708/57/1863 1745/65/1863 1712/67/1863
f 1711/63/1864 1713/68/1864 1709/71/1864
f 1744/72/1865 1715/69/1865 1711/63/1865
f 1716/73/1866 1741/74/1866 1720/75/1866
f 1659/15/1867 1742/2/1867 1651/1/1867
f 1659/15/1868 1740/16/1868 1719/73/1868
f 1658/15/1869 1742/2/1869 1716/73/1869
f 1653/10/1870 1652/10/1870 1740/16/1870
f 1724/76/1871 1727/77/1871 1723/78/1871
f 1721/79/1872 1727/77/1872 1726/80/1872
f 1720/75/1873 1724/76/1873 1719/73/1873
f 1716/73/1874 1722/81/1874 1721/79/1874
f 1717/82/1875 1724/76/1875 1722/81/1875
f 1721/79/1876 1729/83/1876 1725/84/1876
f 1724/76/1877 1729/83/1877 1728/85/1877
f 1728/85/1878 1726/80/1878 1727/77/1878
f 1746/6/1879 1703/58/1879 1704/58/1879
f 1731/17/1880 1704/58/1880 1703/58/1880
f 1732/13/1881 1669/21/1881 1670/14/1881
f 1733/30/1882 1673/23/1882 1674/20/1882
f 1734/24/1883 1678/27/1883 1679/31/1883
f 1743/59/1884 1708/57/1884 1707/61/1884
f 1710/62/1885 1712/67/1885 1711/63/1885
f 1730/66/1886 1707/61/1886 1708/57/1886
f 1745/65/1887 1711/63/1887 1712/67/1887
f 1742/2/1888 1719/73/1888 1716/73/1888
f 1722/81/1889 1724/76/1889 1721/79/1889
f 1741/74/1889 1721/79/1889 1724/76/1889
f 1740/16/1890 1716/73/1890 1719/73/1890
f 1739/18/1891 1686/42/1891 1685/41/1891
f 1736/4/1892 1685/41/1892 1686/42/1892
f 1738/40/1893 1690/39/1893 1689/39/1893
f 1691/48/1894 1689/39/1894 1690/39/1894
f 1720/75/1895 1719/73/1895 1716/73/1895
f 1721/79/1896 1725/84/1896 1724/76/1896
f 1717/82/1897 1716/73/1897 1719/73/1897
f 1723/78/1898 1721/79/1898 1724/76/1898
f 1701/56/1899 1704/58/1899 1703/58/1899
f 1707/61/1900 1705/64/1900 1708/57/1900
f 1711/63/1901 1709/71/1901 1712/67/1901
f 1704/58/1902 1702/60/1902 1703/58/1902
f 1706/70/1903 1707/61/1903 1708/57/1903
f 1744/72/1904 1711/63/1904 1712/67/1904
f 1680/36/1905 1679/31/1905 1678/27/1905
f 1675/25/1906 1674/20/1906 1673/23/1906
f 1671/19/1907 1670/14/1907 1669/21/1907
f 1676/26/1908 1679/31/1908 1678/27/1908
f 1673/23/1909 1735/28/1909 1674/20/1909
f 1679/31/1910 1677/33/1910 1678/27/1910
f 1672/34/1911 1673/23/1911 1674/20/1911
f 1670/14/1912 1668/29/1912 1669/21/1912
f 1669/21/1913 1718/5/1913 1670/14/1913
f 1685/41/1914 1687/47/1914 1686/42/1914
f 1689/39/1915 1692/43/1915 1690/39/1915
f 1696/55/1916 1695/44/1916 1694/45/1916
f 1688/52/1917 1689/39/1917 1690/39/1917
f 1684/38/1918 1685/41/1918 1686/42/1918
f 1697/46/1919 1694/45/1919 1695/44/1919
f 1747/1/1920 1748/1/1920 1839/2/1920
f 1754/3/1921 1753/3/1921 1833/4/1921
f 1753/3/1922 1754/3/1922 1815/5/1922
f 1748/1/1923 1747/1/1923 1843/6/1923
f 1764/7/1924 1751/8/1924 1761/9/1924
f 1763/7/1925 1748/1/1925 1762/9/1925
f 1750/10/1926 1763/7/1926 1760/11/1926
f 1753/3/1927 1764/7/1927 1759/11/1927
f 1758/12/1928 1829/13/1928 1767/14/1928
f 1755/15/1929 1837/16/1929 1749/10/1929
f 1749/10/1930 1764/7/1930 1755/15/1930
f 1754/3/1931 1763/7/1931 1758/12/1931
f 1763/7/1932 1752/8/1932 1758/12/1932
f 1764/7/1933 1747/1/1933 1755/15/1933
f 1762/9/1934 1828/17/1934 1752/8/1934
f 1760/11/1935 1836/18/1935 1750/10/1935
f 1768/19/1936 1771/20/1936 1767/14/1936
f 1758/12/1937 1815/5/1937 1754/3/1937
f 1752/8/1938 1751/8/1938 1829/13/1938
f 1753/3/1939 1766/21/1939 1757/22/1939
f 1751/8/1940 1766/21/1940 1829/13/1940
f 1770/23/1941 1831/24/1941 1772/25/1941
f 1770/23/1942 1773/26/1942 1775/27/1942
f 1767/14/1943 1832/28/1943 1765/29/1943
f 1765/29/1944 1770/23/1944 1766/21/1944
f 1768/19/1945 1770/23/1945 1830/30/1945
f 1776/31/1946 1778/32/1946 1774/33/1946
f 1772/25/1947 1776/31/1947 1771/20/1947
f 1771/20/1948 1773/26/1948 1769/34/1948
f 1774/33/1949 1779/35/1949 1775/27/1949
f 1777/36/1950 1779/35/1950 1780/37/1950
f 1777/36/1951 1779/35/1951 1776/31/1951
f 1781/38/1952 1787/39/1952 1835/40/1952
f 1749/10/1953 1782/41/1953 1759/11/1953
f 1753/3/1954 1782/41/1954 1833/4/1954
f 1760/11/1955 1833/4/1955 1783/42/1955
f 1749/10/1956 1750/10/1956 1836/18/1956
f 1789/43/1957 1792/44/1957 1787/39/1957
f 1789/43/1958 1791/45/1958 1794/46/1958
f 1781/38/1959 1786/39/1959 1782/41/1959
f 1784/47/1960 1786/39/1960 1788/48/1960
f 1784/47/1961 1787/39/1961 1783/42/1961
f 1792/44/1962 1795/49/1962 1790/50/1962
f 1791/45/1963 1834/51/1963 1792/44/1963
f 1787/39/1964 1834/51/1964 1785/52/1964
f 1786/39/1965 1834/51/1965 1791/45/1965
f 1791/45/1966 1795/49/1966 1796/53/1966
f 1791/45/1967 1797/54/1967 1793/55/1967
f 1792/44/1968 1797/54/1968 1796/53/1968
f 1790/50/1969 1791/45/1969 1792/44/1969
f 1798/56/1970 1805/57/1970 1801/58/1970
f 1801/58/1971 1840/59/1971 1799/60/1971
f 1761/9/1972 1828/17/1972 1800/58/1972
f 1747/1/1973 1800/58/1973 1843/6/1973
f 1762/9/1974 1843/6/1974 1801/58/1974
f 1751/8/1975 1752/8/1975 1828/17/1975
f 1804/61/1976 1807/62/1976 1808/63/1976
f 1802/64/1977 1808/63/1977 1842/65/1977
f 1798/56/1978 1804/61/1978 1827/66/1978
f 1800/58/1979 1840/59/1979 1804/61/1979
f 1809/67/1980 1810/68/1980 1812/69/1980
f 1805/57/1981 1807/62/1981 1803/70/1981
f 1805/57/1982 1842/65/1982 1809/67/1982
f 1808/63/1983 1810/68/1983 1806/71/1983
f 1841/72/1984 1812/69/1984 1808/63/1984
f 1813/73/1985 1838/74/1985 1817/75/1985
f 1756/15/1986 1839/2/1986 1748/1/1986
f 1756/15/1987 1837/16/1987 1816/73/1987
f 1755/15/1988 1839/2/1988 1813/73/1988
f 1750/10/1989 1749/10/1989 1837/16/1989
f 1821/76/1990 1824/77/1990 1820/78/1990
f 1818/79/1991 1824/77/1991 1823/80/1991
f 1817/75/1992 1821/76/1992 1816/73/1992
f 1813/73/1993 1819/81/1993 1818/79/1993
f 1814/82/1994 1821/76/1994 1819/81/1994
f 1818/79/1995 1826/83/1995 1822/84/1995
f 1821/76/1996 1826/83/1996 1825/85/1996
f 1825/85/1997 1823/80/1997 1824/77/1997
f 1843/6/1998 1800/58/1998 1801/58/1998
f 1828/17/1999 1801/58/1999 1800/58/1999
f 1829/13/2000 1766/21/2000 1767/14/2000
f 1830/30/2001 1770/23/2001 1771/20/2001
f 1831/24/2002 1775/27/2002 1776/31/2002
f 1840/59/2003 1805/57/2003 1804/61/2003
f 1807/62/2004 1809/67/2004 1808/63/2004
f 1827/66/2005 1804/61/2005 1805/57/2005
f 1842/65/2006 1808/63/2006 1809/67/2006
f 1839/2/2007 1816/73/2007 1813/73/2007
f 1819/81/2008 1821/76/2008 1818/79/2008
f 1838/74/2008 1818/79/2008 1821/76/2008
f 1837/16/2009 1813/73/2009 1816/73/2009
f 1836/18/2010 1783/42/2010 1782/41/2010
f 1833/4/2011 1782/41/2011 1783/42/2011
f 1835/40/2012 1787/39/2012 1786/39/2012
f 1788/48/2013 1786/39/2013 1787/39/2013
f 1817/75/2014 1816/73/2014 1813/73/2014
f 1818/79/2015 1822/84/2015 1821/76/2015
f 1814/82/2016 1813/73/2016 1816/73/2016
f 1820/78/2017 1818/79/2017 1821/76/2017
f 1798/56/2018 1801/58/2018 1800/58/2018
f 1804/61/2019 1802/64/2019 1805/57/2019
f 1808/63/2020 1806/71/2020 1809/67/2020
f 1801/58/2021 1799/60/2021 1800/58/2021
f 1803/70/2022 1804/61/2022 1805/57/2022
f 1841/72/2023 1808/63/2023 1809/67/2023
f 1777/36/2024 1776/31/2024 1775/27/2024
f 1772/25/2025 1771/20/2025 1770/23/2025
f 1768/19/2026 1767/14/2026 1766/21/2026
f 1773/26/2027 1776/31/2027 1775/27/2027
f 1770/23/2028 1832/28/2028 1771/20/2028
f 1776/31/2029 1774/33/2029 1775/27/2029
f 1769/34/2030 1770/23/2030 1771/20/2030
f 1767/14/2031 1765/29/2031 1766/21/2031
f 1766/21/2000 1815/5/2000 1767/14/2000
f 1782/41/2032 1784/47/2032 1783/42/2032
f 1786/39/2033 1789/43/2033 1787/39/2033
f 1793/55/2034 1792/44/2034 1791/45/2034
f 1785/52/2035 1786/39/2035 1787/39/2035
f 1781/38/2036 1782/41/2036 1783/42/2036
f 1794/46/2037 1791/45/2037 1792/44/2037
f 1844/1/2038 1845/1/2038 1936/2/2038
f 1851/3/2039 1850/3/2039 1930/4/2039
f 1850/3/2040 1851/3/2040 1912/5/2040
f 1845/1/2041 1844/1/2041 1940/6/2041
f 1861/7/2042 1848/8/2042 1858/9/2042
f 1860/7/2043 1845/1/2043 1859/9/2043
f 1847/10/2044 1860/7/2044 1857/11/2044
f 1850/3/2045 1861/7/2045 1856/11/2045
f 1855/12/2046 1926/13/2046 1864/14/2046
f 1852/15/2047 1934/16/2047 1846/10/2047
f 1846/10/2048 1861/7/2048 1852/15/2048
f 1851/3/2049 1860/7/2049 1855/12/2049
f 1860/7/2050 1849/8/2050 1855/12/2050
f 1861/7/2051 1844/1/2051 1852/15/2051
f 1859/9/2052 1925/17/2052 1849/8/2052
f 1857/11/2053 1933/18/2053 1847/10/2053
f 1865/19/2054 1868/20/2054 1864/14/2054
f 1855/12/2055 1912/5/2055 1851/3/2055
f 1849/8/2056 1848/8/2056 1926/13/2056
f 1850/3/2057 1863/21/2057 1854/22/2057
f 1848/8/2058 1863/21/2058 1926/13/2058
f 1867/23/2059 1928/24/2059 1869/25/2059
f 1867/23/2060 1870/26/2060 1872/27/2060
f 1864/14/2061 1929/28/2061 1862/29/2061
f 1862/29/2062 1867/23/2062 1863/21/2062
f 1865/19/2063 1867/23/2063 1927/30/2063
f 1873/31/2064 1875/32/2064 1871/33/2064
f 1869/25/2065 1873/31/2065 1868/20/2065
f 1868/20/2066 1870/26/2066 1866/34/2066
f 1871/33/2067 1876/35/2067 1872/27/2067
f 1874/36/2068 1877/37/2068 1876/35/2068
f 1874/36/2069 1876/35/2069 1873/31/2069
f 1878/38/2070 1884/39/2070 1932/40/2070
f 1846/10/2071 1879/41/2071 1856/11/2071
f 1850/3/2072 1879/41/2072 1930/4/2072
f 1857/11/2073 1930/4/2073 1880/42/2073
f 1846/10/2074 1847/10/2074 1933/18/2074
f 1886/43/2075 1889/44/2075 1884/39/2075
f 1886/43/2076 1888/45/2076 1891/46/2076
f 1878/38/2077 1883/39/2077 1879/41/2077
f 1881/47/2078 1883/39/2078 1885/48/2078
f 1881/47/2079 1884/39/2079 1880/42/2079
f 1889/44/2080 1892/49/2080 1887/50/2080
f 1888/45/2081 1931/51/2081 1889/44/2081
f 1884/39/2082 1931/51/2082 1882/52/2082
f 1883/39/2083 1931/51/2083 1888/45/2083
f 1888/45/2084 1892/49/2084 1893/53/2084
f 1888/45/2085 1894/54/2085 1890/55/2085
f 1889/44/2086 1894/54/2086 1893/53/2086
f 1887/50/2087 1888/45/2087 1889/44/2087
f 1895/56/2088 1902/57/2088 1898/58/2088
f 1898/58/2089 1937/59/2089 1896/60/2089
f 1858/9/2090 1925/17/2090 1897/58/2090
f 1844/1/2091 1897/58/2091 1940/6/2091
f 1859/9/2092 1940/6/2092 1898/58/2092
f 1848/8/2093 1849/8/2093 1925/17/2093
f 1901/61/2094 1904/62/2094 1905/63/2094
f 1899/64/2095 1905/63/2095 1939/65/2095
f 1895/56/2096 1901/61/2096 1924/66/2096
f 1897/58/2097 1937/59/2097 1901/61/2097
f 1906/67/2098 1907/68/2098 1909/69/2098
f 1902/57/2099 1904/62/2099 1900/70/2099
f 1902/57/2100 1939/65/2100 1906/67/2100
f 1905/63/2101 1907/68/2101 1903/71/2101
f 1938/72/2102 1909/69/2102 1905/63/2102
f 1910/73/2103 1935/74/2103 1914/75/2103
f 1853/15/2104 1936/2/2104 1845/1/2104
f 1853/15/2105 1934/16/2105 1913/73/2105
f 1852/15/2106 1936/2/2106 1910/73/2106
f 1847/10/2107 1846/10/2107 1934/16/2107
f 1918/76/2108 1921/77/2108 1917/78/2108
f 1915/79/2109 1921/77/2109 1920/80/2109
f 1914/75/2110 1918/76/2110 1913/73/2110
f 1910/73/2111 1916/81/2111 1915/79/2111
f 1911/82/2112 1918/76/2112 1916/81/2112
f 1915/79/2113 1923/83/2113 1919/84/2113
f 1918/76/2114 1923/83/2114 1922/85/2114
f 1922/85/2115 1920/80/2115 1921/77/2115
f 1940/6/2116 1897/58/2116 1898/58/2116
f 1925/17/2117 1898/58/2117 1897/58/2117
f 1926/13/2118 1863/21/2118 1864/14/2118
f 1927/30/2119 1867/23/2119 1868/20/2119
f 1928/24/2120 1872/27/2120 1873/31/2120
f 1937/59/2121 1902/57/2121 1901/61/2121
f 1904/62/2122 1906/67/2122 1905/63/2122
f 1924/66/2123 1901/61/2123 1902/57/2123
f 1939/65/2124 1905/63/2124 1906/67/2124
f 1936/2/2125 1913/73/2125 1910/73/2125
f 1916/81/2126 1918/76/2126 1915/79/2126
f 1935/74/2126 1915/79/2126 1918/76/2126
f 1934/16/2127 1910/73/2127 1913/73/2127
f 1933/18/2128 1880/42/2128 1879/41/2128
f 1930/4/2129 1879/41/2129 1880/42/2129
f 1932/40/2130 1884/39/2130 1883/39/2130
f 1885/48/2131 1883/39/2131 1884/39/2131
f 1914/75/2132 1913/73/2132 1910/73/2132
f 1915/79/2133 1919/84/2133 1918/76/2133
f 1911/82/2134 1910/73/2134 1913/73/2134
f 1917/78/2135 1915/79/2135 1918/76/2135
f 1895/56/2136 1898/58/2136 1897/58/2136
f 1901/61/2137 1899/64/2137 1902/57/2137
f 1905/63/2138 1903/71/2138 1906/67/2138
f 1898/58/2139 1896/60/2139 1897/58/2139
f 1900/70/2140 1901/61/2140 1902/57/2140
f 1938/72/2141 1905/63/2141 1906/67/2141
f 1874/36/2142 1873/31/2142 1872/27/2142
f 1869/25/2143 1868/20/2143 1867/23/2143
f 1865/19/2144 1864/14/2144 1863/21/2144
f 1870/26/2145 1873/31/2145 1872/27/2145
f 1867/23/2146 1929/28/2146 1868/20/2146
f 1873/31/2147 1871/33/2147 1872/27/2147
f 1866/34/2148 1867/23/2148 1868/20/2148
f 1864/14/2149 1862/29/2149 1863/21/2149
f 1863/21/2118 1912/5/2118 1864/14/2118
f 1879/41/2150 1881/47/2150 1880/42/2150
f 1883/39/2151 1886/43/2151 1884/39/2151
f 1890/55/2152 1889/44/2152 1888/45/2152
f 1882/52/2153 1883/39/2153 1884/39/2153
f 1878/38/2154 1879/41/2154 1880/42/2154
f 1891/46/2155 1888/45/2155 1889/44/2155
f 1941/1/2156 1942/1/2156 2033/2/2156
f 1948/3/2157 1947/3/2157 2027/4/2157
f 1947/3/2158 1948/3/2158 2009/5/2158
f 1942/1/2159 1941/1/2159 2037/6/2159
f 1958/7/2160 1945/8/2160 1955/9/2160
f 1957/7/2161 1942/1/2161 1956/9/2161
f 1944/10/2162 1957/7/2162 1954/11/2162
f 1947/3/2163 1958/7/2163 1953/11/2163
f 1952/12/2164 2023/13/2164 1961/14/2164
f 1949/15/2165 2031/16/2165 1943/10/2165
f 1943/10/2166 1958/7/2166 1949/15/2166
f 1948/3/2167 1957/7/2167 1952/12/2167
f 1957/7/2168 1946/8/2168 1952/12/2168
f 1958/7/2169 1941/1/2169 1949/15/2169
f 1956/9/2170 2022/17/2170 1946/8/2170
f 1954/11/2171 2030/18/2171 1944/10/2171
f 1962/19/2172 1965/20/2172 1961/14/2172
f 1952/12/2173 2009/5/2173 1948/3/2173
f 1946/8/2174 1945/8/2174 2023/13/2174
f 1947/3/2175 1960/21/2175 1951/22/2175
f 1945/8/2176 1960/21/2176 2023/13/2176
f 1964/23/2177 2025/24/2177 1966/25/2177
f 1964/23/2178 1967/26/2178 1969/27/2178
f 1961/14/2179 2026/28/2179 1959/29/2179
f 1959/29/2180 1964/23/2180 1960/21/2180
f 1962/19/2181 1964/23/2181 2024/30/2181
f 1970/31/2182 1972/32/2182 1968/33/2182
f 1966/25/2183 1970/31/2183 1965/20/2183
f 1965/20/2184 1967/26/2184 1963/34/2184
f 1968/33/2185 1973/35/2185 1969/27/2185
f 1971/36/2186 1974/37/2186 1973/35/2186
f 1971/36/2187 1973/35/2187 1970/31/2187
f 1975/38/2188 1981/39/2188 2029/40/2188
f 1943/10/2189 1976/41/2189 1953/11/2189
f 1947/3/2190 1976/41/2190 2027/4/2190
f 1954/11/2191 2027/4/2191 1977/42/2191
f 1943/10/2192 1944/10/2192 2030/18/2192
f 1983/43/2193 1986/44/2193 1981/39/2193
f 1983/43/2194 1985/45/2194 1988/46/2194
f 1975/38/2195 1980/39/2195 1976/41/2195
f 1978/47/2196 1980/39/2196 1982/48/2196
f 1978/47/2197 1981/39/2197 1977/42/2197
f 1986/44/2198 1989/49/2198 1984/50/2198
f 1985/45/2199 2028/51/2199 1986/44/2199
f 1981/39/2200 2028/51/2200 1979/52/2200
f 1980/39/2201 2028/51/2201 1985/45/2201
f 1985/45/2202 1989/49/2202 1990/53/2202
f 1985/45/2203 1991/54/2203 1987/55/2203
f 1986/44/2204 1991/54/2204 1990/53/2204
f 1984/50/2205 1985/45/2205 1986/44/2205
f 1992/56/2206 1999/57/2206 1995/58/2206
f 1995/58/2207 2034/59/2207 1993/60/2207
f 1955/9/2208 2022/17/2208 1994/58/2208
f 1941/1/2209 1994/58/2209 2037/6/2209
f 1956/9/2210 2037/6/2210 1995/58/2210
f 1945/8/2211 1946/8/2211 2022/17/2211
f 1998/61/2212 2001/62/2212 2002/63/2212
f 1996/64/2213 2002/63/2213 2036/65/2213
f 1992/56/2214 1998/61/2214 2021/66/2214
f 1994/58/2215 2034/59/2215 1998/61/2215
f 2003/67/2216 2004/68/2216 2006/69/2216
f 1999/57/2217 2001/62/2217 1997/70/2217
f 1999/57/2218 2036/65/2218 2003/67/2218
f 2002/63/2219 2004/68/2219 2000/71/2219
f 2035/72/2220 2006/69/2220 2002/63/2220
f 2007/73/2221 2032/74/2221 2011/75/2221
f 1950/15/2222 2033/2/2222 1942/1/2222
f 1950/15/2223 2031/16/2223 2010/73/2223
f 1949/15/2224 2033/2/2224 2007/73/2224
f 1944/10/2225 1943/10/2225 2031/16/2225
f 2015/76/2226 2018/77/2226 2014/78/2226
f 2012/79/2227 2018/77/2227 2017/80/2227
f 2011/75/2228 2015/76/2228 2010/73/2228
f 2007/73/2229 2013/81/2229 2012/79/2229
f 2008/82/2230 2015/76/2230 2013/81/2230
f 2012/79/2231 2020/83/2231 2016/84/2231
f 2015/76/2232 2020/83/2232 2019/85/2232
f 2019/85/2233 2017/80/2233 2018/77/2233
f 2037/6/2234 1994/58/2234 1995/58/2234
f 2022/17/2235 1995/58/2235 1994/58/2235
f 2023/13/2236 1960/21/2236 1961/14/2236
f 2024/30/2237 1964/23/2237 1965/20/2237
f 2025/24/2238 1969/27/2238 1970/31/2238
f 2034/59/2239 1999/57/2239 1998/61/2239
f 2001/62/2240 2003/67/2240 2002/63/2240
f 2021/66/2241 1998/61/2241 1999/57/2241
f 2036/65/2242 2002/63/2242 2003/67/2242
f 2033/2/2243 2010/73/2243 2007/73/2243
f 2013/81/2244 2015/76/2244 2012/79/2244
f 2032/74/2244 2012/79/2244 2015/76/2244
f 2031/16/2245 2007/73/2245 2010/73/2245
f 2030/18/2246 1977/42/2246 1976/41/2246
f 2027/4/2247 1976/41/2247 1977/42/2247
f 2029/40/2248 1981/39/2248 1980/39/2248
f 1982/48/2249 1980/39/2249 1981/39/2249
f 2011/75/2250 2010/73/2250 2007/73/2250
f 2012/79/2251 2016/84/2251 2015/76/2251
f 2008/82/2252 2007/73/2252 2010/73/2252
f 2014/78/2253 2012/79/2253 2015/76/2253
f 1992/56/2254 1995/58/2254 1994/58/2254
f 1998/61/2255 1996/64/2255 1999/57/2255
f 2002/63/2256 2000/71/2256 2003/67/2256
f 1995/58/2257 1993/60/2257 1994/58/2257
f 1997/70/2258 1998/61/2258 1999/57/2258
f 2035/72/2259 2002/63/2259 2003/67/2259
f 1971/36/2260 1970/31/2260 1969/27/2260
f 1966/25/2261 1965/20/2261 1964/23/2261
f 1962/19/2262 1961/14/2262 1960/21/2262
f 1967/26/2263 1970/31/2263 1969/27/2263
f 1964/23/2264 2026/28/2264 1965/20/2264
f 1970/31/2265 1968/33/2265 1969/27/2265
f 1963/34/2266 1964/23/2266 1965/20/2266
f 1961/14/2267 1959/29/2267 1960/21/2267
f 1960/21/2236 2009/5/2236 1961/14/2236
f 1976/41/2268 1978/47/2268 1977/42/2268
f 1980/39/2269 1983/43/2269 1981/39/2269
f 1987/55/2270 1986/44/2270 1985/45/2270
f 1979/52/2271 1980/39/2271 1981/39/2271
f 1975/38/2272 1976/41/2272 1977/42/2272
f 1988/46/2273 1985/45/2273 1986/44/2273
f 18/7/2274 11/22/2274 5/8/2274
f 17/7/2275 10/15/2275 2/1/2275
f 4/10/2276 10/15/2276 17/7/2276
f 7/3/2277 11/22/2277 18/7/2277
f 12/12/2278 6/8/2278 83/13/2278
f 9/15/2279 67/73/2279 91/16/2279
f 3/10/2280 13/11/2280 18/7/2280
f 8/3/2281 14/11/2281 17/7/2281
f 17/7/2282 16/9/2282 6/8/2282
f 18/7/2283 15/9/2283 1/1/2283
f 16/9/2284 55/58/2284 82/17/2284
f 14/11/2285 37/42/2285 90/18/2285
f 22/19/2286 84/30/2286 25/20/2286
f 12/12/2287 21/14/2287 69/5/2287
f 7/3/2288 69/5/2288 20/21/2288
f 5/8/2289 11/22/2289 20/21/2289
f 24/23/2290 29/27/2290 85/24/2290
f 24/23/2291 23/34/2291 27/26/2291
f 21/14/2292 25/20/2292 86/28/2292
f 19/29/2293 86/28/2293 24/23/2293
f 22/19/2294 20/21/2294 24/23/2294
f 30/31/2295 33/35/2295 32/32/2295
f 26/25/2296 85/24/2296 30/31/2296
f 25/20/2297 30/31/2297 27/26/2297
f 28/33/2298 32/32/2298 33/35/2298
f 31/36/2299 29/27/2299 33/35/2299
f 35/38/2300 37/42/2300 41/39/2300
f 3/10/2301 90/18/2301 36/41/2301
f 7/3/2302 13/11/2302 36/41/2302
f 14/11/2303 8/3/2303 87/4/2303
f 43/43/2304 48/46/2304 46/44/2304
f 43/43/2305 40/39/2305 45/45/2305
f 35/38/2306 89/40/2306 40/39/2306
f 38/47/2307 36/41/2307 40/39/2307
f 38/47/2308 42/48/2308 41/39/2308
f 46/44/49 50/53/49 49/49/49
f 41/39/2309 46/44/2309 88/51/2309
f 40/39/2310 39/52/2310 88/51/2310
f 45/45/2311 44/50/2311 49/49/2311
f 45/45/2312 50/53/2312 51/54/2312
f 46/44/2313 47/55/2313 51/54/2313
f 52/56/2314 81/66/2314 59/57/2314
f 55/58/2315 59/57/2315 94/59/2315
f 15/9/2316 5/8/2316 82/17/2316
f 1/1/2317 15/9/2317 54/58/2317
f 16/9/2318 2/1/2318 97/6/2318
f 58/61/2319 57/70/2319 61/62/2319
f 56/64/2320 58/61/2320 62/63/2320
f 52/56/2321 54/58/2321 58/61/2321
f 54/58/2322 53/60/2322 94/59/2322
f 63/67/2323 60/71/2323 64/68/2323
f 59/57/2324 63/67/2324 61/62/2324
f 59/57/2325 56/64/2325 96/65/2325
f 62/63/2326 66/69/2326 64/68/2326
f 95/72/2327 65/86/2327 66/69/2327
f 95/72/2328 63/67/2328 66/69/2328
f 67/73/2329 72/79/2329 92/74/2329
f 10/15/2330 70/73/2330 93/2/2330
f 10/15/2331 4/10/2331 91/16/2331
f 9/15/2332 1/1/2332 93/2/2332
f 75/76/2333 79/85/2333 78/77/2333
f 72/79/2334 74/78/2334 78/77/2334
f 71/75/2335 92/74/2335 75/76/2335
f 67/73/74 68/82/74 73/81/74
f 68/82/2336 70/73/2336 75/76/2336
f 72/79/2337 77/80/2337 80/83/2337
f 75/76/2338 76/84/2338 80/83/2338
f 79/85/78 80/83/78 77/80/78
f 115/7/2339 108/22/2339 102/8/2339
f 114/7/2340 107/15/2340 99/1/2340
f 101/10/2341 107/15/2341 114/7/2341
f 104/3/2342 108/22/2342 115/7/2342
f 109/12/2343 103/8/2343 180/13/2343
f 106/15/2344 164/73/2344 188/16/2344
f 100/10/2345 110/11/2345 115/7/2345
f 105/3/2346 111/11/2346 114/7/2346
f 114/7/2347 113/9/2347 103/8/2347
f 115/7/2348 112/9/2348 98/1/2348
f 113/9/2349 152/58/2349 179/17/2349
f 111/11/2350 134/42/2350 187/18/2350
f 119/19/2351 181/30/2351 122/20/2351
f 109/12/2352 118/14/2352 166/5/2352
f 104/3/2353 166/5/2353 117/21/2353
f 102/8/2354 108/22/2354 117/21/2354
f 121/23/2355 126/27/2355 182/24/2355
f 121/23/2356 120/34/2356 124/26/2356
f 118/14/2357 122/20/2357 183/28/2357
f 116/29/2358 183/28/2358 121/23/2358
f 119/19/2359 117/21/2359 121/23/2359
f 127/31/2360 130/35/2360 129/32/2360
f 123/25/2361 182/24/2361 127/31/2361
f 122/20/2362 127/31/2362 124/26/2362
f 125/33/2363 129/32/2363 130/35/2363
f 128/36/2364 126/27/2364 130/35/2364
f 132/38/2365 134/42/2365 138/39/2365
f 100/10/2366 187/18/2366 133/41/2366
f 104/3/2367 110/11/2367 133/41/2367
f 111/11/2368 105/3/2368 184/4/2368
f 140/43/2369 145/46/2369 143/44/2369
f 140/43/2370 137/39/2370 142/45/2370
f 132/38/2371 186/40/2371 137/39/2371
f 135/47/2372 133/41/2372 137/39/2372
f 135/47/2373 139/48/2373 138/39/2373
f 143/44/2374 147/53/2374 146/49/2374
f 138/39/2375 143/44/2375 185/51/2375
f 137/39/2376 136/52/2376 185/51/2376
f 142/45/2377 141/50/2377 146/49/2377
f 142/45/165 147/53/165 148/54/165
f 143/44/2378 144/55/2378 148/54/2378
f 149/56/2379 178/66/2379 156/57/2379
f 152/58/2380 156/57/2380 191/59/2380
f 112/9/2381 102/8/2381 179/17/2381
f 98/1/2382 112/9/2382 151/58/2382
f 113/9/2383 99/1/2383 194/6/2383
f 155/61/2384 154/70/2384 158/62/2384
f 153/64/2385 155/61/2385 159/63/2385
f 149/56/2386 151/58/2386 155/61/2386
f 151/58/2387 150/60/2387 191/59/2387
f 160/67/2388 157/71/2388 161/68/2388
f 156/57/2389 160/67/2389 158/62/2389
f 156/57/2390 153/64/2390 193/65/2390
f 159/63/2391 163/69/2391 161/68/2391
f 192/72/2392 163/69/2392 162/86/2392
f 192/72/2393 160/67/2393 163/69/2393
f 164/73/2394 169/79/2394 189/74/2394
f 107/15/2395 167/73/2395 190/2/2395
f 107/15/2396 101/10/2396 188/16/2396
f 106/15/2397 98/1/2397 190/2/2397
f 172/76/2398 176/85/2398 175/77/2398
f 169/79/2399 171/78/2399 175/77/2399
f 168/75/2400 189/74/2400 172/76/2400
f 164/73/192 165/82/192 170/81/192
f 165/82/2401 167/73/2401 172/76/2401
f 169/79/2402 174/80/2402 177/83/2402
f 172/76/2403 173/84/2403 177/83/2403
f 176/85/2404 177/83/2404 174/80/2404
f 212/7/2405 205/22/2405 199/8/2405
f 211/7/2406 204/15/2406 196/1/2406
f 198/10/2407 204/15/2407 211/7/2407
f 201/3/2408 205/22/2408 212/7/2408
f 206/12/2409 200/8/2409 277/13/2409
f 203/15/2410 261/73/2410 285/16/2410
f 197/10/2411 207/11/2411 212/7/2411
f 202/3/2412 208/11/2412 211/7/2412
f 211/7/2413 210/9/2413 200/8/2413
f 212/7/2414 209/9/2414 195/1/2414
f 210/9/2415 249/58/2415 276/17/2415
f 208/11/2416 231/42/2416 284/18/2416
f 216/19/2417 278/30/2417 219/20/2417
f 206/12/2418 215/14/2418 263/5/2418
f 201/3/2419 263/5/2419 214/21/2419
f 199/8/2420 205/22/2420 214/21/2420
f 218/23/2421 223/27/2421 279/24/2421
f 218/23/2422 217/34/2422 221/26/2422
f 215/14/2423 219/20/2423 280/28/2423
f 213/29/2424 280/28/2424 218/23/2424
f 216/19/2425 214/21/2425 218/23/2425
f 224/31/2426 227/35/2426 226/32/2426
f 220/25/2427 279/24/2427 224/31/2427
f 219/20/2428 224/31/2428 221/26/2428
f 222/33/2429 226/32/2429 227/35/2429
f 225/36/2430 223/27/2430 227/35/2430
f 229/38/2431 231/42/2431 235/39/2431
f 197/10/2432 284/18/2432 230/41/2432
f 201/3/2433 207/11/2433 230/41/2433
f 208/11/2434 202/3/2434 281/4/2434
f 237/43/2435 242/46/2435 240/44/2435
f 237/43/2436 234/39/2436 239/45/2436
f 229/38/2437 283/40/2437 234/39/2437
f 232/47/2438 230/41/2438 234/39/2438
f 232/47/2439 236/48/2439 235/39/2439
f 240/44/286 244/53/286 243/49/286
f 235/39/2440 240/44/2440 282/51/2440
f 234/39/2441 233/52/2441 282/51/2441
f 239/45/2442 238/50/2442 243/49/2442
f 239/45/284 244/53/284 245/54/284
f 240/44/2443 241/55/2443 245/54/2443
f 246/56/2444 275/66/2444 253/57/2444
f 249/58/2445 253/57/2445 288/59/2445
f 209/9/2446 199/8/2446 276/17/2446
f 195/1/2447 209/9/2447 248/58/2447
f 210/9/2448 196/1/2448 291/6/2448
f 252/61/2449 251/70/2449 255/62/2449
f 250/64/2450 252/61/2450 256/63/2450
f 246/56/2451 248/58/2451 252/61/2451
f 248/58/2452 247/60/2452 288/59/2452
f 257/67/2453 254/71/2453 258/68/2453
f 253/57/2454 257/67/2454 255/62/2454
f 253/57/2455 250/64/2455 290/65/2455
f 256/63/2456 260/69/2456 258/68/2456
f 289/72/2457 260/69/2457 259/86/2457
f 289/72/2458 257/67/2458 260/69/2458
f 261/73/2459 266/79/2459 286/74/2459
f 204/15/2460 264/73/2460 287/2/2460
f 204/15/2461 198/10/2461 285/16/2461
f 203/15/2462 195/1/2462 287/2/2462
f 269/76/2463 273/85/2463 272/77/2463
f 266/79/2464 268/78/2464 272/77/2464
f 265/75/2465 286/74/2465 269/76/2465
f 261/73/311 262/82/311 267/81/311
f 262/82/2466 264/73/2466 269/76/2466
f 266/79/2467 271/80/2467 274/83/2467
f 269/76/2468 270/84/2468 274/83/2468
f 273/85/315 274/83/315 271/80/315
f 309/7/2469 302/22/2469 296/8/2469
f 308/7/2470 301/15/2470 293/1/2470
f 295/10/2471 301/15/2471 308/7/2471
f 298/3/2472 302/22/2472 309/7/2472
f 303/12/2473 297/8/2473 374/13/2473
f 300/15/2474 358/73/2474 382/16/2474
f 294/10/2475 304/11/2475 309/7/2475
f 299/3/2476 305/11/2476 308/7/2476
f 308/7/2477 307/9/2477 297/8/2477
f 309/7/2478 306/9/2478 292/1/2478
f 307/9/2479 346/58/2479 373/17/2479
f 305/11/2480 328/42/2480 381/18/2480
f 313/19/2481 375/30/2481 316/20/2481
f 303/12/2482 312/14/2482 360/5/2482
f 298/3/2483 360/5/2483 311/21/2483
f 296/8/2484 302/22/2484 311/21/2484
f 315/23/2485 320/27/2485 376/24/2485
f 315/23/2486 314/34/2486 318/26/2486
f 312/14/2487 316/20/2487 377/28/2487
f 310/29/2488 377/28/2488 315/23/2488
f 313/19/2489 311/21/2489 315/23/2489
f 321/31/2490 324/35/2490 323/32/2490
f 317/25/2491 376/24/2491 321/31/2491
f 316/20/2492 321/31/2492 318/26/2492
f 319/33/2493 323/32/2493 324/35/2493
f 322/36/2494 320/27/2494 324/35/2494
f 326/38/2495 328/42/2495 332/39/2495
f 294/10/2496 381/18/2496 327/41/2496
f 298/3/2497 304/11/2497 327/41/2497
f 305/11/2498 299/3/2498 378/4/2498
f 334/43/2499 339/46/2499 337/44/2499
f 334/43/2500 331/39/2500 336/45/2500
f 326/38/2501 380/40/2501 331/39/2501
f 329/47/2502 327/41/2502 331/39/2502
f 329/47/2503 333/48/2503 332/39/2503
f 337/44/2504 341/53/2504 340/49/2504
f 332/39/2505 337/44/2505 379/51/2505
f 331/39/2506 330/52/2506 379/51/2506
f 336/45/2507 335/50/2507 340/49/2507
f 336/45/402 341/53/402 342/54/402
f 337/44/2508 338/55/2508 342/54/2508
f 343/56/2509 372/66/2509 350/57/2509
f 346/58/2510 350/57/2510 385/59/2510
f 306/9/2511 296/8/2511 373/17/2511
f 292/1/2512 306/9/2512 345/58/2512
f 307/9/2513 293/1/2513 388/6/2513
f 349/61/2514 348/70/2514 352/62/2514
f 347/64/2515 349/61/2515 353/63/2515
f 343/56/2516 345/58/2516 349/61/2516
f 345/58/2517 344/60/2517 385/59/2517
f 354/67/2518 351/71/2518 355/68/2518
f 350/57/2519 354/67/2519 352/62/2519
f 350/57/2520 347/64/2520 387/65/2520
f 353/63/2521 357/69/2521 355/68/2521
f 386/72/2522 356/86/2522 357/69/2522
f 386/72/2523 354/67/2523 357/69/2523
f 358/73/2524 363/79/2524 383/74/2524
f 301/15/2525 361/73/2525 384/2/2525
f 301/15/2526 295/10/2526 382/16/2526
f 300/15/2527 292/1/2527 384/2/2527
f 366/76/2528 370/85/2528 369/77/2528
f 363/79/2529 365/78/2529 369/77/2529
f 362/75/2530 383/74/2530 366/76/2530
f 358/73/429 359/82/429 364/81/429
f 359/82/2531 361/73/2531 366/76/2531
f 363/79/2532 368/80/2532 371/83/2532
f 366/76/2533 367/84/2533 371/83/2533
f 370/85/2534 371/83/2534 368/80/2534
f 406/7/2535 399/22/2535 393/8/2535
f 405/7/2536 398/15/2536 390/1/2536
f 392/10/2537 398/15/2537 405/7/2537
f 395/3/2538 399/22/2538 406/7/2538
f 400/12/2539 394/8/2539 471/13/2539
f 397/15/2540 455/73/2540 479/16/2540
f 391/10/2541 401/11/2541 406/7/2541
f 396/3/2542 402/11/2542 405/7/2542
f 405/7/2543 404/9/2543 394/8/2543
f 406/7/2544 403/9/2544 389/1/2544
f 404/9/2545 443/58/2545 470/17/2545
f 402/11/2546 425/42/2546 478/18/2546
f 410/19/2547 472/30/2547 413/20/2547
f 400/12/2548 409/14/2548 457/5/2548
f 395/3/2549 457/5/2549 408/21/2549
f 393/8/2550 399/22/2550 408/21/2550
f 412/23/2551 417/27/2551 473/24/2551
f 412/23/2552 411/34/2552 415/26/2552
f 409/14/2553 413/20/2553 474/28/2553
f 407/29/2554 474/28/2554 412/23/2554
f 410/19/2555 408/21/2555 412/23/2555
f 418/31/2556 421/35/2556 420/32/2556
f 414/25/2557 473/24/2557 418/31/2557
f 413/20/2558 418/31/2558 415/26/2558
f 416/33/2559 420/32/2559 421/35/2559
f 419/36/2560 417/27/2560 421/35/2560
f 423/38/2561 425/42/2561 429/39/2561
f 391/10/2562 478/18/2562 424/41/2562
f 395/3/2563 401/11/2563 424/41/2563
f 402/11/2564 396/3/2564 475/4/2564
f 431/43/2565 436/46/2565 434/44/2565
f 431/43/2566 428/39/2566 433/45/2566
f 423/38/2567 477/40/2567 428/39/2567
f 426/47/2568 424/41/2568 428/39/2568
f 426/47/2569 430/48/2569 429/39/2569
f 434/44/597 438/53/597 437/49/597
f 429/39/2570 434/44/2570 476/51/2570
f 428/39/2571 427/52/2571 476/51/2571
f 433/45/2572 432/50/2572 437/49/2572
f 433/45/520 438/53/520 439/54/520
f 434/44/2573 435/55/2573 439/54/2573
f 440/56/2574 469/66/2574 447/57/2574
f 443/58/2575 447/57/2575 482/59/2575
f 403/9/2576 393/8/2576 470/17/2576
f 389/1/2577 403/9/2577 442/58/2577
f 404/9/2578 390/1/2578 485/6/2578
f 446/61/2579 445/70/2579 449/62/2579
f 444/64/2580 446/61/2580 450/63/2580
f 440/56/2581 442/58/2581 446/61/2581
f 442/58/2582 441/60/2582 482/59/2582
f 451/67/2583 448/71/2583 452/68/2583
f 447/57/2584 451/67/2584 449/62/2584
f 447/57/2585 444/64/2585 484/65/2585
f 450/63/2586 454/69/2586 452/68/2586
f 483/72/2587 454/69/2587 453/86/2587
f 483/72/2588 451/67/2588 454/69/2588
f 455/73/2589 460/79/2589 480/74/2589
f 398/15/2590 458/73/2590 481/2/2590
f 398/15/2591 392/10/2591 479/16/2591
f 397/15/2592 389/1/2592 481/2/2592
f 463/76/2593 467/85/2593 466/77/2593
f 460/79/2594 462/78/2594 466/77/2594
f 459/75/2595 480/74/2595 463/76/2595
f 455/73/547 456/82/547 461/81/547
f 456/82/2596 458/73/2596 463/76/2596
f 460/79/2597 465/80/2597 468/83/2597
f 463/76/2598 464/84/2598 468/83/2598
f 467/85/601 468/83/601 465/80/601
f 503/7/2535 496/22/2535 490/8/2535
f 502/7/2536 495/15/2536 487/1/2536
f 489/10/2537 495/15/2537 502/7/2537
f 492/3/2538 496/22/2538 503/7/2538
f 497/12/2539 491/8/2539 568/13/2539
f 494/15/2540 552/73/2540 576/16/2540
f 488/10/2541 498/11/2541 503/7/2541
f 493/3/2542 499/11/2542 502/7/2542
f 502/7/2543 501/9/2543 491/8/2543
f 503/7/2544 500/9/2544 486/1/2544
f 501/9/2545 540/58/2545 567/17/2545
f 499/11/2546 522/42/2546 575/18/2546
f 507/19/2547 569/30/2547 510/20/2547
f 497/12/2548 506/14/2548 554/5/2548
f 492/3/2549 554/5/2549 505/21/2549
f 490/8/2550 496/22/2550 505/21/2550
f 509/23/2551 514/27/2551 570/24/2551
f 509/23/2552 508/34/2552 512/26/2552
f 506/14/2553 510/20/2553 571/28/2553
f 504/29/2554 571/28/2554 509/23/2554
f 507/19/2555 505/21/2555 509/23/2555
f 515/31/2556 518/35/2556 517/32/2556
f 511/25/2557 570/24/2557 515/31/2557
f 510/20/2558 515/31/2558 512/26/2558
f 513/33/2559 517/32/2559 518/35/2559
f 516/36/2560 514/27/2560 518/35/2560
f 520/38/2561 522/42/2561 526/39/2561
f 488/10/2562 575/18/2562 521/41/2562
f 492/3/2599 498/11/2599 521/41/2599
f 499/11/2564 493/3/2564 572/4/2564
f 528/43/2565 533/46/2565 531/44/2565
f 528/43/2566 525/39/2566 530/45/2566
f 520/38/2567 574/40/2567 525/39/2567
f 523/47/2568 521/41/2568 525/39/2568
f 523/47/2569 527/48/2569 526/39/2569
f 531/44/522 535/53/522 534/49/522
f 526/39/2570 531/44/2570 573/51/2570
f 525/39/2571 524/52/2571 573/51/2571
f 530/45/2572 529/50/2572 534/49/2572
f 530/45/2600 535/53/2600 536/54/2600
f 531/44/2573 532/55/2573 536/54/2573
f 537/56/2574 566/66/2574 544/57/2574
f 540/58/2575 544/57/2575 579/59/2575
f 500/9/2576 490/8/2576 567/17/2576
f 486/1/2577 500/9/2577 539/58/2577
f 501/9/2578 487/1/2578 582/6/2578
f 543/61/2579 542/70/2579 546/62/2579
f 541/64/2580 543/61/2580 547/63/2580
f 537/56/2581 539/58/2581 543/61/2581
f 539/58/2582 538/60/2582 579/59/2582
f 548/67/2583 545/71/2583 549/68/2583
f 544/57/2584 548/67/2584 546/62/2584
f 544/57/2585 541/64/2585 581/65/2585
f 547/63/2601 551/69/2601 549/68/2601
f 580/72/2602 550/86/2602 551/69/2602
f 580/72/2588 548/67/2588 551/69/2588
f 552/73/2603 557/79/2603 577/74/2603
f 495/15/2590 555/73/2590 578/2/2590
f 495/15/2591 489/10/2591 576/16/2591
f 494/15/2592 486/1/2592 578/2/2592
f 560/76/2593 564/85/2593 563/77/2593
f 557/79/2594 559/78/2594 563/77/2594
f 556/75/2595 577/74/2595 560/76/2595
f 552/73/547 553/82/547 558/81/547
f 553/82/2596 555/73/2596 560/76/2596
f 557/79/2597 562/80/2597 565/83/2597
f 560/76/2598 561/84/2598 565/83/2598
f 564/85/601 565/83/601 562/80/601
f 600/7/2604 593/22/2604 587/8/2604
f 599/7/2605 592/15/2605 584/1/2605
f 586/10/2606 592/15/2606 599/7/2606
f 589/3/2607 593/22/2607 600/7/2607
f 594/12/2608 588/8/2608 665/13/2608
f 591/15/2609 649/73/2609 673/16/2609
f 585/10/2610 595/11/2610 600/7/2610
f 590/3/2611 596/11/2611 599/7/2611
f 599/7/2612 598/9/2612 588/8/2612
f 600/7/2613 597/9/2613 583/1/2613
f 598/9/2614 637/58/2614 664/17/2614
f 596/11/2615 619/42/2615 672/18/2615
f 604/19/2616 666/30/2616 607/20/2616
f 594/12/2617 603/14/2617 651/5/2617
f 589/3/2618 651/5/2618 602/21/2618
f 587/8/2619 593/22/2619 602/21/2619
f 606/23/2620 611/27/2620 667/24/2620
f 606/23/2621 605/34/2621 609/26/2621
f 603/14/2622 607/20/2622 668/28/2622
f 601/29/2623 668/28/2623 606/23/2623
f 604/19/2624 602/21/2624 606/23/2624
f 612/31/2625 615/35/2625 614/32/2625
f 608/25/2626 667/24/2626 612/31/2626
f 607/20/2627 612/31/2627 609/26/2627
f 610/33/2628 614/32/2628 615/35/2628
f 613/36/2629 611/27/2629 615/35/2629
f 617/38/2630 619/42/2630 623/39/2630
f 585/10/2631 672/18/2631 618/41/2631
f 589/3/2632 595/11/2632 618/41/2632
f 596/11/2633 590/3/2633 669/4/2633
f 625/43/2634 630/46/2634 628/44/2634
f 625/43/2635 622/39/2635 627/45/2635
f 617/38/2636 671/40/2636 622/39/2636
f 620/47/2637 618/41/2637 622/39/2637
f 620/47/2638 624/48/2638 623/39/2638
f 628/44/658 632/53/658 631/49/658
f 623/39/2639 628/44/2639 670/51/2639
f 622/39/2640 621/52/2640 670/51/2640
f 627/45/2641 626/50/2641 631/49/2641
f 627/45/656 632/53/656 633/54/656
f 628/44/2642 629/55/2642 633/54/2642
f 634/56/2643 663/66/2643 641/57/2643
f 637/58/2644 641/57/2644 676/59/2644
f 597/9/2645 587/8/2645 664/17/2645
f 583/1/2646 597/9/2646 636/58/2646
f 598/9/2647 584/1/2647 679/6/2647
f 640/61/2648 639/70/2648 643/62/2648
f 638/64/2649 640/61/2649 644/63/2649
f 634/56/2650 636/58/2650 640/61/2650
f 636/58/2651 635/60/2651 676/59/2651
f 645/67/2652 642/71/2652 646/68/2652
f 641/57/2653 645/67/2653 643/62/2653
f 641/57/2654 638/64/2654 678/65/2654
f 644/63/2655 648/69/2655 646/68/2655
f 677/72/2656 648/69/2656 647/86/2656
f 677/72/2657 645/67/2657 648/69/2657
f 649/73/2658 654/79/2658 674/74/2658
f 592/15/2659 652/73/2659 675/2/2659
f 592/15/2660 586/10/2660 673/16/2660
f 591/15/2661 583/1/2661 675/2/2661
f 657/76/2662 661/85/2662 660/77/2662
f 654/79/2663 656/78/2663 660/77/2663
f 653/75/2664 674/74/2664 657/76/2664
f 649/73/683 650/82/683 655/81/683
f 650/82/2665 652/73/2665 657/76/2665
f 654/79/2666 659/80/2666 662/83/2666
f 657/76/2667 658/84/2667 662/83/2667
f 661/85/687 662/83/687 659/80/687
f 697/7/2604 690/22/2604 684/8/2604
f 696/7/2605 689/15/2605 681/1/2605
f 683/10/2606 689/15/2606 696/7/2606
f 686/3/2607 690/22/2607 697/7/2607
f 691/12/2608 685/8/2608 762/13/2608
f 688/15/2609 746/73/2609 770/16/2609
f 682/10/2610 692/11/2610 697/7/2610
f 687/3/2611 693/11/2611 696/7/2611
f 696/7/2612 695/9/2612 685/8/2612
f 697/7/2613 694/9/2613 680/1/2613
f 695/9/2614 734/58/2614 761/17/2614
f 693/11/2615 716/42/2615 769/18/2615
f 701/19/2616 763/30/2616 704/20/2616
f 691/12/2617 700/14/2617 748/5/2617
f 686/3/2618 748/5/2618 699/21/2618
f 684/8/2619 690/22/2619 699/21/2619
f 703/23/2620 708/27/2620 764/24/2620
f 703/23/2668 702/34/2668 706/26/2668
f 700/14/2622 704/20/2622 765/28/2622
f 698/29/2669 765/28/2669 703/23/2669
f 701/19/2624 699/21/2624 703/23/2624
f 709/31/2625 712/35/2625 711/32/2625
f 705/25/2626 764/24/2626 709/31/2626
f 704/20/2627 709/31/2627 706/26/2627
f 707/33/2628 711/32/2628 712/35/2628
f 710/36/2629 708/27/2629 712/35/2629
f 714/38/2670 716/42/2670 720/39/2670
f 682/10/2631 769/18/2631 715/41/2631
f 686/3/2671 692/11/2671 715/41/2671
f 693/11/2633 687/3/2633 766/4/2633
f 722/43/2634 727/46/2634 725/44/2634
f 722/43/2635 719/39/2635 724/45/2635
f 714/38/2636 768/40/2636 719/39/2636
f 717/47/2637 715/41/2637 719/39/2637
f 717/47/2638 721/48/2638 720/39/2638
f 725/44/658 729/53/658 728/49/658
f 720/39/2639 725/44/2639 767/51/2639
f 719/39/2640 718/52/2640 767/51/2640
f 724/45/2641 723/50/2641 728/49/2641
f 724/45/656 729/53/656 730/54/656
f 725/44/2642 726/55/2642 730/54/2642
f 731/56/2643 760/66/2643 738/57/2643
f 734/58/2644 738/57/2644 773/59/2644
f 694/9/2645 684/8/2645 761/17/2645
f 680/1/2646 694/9/2646 733/58/2646
f 695/9/2647 681/1/2647 776/6/2647
f 737/61/2648 736/70/2648 740/62/2648
f 735/64/2649 737/61/2649 741/63/2649
f 731/56/2650 733/58/2650 737/61/2650
f 733/58/2651 732/60/2651 773/59/2651
f 742/67/2652 739/71/2652 743/68/2652
f 738/57/2653 742/67/2653 740/62/2653
f 738/57/2654 735/64/2654 775/65/2654
f 741/63/2672 745/69/2672 743/68/2672
f 774/72/2673 745/69/2673 744/86/2673
f 774/72/2657 742/67/2657 745/69/2657
f 746/73/2658 751/79/2658 771/74/2658
f 689/15/2659 749/73/2659 772/2/2659
f 689/15/2660 683/10/2660 770/16/2660
f 688/15/2661 680/1/2661 772/2/2661
f 754/76/2662 758/85/2662 757/77/2662
f 751/79/2674 753/78/2674 757/77/2674
f 750/75/2664 771/74/2664 754/76/2664
f 746/73/683 747/82/683 752/81/683
f 747/82/2665 749/73/2665 754/76/2665
f 751/79/2666 756/80/2666 759/83/2666
f 754/76/2667 755/84/2667 759/83/2667
f 758/85/687 759/83/687 756/80/687
f 794/7/2675 787/22/2675 781/8/2675
f 793/7/2676 786/15/2676 778/1/2676
f 780/10/2677 786/15/2677 793/7/2677
f 783/3/2678 787/22/2678 794/7/2678
f 788/12/2679 782/8/2679 859/13/2679
f 785/15/2680 843/73/2680 867/16/2680
f 779/10/2681 789/11/2681 794/7/2681
f 784/3/2682 790/11/2682 793/7/2682
f 793/7/2683 792/9/2683 782/8/2683
f 794/7/2684 791/9/2684 777/1/2684
f 792/9/2685 831/58/2685 858/17/2685
f 790/11/2686 813/42/2686 866/18/2686
f 798/19/2687 860/30/2687 801/20/2687
f 788/12/2688 797/14/2688 845/5/2688
f 783/3/2689 845/5/2689 796/21/2689
f 781/8/2690 787/22/2690 796/21/2690
f 800/23/2691 805/27/2691 861/24/2691
f 800/23/2692 799/34/2692 803/26/2692
f 797/14/2693 801/20/2693 862/28/2693
f 795/29/2694 862/28/2694 800/23/2694
f 798/19/2695 796/21/2695 800/23/2695
f 806/31/2696 809/35/2696 808/32/2696
f 802/25/2697 861/24/2697 806/31/2697
f 801/20/2698 806/31/2698 803/26/2698
f 804/33/2699 808/32/2699 809/35/2699
f 807/36/2700 805/27/2700 809/35/2700
f 811/38/2701 813/42/2701 817/39/2701
f 779/10/2702 866/18/2702 812/41/2702
f 783/3/2703 789/11/2703 812/41/2703
f 790/11/2704 784/3/2704 863/4/2704
f 819/43/2705 824/46/2705 822/44/2705
f 819/43/2706 816/39/2706 821/45/2706
f 811/38/2707 865/40/2707 816/39/2707
f 814/47/2708 812/41/2708 816/39/2708
f 814/47/2709 818/48/2709 817/39/2709
f 822/44/787 826/53/787 825/49/787
f 817/39/2710 822/44/2710 864/51/2710
f 816/39/2711 815/52/2711 864/51/2711
f 821/45/2712 820/50/2712 825/49/2712
f 821/45/785 826/53/785 827/54/785
f 822/44/2713 823/55/2713 827/54/2713
f 828/56/2714 857/66/2714 835/57/2714
f 831/58/2715 835/57/2715 870/59/2715
f 791/9/2716 781/8/2716 858/17/2716
f 777/1/2717 791/9/2717 830/58/2717
f 792/9/2718 778/1/2718 873/6/2718
f 834/61/2719 833/70/2719 837/62/2719
f 832/64/2720 834/61/2720 838/63/2720
f 828/56/2721 830/58/2721 834/61/2721
f 830/58/2722 829/60/2722 870/59/2722
f 839/67/2723 836/71/2723 840/68/2723
f 835/57/2724 839/67/2724 837/62/2724
f 835/57/2725 832/64/2725 872/65/2725
f 838/63/2726 842/69/2726 840/68/2726
f 871/72/2727 841/86/2727 842/69/2727
f 871/72/2728 839/67/2728 842/69/2728
f 843/73/2729 848/79/2729 868/74/2729
f 786/15/2730 846/73/2730 869/2/2730
f 786/15/2731 780/10/2731 867/16/2731
f 785/15/2732 777/1/2732 869/2/2732
f 851/76/2733 855/85/2733 854/77/2733
f 848/79/2734 850/78/2734 854/77/2734
f 847/75/2735 868/74/2735 851/76/2735
f 843/73/812 844/82/812 849/81/812
f 844/82/2736 846/73/2736 851/76/2736
f 848/79/2737 853/80/2737 856/83/2737
f 851/76/2738 852/84/2738 856/83/2738
f 855/85/816 856/83/816 853/80/816
f 891/7/2739 884/22/2739 878/8/2739
f 890/7/2740 883/15/2740 875/1/2740
f 877/10/2741 883/15/2741 890/7/2741
f 880/3/2742 884/22/2742 891/7/2742
f 885/12/2743 879/8/2743 956/13/2743
f 882/15/2744 940/73/2744 964/16/2744
f 876/10/2745 886/11/2745 891/7/2745
f 881/3/2746 887/11/2746 890/7/2746
f 890/7/2747 889/9/2747 879/8/2747
f 891/7/2748 888/9/2748 874/1/2748
f 889/9/2749 928/58/2749 955/17/2749
f 887/11/2750 910/42/2750 963/18/2750
f 895/19/2751 957/30/2751 898/20/2751
f 885/12/2752 894/14/2752 942/5/2752
f 880/3/2753 942/5/2753 893/21/2753
f 878/8/2754 884/22/2754 893/21/2754
f 897/23/2755 902/27/2755 958/24/2755
f 897/23/2756 896/34/2756 900/26/2756
f 894/14/2757 898/20/2757 959/28/2757
f 892/29/2758 959/28/2758 897/23/2758
f 895/19/2759 893/21/2759 897/23/2759
f 903/31/2760 906/35/2760 905/32/2760
f 899/25/2761 958/24/2761 903/31/2761
f 898/20/2762 903/31/2762 900/26/2762
f 901/33/2763 905/32/2763 906/35/2763
f 904/36/2764 902/27/2764 906/35/2764
f 908/38/2765 910/42/2765 914/39/2765
f 876/10/2766 963/18/2766 909/41/2766
f 880/3/2767 886/11/2767 909/41/2767
f 887/11/2768 881/3/2768 960/4/2768
f 916/43/2769 921/46/2769 919/44/2769
f 916/43/2770 913/39/2770 918/45/2770
f 908/38/2771 962/40/2771 913/39/2771
f 911/47/2772 909/41/2772 913/39/2772
f 911/47/2773 915/48/2773 914/39/2773
f 919/44/2774 923/53/2774 922/49/2774
f 914/39/2775 919/44/2775 961/51/2775
f 913/39/2776 912/52/2776 961/51/2776
f 918/45/2777 917/50/2777 922/49/2777
f 918/45/2778 923/53/2778 924/54/2778
f 919/44/2779 920/55/2779 924/54/2779
f 925/56/2780 954/66/2780 932/57/2780
f 928/58/2781 932/57/2781 967/59/2781
f 888/9/2782 878/8/2782 955/17/2782
f 874/1/2783 888/9/2783 927/58/2783
f 889/9/2784 875/1/2784 970/6/2784
f 931/61/2785 930/70/2785 934/62/2785
f 929/64/2786 931/61/2786 935/63/2786
f 925/56/2787 927/58/2787 931/61/2787
f 927/58/2788 926/60/2788 967/59/2788
f 936/67/2789 933/71/2789 937/68/2789
f 932/57/2790 936/67/2790 934/62/2790
f 932/57/2791 929/64/2791 969/65/2791
f 935/63/2792 939/69/2792 937/68/2792
f 968/72/2793 938/86/2793 939/69/2793
f 968/72/2794 936/67/2794 939/69/2794
f 940/73/2795 945/79/2795 965/74/2795
f 883/15/2796 943/73/2796 966/2/2796
f 883/15/2797 877/10/2797 964/16/2797
f 882/15/2798 874/1/2798 966/2/2798
f 948/76/2799 952/85/2799 951/77/2799
f 945/79/2800 947/78/2800 951/77/2800
f 944/75/2801 965/74/2801 948/76/2801
f 940/73/930 941/82/930 946/81/930
f 941/82/2802 943/73/2802 948/76/2802
f 945/79/2803 950/80/2803 953/83/2803
f 948/76/2804 949/84/2804 953/83/2804
f 952/85/934 953/83/934 950/80/934
f 988/7/2805 981/22/2805 975/8/2805
f 987/7/2806 980/15/2806 972/1/2806
f 974/10/2807 980/15/2807 987/7/2807
f 977/3/2808 981/22/2808 988/7/2808
f 982/12/2809 976/8/2809 1053/13/2809
f 979/15/2810 1037/73/2810 1061/16/2810
f 973/10/2811 983/11/2811 988/7/2811
f 978/3/2812 984/11/2812 987/7/2812
f 987/7/2813 986/9/2813 976/8/2813
f 988/7/2814 985/9/2814 971/1/2814
f 986/9/2815 1025/58/2815 1052/17/2815
f 984/11/2816 1007/42/2816 1060/18/2816
f 992/19/2817 1054/30/2817 995/20/2817
f 982/12/2818 991/14/2818 1039/5/2818
f 977/3/2819 1039/5/2819 990/21/2819
f 975/8/2820 981/22/2820 990/21/2820
f 994/23/2821 999/27/2821 1055/24/2821
f 994/23/2822 993/34/2822 997/26/2822
f 991/14/2823 995/20/2823 1056/28/2823
f 989/29/2824 1056/28/2824 994/23/2824
f 992/19/2825 990/21/2825 994/23/2825
f 1000/31/2826 1003/35/2826 1002/32/2826
f 996/25/2827 1055/24/2827 1000/31/2827
f 995/20/2828 1000/31/2828 997/26/2828
f 998/33/2829 1002/32/2829 1003/35/2829
f 1001/36/2830 999/27/2830 1003/35/2830
f 1005/38/2831 1007/42/2831 1011/39/2831
f 973/10/2832 1060/18/2832 1006/41/2832
f 977/3/2833 983/11/2833 1006/41/2833
f 984/11/2834 978/3/2834 1057/4/2834
f 1013/43/2835 1018/46/2835 1016/44/2835
f 1013/43/2836 1010/39/2836 1015/45/2836
f 1005/38/2837 1059/40/2837 1010/39/2837
f 1008/47/2838 1006/41/2838 1010/39/2838
f 1008/47/2839 1012/48/2839 1011/39/2839
f 1016/44/1023 1020/53/1023 1019/49/1023
f 1011/39/2840 1016/44/2840 1058/51/2840
f 1010/39/2841 1009/52/2841 1058/51/2841
f 1015/45/2842 1014/50/2842 1019/49/2842
f 1015/45/1021 1020/53/1021 1021/54/1021
f 1016/44/2843 1017/55/2843 1021/54/2843
f 1022/56/2844 1051/66/2844 1029/57/2844
f 1025/58/2845 1029/57/2845 1064/59/2845
f 985/9/2846 975/8/2846 1052/17/2846
f 971/1/2847 985/9/2847 1024/58/2847
f 986/9/2848 972/1/2848 1067/6/2848
f 1028/61/2849 1027/70/2849 1031/62/2849
f 1026/64/2850 1028/61/2850 1032/63/2850
f 1022/56/2851 1024/58/2851 1028/61/2851
f 1024/58/2852 1023/60/2852 1064/59/2852
f 1033/67/2853 1030/71/2853 1034/68/2853
f 1029/57/2854 1033/67/2854 1031/62/2854
f 1029/57/2855 1026/64/2855 1066/65/2855
f 1032/63/2856 1036/69/2856 1034/68/2856
f 1065/72/2857 1036/69/2857 1035/86/2857
f 1065/72/2858 1033/67/2858 1036/69/2858
f 1037/73/2859 1042/79/2859 1062/74/2859
f 980/15/2860 1040/73/2860 1063/2/2860
f 980/15/2861 974/10/2861 1061/16/2861
f 979/15/2862 971/1/2862 1063/2/2862
f 1045/76/2863 1049/85/2863 1048/77/2863
f 1042/79/2864 1044/78/2864 1048/77/2864
f 1041/75/2865 1062/74/2865 1045/76/2865
f 1037/73/1048 1038/82/1048 1043/81/1048
f 1038/82/2866 1040/73/2866 1045/76/2866
f 1042/79/2867 1047/80/2867 1050/83/2867
f 1045/76/2868 1046/84/2868 1050/83/2868
f 1049/85/2869 1050/83/2869 1047/80/2869
f 1085/7/2870 1078/22/2870 1072/8/2870
f 1084/7/2871 1077/15/2871 1069/1/2871
f 1071/10/2872 1077/15/2872 1084/7/2872
f 1074/3/2873 1078/22/2873 1085/7/2873
f 1079/12/2874 1073/8/2874 1150/13/2874
f 1076/15/2875 1134/73/2875 1158/16/2875
f 1070/10/2876 1080/11/2876 1085/7/2876
f 1075/3/2877 1081/11/2877 1084/7/2877
f 1084/7/2878 1083/9/2878 1073/8/2878
f 1085/7/2879 1082/9/2879 1068/1/2879
f 1083/9/2880 1122/58/2880 1149/17/2880
f 1081/11/2881 1104/42/2881 1157/18/2881
f 1089/19/2882 1151/30/2882 1092/20/2882
f 1079/12/2883 1088/14/2883 1136/5/2883
f 1074/3/2884 1136/5/2884 1087/21/2884
f 1072/8/2885 1078/22/2885 1087/21/2885
f 1091/23/2886 1096/27/2886 1152/24/2886
f 1091/23/2887 1090/34/2887 1094/26/2887
f 1088/14/2888 1092/20/2888 1153/28/2888
f 1086/29/2889 1153/28/2889 1091/23/2889
f 1089/19/2890 1087/21/2890 1091/23/2890
f 1097/31/2891 1100/35/2891 1099/32/2891
f 1093/25/2892 1152/24/2892 1097/31/2892
f 1092/20/2893 1097/31/2893 1094/26/2893
f 1095/33/2894 1099/32/2894 1100/35/2894
f 1098/36/2895 1096/27/2895 1100/35/2895
f 1102/38/2896 1104/42/2896 1108/39/2896
f 1070/10/2897 1157/18/2897 1103/41/2897
f 1074/3/2898 1080/11/2898 1103/41/2898
f 1081/11/2899 1075/3/2899 1154/4/2899
f 1110/43/2900 1115/46/2900 1113/44/2900
f 1110/43/2901 1107/39/2901 1112/45/2901
f 1102/38/2902 1156/40/2902 1107/39/2902
f 1105/47/2903 1103/41/2903 1107/39/2903
f 1105/47/2904 1109/48/2904 1108/39/2904
f 1113/44/2905 1117/53/2905 1116/49/2905
f 1108/39/2906 1113/44/2906 1155/51/2906
f 1107/39/2907 1106/52/2907 1155/51/2907
f 1112/45/2908 1111/50/2908 1116/49/2908
f 1112/45/1139 1117/53/1139 1118/54/1139
f 1113/44/2909 1114/55/2909 1118/54/2909
f 1119/56/2910 1148/66/2910 1126/57/2910
f 1122/58/2911 1126/57/2911 1161/59/2911
f 1082/9/2912 1072/8/2912 1149/17/2912
f 1068/1/2913 1082/9/2913 1121/58/2913
f 1083/9/2914 1069/1/2914 1164/6/2914
f 1125/61/2915 1124/70/2915 1128/62/2915
f 1123/64/2916 1125/61/2916 1129/63/2916
f 1119/56/2917 1121/58/2917 1125/61/2917
f 1121/58/2918 1120/60/2918 1161/59/2918
f 1130/67/2919 1127/71/2919 1131/68/2919
f 1126/57/2920 1130/67/2920 1128/62/2920
f 1126/57/2921 1123/64/2921 1163/65/2921
f 1129/63/2922 1133/69/2922 1131/68/2922
f 1162/72/2923 1132/86/2923 1133/69/2923
f 1162/72/2924 1130/67/2924 1133/69/2924
f 1134/73/2925 1139/79/2925 1159/74/2925
f 1077/15/2926 1137/73/2926 1160/2/2926
f 1077/15/2927 1071/10/2927 1158/16/2927
f 1076/15/2928 1068/1/2928 1160/2/2928
f 1142/76/2929 1146/85/2929 1145/77/2929
f 1139/79/2930 1141/78/2930 1145/77/2930
f 1138/75/2931 1159/74/2931 1142/76/2931
f 1134/73/1166 1135/82/1166 1140/81/1166
f 1135/82/2932 1137/73/2932 1142/76/2932
f 1139/79/2933 1144/80/2933 1147/83/2933
f 1142/76/2934 1143/84/2934 1147/83/2934
f 1146/85/1170 1147/83/1170 1144/80/1170
f 1182/7/2935 1175/22/2935 1169/8/2935
f 1181/7/2936 1174/15/2936 1166/1/2936
f 1168/10/2937 1174/15/2937 1181/7/2937
f 1171/3/2938 1175/22/2938 1182/7/2938
f 1176/12/2939 1170/8/2939 1247/13/2939
f 1173/15/2940 1231/73/2940 1255/16/2940
f 1167/10/2941 1177/11/2941 1182/7/2941
f 1172/3/2942 1178/11/2942 1181/7/2942
f 1181/7/2943 1180/9/2943 1170/8/2943
f 1182/7/2944 1179/9/2944 1165/1/2944
f 1180/9/2945 1219/58/2945 1246/17/2945
f 1178/11/2946 1201/42/2946 1254/18/2946
f 1186/19/2947 1248/30/2947 1189/20/2947
f 1176/12/2948 1185/14/2948 1233/5/2948
f 1171/3/2949 1233/5/2949 1184/21/2949
f 1169/8/2950 1175/22/2950 1184/21/2950
f 1188/23/2951 1193/27/2951 1249/24/2951
f 1188/23/2952 1187/34/2952 1191/26/2952
f 1185/14/2953 1189/20/2953 1250/28/2953
f 1183/29/2954 1250/28/2954 1188/23/2954
f 1186/19/2955 1184/21/2955 1188/23/2955
f 1194/31/2956 1197/35/2956 1196/32/2956
f 1190/25/2957 1249/24/2957 1194/31/2957
f 1189/20/2958 1194/31/2958 1191/26/2958
f 1192/33/2959 1196/32/2959 1197/35/2959
f 1195/36/2960 1193/27/2960 1197/35/2960
f 1199/38/2961 1201/42/2961 1205/39/2961
f 1167/10/2962 1254/18/2962 1200/41/2962
f 1171/3/2963 1177/11/2963 1200/41/2963
f 1178/11/2964 1172/3/2964 1251/4/2964
f 1207/43/2965 1212/46/2965 1210/44/2965
f 1207/43/2966 1204/39/2966 1209/45/2966
f 1199/38/2967 1253/40/2967 1204/39/2967
f 1202/47/2968 1200/41/2968 1204/39/2968
f 1202/47/2969 1206/48/2969 1205/39/2969
f 1210/44/1259 1214/53/1259 1213/49/1259
f 1205/39/2970 1210/44/2970 1252/51/2970
f 1204/39/2971 1203/52/2971 1252/51/2971
f 1209/45/2972 1208/50/2972 1213/49/2972
f 1209/45/1257 1214/53/1257 1215/54/1257
f 1210/44/2973 1211/55/2973 1215/54/2973
f 1216/56/2974 1245/66/2974 1223/57/2974
f 1219/58/2975 1223/57/2975 1258/59/2975
f 1179/9/2976 1169/8/2976 1246/17/2976
f 1165/1/2977 1179/9/2977 1218/58/2977
f 1180/9/2978 1166/1/2978 1261/6/2978
f 1222/61/2979 1221/70/2979 1225/62/2979
f 1220/64/2980 1222/61/2980 1226/63/2980
f 1216/56/2981 1218/58/2981 1222/61/2981
f 1218/58/2982 1217/60/2982 1258/59/2982
f 1227/67/2983 1224/71/2983 1228/68/2983
f 1223/57/2984 1227/67/2984 1225/62/2984
f 1223/57/2985 1220/64/2985 1260/65/2985
f 1226/63/2986 1230/69/2986 1228/68/2986
f 1259/72/2987 1229/86/2987 1230/69/2987
f 1259/72/2988 1227/67/2988 1230/69/2988
f 1231/73/2989 1236/79/2989 1256/74/2989
f 1174/15/2990 1234/73/2990 1257/2/2990
f 1174/15/2991 1168/10/2991 1255/16/2991
f 1173/15/2992 1165/1/2992 1257/2/2992
f 1239/76/2993 1243/85/2993 1242/77/2993
f 1236/79/2994 1238/78/2994 1242/77/2994
f 1235/75/2995 1256/74/2995 1239/76/2995
f 1231/73/1284 1232/82/1284 1237/81/1284
f 1232/82/2996 1234/73/2996 1239/76/2996
f 1236/79/2997 1241/80/2997 1244/83/2997
f 1239/76/2998 1240/84/2998 1244/83/2998
f 1243/85/2999 1244/83/2999 1241/80/2999
f 1279/7/3000 1272/22/3000 1266/8/3000
f 1278/7/3001 1271/15/3001 1263/1/3001
f 1265/10/3002 1271/15/3002 1278/7/3002
f 1268/3/3003 1272/22/3003 1279/7/3003
f 1273/12/3004 1267/8/3004 1344/13/3004
f 1270/15/3005 1328/73/3005 1352/16/3005
f 1264/10/3006 1274/11/3006 1279/7/3006
f 1269/3/3007 1275/11/3007 1278/7/3007
f 1278/7/3008 1277/9/3008 1267/8/3008
f 1279/7/3009 1276/9/3009 1262/1/3009
f 1277/9/3010 1316/58/3010 1343/17/3010
f 1275/11/3011 1298/42/3011 1351/18/3011
f 1283/19/3012 1345/30/3012 1286/20/3012
f 1273/12/3013 1282/14/3013 1330/5/3013
f 1268/3/3014 1330/5/3014 1281/21/3014
f 1266/8/3015 1272/22/3015 1281/21/3015
f 1285/23/3016 1290/27/3016 1346/24/3016
f 1285/23/3017 1284/34/3017 1288/26/3017
f 1282/14/3018 1286/20/3018 1347/28/3018
f 1280/29/3019 1347/28/3019 1285/23/3019
f 1283/19/3020 1281/21/3020 1285/23/3020
f 1291/31/3021 1294/35/3021 1293/32/3021
f 1287/25/3022 1346/24/3022 1291/31/3022
f 1286/20/3023 1291/31/3023 1288/26/3023
f 1289/33/3024 1293/32/3024 1294/35/3024
f 1292/36/3025 1290/27/3025 1294/35/3025
f 1296/38/3026 1298/42/3026 1302/39/3026
f 1264/10/3027 1351/18/3027 1297/41/3027
f 1268/3/3028 1274/11/3028 1297/41/3028
f 1275/11/3029 1269/3/3029 1348/4/3029
f 1304/43/3030 1309/46/3030 1307/44/3030
f 1304/43/3031 1301/39/3031 1306/45/3031
f 1296/38/3032 1350/40/3032 1301/39/3032
f 1299/47/3033 1297/41/3033 1301/39/3033
f 1299/47/3034 1303/48/3034 1302/39/3034
f 1307/44/1377 1311/53/1377 1310/49/1377
f 1302/39/3035 1307/44/3035 1349/51/3035
f 1301/39/3036 1300/52/3036 1349/51/3036
f 1306/45/3037 1305/50/3037 1310/49/3037
f 1306/45/1375 1311/53/1375 1312/54/1375
f 1307/44/3038 1308/55/3038 1312/54/3038
f 1313/56/3039 1342/66/3039 1320/57/3039
f 1316/58/3040 1320/57/3040 1355/59/3040
f 1276/9/3041 1266/8/3041 1343/17/3041
f 1262/1/3042 1276/9/3042 1315/58/3042
f 1277/9/3043 1263/1/3043 1358/6/3043
f 1319/61/3044 1318/70/3044 1322/62/3044
f 1317/64/3045 1319/61/3045 1323/63/3045
f 1313/56/3046 1315/58/3046 1319/61/3046
f 1315/58/3047 1314/60/3047 1355/59/3047
f 1324/67/3048 1321/71/3048 1325/68/3048
f 1320/57/3049 1324/67/3049 1322/62/3049
f 1320/57/3050 1317/64/3050 1357/65/3050
f 1323/63/3051 1327/69/3051 1325/68/3051
f 1356/72/3052 1326/86/3052 1327/69/3052
f 1356/72/3053 1324/67/3053 1327/69/3053
f 1328/73/3054 1333/79/3054 1353/74/3054
f 1271/15/3055 1331/73/3055 1354/2/3055
f 1271/15/3056 1265/10/3056 1352/16/3056
f 1270/15/3057 1262/1/3057 1354/2/3057
f 1336/76/3058 1340/85/3058 1339/77/3058
f 1333/79/3059 1335/78/3059 1339/77/3059
f 1332/75/3060 1353/74/3060 1336/76/3060
f 1328/73/1402 1329/82/1402 1334/81/1402
f 1329/82/3061 1331/73/3061 1336/76/3061
f 1333/79/3062 1338/80/3062 1341/83/3062
f 1336/76/3063 1337/84/3063 1341/83/3063
f 1340/85/1406 1341/83/1406 1338/80/1406
f 1376/7/3064 1369/22/3064 1363/8/3064
f 1375/7/3065 1368/15/3065 1360/1/3065
f 1362/10/3066 1368/15/3066 1375/7/3066
f 1365/3/3067 1369/22/3067 1376/7/3067
f 1370/12/3068 1364/8/3068 1441/13/3068
f 1367/15/3069 1425/73/3069 1449/16/3069
f 1361/10/3070 1371/11/3070 1376/7/3070
f 1366/3/3071 1372/11/3071 1375/7/3071
f 1375/7/3072 1374/9/3072 1364/8/3072
f 1376/7/3073 1373/9/3073 1359/1/3073
f 1374/9/3074 1413/58/3074 1440/17/3074
f 1372/11/3075 1395/42/3075 1448/18/3075
f 1380/19/3076 1442/30/3076 1383/20/3076
f 1370/12/3077 1379/14/3077 1427/5/3077
f 1365/3/3078 1427/5/3078 1378/21/3078
f 1363/8/3079 1369/22/3079 1378/21/3079
f 1382/23/3080 1387/27/3080 1443/24/3080
f 1382/23/3081 1381/34/3081 1385/26/3081
f 1379/14/3082 1383/20/3082 1444/28/3082
f 1377/29/3083 1444/28/3083 1382/23/3083
f 1380/19/3084 1378/21/3084 1382/23/3084
f 1388/31/3085 1391/35/3085 1390/32/3085
f 1384/25/3086 1443/24/3086 1388/31/3086
f 1383/20/3087 1388/31/3087 1385/26/3087
f 1386/33/3088 1390/32/3088 1391/35/3088
f 1389/36/3089 1387/27/3089 1391/35/3089
f 1393/38/3090 1395/42/3090 1399/39/3090
f 1361/10/3091 1448/18/3091 1394/41/3091
f 1365/3/3092 1371/11/3092 1394/41/3092
f 1372/11/3093 1366/3/3093 1445/4/3093
f 1401/43/3094 1406/46/3094 1404/44/3094
f 1401/43/3095 1398/39/3095 1403/45/3095
f 1393/38/3096 1447/40/3096 1398/39/3096
f 1396/47/3097 1394/41/3097 1398/39/3097
f 1396/47/3098 1400/48/3098 1399/39/3098
f 1404/44/3099 1408/53/3099 1407/49/3099
f 1399/39/3100 1404/44/3100 1446/51/3100
f 1398/39/3101 1397/52/3101 1446/51/3101
f 1403/45/3102 1402/50/3102 1407/49/3102
f 1403/45/1493 1408/53/1493 1409/54/1493
f 1404/44/3103 1405/55/3103 1409/54/3103
f 1410/56/3104 1439/66/3104 1417/57/3104
f 1413/58/3105 1417/57/3105 1452/59/3105
f 1373/9/3106 1363/8/3106 1440/17/3106
f 1359/1/3107 1373/9/3107 1412/58/3107
f 1374/9/3108 1360/1/3108 1455/6/3108
f 1416/61/3109 1415/70/3109 1419/62/3109
f 1414/64/3110 1416/61/3110 1420/63/3110
f 1410/56/3111 1412/58/3111 1416/61/3111
f 1412/58/3112 1411/60/3112 1452/59/3112
f 1421/67/3113 1418/71/3113 1422/68/3113
f 1417/57/3114 1421/67/3114 1419/62/3114
f 1417/57/3115 1414/64/3115 1454/65/3115
f 1420/63/3116 1424/69/3116 1422/68/3116
f 1453/72/3117 1424/69/3117 1423/86/3117
f 1453/72/3118 1421/67/3118 1424/69/3118
f 1425/73/3119 1430/79/3119 1450/74/3119
f 1368/15/3120 1428/73/3120 1451/2/3120
f 1368/15/3121 1362/10/3121 1449/16/3121
f 1367/15/3122 1359/1/3122 1451/2/3122
f 1433/76/3123 1437/85/3123 1436/77/3123
f 1430/79/3124 1432/78/3124 1436/77/3124
f 1429/75/3125 1450/74/3125 1433/76/3125
f 1425/73/1520 1426/82/1520 1431/81/1520
f 1426/82/3126 1428/73/3126 1433/76/3126
f 1430/79/3127 1435/80/3127 1438/83/3127
f 1433/76/3128 1434/84/3128 1438/83/3128
f 1437/85/1524 1438/83/1524 1435/80/1524
f 1473/7/3129 1466/22/3129 1460/8/3129
f 1472/7/3130 1465/15/3130 1457/1/3130
f 1459/10/3131 1465/15/3131 1472/7/3131
f 1462/3/3132 1466/22/3132 1473/7/3132
f 1467/12/3133 1461/8/3133 1538/13/3133
f 1464/15/3134 1522/73/3134 1546/16/3134
f 1458/10/3135 1468/11/3135 1473/7/3135
f 1463/3/3136 1469/11/3136 1472/7/3136
f 1472/7/3137 1471/9/3137 1461/8/3137
f 1473/7/3138 1470/9/3138 1456/1/3138
f 1471/9/3139 1510/58/3139 1537/17/3139
f 1469/11/3140 1492/42/3140 1545/18/3140
f 1477/19/3141 1539/30/3141 1480/20/3141
f 1467/12/3142 1476/14/3142 1524/5/3142
f 1462/3/3143 1524/5/3143 1475/21/3143
f 1460/8/3144 1466/22/3144 1475/21/3144
f 1479/23/3145 1484/27/3145 1540/24/3145
f 1479/23/3146 1478/34/3146 1482/26/3146
f 1476/14/3147 1480/20/3147 1541/28/3147
f 1474/29/3148 1541/28/3148 1479/23/3148
f 1477/19/3149 1475/21/3149 1479/23/3149
f 1485/31/3150 1488/35/3150 1487/32/3150
f 1481/25/3151 1540/24/3151 1485/31/3151
f 1480/20/3152 1485/31/3152 1482/26/3152
f 1483/33/3153 1487/32/3153 1488/35/3153
f 1486/36/3154 1484/27/3154 1488/35/3154
f 1490/38/3155 1492/42/3155 1496/39/3155
f 1458/10/3156 1545/18/3156 1491/41/3156
f 1462/3/3157 1468/11/3157 1491/41/3157
f 1469/11/3158 1463/3/3158 1542/4/3158
f 1498/43/3159 1503/46/3159 1501/44/3159
f 1498/43/3160 1495/39/3160 1500/45/3160
f 1490/38/3161 1544/40/3161 1495/39/3161
f 1493/47/3162 1491/41/3162 1495/39/3162
f 1493/47/3163 1497/48/3163 1496/39/3163
f 1501/44/3164 1505/53/3164 1504/49/3164
f 1496/39/3165 1501/44/3165 1543/51/3165
f 1495/39/3166 1494/52/3166 1543/51/3166
f 1500/45/3167 1499/50/3167 1504/49/3167
f 1500/45/1611 1505/53/1611 1506/54/1611
f 1501/44/3168 1502/55/3168 1506/54/3168
f 1507/56/3169 1536/66/3169 1514/57/3169
f 1510/58/3170 1514/57/3170 1549/59/3170
f 1470/9/3171 1460/8/3171 1537/17/3171
f 1456/1/3172 1470/9/3172 1509/58/3172
f 1471/9/3173 1457/1/3173 1552/6/3173
f 1513/61/3174 1512/70/3174 1516/62/3174
f 1511/64/3175 1513/61/3175 1517/63/3175
f 1507/56/3176 1509/58/3176 1513/61/3176
f 1509/58/3177 1508/60/3177 1549/59/3177
f 1518/67/3178 1515/71/3178 1519/68/3178
f 1514/57/3179 1518/67/3179 1516/62/3179
f 1514/57/3180 1511/64/3180 1551/65/3180
f 1517/63/3181 1521/69/3181 1519/68/3181
f 1550/72/3182 1520/86/3182 1521/69/3182
f 1550/72/3183 1518/67/3183 1521/69/3183
f 1522/73/3184 1527/79/3184 1547/74/3184
f 1465/15/3185 1525/73/3185 1548/2/3185
f 1465/15/3186 1459/10/3186 1546/16/3186
f 1464/15/3187 1456/1/3187 1548/2/3187
f 1530/76/3188 1534/85/3188 1533/77/3188
f 1527/79/3189 1529/78/3189 1533/77/3189
f 1526/75/3190 1547/74/3190 1530/76/3190
f 1522/73/1638 1523/82/1638 1528/81/1638
f 1523/82/3191 1525/73/3191 1530/76/3191
f 1527/79/3192 1532/80/3192 1535/83/3192
f 1530/76/3193 1531/84/3193 1535/83/3193
f 1534/85/1642 1535/83/1642 1532/80/1642
f 1570/7/3194 1563/22/3194 1557/8/3194
f 1569/7/3195 1562/15/3195 1554/1/3195
f 1556/10/3196 1562/15/3196 1569/7/3196
f 1559/3/3197 1563/22/3197 1570/7/3197
f 1564/12/3198 1558/8/3198 1635/13/3198
f 1561/15/3199 1619/73/3199 1643/16/3199
f 1555/10/3200 1565/11/3200 1570/7/3200
f 1560/3/3201 1566/11/3201 1569/7/3201
f 1569/7/3202 1568/9/3202 1558/8/3202
f 1570/7/3203 1567/9/3203 1553/1/3203
f 1568/9/3204 1607/58/3204 1634/17/3204
f 1566/11/3205 1589/42/3205 1642/18/3205
f 1574/19/3206 1636/30/3206 1577/20/3206
f 1564/12/3207 1573/14/3207 1621/5/3207
f 1559/3/3208 1621/5/3208 1572/21/3208
f 1557/8/3209 1563/22/3209 1572/21/3209
f 1576/23/3210 1581/27/3210 1637/24/3210
f 1576/23/3211 1575/34/3211 1579/26/3211
f 1573/14/3212 1577/20/3212 1638/28/3212
f 1571/29/3213 1638/28/3213 1576/23/3213
f 1574/19/3214 1572/21/3214 1576/23/3214
f 1582/31/3215 1585/35/3215 1584/32/3215
f 1578/25/3216 1637/24/3216 1582/31/3216
f 1577/20/3217 1582/31/3217 1579/26/3217
f 1580/33/3218 1584/32/3218 1585/35/3218
f 1583/36/3219 1581/27/3219 1585/35/3219
f 1587/38/3220 1589/42/3220 1593/39/3220
f 1555/10/3221 1642/18/3221 1588/41/3221
f 1559/3/3222 1565/11/3222 1588/41/3222
f 1566/11/3223 1560/3/3223 1639/4/3223
f 1595/43/3224 1600/46/3224 1598/44/3224
f 1595/43/3225 1592/39/3225 1597/45/3225
f 1587/38/3226 1641/40/3226 1592/39/3226
f 1590/47/3227 1588/41/3227 1592/39/3227
f 1590/47/3228 1594/48/3228 1593/39/3228
f 1598/44/1731 1602/53/1731 1601/49/1731
f 1593/39/3229 1598/44/3229 1640/51/3229
f 1592/39/3230 1591/52/3230 1640/51/3230
f 1597/45/3231 1596/50/3231 1601/49/3231
f 1597/45/1729 1602/53/1729 1603/54/1729
f 1598/44/3232 1599/55/3232 1603/54/3232
f 1604/56/3233 1633/66/3233 1611/57/3233
f 1607/58/3234 1611/57/3234 1646/59/3234
f 1567/9/3235 1557/8/3235 1634/17/3235
f 1553/1/3236 1567/9/3236 1606/58/3236
f 1568/9/3237 1554/1/3237 1649/6/3237
f 1610/61/3238 1609/70/3238 1613/62/3238
f 1608/64/3239 1610/61/3239 1614/63/3239
f 1604/56/3240 1606/58/3240 1610/61/3240
f 1606/58/3241 1605/60/3241 1646/59/3241
f 1615/67/3242 1612/71/3242 1616/68/3242
f 1611/57/3243 1615/67/3243 1613/62/3243
f 1611/57/3244 1608/64/3244 1648/65/3244
f 1614/63/3245 1618/69/3245 1616/68/3245
f 1647/72/3246 1618/69/3246 1617/86/3246
f 1647/72/3247 1615/67/3247 1618/69/3247
f 1619/73/3248 1624/79/3248 1644/74/3248
f 1562/15/3249 1622/73/3249 1645/2/3249
f 1562/15/3250 1556/10/3250 1643/16/3250
f 1561/15/3251 1553/1/3251 1645/2/3251
f 1627/76/3252 1631/85/3252 1630/77/3252
f 1624/79/3253 1626/78/3253 1630/77/3253
f 1623/75/3254 1644/74/3254 1627/76/3254
f 1619/73/1756 1620/82/1756 1625/81/1756
f 1620/82/3255 1622/73/3255 1627/76/3255
f 1624/79/3256 1629/80/3256 1632/83/3256
f 1627/76/3257 1628/84/3257 1632/83/3257
f 1631/85/1760 1632/83/1760 1629/80/1760
f 1667/7/3258 1660/22/3258 1654/8/3258
f 1666/7/3259 1659/15/3259 1651/1/3259
f 1653/10/3260 1659/15/3260 1666/7/3260
f 1656/3/3261 1660/22/3261 1667/7/3261
f 1661/12/3262 1655/8/3262 1732/13/3262
f 1658/15/3263 1716/73/3263 1740/16/3263
f 1652/10/3264 1662/11/3264 1667/7/3264
f 1657/3/3265 1663/11/3265 1666/7/3265
f 1666/7/3266 1665/9/3266 1655/8/3266
f 1667/7/3267 1664/9/3267 1650/1/3267
f 1665/9/3268 1704/58/3268 1731/17/3268
f 1663/11/3269 1686/42/3269 1739/18/3269
f 1671/19/3270 1733/30/3270 1674/20/3270
f 1661/12/3271 1670/14/3271 1718/5/3271
f 1656/3/3272 1718/5/3272 1669/21/3272
f 1654/8/3273 1660/22/3273 1669/21/3273
f 1673/23/3274 1678/27/3274 1734/24/3274
f 1673/23/3275 1672/34/3275 1676/26/3275
f 1670/14/3276 1674/20/3276 1735/28/3276
f 1668/29/3277 1735/28/3277 1673/23/3277
f 1671/19/3278 1669/21/3278 1673/23/3278
f 1679/31/3279 1682/35/3279 1681/32/3279
f 1675/25/3280 1734/24/3280 1679/31/3280
f 1674/20/3281 1679/31/3281 1676/26/3281
f 1677/33/3282 1681/32/3282 1682/35/3282
f 1680/36/3283 1678/27/3283 1682/35/3283
f 1684/38/3284 1686/42/3284 1690/39/3284
f 1652/10/3285 1739/18/3285 1685/41/3285
f 1656/3/3286 1662/11/3286 1685/41/3286
f 1663/11/3287 1657/3/3287 1736/4/3287
f 1692/43/3288 1697/46/3288 1695/44/3288
f 1692/43/3289 1689/39/3289 1694/45/3289
f 1684/38/3290 1738/40/3290 1689/39/3290
f 1687/47/3291 1685/41/3291 1689/39/3291
f 1687/47/3292 1691/48/3292 1690/39/3292
f 1695/44/1849 1699/53/1849 1698/49/1849
f 1690/39/3293 1695/44/3293 1737/51/3293
f 1689/39/3294 1688/52/3294 1737/51/3294
f 1694/45/3295 1693/50/3295 1698/49/3295
f 1694/45/1847 1699/53/1847 1700/54/1847
f 1695/44/3296 1696/55/3296 1700/54/3296
f 1701/56/3297 1730/66/3297 1708/57/3297
f 1704/58/3298 1708/57/3298 1743/59/3298
f 1664/9/3299 1654/8/3299 1731/17/3299
f 1650/1/3300 1664/9/3300 1703/58/3300
f 1665/9/3301 1651/1/3301 1746/6/3301
f 1707/61/3302 1706/70/3302 1710/62/3302
f 1705/64/3303 1707/61/3303 1711/63/3303
f 1701/56/3304 1703/58/3304 1707/61/3304
f 1703/58/3305 1702/60/3305 1743/59/3305
f 1712/67/3306 1709/71/3306 1713/68/3306
f 1708/57/3307 1712/67/3307 1710/62/3307
f 1708/57/3308 1705/64/3308 1745/65/3308
f 1711/63/3309 1715/69/3309 1713/68/3309
f 1744/72/3310 1715/69/3310 1714/86/3310
f 1744/72/3311 1712/67/3311 1715/69/3311
f 1716/73/3312 1721/79/3312 1741/74/3312
f 1659/15/3313 1719/73/3313 1742/2/3313
f 1659/15/3314 1653/10/3314 1740/16/3314
f 1658/15/3315 1650/1/3315 1742/2/3315
f 1724/76/3316 1728/85/3316 1727/77/3316
f 1721/79/3317 1723/78/3317 1727/77/3317
f 1720/75/3318 1741/74/3318 1724/76/3318
f 1716/73/1874 1717/82/1874 1722/81/1874
f 1717/82/3319 1719/73/3319 1724/76/3319
f 1721/79/3320 1726/80/3320 1729/83/3320
f 1724/76/3321 1725/84/3321 1729/83/3321
f 1728/85/1878 1729/83/1878 1726/80/1878
f 1764/7/3322 1757/22/3322 1751/8/3322
f 1763/7/3323 1756/15/3323 1748/1/3323
f 1750/10/3324 1756/15/3324 1763/7/3324
f 1753/3/3325 1757/22/3325 1764/7/3325
f 1758/12/3326 1752/8/3326 1829/13/3326
f 1755/15/3327 1813/73/3327 1837/16/3327
f 1749/10/3328 1759/11/3328 1764/7/3328
f 1754/3/3329 1760/11/3329 1763/7/3329
f 1763/7/3330 1762/9/3330 1752/8/3330
f 1764/7/3331 1761/9/3331 1747/1/3331
f 1762/9/3332 1801/58/3332 1828/17/3332
f 1760/11/3333 1783/42/3333 1836/18/3333
f 1768/19/3334 1830/30/3334 1771/20/3334
f 1758/12/3335 1767/14/3335 1815/5/3335
f 1753/3/3336 1815/5/3336 1766/21/3336
f 1751/8/3337 1757/22/3337 1766/21/3337
f 1770/23/3338 1775/27/3338 1831/24/3338
f 1770/23/3339 1769/34/3339 1773/26/3339
f 1767/14/3340 1771/20/3340 1832/28/3340
f 1765/29/3341 1832/28/3341 1770/23/3341
f 1768/19/3342 1766/21/3342 1770/23/3342
f 1776/31/3343 1779/35/3343 1778/32/3343
f 1772/25/3344 1831/24/3344 1776/31/3344
f 1771/20/3345 1776/31/3345 1773/26/3345
f 1774/33/3346 1778/32/3346 1779/35/3346
f 1777/36/3347 1775/27/3347 1779/35/3347
f 1781/38/3348 1783/42/3348 1787/39/3348
f 1749/10/3349 1836/18/3349 1782/41/3349
f 1753/3/3350 1759/11/3350 1782/41/3350
f 1760/11/3351 1754/3/3351 1833/4/3351
f 1789/43/3352 1794/46/3352 1792/44/3352
f 1789/43/3353 1786/39/3353 1791/45/3353
f 1781/38/3354 1835/40/3354 1786/39/3354
f 1784/47/3355 1782/41/3355 1786/39/3355
f 1784/47/3356 1788/48/3356 1787/39/3356
f 1792/44/3357 1796/53/3357 1795/49/3357
f 1787/39/3358 1792/44/3358 1834/51/3358
f 1786/39/3359 1785/52/3359 1834/51/3359
f 1791/45/3360 1790/50/3360 1795/49/3360
f 1791/45/3361 1796/53/3361 1797/54/3361
f 1792/44/3362 1793/55/3362 1797/54/3362
f 1798/56/3363 1827/66/3363 1805/57/3363
f 1801/58/3364 1805/57/3364 1840/59/3364
f 1761/9/3365 1751/8/3365 1828/17/3365
f 1747/1/3366 1761/9/3366 1800/58/3366
f 1762/9/3367 1748/1/3367 1843/6/3367
f 1804/61/3368 1803/70/3368 1807/62/3368
f 1802/64/3369 1804/61/3369 1808/63/3369
f 1798/56/3370 1800/58/3370 1804/61/3370
f 1800/58/3371 1799/60/3371 1840/59/3371
f 1809/67/3372 1806/71/3372 1810/68/3372
f 1805/57/3373 1809/67/3373 1807/62/3373
f 1805/57/3374 1802/64/3374 1842/65/3374
f 1808/63/3375 1812/69/3375 1810/68/3375
f 1841/72/3376 1812/69/3376 1811/86/3376
f 1841/72/3377 1809/67/3377 1812/69/3377
f 1813/73/3378 1818/79/3378 1838/74/3378
f 1756/15/3379 1816/73/3379 1839/2/3379
f 1756/15/3380 1750/10/3380 1837/16/3380
f 1755/15/3381 1747/1/3381 1839/2/3381
f 1821/76/3382 1825/85/3382 1824/77/3382
f 1818/79/3383 1820/78/3383 1824/77/3383
f 1817/75/3384 1838/74/3384 1821/76/3384
f 1813/73/1993 1814/82/1993 1819/81/1993
f 1814/82/3385 1816/73/3385 1821/76/3385
f 1818/79/3386 1823/80/3386 1826/83/3386
f 1821/76/3387 1822/84/3387 1826/83/3387
f 1825/85/1997 1826/83/1997 1823/80/1997
f 1861/7/3388 1854/22/3388 1848/8/3388
f 1860/7/3389 1853/15/3389 1845/1/3389
f 1847/10/3390 1853/15/3390 1860/7/3390
f 1850/3/3391 1854/22/3391 1861/7/3391
f 1855/12/3392 1849/8/3392 1926/13/3392
f 1852/15/3393 1910/73/3393 1934/16/3393
f 1846/10/3394 1856/11/3394 1861/7/3394
f 1851/3/3395 1857/11/3395 1860/7/3395
f 1860/7/3396 1859/9/3396 1849/8/3396
f 1861/7/3397 1858/9/3397 1844/1/3397
f 1859/9/3398 1898/58/3398 1925/17/3398
f 1857/11/3399 1880/42/3399 1933/18/3399
f 1865/19/3400 1927/30/3400 1868/20/3400
f 1855/12/3401 1864/14/3401 1912/5/3401
f 1850/3/3402 1912/5/3402 1863/21/3402
f 1848/8/3403 1854/22/3403 1863/21/3403
f 1867/23/3404 1872/27/3404 1928/24/3404
f 1867/23/3405 1866/34/3405 1870/26/3405
f 1864/14/3406 1868/20/3406 1929/28/3406
f 1862/29/3407 1929/28/3407 1867/23/3407
f 1865/19/3408 1863/21/3408 1867/23/3408
f 1873/31/3409 1876/35/3409 1875/32/3409
f 1869/25/3410 1928/24/3410 1873/31/3410
f 1868/20/3411 1873/31/3411 1870/26/3411
f 1871/33/3412 1875/32/3412 1876/35/3412
f 1874/36/3413 1872/27/3413 1876/35/3413
f 1878/38/3414 1880/42/3414 1884/39/3414
f 1846/10/3415 1933/18/3415 1879/41/3415
f 1850/3/3416 1856/11/3416 1879/41/3416
f 1857/11/3417 1851/3/3417 1930/4/3417
f 1886/43/3418 1891/46/3418 1889/44/3418
f 1886/43/3419 1883/39/3419 1888/45/3419
f 1878/38/3420 1932/40/3420 1883/39/3420
f 1881/47/3421 1879/41/3421 1883/39/3421
f 1881/47/3422 1885/48/3422 1884/39/3422
f 1889/44/2086 1893/53/2086 1892/49/2086
f 1884/39/3423 1889/44/3423 1931/51/3423
f 1883/39/3424 1882/52/3424 1931/51/3424
f 1888/45/3425 1887/50/3425 1892/49/3425
f 1888/45/2084 1893/53/2084 1894/54/2084
f 1889/44/3426 1890/55/3426 1894/54/3426
f 1895/56/3427 1924/66/3427 1902/57/3427
f 1898/58/3428 1902/57/3428 1937/59/3428
f 1858/9/3429 1848/8/3429 1925/17/3429
f 1844/1/3430 1858/9/3430 1897/58/3430
f 1859/9/3431 1845/1/3431 1940/6/3431
f 1901/61/3432 1900/70/3432 1904/62/3432
f 1899/64/3433 1901/61/3433 1905/63/3433
f 1895/56/3434 1897/58/3434 1901/61/3434
f 1897/58/3435 1896/60/3435 1937/59/3435
f 1906/67/3436 1903/71/3436 1907/68/3436
f 1902/57/3437 1906/67/3437 1904/62/3437
f 1902/57/3438 1899/64/3438 1939/65/3438
f 1905/63/3439 1909/69/3439 1907/68/3439
f 1938/72/3440 1909/69/3440 1908/86/3440
f 1938/72/3441 1906/67/3441 1909/69/3441
f 1910/73/3442 1915/79/3442 1935/74/3442
f 1853/15/3443 1913/73/3443 1936/2/3443
f 1853/15/3444 1847/10/3444 1934/16/3444
f 1852/15/3445 1844/1/3445 1936/2/3445
f 1918/76/3446 1922/85/3446 1921/77/3446
f 1915/79/3447 1917/78/3447 1921/77/3447
f 1914/75/3448 1935/74/3448 1918/76/3448
f 1910/73/2111 1911/82/2111 1916/81/2111
f 1911/82/3449 1913/73/3449 1918/76/3449
f 1915/79/3450 1920/80/3450 1923/83/3450
f 1918/76/3451 1919/84/3451 1923/83/3451
f 1922/85/3452 1923/83/3452 1920/80/3452
f 1958/7/3453 1951/22/3453 1945/8/3453
f 1957/7/3454 1950/15/3454 1942/1/3454
f 1944/10/3455 1950/15/3455 1957/7/3455
f 1947/3/3456 1951/22/3456 1958/7/3456
f 1952/12/3457 1946/8/3457 2023/13/3457
f 1949/15/3458 2007/73/3458 2031/16/3458
f 1943/10/3459 1953/11/3459 1958/7/3459
f 1948/3/3460 1954/11/3460 1957/7/3460
f 1957/7/3461 1956/9/3461 1946/8/3461
f 1958/7/3462 1955/9/3462 1941/1/3462
f 1956/9/3463 1995/58/3463 2022/17/3463
f 1954/11/3464 1977/42/3464 2030/18/3464
f 1962/19/3465 2024/30/3465 1965/20/3465
f 1952/12/3466 1961/14/3466 2009/5/3466
f 1947/3/3467 2009/5/3467 1960/21/3467
f 1945/8/3468 1951/22/3468 1960/21/3468
f 1964/23/3469 1969/27/3469 2025/24/3469
f 1964/23/3470 1963/34/3470 1967/26/3470
f 1961/14/3471 1965/20/3471 2026/28/3471
f 1959/29/3472 2026/28/3472 1964/23/3472
f 1962/19/3473 1960/21/3473 1964/23/3473
f 1970/31/3474 1973/35/3474 1972/32/3474
f 1966/25/3475 2025/24/3475 1970/31/3475
f 1965/20/3476 1970/31/3476 1967/26/3476
f 1968/33/3477 1972/32/3477 1973/35/3477
f 1971/36/3478 1969/27/3478 1973/35/3478
f 1975/38/3479 1977/42/3479 1981/39/3479
f 1943/10/3480 2030/18/3480 1976/41/3480
f 1947/3/3481 1953/11/3481 1976/41/3481
f 1954/11/3482 1948/3/3482 2027/4/3482
f 1983/43/3483 1988/46/3483 1986/44/3483
f 1983/43/3484 1980/39/3484 1985/45/3484
f 1975/38/3485 2029/40/3485 1980/39/3485
f 1978/47/3486 1976/41/3486 1980/39/3486
f 1978/47/3487 1982/48/3487 1981/39/3487
f 1986/44/2204 1990/53/2204 1989/49/2204
f 1981/39/3488 1986/44/3488 2028/51/3488
f 1980/39/3489 1979/52/3489 2028/51/3489
f 1985/45/3490 1984/50/3490 1989/49/3490
f 1985/45/2202 1990/53/2202 1991/54/2202
f 1986/44/3491 1987/55/3491 1991/54/3491
f 1992/56/3492 2021/66/3492 1999/57/3492
f 1995/58/3493 1999/57/3493 2034/59/3493
f 1955/9/3494 1945/8/3494 2022/17/3494
f 1941/1/3495 1955/9/3495 1994/58/3495
f 1956/9/3496 1942/1/3496 2037/6/3496
f 1998/61/3497 1997/70/3497 2001/62/3497
f 1996/64/3498 1998/61/3498 2002/63/3498
f 1992/56/3499 1994/58/3499 1998/61/3499
f 1994/58/3500 1993/60/3500 2034/59/3500
f 2003/67/3501 2000/71/3501 2004/68/3501
f 1999/57/3502 2003/67/3502 2001/62/3502
f 1999/57/3503 1996/64/3503 2036/65/3503
f 2002/63/3504 2006/69/3504 2004/68/3504
f 2035/72/3505 2006/69/3505 2005/86/3505
f 2035/72/3506 2003/67/3506 2006/69/3506
f 2007/73/3507 2012/79/3507 2032/74/3507
f 1950/15/3508 2010/73/3508 2033/2/3508
f 1950/15/3509 1944/10/3509 2031/16/3509
f 1949/15/3510 1941/1/3510 2033/2/3510
f 2015/76/3511 2019/85/3511 2018/77/3511
f 2012/79/3512 2014/78/3512 2018/77/3512
f 2011/75/3513 2032/74/3513 2015/76/3513
f 2007/73/2229 2008/82/2229 2013/81/2229
f 2008/82/3514 2010/73/3514 2015/76/3514
f 2012/79/3515 2017/80/3515 2020/83/3515
f 2015/76/3516 2016/84/3516 2020/83/3516
f 2019/85/2233 2020/83/2233 2017/80/2233
f 2038/1/1 2039/1/1 2130/2/1
f 2045/3/2 2044/3/2 2124/4/2
f 2044/3/3 2045/3/3 2106/5/3
f 2039/1/4 2038/1/4 2134/6/4
f 2055/7/5 2042/8/5 2052/9/5
f 2054/7/6 2039/1/6 2053/9/6
f 2041/10/7 2054/7/7 2051/11/7
f 2044/3/8 2055/7/8 2050/11/8
f 2049/12/9 2120/13/9 2058/14/9
f 2046/15/10 2128/16/10 2040/10/10
f 2040/10/11 2055/7/11 2046/15/11
f 2045/3/12 2054/7/12 2049/12/12
f 2054/7/13 2043/8/13 2049/12/13
f 2055/7/14 2038/1/14 2046/15/14
f 2053/9/15 2119/17/15 2043/8/15
f 2051/11/16 2127/18/16 2041/10/16
f 2059/19/17 2062/20/17 2058/14/17
f 2049/12/18 2106/5/18 2045/3/18
f 2043/8/19 2042/8/19 2120/13/19
f 2044/3/20 2057/21/20 2048/22/20
f 2042/8/21 2057/21/21 2120/13/21
f 2061/23/22 2122/24/22 2063/25/22
f 2061/23/23 2064/26/23 2066/27/23
f 2058/14/24 2123/28/24 2056/29/24
f 2056/29/25 2061/23/25 2057/21/25
f 2059/19/3517 2061/23/3517 2121/30/3517
f 2067/31/3518 2069/32/3518 2065/33/3518
f 2063/25/3519 2067/31/3519 2062/20/3519
f 2062/20/3520 2064/26/3520 2060/34/3520
f 2065/33/30 2070/35/30 2066/27/30
f 2068/36/3521 2070/35/3521 2071/37/3521
f 2068/36/32 2070/35/32 2067/31/32
f 2072/38/33 2078/39/33 2126/40/33
f 2040/10/34 2073/41/34 2050/11/34
f 2044/3/35 2073/41/35 2124/4/35
f 2051/11/36 2124/4/36 2074/42/36
f 2040/10/37 2041/10/37 2127/18/37
f 2080/43/3522 2083/44/3522 2078/39/3522
f 2080/43/39 2082/45/39 2085/46/39
f 2072/38/3523 2077/39/3523 2073/41/3523
f 2075/47/3524 2077/39/3524 2079/48/3524
f 2075/47/42 2078/39/42 2074/42/42
f 2083/44/43 2086/49/43 2081/50/43
f 2082/45/44 2125/51/44 2083/44/44
f 2078/39/45 2125/51/45 2076/52/45
f 2077/39/46 2125/51/46 2082/45/46
f 2082/45/2312 2086/49/2312 2087/53/2312
f 2082/45/48 2088/54/48 2084/55/48
f 2083/44/49 2088/54/49 2087/53/49
f 2081/50/50 2082/45/50 2083/44/50
f 2089/56/51 2096/57/51 2092/58/51
f 2092/58/52 2131/59/52 2090/60/52
f 2052/9/53 2119/17/53 2091/58/53
f 2038/1/54 2091/58/54 2134/6/54
f 2053/9/55 2134/6/55 2092/58/55
f 2042/8/56 2043/8/56 2119/17/56
f 2095/61/57 2098/62/57 2099/63/57
f 2093/64/58 2099/63/58 2133/65/58
f 2089/56/59 2095/61/59 2118/66/59
f 2091/58/60 2131/59/60 2095/61/60
f 2100/67/61 2101/68/61 2103/69/61
f 2096/57/62 2098/62/62 2094/70/62
f 2096/57/63 2133/65/63 2100/67/63
f 2099/63/64 2101/68/64 2097/71/64
f 2132/72/65 2103/69/65 2099/63/65
f 2104/73/66 2129/74/66 2108/75/66
f 2047/15/67 2130/2/67 2039/1/67
f 2047/15/68 2128/16/68 2107/73/68
f 2046/15/69 2130/2/69 2104/73/69
f 2041/10/70 2040/10/70 2128/16/70
f 2112/76/71 2115/77/71 2111/78/71
f 2109/79/72 2115/77/72 2114/80/72
f 2108/75/73 2112/76/73 2107/73/73
f 2104/73/74 2110/81/74 2109/79/74
f 2105/82/3525 2112/76/3525 2110/81/3525
f 2109/79/76 2117/83/76 2113/84/76
f 2112/76/77 2117/83/77 2116/85/77
f 2116/85/3526 2114/80/3526 2115/77/3526
f 2134/6/79 2091/58/79 2092/58/79
f 2119/17/3527 2092/58/3527 2091/58/3527
f 2120/13/81 2057/21/81 2058/14/81
f 2121/30/82 2061/23/82 2062/20/82
f 2122/24/83 2066/27/83 2067/31/83
f 2131/59/3528 2096/57/3528 2095/61/3528
f 2098/62/85 2100/67/85 2099/63/85
f 2118/66/86 2095/61/86 2096/57/86
f 2133/65/87 2099/63/87 2100/67/87
f 2130/2/88 2107/73/88 2104/73/88
f 2110/81/89 2112/76/89 2109/79/89
f 2129/74/89 2109/79/89 2112/76/89
f 2128/16/90 2104/73/90 2107/73/90
f 2127/18/91 2074/42/91 2073/41/91
f 2124/4/92 2073/41/92 2074/42/92
f 2126/40/93 2078/39/93 2077/39/93
f 2079/48/94 2077/39/94 2078/39/94
f 2108/75/95 2107/73/95 2104/73/95
f 2109/79/96 2113/84/96 2112/76/96
f 2105/82/97 2104/73/97 2107/73/97
f 2111/78/98 2109/79/98 2112/76/98
f 2089/56/99 2092/58/99 2091/58/99
f 2095/61/100 2093/64/100 2096/57/100
f 2099/63/3529 2097/71/3529 2100/67/3529
f 2092/58/102 2090/60/102 2091/58/102
f 2094/70/3530 2095/61/3530 2096/57/3530
f 2132/72/104 2099/63/104 2100/67/104
f 2068/36/105 2067/31/105 2066/27/105
f 2063/25/106 2062/20/106 2061/23/106
f 2059/19/107 2058/14/107 2057/21/107
f 2064/26/108 2067/31/108 2066/27/108
f 2061/23/109 2123/28/109 2062/20/109
f 2067/31/110 2065/33/110 2066/27/110
f 2060/34/3531 2061/23/3531 2062/20/3531
f 2058/14/112 2056/29/112 2057/21/112
f 2057/21/81 2106/5/81 2058/14/81
f 2073/41/113 2075/47/113 2074/42/113
f 2077/39/114 2080/43/114 2078/39/114
f 2084/55/3532 2083/44/3532 2082/45/3532
f 2076/52/116 2077/39/116 2078/39/116
f 2072/38/117 2073/41/117 2074/42/117
f 2085/46/118 2082/45/118 2083/44/118
f 2055/7/2274 2048/22/2274 2042/8/2274
f 2054/7/2275 2047/15/2275 2039/1/2275
f 2041/10/2276 2047/15/2276 2054/7/2276
f 2044/3/2277 2048/22/2277 2055/7/2277
f 2049/12/2278 2043/8/2278 2120/13/2278
f 2046/15/2279 2104/73/2279 2128/16/2279
f 2040/10/2280 2050/11/2280 2055/7/2280
f 2045/3/2281 2051/11/2281 2054/7/2281
f 2054/7/2282 2053/9/2282 2043/8/2282
f 2055/7/2283 2052/9/2283 2038/1/2283
f 2053/9/3533 2092/58/3533 2119/17/3533
f 2051/11/3534 2074/42/3534 2127/18/3534
f 2059/19/2286 2121/30/2286 2062/20/2286
f 2049/12/2287 2058/14/2287 2106/5/2287
f 2044/3/2288 2106/5/2288 2057/21/2288
f 2042/8/2289 2048/22/2289 2057/21/2289
f 2061/23/2290 2066/27/2290 2122/24/2290
f 2061/23/2291 2060/34/2291 2064/26/2291
f 2058/14/2292 2062/20/2292 2123/28/2292
f 2056/29/2293 2123/28/2293 2061/23/2293
f 2059/19/2294 2057/21/2294 2061/23/2294
f 2067/31/3535 2070/35/3535 2069/32/3535
f 2063/25/2296 2122/24/2296 2067/31/2296
f 2062/20/2297 2067/31/2297 2064/26/2297
f 2065/33/2298 2069/32/2298 2070/35/2298
f 2068/36/2299 2066/27/2299 2070/35/2299
f 2072/38/2300 2074/42/2300 2078/39/2300
f 2040/10/2301 2127/18/2301 2073/41/2301
f 2044/3/2302 2050/11/2302 2073/41/2302
f 2051/11/2303 2045/3/2303 2124/4/2303
f 2080/43/2304 2085/46/2304 2083/44/2304
f 2080/43/2305 2077/39/2305 2082/45/2305
f 2072/38/2306 2126/40/2306 2077/39/2306
f 2075/47/2307 2073/41/2307 2077/39/2307
f 2075/47/2308 2079/48/2308 2078/39/2308
f 2083/44/49 2087/53/49 2086/49/49
f 2078/39/2309 2083/44/2309 2125/51/2309
f 2077/39/2310 2076/52/2310 2125/51/2310
f 2082/45/3536 2081/50/3536 2086/49/3536
f 2082/45/47 2087/53/47 2088/54/47
f 2083/44/2313 2084/55/2313 2088/54/2313
f 2089/56/2314 2118/66/2314 2096/57/2314
f 2092/58/2315 2096/57/2315 2131/59/2315
f 2052/9/2316 2042/8/2316 2119/17/2316
f 2038/1/2317 2052/9/2317 2091/58/2317
f 2053/9/3537 2039/1/3537 2134/6/3537
f 2095/61/3538 2094/70/3538 2098/62/3538
f 2093/64/2320 2095/61/2320 2099/63/2320
f 2089/56/2321 2091/58/2321 2095/61/2321
f 2091/58/2322 2090/60/2322 2131/59/2322
f 2100/67/2323 2097/71/2323 2101/68/2323
f 2096/57/3539 2100/67/3539 2098/62/3539
f 2096/57/2325 2093/64/2325 2133/65/2325
f 2099/63/3540 2103/69/3540 2101/68/3540
f 2132/72/2327 2102/86/2327 2103/69/2327
f 2132/72/2328 2100/67/2328 2103/69/2328
f 2104/73/3541 2109/79/3541 2129/74/3541
f 2047/15/2330 2107/73/2330 2130/2/2330
f 2047/15/2331 2041/10/2331 2128/16/2331
f 2046/15/2332 2038/1/2332 2130/2/2332
f 2112/76/2333 2116/85/2333 2115/77/2333
f 2109/79/2334 2111/78/2334 2115/77/2334
f 2108/75/2335 2129/74/2335 2112/76/2335
f 2104/73/74 2105/82/74 2110/81/74
f 2105/82/2336 2107/73/2336 2112/76/2336
f 2109/79/2337 2114/80/2337 2117/83/2337
f 2112/76/2338 2113/84/2338 2117/83/2338
f 2116/85/78 2117/83/78 2114/80/78
f 2135/1/3542 2136/1/3542 2227/2/3542
f 2142/3/3543 2141/3/3543 2221/4/3543
f 2141/3/3544 2142/3/3544 2203/5/3544
f 2136/1/3545 2135/1/3545 2231/6/3545
f 2152/7/3546 2139/8/3546 2149/9/3546
f 2151/7/3547 2136/1/3547 2150/9/3547
f 2138/10/3548 2151/7/3548 2148/11/3548
f 2141/3/3549 2152/7/3549 2147/11/3549
f 2146/12/3550 2217/13/3550 2155/14/3550
f 2143/15/3551 2225/16/3551 2137/10/3551
f 2137/10/3552 2152/7/3552 2143/15/3552
f 2142/3/3553 2151/7/3553 2146/12/3553
f 2151/7/3554 2140/8/3554 2146/12/3554
f 2152/7/3555 2135/1/3555 2143/15/3555
f 2150/9/3556 2216/17/3556 2140/8/3556
f 2148/11/3557 2224/18/3557 2138/10/3557
f 2156/19/3558 2159/20/3558 2155/14/3558
f 2146/12/3559 2203/5/3559 2142/3/3559
f 2140/8/3560 2139/8/3560 2217/13/3560
f 2141/3/3561 2154/21/3561 2145/22/3561
f 2139/8/3562 2154/21/3562 2217/13/3562
f 2158/23/3563 2219/24/3563 2160/25/3563
f 2158/23/3564 2161/26/3564 2163/27/3564
f 2155/14/3565 2220/28/3565 2153/29/3565
f 2153/29/3566 2158/23/3566 2154/21/3566
f 2156/19/3567 2158/23/3567 2218/30/3567
f 2164/31/3568 2166/32/3568 2162/33/3568
f 2160/25/3569 2164/31/3569 2159/20/3569
f 2159/20/3570 2161/26/3570 2157/34/3570
f 2162/33/3571 2167/35/3571 2163/27/3571
f 2165/36/3572 2167/35/3572 2168/37/3572
f 2165/36/3573 2167/35/3573 2164/31/3573
f 2169/38/3574 2175/39/3574 2223/40/3574
f 2137/10/3575 2170/41/3575 2147/11/3575
f 2141/3/3576 2170/41/3576 2221/4/3576
f 2148/11/3577 2221/4/3577 2171/42/3577
f 2137/10/3578 2138/10/3578 2224/18/3578
f 2177/43/3579 2180/44/3579 2175/39/3579
f 2177/43/3580 2179/45/3580 2182/46/3580
f 2169/38/3581 2174/39/3581 2170/41/3581
f 2172/47/3582 2174/39/3582 2176/48/3582
f 2172/47/3583 2175/39/3583 2171/42/3583
f 2180/44/3584 2183/49/3584 2178/50/3584
f 2179/45/3585 2222/51/3585 2180/44/3585
f 2175/39/3586 2222/51/3586 2173/52/3586
f 2174/39/3587 2222/51/3587 2179/45/3587
f 2179/45/3588 2183/49/3588 2184/53/3588
f 2179/45/3589 2185/54/3589 2181/55/3589
f 2180/44/3590 2185/54/3590 2184/53/3590
f 2178/50/3591 2179/45/3591 2180/44/3591
f 2186/56/3592 2193/57/3592 2189/58/3592
f 2189/58/3593 2228/59/3593 2187/60/3593
f 2149/9/3594 2216/17/3594 2188/58/3594
f 2135/1/3595 2188/58/3595 2231/6/3595
f 2150/9/3596 2231/6/3596 2189/58/3596
f 2139/8/3597 2140/8/3597 2216/17/3597
f 2192/61/3598 2195/62/3598 2196/63/3598
f 2190/64/3599 2196/63/3599 2230/65/3599
f 2186/56/3600 2192/61/3600 2215/66/3600
f 2188/58/3601 2228/59/3601 2192/61/3601
f 2197/67/3602 2198/68/3602 2200/69/3602
f 2193/57/3603 2195/62/3603 2191/70/3603
f 2193/57/3604 2230/65/3604 2197/67/3604
f 2196/63/3605 2198/68/3605 2194/71/3605
f 2229/72/3606 2200/69/3606 2196/63/3606
f 2201/73/3607 2226/74/3607 2205/75/3607
f 2144/15/3608 2227/2/3608 2136/1/3608
f 2144/15/3609 2225/16/3609 2204/73/3609
f 2143/15/3610 2227/2/3610 2201/73/3610
f 2138/10/3611 2137/10/3611 2225/16/3611
f 2209/76/3612 2212/77/3612 2208/78/3612
f 2206/79/3613 2212/77/3613 2211/80/3613
f 2205/75/3614 2209/76/3614 2204/73/3614
f 2201/73/3615 2207/81/3615 2206/79/3615
f 2202/82/3616 2209/76/3616 2207/81/3616
f 2206/79/3617 2214/83/3617 2210/84/3617
f 2209/76/3618 2214/83/3618 2213/85/3618
f 2213/85/3619 2211/80/3619 2212/77/3619
f 2231/6/3620 2188/58/3620 2189/58/3620
f 2216/17/3621 2189/58/3621 2188/58/3621
f 2217/13/3622 2154/21/3622 2155/14/3622
f 2218/30/3623 2158/23/3623 2159/20/3623
f 2219/24/3624 2163/27/3624 2164/31/3624
f 2228/59/3625 2193/57/3625 2192/61/3625
f 2195/62/3626 2197/67/3626 2196/63/3626
f 2215/66/3627 2192/61/3627 2193/57/3627
f 2230/65/3628 2196/63/3628 2197/67/3628
f 2227/2/3629 2204/73/3629 2201/73/3629
f 2207/81/3630 2209/76/3630 2206/79/3630
f 2226/74/3630 2206/79/3630 2209/76/3630
f 2225/16/3631 2201/73/3631 2204/73/3631
f 2224/18/3632 2171/42/3632 2170/41/3632
f 2221/4/3633 2170/41/3633 2171/42/3633
f 2223/40/3634 2175/39/3634 2174/39/3634
f 2176/48/3635 2174/39/3635 2175/39/3635
f 2205/75/3636 2204/73/3636 2201/73/3636
f 2206/79/3637 2210/84/3637 2209/76/3637
f 2202/82/3638 2201/73/3638 2204/73/3638
f 2208/78/3639 2206/79/3639 2209/76/3639
f 2186/56/3640 2189/58/3640 2188/58/3640
f 2192/61/3641 2190/64/3641 2193/57/3641
f 2196/63/3642 2194/71/3642 2197/67/3642
f 2189/58/3643 2187/60/3643 2188/58/3643
f 2191/70/3644 2192/61/3644 2193/57/3644
f 2229/72/3645 2196/63/3645 2197/67/3645
f 2165/36/3646 2164/31/3646 2163/27/3646
f 2160/25/3647 2159/20/3647 2158/23/3647
f 2156/19/3648 2155/14/3648 2154/21/3648
f 2161/26/3649 2164/31/3649 2163/27/3649
f 2158/23/3650 2220/28/3650 2159/20/3650
f 2164/31/3651 2162/33/3651 2163/27/3651
f 2157/34/3652 2158/23/3652 2159/20/3652
f 2155/14/3653 2153/29/3653 2154/21/3653
f 2154/21/3622 2203/5/3622 2155/14/3622
f 2170/41/3654 2172/47/3654 2171/42/3654
f 2174/39/3655 2177/43/3655 2175/39/3655
f 2181/55/3656 2180/44/3656 2179/45/3656
f 2173/52/3657 2174/39/3657 2175/39/3657
f 2169/38/3658 2170/41/3658 2171/42/3658
f 2182/46/3659 2179/45/3659 2180/44/3659
f 2152/7/3660 2145/22/3660 2139/8/3660
f 2151/7/3661 2144/15/3661 2136/1/3661
f 2138/10/3662 2144/15/3662 2151/7/3662
f 2141/3/3663 2145/22/3663 2152/7/3663
f 2146/12/3664 2140/8/3664 2217/13/3664
f 2143/15/3665 2201/73/3665 2225/16/3665
f 2137/10/3666 2147/11/3666 2152/7/3666
f 2142/3/3667 2148/11/3667 2151/7/3667
f 2151/7/3668 2150/9/3668 2140/8/3668
f 2152/7/3669 2149/9/3669 2135/1/3669
f 2150/9/3670 2189/58/3670 2216/17/3670
f 2148/11/3671 2171/42/3671 2224/18/3671
f 2156/19/3672 2218/30/3672 2159/20/3672
f 2146/12/3673 2155/14/3673 2203/5/3673
f 2141/3/3674 2203/5/3674 2154/21/3674
f 2139/8/3675 2145/22/3675 2154/21/3675
f 2158/23/3676 2163/27/3676 2219/24/3676
f 2158/23/3677 2157/34/3677 2161/26/3677
f 2155/14/3678 2159/20/3678 2220/28/3678
f 2153/29/3679 2220/28/3679 2158/23/3679
f 2156/19/3680 2154/21/3680 2158/23/3680
f 2164/31/3681 2167/35/3681 2166/32/3681
f 2160/25/3682 2219/24/3682 2164/31/3682
f 2159/20/3683 2164/31/3683 2161/26/3683
f 2162/33/3684 2166/32/3684 2167/35/3684
f 2165/36/3685 2163/27/3685 2167/35/3685
f 2169/38/3686 2171/42/3686 2175/39/3686
f 2137/10/3687 2224/18/3687 2170/41/3687
f 2141/3/3688 2147/11/3688 2170/41/3688
f 2148/11/3689 2142/3/3689 2221/4/3689
f 2177/43/3690 2182/46/3690 2180/44/3690
f 2177/43/3691 2174/39/3691 2179/45/3691
f 2169/38/3692 2223/40/3692 2174/39/3692
f 2172/47/3693 2170/41/3693 2174/39/3693
f 2172/47/3694 2176/48/3694 2175/39/3694
f 2180/44/3590 2184/53/3590 2183/49/3590
f 2175/39/3695 2180/44/3695 2222/51/3695
f 2174/39/3696 2173/52/3696 2222/51/3696
f 2179/45/3697 2178/50/3697 2183/49/3697
f 2179/45/3698 2184/53/3698 2185/54/3698
f 2180/44/3699 2181/55/3699 2185/54/3699
f 2186/56/3700 2215/66/3700 2193/57/3700
f 2189/58/3701 2193/57/3701 2228/59/3701
f 2149/9/3702 2139/8/3702 2216/17/3702
f 2135/1/3703 2149/9/3703 2188/58/3703
f 2150/9/3704 2136/1/3704 2231/6/3704
f 2192/61/3705 2191/70/3705 2195/62/3705
f 2190/64/3706 2192/61/3706 2196/63/3706
f 2186/56/3707 2188/58/3707 2192/61/3707
f 2188/58/3708 2187/60/3708 2228/59/3708
f 2197/67/3709 2194/71/3709 2198/68/3709
f 2193/57/3710 2197/67/3710 2195/62/3710
f 2193/57/3711 2190/64/3711 2230/65/3711
f 2196/63/3712 2200/69/3712 2198/68/3712
f 2229/72/3713 2199/86/3713 2200/69/3713
f 2229/72/3714 2197/67/3714 2200/69/3714
f 2201/73/3715 2206/79/3715 2226/74/3715
f 2144/15/3716 2204/73/3716 2227/2/3716
f 2144/15/3717 2138/10/3717 2225/16/3717
f 2143/15/3718 2135/1/3718 2227/2/3718
f 2209/76/3719 2213/85/3719 2212/77/3719
f 2206/79/3720 2208/78/3720 2212/77/3720
f 2205/75/3721 2226/74/3721 2209/76/3721
f 2201/73/3722 2202/82/3722 2207/81/3722
f 2202/82/3723 2204/73/3723 2209/76/3723
f 2206/79/3724 2211/80/3724 2214/83/3724
f 2209/76/3725 2210/84/3725 2214/83/3725
f 2213/85/3619 2214/83/3619 2211/80/3619
f 2232/1/3726 2233/1/3726 2324/2/3726
f 2239/3/3727 2238/3/3727 2318/4/3727
f 2238/3/3728 2239/3/3728 2300/5/3728
f 2233/1/3729 2232/1/3729 2328/6/3729
f 2249/7/3730 2236/8/3730 2246/9/3730
f 2248/7/3731 2233/1/3731 2247/9/3731
f 2235/10/3732 2248/7/3732 2245/11/3732
f 2238/3/3733 2249/7/3733 2244/11/3733
f 2243/12/3734 2314/13/3734 2252/14/3734
f 2240/15/3735 2322/16/3735 2234/10/3735
f 2234/10/3736 2249/7/3736 2240/15/3736
f 2239/3/3737 2248/7/3737 2243/12/3737
f 2248/7/3738 2237/8/3738 2243/12/3738
f 2249/7/3739 2232/1/3739 2240/15/3739
f 2247/9/3740 2313/17/3740 2237/8/3740
f 2245/11/3741 2321/18/3741 2235/10/3741
f 2253/19/3742 2256/20/3742 2252/14/3742
f 2243/12/3743 2300/5/3743 2239/3/3743
f 2237/8/3744 2236/8/3744 2314/13/3744
f 2238/3/3745 2251/21/3745 2242/22/3745
f 2236/8/3746 2251/21/3746 2314/13/3746
f 2255/23/3747 2316/24/3747 2257/25/3747
f 2255/23/3748 2258/26/3748 2260/27/3748
f 2252/14/3749 2317/28/3749 2250/29/3749
f 2250/29/3750 2255/23/3750 2251/21/3750
f 2253/19/3751 2255/23/3751 2315/30/3751
f 2261/31/3752 2263/32/3752 2259/33/3752
f 2257/25/3753 2261/31/3753 2256/20/3753
f 2256/20/3754 2258/26/3754 2254/34/3754
f 2259/33/3755 2264/35/3755 2260/27/3755
f 2262/36/3756 2264/35/3756 2265/37/3756
f 2262/36/3757 2264/35/3757 2261/31/3757
f 2266/38/3758 2272/39/3758 2320/40/3758
f 2234/10/3759 2267/41/3759 2244/11/3759
f 2238/3/3760 2267/41/3760 2318/4/3760
f 2245/11/3761 2318/4/3761 2268/42/3761
f 2234/10/3762 2235/10/3762 2321/18/3762
f 2274/43/3763 2277/44/3763 2272/39/3763
f 2274/43/3764 2276/45/3764 2279/46/3764
f 2266/38/3765 2271/39/3765 2267/41/3765
f 2269/47/3766 2271/39/3766 2273/48/3766
f 2269/47/3767 2272/39/3767 2268/42/3767
f 2277/44/3768 2280/49/3768 2275/50/3768
f 2276/45/3769 2319/51/3769 2277/44/3769
f 2272/39/3770 2319/51/3770 2270/52/3770
f 2271/39/3771 2319/51/3771 2276/45/3771
f 2276/45/3772 2280/49/3772 2281/53/3772
f 2276/45/3773 2282/54/3773 2278/55/3773
f 2277/44/3774 2282/54/3774 2281/53/3774
f 2275/50/3775 2276/45/3775 2277/44/3775
f 2283/56/3776 2290/57/3776 2286/58/3776
f 2286/58/3777 2325/59/3777 2284/60/3777
f 2246/9/3778 2313/17/3778 2285/58/3778
f 2232/1/3779 2285/58/3779 2328/6/3779
f 2247/9/3780 2328/6/3780 2286/58/3780
f 2236/8/3781 2237/8/3781 2313/17/3781
f 2289/61/3782 2292/62/3782 2293/63/3782
f 2287/64/3783 2293/63/3783 2327/65/3783
f 2283/56/3784 2289/61/3784 2312/66/3784
f 2285/58/3785 2325/59/3785 2289/61/3785
f 2294/67/3786 2295/68/3786 2297/69/3786
f 2290/57/3787 2292/62/3787 2288/70/3787
f 2290/57/3788 2327/65/3788 2294/67/3788
f 2293/63/3789 2295/68/3789 2291/71/3789
f 2326/72/3790 2297/69/3790 2293/63/3790
f 2298/73/3791 2323/74/3791 2302/75/3791
f 2241/15/3792 2324/2/3792 2233/1/3792
f 2241/15/3793 2322/16/3793 2301/73/3793
f 2240/15/3794 2324/2/3794 2298/73/3794
f 2235/10/3795 2234/10/3795 2322/16/3795
f 2306/76/3796 2309/77/3796 2305/78/3796
f 2303/79/3797 2309/77/3797 2308/80/3797
f 2302/75/3798 2306/76/3798 2301/73/3798
f 2298/73/3799 2304/81/3799 2303/79/3799
f 2299/82/3800 2306/76/3800 2304/81/3800
f 2303/79/3801 2311/83/3801 2307/84/3801
f 2306/76/3802 2311/83/3802 2310/85/3802
f 2310/85/3803 2308/80/3803 2309/77/3803
f 2328/6/3804 2285/58/3804 2286/58/3804
f 2313/17/3805 2286/58/3805 2285/58/3805
f 2314/13/3806 2251/21/3806 2252/14/3806
f 2315/30/3807 2255/23/3807 2256/20/3807
f 2316/24/3808 2260/27/3808 2261/31/3808
f 2325/59/3809 2290/57/3809 2289/61/3809
f 2292/62/3810 2294/67/3810 2293/63/3810
f 2312/66/3811 2289/61/3811 2290/57/3811
f 2327/65/3812 2293/63/3812 2294/67/3812
f 2324/2/3813 2301/73/3813 2298/73/3813
f 2304/81/3814 2306/76/3814 2303/79/3814
f 2323/74/3815 2303/79/3815 2306/76/3815
f 2322/16/3816 2298/73/3816 2301/73/3816
f 2321/18/3817 2268/42/3817 2267/41/3817
f 2318/4/3818 2267/41/3818 2268/42/3818
f 2320/40/3819 2272/39/3819 2271/39/3819
f 2273/48/3820 2271/39/3820 2272/39/3820
f 2302/75/3821 2301/73/3821 2298/73/3821
f 2303/79/3822 2307/84/3822 2306/76/3822
f 2299/82/3823 2298/73/3823 2301/73/3823
f 2305/78/3824 2303/79/3824 2306/76/3824
f 2283/56/3825 2286/58/3825 2285/58/3825
f 2289/61/3826 2287/64/3826 2290/57/3826
f 2293/63/3827 2291/71/3827 2294/67/3827
f 2286/58/3828 2284/60/3828 2285/58/3828
f 2288/70/3829 2289/61/3829 2290/57/3829
f 2326/72/3830 2293/63/3830 2294/67/3830
f 2262/36/3831 2261/31/3831 2260/27/3831
f 2257/25/3832 2256/20/3832 2255/23/3832
f 2253/19/3833 2252/14/3833 2251/21/3833
f 2258/26/3834 2261/31/3834 2260/27/3834
f 2255/23/3835 2317/28/3835 2256/20/3835
f 2261/31/3836 2259/33/3836 2260/27/3836
f 2254/34/3837 2255/23/3837 2256/20/3837
f 2252/14/3838 2250/29/3838 2251/21/3838
f 2251/21/3806 2300/5/3806 2252/14/3806
f 2267/41/3839 2269/47/3839 2268/42/3839
f 2271/39/3840 2274/43/3840 2272/39/3840
f 2278/55/3841 2277/44/3841 2276/45/3841
f 2270/52/3842 2271/39/3842 2272/39/3842
f 2266/38/3843 2267/41/3843 2268/42/3843
f 2279/46/3844 2276/45/3844 2277/44/3844
f 2249/7/3845 2242/22/3845 2236/8/3845
f 2248/7/3846 2241/15/3846 2233/1/3846
f 2235/10/3847 2241/15/3847 2248/7/3847
f 2238/3/3848 2242/22/3848 2249/7/3848
f 2243/12/3849 2237/8/3849 2314/13/3849
f 2240/15/3850 2298/73/3850 2322/16/3850
f 2234/10/3851 2244/11/3851 2249/7/3851
f 2239/3/3852 2245/11/3852 2248/7/3852
f 2248/7/3853 2247/9/3853 2237/8/3853
f 2249/7/3854 2246/9/3854 2232/1/3854
f 2247/9/3855 2286/58/3855 2313/17/3855
f 2245/11/3856 2268/42/3856 2321/18/3856
f 2253/19/3857 2315/30/3857 2256/20/3857
f 2243/12/3858 2252/14/3858 2300/5/3858
f 2238/3/3859 2300/5/3859 2251/21/3859
f 2236/8/3860 2242/22/3860 2251/21/3860
f 2255/23/3861 2260/27/3861 2316/24/3861
f 2255/23/3862 2254/34/3862 2258/26/3862
f 2252/14/3863 2256/20/3863 2317/28/3863
f 2250/29/3864 2317/28/3864 2255/23/3864
f 2253/19/3865 2251/21/3865 2255/23/3865
f 2261/31/3866 2264/35/3866 2263/32/3866
f 2257/25/3867 2316/24/3867 2261/31/3867
f 2256/20/3868 2261/31/3868 2258/26/3868
f 2259/33/3869 2263/32/3869 2264/35/3869
f 2262/36/3870 2260/27/3870 2264/35/3870
f 2266/38/3871 2268/42/3871 2272/39/3871
f 2234/10/3872 2321/18/3872 2267/41/3872
f 2238/3/3873 2244/11/3873 2267/41/3873
f 2245/11/3874 2239/3/3874 2318/4/3874
f 2274/43/3875 2279/46/3875 2277/44/3875
f 2274/43/3876 2271/39/3876 2276/45/3876
f 2266/38/3877 2320/40/3877 2271/39/3877
f 2269/47/3878 2267/41/3878 2271/39/3878
f 2269/47/3879 2273/48/3879 2272/39/3879
f 2277/44/3880 2281/53/3880 2280/49/3880
f 2272/39/3881 2277/44/3881 2319/51/3881
f 2271/39/3882 2270/52/3882 2319/51/3882
f 2276/45/3883 2275/50/3883 2280/49/3883
f 2276/45/3772 2281/53/3772 2282/54/3772
f 2277/44/3884 2278/55/3884 2282/54/3884
f 2283/56/3885 2312/66/3885 2290/57/3885
f 2286/58/3886 2290/57/3886 2325/59/3886
f 2246/9/3887 2236/8/3887 2313/17/3887
f 2232/1/3888 2246/9/3888 2285/58/3888
f 2247/9/3889 2233/1/3889 2328/6/3889
f 2289/61/3890 2288/70/3890 2292/62/3890
f 2287/64/3891 2289/61/3891 2293/63/3891
f 2283/56/3892 2285/58/3892 2289/61/3892
f 2285/58/3893 2284/60/3893 2325/59/3893
f 2294/67/3894 2291/71/3894 2295/68/3894
f 2290/57/3895 2294/67/3895 2292/62/3895
f 2290/57/3896 2287/64/3896 2327/65/3896
f 2293/63/3897 2297/69/3897 2295/68/3897
f 2326/72/3898 2296/86/3898 2297/69/3898
f 2326/72/3899 2294/67/3899 2297/69/3899
f 2298/73/3900 2303/79/3900 2323/74/3900
f 2241/15/3901 2301/73/3901 2324/2/3901
f 2241/15/3902 2235/10/3902 2322/16/3902
f 2240/15/3903 2232/1/3903 2324/2/3903
f 2306/76/3904 2310/85/3904 2309/77/3904
f 2303/79/3905 2305/78/3905 2309/77/3905
f 2302/75/3906 2323/74/3906 2306/76/3906
f 2298/73/3799 2299/82/3799 2304/81/3799
f 2299/82/3907 2301/73/3907 2306/76/3907
f 2303/79/3908 2308/80/3908 2311/83/3908
f 2306/76/3909 2307/84/3909 2311/83/3909
f 2310/85/3803 2311/83/3803 2308/80/3803
f 2329/1/3910 2330/1/3910 2421/2/3910
f 2336/3/3911 2335/3/3911 2415/4/3911
f 2335/3/3912 2336/3/3912 2397/5/3912
f 2330/1/3913 2329/1/3913 2425/6/3913
f 2346/7/3914 2333/8/3914 2343/9/3914
f 2345/7/3915 2330/1/3915 2344/9/3915
f 2332/10/3916 2345/7/3916 2342/11/3916
f 2335/3/3917 2346/7/3917 2341/11/3917
f 2340/12/3918 2411/13/3918 2349/14/3918
f 2337/15/3919 2419/16/3919 2331/10/3919
f 2331/10/3920 2346/7/3920 2337/15/3920
f 2336/3/3921 2345/7/3921 2340/12/3921
f 2345/7/3922 2334/8/3922 2340/12/3922
f 2346/7/3923 2329/1/3923 2337/15/3923
f 2344/9/3924 2410/17/3924 2334/8/3924
f 2342/11/3925 2418/18/3925 2332/10/3925
f 2350/19/3926 2353/20/3926 2349/14/3926
f 2340/12/3927 2397/5/3927 2336/3/3927
f 2334/8/3928 2333/8/3928 2411/13/3928
f 2335/3/3929 2348/21/3929 2339/22/3929
f 2333/8/3930 2348/21/3930 2411/13/3930
f 2352/23/3931 2413/24/3931 2354/25/3931
f 2352/23/3932 2355/26/3932 2357/27/3932
f 2349/14/3933 2414/28/3933 2347/29/3933
f 2347/29/3934 2352/23/3934 2348/21/3934
f 2350/19/3935 2352/23/3935 2412/30/3935
f 2358/31/3936 2360/32/3936 2356/33/3936
f 2354/25/3937 2358/31/3937 2353/20/3937
f 2353/20/3938 2355/26/3938 2351/34/3938
f 2356/33/3939 2361/35/3939 2357/27/3939
f 2359/36/3940 2361/35/3940 2362/37/3940
f 2359/36/3941 2361/35/3941 2358/31/3941
f 2363/38/3942 2369/39/3942 2417/40/3942
f 2331/10/3943 2364/41/3943 2341/11/3943
f 2335/3/3944 2364/41/3944 2415/4/3944
f 2342/11/3945 2415/4/3945 2365/42/3945
f 2331/10/3946 2332/10/3946 2418/18/3946
f 2371/43/3947 2374/44/3947 2369/39/3947
f 2371/43/3948 2373/45/3948 2376/46/3948
f 2363/38/3949 2368/39/3949 2364/41/3949
f 2366/47/3950 2368/39/3950 2370/48/3950
f 2366/47/3951 2369/39/3951 2365/42/3951
f 2374/44/3952 2377/49/3952 2372/50/3952
f 2373/45/3953 2416/51/3953 2374/44/3953
f 2369/39/3954 2416/51/3954 2367/52/3954
f 2368/39/3955 2416/51/3955 2373/45/3955
f 2373/45/3956 2377/49/3956 2378/53/3956
f 2373/45/3957 2379/54/3957 2375/55/3957
f 2374/44/3958 2379/54/3958 2378/53/3958
f 2372/50/3959 2373/45/3959 2374/44/3959
f 2380/56/3960 2387/57/3960 2383/58/3960
f 2383/58/3961 2422/59/3961 2381/60/3961
f 2343/9/3962 2410/17/3962 2382/58/3962
f 2329/1/3963 2382/58/3963 2425/6/3963
f 2344/9/3964 2425/6/3964 2383/58/3964
f 2333/8/3965 2334/8/3965 2410/17/3965
f 2386/61/3966 2389/62/3966 2390/63/3966
f 2384/64/3967 2390/63/3967 2424/65/3967
f 2380/56/3968 2386/61/3968 2409/66/3968
f 2382/58/3969 2422/59/3969 2386/61/3969
f 2391/67/3970 2392/68/3970 2394/69/3970
f 2387/57/3971 2389/62/3971 2385/70/3971
f 2387/57/3972 2424/65/3972 2391/67/3972
f 2390/63/3973 2392/68/3973 2388/71/3973
f 2423/72/3974 2394/69/3974 2390/63/3974
f 2395/73/3975 2420/74/3975 2399/75/3975
f 2338/15/3976 2421/2/3976 2330/1/3976
f 2338/15/3977 2419/16/3977 2398/73/3977
f 2337/15/3978 2421/2/3978 2395/73/3978
f 2332/10/3979 2331/10/3979 2419/16/3979
f 2403/76/3980 2406/77/3980 2402/78/3980
f 2400/79/3981 2406/77/3981 2405/80/3981
f 2399/75/3982 2403/76/3982 2398/73/3982
f 2395/73/3983 2401/81/3983 2400/79/3983
f 2396/82/3984 2403/76/3984 2401/81/3984
f 2400/79/3985 2408/83/3985 2404/84/3985
f 2403/76/3986 2408/83/3986 2407/85/3986
f 2407/85/3987 2405/80/3987 2406/77/3987
f 2425/6/3988 2382/58/3988 2383/58/3988
f 2410/17/3989 2383/58/3989 2382/58/3989
f 2411/13/3990 2348/21/3990 2349/14/3990
f 2412/30/3991 2352/23/3991 2353/20/3991
f 2413/24/3992 2357/27/3992 2358/31/3992
f 2422/59/3993 2387/57/3993 2386/61/3993
f 2389/62/3994 2391/67/3994 2390/63/3994
f 2409/66/3995 2386/61/3995 2387/57/3995
f 2424/65/3996 2390/63/3996 2391/67/3996
f 2421/2/3997 2398/73/3997 2395/73/3997
f 2401/81/3998 2403/76/3998 2400/79/3998
f 2420/74/3998 2400/79/3998 2403/76/3998
f 2419/16/3999 2395/73/3999 2398/73/3999
f 2418/18/4000 2365/42/4000 2364/41/4000
f 2415/4/4001 2364/41/4001 2365/42/4001
f 2417/40/4002 2369/39/4002 2368/39/4002
f 2370/48/4003 2368/39/4003 2369/39/4003
f 2399/75/4004 2398/73/4004 2395/73/4004
f 2400/79/4005 2404/84/4005 2403/76/4005
f 2396/82/4006 2395/73/4006 2398/73/4006
f 2402/78/4007 2400/79/4007 2403/76/4007
f 2380/56/4008 2383/58/4008 2382/58/4008
f 2386/61/4009 2384/64/4009 2387/57/4009
f 2390/63/4010 2388/71/4010 2391/67/4010
f 2383/58/4011 2381/60/4011 2382/58/4011
f 2385/70/4012 2386/61/4012 2387/57/4012
f 2423/72/4013 2390/63/4013 2391/67/4013
f 2359/36/4014 2358/31/4014 2357/27/4014
f 2354/25/4015 2353/20/4015 2352/23/4015
f 2350/19/4016 2349/14/4016 2348/21/4016
f 2355/26/4017 2358/31/4017 2357/27/4017
f 2352/23/4018 2414/28/4018 2353/20/4018
f 2358/31/4019 2356/33/4019 2357/27/4019
f 2351/34/4020 2352/23/4020 2353/20/4020
f 2349/14/4021 2347/29/4021 2348/21/4021
f 2348/21/3990 2397/5/3990 2349/14/3990
f 2364/41/4022 2366/47/4022 2365/42/4022
f 2368/39/4023 2371/43/4023 2369/39/4023
f 2375/55/4024 2374/44/4024 2373/45/4024
f 2367/52/4025 2368/39/4025 2369/39/4025
f 2363/38/4026 2364/41/4026 2365/42/4026
f 2376/46/4027 2373/45/4027 2374/44/4027
f 2346/7/4028 2339/22/4028 2333/8/4028
f 2345/7/4029 2338/15/4029 2330/1/4029
f 2332/10/4030 2338/15/4030 2345/7/4030
f 2335/3/4031 2339/22/4031 2346/7/4031
f 2340/12/4032 2334/8/4032 2411/13/4032
f 2337/15/4033 2395/73/4033 2419/16/4033
f 2331/10/4034 2341/11/4034 2346/7/4034
f 2336/3/4035 2342/11/4035 2345/7/4035
f 2345/7/4036 2344/9/4036 2334/8/4036
f 2346/7/4037 2343/9/4037 2329/1/4037
f 2344/9/4038 2383/58/4038 2410/17/4038
f 2342/11/4039 2365/42/4039 2418/18/4039
f 2350/19/4040 2412/30/4040 2353/20/4040
f 2340/12/4041 2349/14/4041 2397/5/4041
f 2335/3/4042 2397/5/4042 2348/21/4042
f 2333/8/4043 2339/22/4043 2348/21/4043
f 2352/23/4044 2357/27/4044 2413/24/4044
f 2352/23/4045 2351/34/4045 2355/26/4045
f 2349/14/4046 2353/20/4046 2414/28/4046
f 2347/29/4047 2414/28/4047 2352/23/4047
f 2350/19/4048 2348/21/4048 2352/23/4048
f 2358/31/4049 2361/35/4049 2360/32/4049
f 2354/25/4050 2413/24/4050 2358/31/4050
f 2353/20/4051 2358/31/4051 2355/26/4051
f 2356/33/4052 2360/32/4052 2361/35/4052
f 2359/36/4053 2357/27/4053 2361/35/4053
f 2363/38/4054 2365/42/4054 2369/39/4054
f 2331/10/4055 2418/18/4055 2364/41/4055
f 2335/3/4056 2341/11/4056 2364/41/4056
f 2342/11/4057 2336/3/4057 2415/4/4057
f 2371/43/4058 2376/46/4058 2374/44/4058
f 2371/43/4059 2368/39/4059 2373/45/4059
f 2363/38/4060 2417/40/4060 2368/39/4060
f 2366/47/4061 2364/41/4061 2368/39/4061
f 2366/47/4062 2370/48/4062 2369/39/4062
f 2374/44/4063 2378/53/4063 2377/49/4063
f 2369/39/4064 2374/44/4064 2416/51/4064
f 2368/39/4065 2367/52/4065 2416/51/4065
f 2373/45/4066 2372/50/4066 2377/49/4066
f 2373/45/4067 2378/53/4067 2379/54/4067
f 2374/44/4068 2375/55/4068 2379/54/4068
f 2380/56/4069 2409/66/4069 2387/57/4069
f 2383/58/4070 2387/57/4070 2422/59/4070
f 2343/9/4071 2333/8/4071 2410/17/4071
f 2329/1/4072 2343/9/4072 2382/58/4072
f 2344/9/4073 2330/1/4073 2425/6/4073
f 2386/61/4074 2385/70/4074 2389/62/4074
f 2384/64/4075 2386/61/4075 2390/63/4075
f 2380/56/4076 2382/58/4076 2386/61/4076
f 2382/58/4077 2381/60/4077 2422/59/4077
f 2391/67/4078 2388/71/4078 2392/68/4078
f 2387/57/4079 2391/67/4079 2389/62/4079
f 2387/57/4080 2384/64/4080 2424/65/4080
f 2390/63/4081 2394/69/4081 2392/68/4081
f 2423/72/4082 2393/86/4082 2394/69/4082
f 2423/72/4083 2391/67/4083 2394/69/4083
f 2395/73/4084 2400/79/4084 2420/74/4084
f 2338/15/4085 2398/73/4085 2421/2/4085
f 2338/15/4086 2332/10/4086 2419/16/4086
f 2337/15/4087 2329/1/4087 2421/2/4087
f 2403/76/4088 2407/85/4088 2406/77/4088
f 2400/79/4089 2402/78/4089 2406/77/4089
f 2399/75/4090 2420/74/4090 2403/76/4090
f 2395/73/3983 2396/82/3983 2401/81/3983
f 2396/82/4091 2398/73/4091 2403/76/4091
f 2400/79/4092 2405/80/4092 2408/83/4092
f 2403/76/4093 2404/84/4093 2408/83/4093
f 2407/85/3987 2408/83/3987 2405/80/3987
f 2426/1/4094 2427/1/4094 2518/2/4094
f 2433/3/4095 2432/3/4095 2512/4/4095
f 2432/3/4096 2433/3/4096 2494/5/4096
f 2427/1/4097 2426/1/4097 2522/6/4097
f 2443/7/4098 2430/8/4098 2440/9/4098
f 2442/7/4099 2427/1/4099 2441/9/4099
f 2429/10/4100 2442/7/4100 2439/11/4100
f 2432/3/4101 2443/7/4101 2438/11/4101
f 2437/12/4102 2508/13/4102 2446/14/4102
f 2434/15/4103 2516/16/4103 2428/10/4103
f 2428/10/4104 2443/7/4104 2434/15/4104
f 2433/3/4105 2442/7/4105 2437/12/4105
f 2442/7/4106 2431/8/4106 2437/12/4106
f 2443/7/4107 2426/1/4107 2434/15/4107
f 2441/9/4108 2507/17/4108 2431/8/4108
f 2439/11/4109 2515/18/4109 2429/10/4109
f 2447/19/4110 2450/20/4110 2446/14/4110
f 2437/12/4111 2494/5/4111 2433/3/4111
f 2431/8/4112 2430/8/4112 2508/13/4112
f 2432/3/4113 2445/21/4113 2436/22/4113
f 2430/8/4114 2445/21/4114 2508/13/4114
f 2449/23/4115 2510/24/4115 2451/25/4115
f 2449/23/4116 2452/26/4116 2454/27/4116
f 2446/14/4117 2511/28/4117 2444/29/4117
f 2444/29/4118 2449/23/4118 2445/21/4118
f 2447/19/4119 2449/23/4119 2509/30/4119
f 2455/31/4120 2457/32/4120 2453/33/4120
f 2451/25/4121 2455/31/4121 2450/20/4121
f 2450/20/4122 2452/26/4122 2448/34/4122
f 2453/33/4123 2458/35/4123 2454/27/4123
f 2456/36/4124 2458/35/4124 2459/37/4124
f 2456/36/4125 2458/35/4125 2455/31/4125
f 2460/38/4126 2466/39/4126 2514/40/4126
f 2428/10/4127 2461/41/4127 2438/11/4127
f 2432/3/4128 2461/41/4128 2512/4/4128
f 2439/11/4129 2512/4/4129 2462/42/4129
f 2428/10/4130 2429/10/4130 2515/18/4130
f 2468/43/4131 2471/44/4131 2466/39/4131
f 2468/43/4132 2470/45/4132 2473/46/4132
f 2460/38/4133 2465/39/4133 2461/41/4133
f 2463/47/4134 2465/39/4134 2467/48/4134
f 2463/47/4135 2466/39/4135 2462/42/4135
f 2471/44/4136 2474/49/4136 2469/50/4136
f 2470/45/4137 2513/51/4137 2471/44/4137
f 2466/39/4138 2513/51/4138 2464/52/4138
f 2465/39/4139 2513/51/4139 2470/45/4139
f 2470/45/4140 2474/49/4140 2475/53/4140
f 2470/45/4141 2476/54/4141 2472/55/4141
f 2471/44/4142 2476/54/4142 2475/53/4142
f 2469/50/4143 2470/45/4143 2471/44/4143
f 2477/56/4144 2484/57/4144 2480/58/4144
f 2480/58/4145 2519/59/4145 2478/60/4145
f 2440/9/4146 2507/17/4146 2479/58/4146
f 2426/1/4147 2479/58/4147 2522/6/4147
f 2441/9/4148 2522/6/4148 2480/58/4148
f 2430/8/4149 2431/8/4149 2507/17/4149
f 2483/61/4150 2486/62/4150 2487/63/4150
f 2481/64/4151 2487/63/4151 2521/65/4151
f 2477/56/4152 2483/61/4152 2506/66/4152
f 2479/58/4153 2519/59/4153 2483/61/4153
f 2488/67/4154 2489/68/4154 2491/69/4154
f 2484/57/4155 2486/62/4155 2482/70/4155
f 2484/57/4156 2521/65/4156 2488/67/4156
f 2487/63/4157 2489/68/4157 2485/71/4157
f 2520/72/4158 2491/69/4158 2487/63/4158
f 2492/73/4159 2517/74/4159 2496/75/4159
f 2435/15/4160 2518/2/4160 2427/1/4160
f 2435/15/4161 2516/16/4161 2495/73/4161
f 2434/15/4162 2518/2/4162 2492/73/4162
f 2429/10/4163 2428/10/4163 2516/16/4163
f 2500/76/4164 2503/77/4164 2499/78/4164
f 2497/79/4165 2503/77/4165 2502/80/4165
f 2496/75/4166 2500/76/4166 2495/73/4166
f 2492/73/4167 2498/81/4167 2497/79/4167
f 2493/82/4168 2500/76/4168 2498/81/4168
f 2497/79/4169 2505/83/4169 2501/84/4169
f 2500/76/4170 2505/83/4170 2504/85/4170
f 2504/85/4171 2502/80/4171 2503/77/4171
f 2522/6/4172 2479/58/4172 2480/58/4172
f 2507/17/4173 2480/58/4173 2479/58/4173
f 2508/13/4174 2445/21/4174 2446/14/4174
f 2509/30/4175 2449/23/4175 2450/20/4175
f 2510/24/4176 2454/27/4176 2455/31/4176
f 2519/59/4177 2484/57/4177 2483/61/4177
f 2486/62/4178 2488/67/4178 2487/63/4178
f 2506/66/4179 2483/61/4179 2484/57/4179
f 2521/65/4180 2487/63/4180 2488/67/4180
f 2518/2/4181 2495/73/4181 2492/73/4181
f 2498/81/4182 2500/76/4182 2497/79/4182
f 2517/74/4182 2497/79/4182 2500/76/4182
f 2516/16/4183 2492/73/4183 2495/73/4183
f 2515/18/4184 2462/42/4184 2461/41/4184
f 2512/4/4185 2461/41/4185 2462/42/4185
f 2514/40/4186 2466/39/4186 2465/39/4186
f 2467/48/4187 2465/39/4187 2466/39/4187
f 2496/75/4188 2495/73/4188 2492/73/4188
f 2497/79/4189 2501/84/4189 2500/76/4189
f 2493/82/4190 2492/73/4190 2495/73/4190
f 2499/78/4191 2497/79/4191 2500/76/4191
f 2477/56/4192 2480/58/4192 2479/58/4192
f 2483/61/4193 2481/64/4193 2484/57/4193
f 2487/63/4194 2485/71/4194 2488/67/4194
f 2480/58/4195 2478/60/4195 2479/58/4195
f 2482/70/4196 2483/61/4196 2484/57/4196
f 2520/72/4197 2487/63/4197 2488/67/4197
f 2456/36/4198 2455/31/4198 2454/27/4198
f 2451/25/4199 2450/20/4199 2449/23/4199
f 2447/19/4200 2446/14/4200 2445/21/4200
f 2452/26/4201 2455/31/4201 2454/27/4201
f 2449/23/4202 2511/28/4202 2450/20/4202
f 2455/31/4203 2453/33/4203 2454/27/4203
f 2448/34/4204 2449/23/4204 2450/20/4204
f 2446/14/4205 2444/29/4205 2445/21/4205
f 2445/21/4174 2494/5/4174 2446/14/4174
f 2461/41/4206 2463/47/4206 2462/42/4206
f 2465/39/4207 2468/43/4207 2466/39/4207
f 2472/55/4208 2471/44/4208 2470/45/4208
f 2464/52/4209 2465/39/4209 2466/39/4209
f 2460/38/4210 2461/41/4210 2462/42/4210
f 2473/46/4211 2470/45/4211 2471/44/4211
f 2443/7/4212 2436/22/4212 2430/8/4212
f 2442/7/4213 2435/15/4213 2427/1/4213
f 2429/10/4214 2435/15/4214 2442/7/4214
f 2432/3/4215 2436/22/4215 2443/7/4215
f 2437/12/4216 2431/8/4216 2508/13/4216
f 2434/15/4217 2492/73/4217 2516/16/4217
f 2428/10/4218 2438/11/4218 2443/7/4218
f 2433/3/4219 2439/11/4219 2442/7/4219
f 2442/7/4220 2441/9/4220 2431/8/4220
f 2443/7/4221 2440/9/4221 2426/1/4221
f 2441/9/4222 2480/58/4222 2507/17/4222
f 2439/11/4223 2462/42/4223 2515/18/4223
f 2447/19/4224 2509/30/4224 2450/20/4224
f 2437/12/4225 2446/14/4225 2494/5/4225
f 2432/3/4226 2494/5/4226 2445/21/4226
f 2430/8/4227 2436/22/4227 2445/21/4227
f 2449/23/4228 2454/27/4228 2510/24/4228
f 2449/23/4229 2448/34/4229 2452/26/4229
f 2446/14/4230 2450/20/4230 2511/28/4230
f 2444/29/4231 2511/28/4231 2449/23/4231
f 2447/19/4232 2445/21/4232 2449/23/4232
f 2455/31/4233 2458/35/4233 2457/32/4233
f 2451/25/4234 2510/24/4234 2455/31/4234
f 2450/20/4235 2455/31/4235 2452/26/4235
f 2453/33/4236 2457/32/4236 2458/35/4236
f 2456/36/4237 2454/27/4237 2458/35/4237
f 2460/38/4238 2462/42/4238 2466/39/4238
f 2428/10/4239 2515/18/4239 2461/41/4239
f 2432/3/4240 2438/11/4240 2461/41/4240
f 2439/11/4241 2433/3/4241 2512/4/4241
f 2468/43/4242 2473/46/4242 2471/44/4242
f 2468/43/4243 2465/39/4243 2470/45/4243
f 2460/38/4244 2514/40/4244 2465/39/4244
f 2463/47/4245 2461/41/4245 2465/39/4245
f 2463/47/4246 2467/48/4246 2466/39/4246
f 2471/44/4247 2475/53/4247 2474/49/4247
f 2466/39/4248 2471/44/4248 2513/51/4248
f 2465/39/4249 2464/52/4249 2513/51/4249
f 2470/45/4250 2469/50/4250 2474/49/4250
f 2470/45/4251 2475/53/4251 2476/54/4251
f 2471/44/4252 2472/55/4252 2476/54/4252
f 2477/56/4253 2506/66/4253 2484/57/4253
f 2480/58/4254 2484/57/4254 2519/59/4254
f 2440/9/4255 2430/8/4255 2507/17/4255
f 2426/1/4256 2440/9/4256 2479/58/4256
f 2441/9/4257 2427/1/4257 2522/6/4257
f 2483/61/4258 2482/70/4258 2486/62/4258
f 2481/64/4259 2483/61/4259 2487/63/4259
f 2477/56/4260 2479/58/4260 2483/61/4260
f 2479/58/4261 2478/60/4261 2519/59/4261
f 2488/67/4262 2485/71/4262 2489/68/4262
f 2484/57/4263 2488/67/4263 2486/62/4263
f 2484/57/4264 2481/64/4264 2521/65/4264
f 2487/63/4265 2491/69/4265 2489/68/4265
f 2520/72/4266 2490/86/4266 2491/69/4266
f 2520/72/4267 2488/67/4267 2491/69/4267
f 2492/73/4268 2497/79/4268 2517/74/4268
f 2435/15/4269 2495/73/4269 2518/2/4269
f 2435/15/4270 2429/10/4270 2516/16/4270
f 2434/15/4271 2426/1/4271 2518/2/4271
f 2500/76/4272 2504/85/4272 2503/77/4272
f 2497/79/4273 2499/78/4273 2503/77/4273
f 2496/75/4274 2517/74/4274 2500/76/4274
f 2492/73/4275 2493/82/4275 2498/81/4275
f 2493/82/4276 2495/73/4276 2500/76/4276
f 2497/79/4277 2502/80/4277 2505/83/4277
f 2500/76/4278 2501/84/4278 2505/83/4278
f 2504/85/4171 2505/83/4171 2502/80/4171
f 2523/1/4279 2524/1/4279 2615/2/4279
f 2530/3/4280 2529/3/4280 2609/4/4280
f 2529/3/4281 2530/3/4281 2591/5/4281
f 2524/1/4282 2523/1/4282 2619/6/4282
f 2540/7/4283 2527/8/4283 2537/9/4283
f 2539/7/4284 2524/1/4284 2538/9/4284
f 2526/10/4285 2539/7/4285 2536/11/4285
f 2529/3/4286 2540/7/4286 2535/11/4286
f 2534/12/4287 2605/13/4287 2543/14/4287
f 2531/15/4288 2613/16/4288 2525/10/4288
f 2525/10/4289 2540/7/4289 2531/15/4289
f 2530/3/4290 2539/7/4290 2534/12/4290
f 2539/7/4291 2528/8/4291 2534/12/4291
f 2540/7/4292 2523/1/4292 2531/15/4292
f 2538/9/4293 2604/17/4293 2528/8/4293
f 2536/11/4294 2612/18/4294 2526/10/4294
f 2544/19/4295 2547/20/4295 2543/14/4295
f 2534/12/4296 2591/5/4296 2530/3/4296
f 2528/8/4297 2527/8/4297 2605/13/4297
f 2529/3/4298 2542/21/4298 2533/22/4298
f 2527/8/4299 2542/21/4299 2605/13/4299
f 2546/23/4300 2607/24/4300 2548/25/4300
f 2546/23/4301 2549/26/4301 2551/27/4301
f 2543/14/4302 2608/28/4302 2541/29/4302
f 2541/29/4303 2546/23/4303 2542/21/4303
f 2544/19/4304 2546/23/4304 2606/30/4304
f 2552/31/4305 2554/32/4305 2550/33/4305
f 2548/25/4306 2552/31/4306 2547/20/4306
f 2547/20/4307 2549/26/4307 2545/34/4307
f 2550/33/4308 2555/35/4308 2551/27/4308
f 2553/36/4309 2555/35/4309 2556/37/4309
f 2553/36/4310 2555/35/4310 2552/31/4310
f 2557/38/4311 2563/39/4311 2611/40/4311
f 2525/10/4312 2558/41/4312 2535/11/4312
f 2529/3/4313 2558/41/4313 2609/4/4313
f 2536/11/4314 2609/4/4314 2559/42/4314
f 2525/10/4315 2526/10/4315 2612/18/4315
f 2565/43/4316 2568/44/4316 2563/39/4316
f 2565/43/4317 2567/45/4317 2570/46/4317
f 2557/38/4318 2562/39/4318 2558/41/4318
f 2560/47/4319 2562/39/4319 2564/48/4319
f 2560/47/4320 2563/39/4320 2559/42/4320
f 2568/44/4321 2571/49/4321 2566/50/4321
f 2567/45/4322 2610/51/4322 2568/44/4322
f 2563/39/4323 2610/51/4323 2561/52/4323
f 2562/39/4324 2610/51/4324 2567/45/4324
f 2567/45/4325 2571/49/4325 2572/53/4325
f 2567/45/4326 2573/54/4326 2569/55/4326
f 2568/44/4327 2573/54/4327 2572/53/4327
f 2566/50/4328 2567/45/4328 2568/44/4328
f 2574/56/4329 2581/57/4329 2577/58/4329
f 2577/58/4330 2616/59/4330 2575/60/4330
f 2537/9/4331 2604/17/4331 2576/58/4331
f 2523/1/4332 2576/58/4332 2619/6/4332
f 2538/9/4333 2619/6/4333 2577/58/4333
f 2527/8/4334 2528/8/4334 2604/17/4334
f 2580/61/4335 2583/62/4335 2584/63/4335
f 2578/64/4336 2584/63/4336 2618/65/4336
f 2574/56/4337 2580/61/4337 2603/66/4337
f 2576/58/4338 2616/59/4338 2580/61/4338
f 2585/67/4339 2586/68/4339 2588/69/4339
f 2581/57/4340 2583/62/4340 2579/70/4340
f 2581/57/4341 2618/65/4341 2585/67/4341
f 2584/63/4342 2586/68/4342 2582/71/4342
f 2617/72/4343 2588/69/4343 2584/63/4343
f 2589/73/4344 2614/74/4344 2593/75/4344
f 2532/15/4345 2615/2/4345 2524/1/4345
f 2532/15/4346 2613/16/4346 2592/73/4346
f 2531/15/4347 2615/2/4347 2589/73/4347
f 2526/10/4348 2525/10/4348 2613/16/4348
f 2597/76/4349 2600/77/4349 2596/78/4349
f 2594/79/4350 2600/77/4350 2599/80/4350
f 2593/75/4351 2597/76/4351 2592/73/4351
f 2589/73/4352 2595/81/4352 2594/79/4352
f 2590/82/4353 2597/76/4353 2595/81/4353
f 2594/79/4354 2602/83/4354 2598/84/4354
f 2597/76/4355 2602/83/4355 2601/85/4355
f 2601/85/4356 2599/80/4356 2600/77/4356
f 2619/6/4357 2576/58/4357 2577/58/4357
f 2604/17/4358 2577/58/4358 2576/58/4358
f 2605/13/4359 2542/21/4359 2543/14/4359
f 2606/30/4360 2546/23/4360 2547/20/4360
f 2607/24/4361 2551/27/4361 2552/31/4361
f 2616/59/4362 2581/57/4362 2580/61/4362
f 2583/62/4363 2585/67/4363 2584/63/4363
f 2603/66/4364 2580/61/4364 2581/57/4364
f 2618/65/4365 2584/63/4365 2585/67/4365
f 2615/2/4366 2592/73/4366 2589/73/4366
f 2595/81/4367 2597/76/4367 2594/79/4367
f 2614/74/4367 2594/79/4367 2597/76/4367
f 2613/16/4368 2589/73/4368 2592/73/4368
f 2612/18/4369 2559/42/4369 2558/41/4369
f 2609/4/4370 2558/41/4370 2559/42/4370
f 2611/40/4371 2563/39/4371 2562/39/4371
f 2564/48/4372 2562/39/4372 2563/39/4372
f 2593/75/4373 2592/73/4373 2589/73/4373
f 2594/79/4374 2598/84/4374 2597/76/4374
f 2590/82/4375 2589/73/4375 2592/73/4375
f 2596/78/4376 2594/79/4376 2597/76/4376
f 2574/56/4377 2577/58/4377 2576/58/4377
f 2580/61/4378 2578/64/4378 2581/57/4378
f 2584/63/4379 2582/71/4379 2585/67/4379
f 2577/58/4380 2575/60/4380 2576/58/4380
f 2579/70/4381 2580/61/4381 2581/57/4381
f 2617/72/4382 2584/63/4382 2585/67/4382
f 2553/36/4383 2552/31/4383 2551/27/4383
f 2548/25/4384 2547/20/4384 2546/23/4384
f 2544/19/4385 2543/14/4385 2542/21/4385
f 2549/26/4386 2552/31/4386 2551/27/4386
f 2546/23/4387 2608/28/4387 2547/20/4387
f 2552/31/4388 2550/33/4388 2551/27/4388
f 2545/34/4389 2546/23/4389 2547/20/4389
f 2543/14/4390 2541/29/4390 2542/21/4390
f 2542/21/4359 2591/5/4359 2543/14/4359
f 2558/41/4391 2560/47/4391 2559/42/4391
f 2562/39/4392 2565/43/4392 2563/39/4392
f 2569/55/4393 2568/44/4393 2567/45/4393
f 2561/52/4394 2562/39/4394 2563/39/4394
f 2557/38/4395 2558/41/4395 2559/42/4395
f 2570/46/4396 2567/45/4396 2568/44/4396
f 2540/7/4397 2533/22/4397 2527/8/4397
f 2539/7/4398 2532/15/4398 2524/1/4398
f 2526/10/4399 2532/15/4399 2539/7/4399
f 2529/3/4400 2533/22/4400 2540/7/4400
f 2534/12/4401 2528/8/4401 2605/13/4401
f 2531/15/4402 2589/73/4402 2613/16/4402
f 2525/10/4403 2535/11/4403 2540/7/4403
f 2530/3/4404 2536/11/4404 2539/7/4404
f 2539/7/4405 2538/9/4405 2528/8/4405
f 2540/7/4406 2537/9/4406 2523/1/4406
f 2538/9/4407 2577/58/4407 2604/17/4407
f 2536/11/4408 2559/42/4408 2612/18/4408
f 2544/19/4409 2606/30/4409 2547/20/4409
f 2534/12/4410 2543/14/4410 2591/5/4410
f 2529/3/4411 2591/5/4411 2542/21/4411
f 2527/8/4412 2533/22/4412 2542/21/4412
f 2546/23/4413 2551/27/4413 2607/24/4413
f 2546/23/4414 2545/34/4414 2549/26/4414
f 2543/14/4415 2547/20/4415 2608/28/4415
f 2541/29/4416 2608/28/4416 2546/23/4416
f 2544/19/4417 2542/21/4417 2546/23/4417
f 2552/31/4418 2555/35/4418 2554/32/4418
f 2548/25/4419 2607/24/4419 2552/31/4419
f 2547/20/4420 2552/31/4420 2549/26/4420
f 2550/33/4421 2554/32/4421 2555/35/4421
f 2553/36/4422 2551/27/4422 2555/35/4422
f 2557/38/4423 2559/42/4423 2563/39/4423
f 2525/10/4424 2612/18/4424 2558/41/4424
f 2529/3/4425 2535/11/4425 2558/41/4425
f 2536/11/4426 2530/3/4426 2609/4/4426
f 2565/43/4427 2570/46/4427 2568/44/4427
f 2565/43/4428 2562/39/4428 2567/45/4428
f 2557/38/4429 2611/40/4429 2562/39/4429
f 2560/47/4430 2558/41/4430 2562/39/4430
f 2560/47/4431 2564/48/4431 2563/39/4431
f 2568/44/4432 2572/53/4432 2571/49/4432
f 2563/39/4433 2568/44/4433 2610/51/4433
f 2562/39/4434 2561/52/4434 2610/51/4434
f 2567/45/4435 2566/50/4435 2571/49/4435
f 2567/45/4325 2572/53/4325 2573/54/4325
f 2568/44/4436 2569/55/4436 2573/54/4436
f 2574/56/4437 2603/66/4437 2581/57/4437
f 2577/58/4438 2581/57/4438 2616/59/4438
f 2537/9/4439 2527/8/4439 2604/17/4439
f 2523/1/4440 2537/9/4440 2576/58/4440
f 2538/9/4441 2524/1/4441 2619/6/4441
f 2580/61/4442 2579/70/4442 2583/62/4442
f 2578/64/4443 2580/61/4443 2584/63/4443
f 2574/56/4444 2576/58/4444 2580/61/4444
f 2576/58/4445 2575/60/4445 2616/59/4445
f 2585/67/4446 2582/71/4446 2586/68/4446
f 2581/57/4447 2585/67/4447 2583/62/4447
f 2581/57/4448 2578/64/4448 2618/65/4448
f 2584/63/4449 2588/69/4449 2586/68/4449
f 2617/72/4450 2587/86/4450 2588/69/4450
f 2617/72/4451 2585/67/4451 2588/69/4451
f 2589/73/4452 2594/79/4452 2614/74/4452
f 2532/15/4453 2592/73/4453 2615/2/4453
f 2532/15/4454 2526/10/4454 2613/16/4454
f 2531/15/4455 2523/1/4455 2615/2/4455
f 2597/76/4456 2601/85/4456 2600/77/4456
f 2594/79/4457 2596/78/4457 2600/77/4457
f 2593/75/4458 2614/74/4458 2597/76/4458
f 2589/73/4352 2590/82/4352 2595/81/4352
f 2590/82/4459 2592/73/4459 2597/76/4459
f 2594/79/4460 2599/80/4460 2602/83/4460
f 2597/76/4461 2598/84/4461 2602/83/4461
f 2601/85/4462 2602/83/4462 2599/80/4462
f 2620/1/4463 2621/1/4463 2712/2/4463
f 2627/3/4464 2626/3/4464 2706/4/4464
f 2626/3/4465 2627/3/4465 2688/5/4465
f 2621/1/4466 2620/1/4466 2716/6/4466
f 2637/7/4467 2624/8/4467 2634/9/4467
f 2636/7/4468 2621/1/4468 2635/9/4468
f 2623/10/4469 2636/7/4469 2633/11/4469
f 2626/3/4470 2637/7/4470 2632/11/4470
f 2631/12/4471 2702/13/4471 2640/14/4471
f 2628/15/4472 2710/16/4472 2622/10/4472
f 2622/10/4473 2637/7/4473 2628/15/4473
f 2627/3/4474 2636/7/4474 2631/12/4474
f 2636/7/4475 2625/8/4475 2631/12/4475
f 2637/7/4476 2620/1/4476 2628/15/4476
f 2635/9/4477 2701/17/4477 2625/8/4477
f 2633/11/4478 2709/18/4478 2623/10/4478
f 2641/19/4479 2644/20/4479 2640/14/4479
f 2631/12/4480 2688/5/4480 2627/3/4480
f 2625/8/4481 2624/8/4481 2702/13/4481
f 2626/3/4482 2639/21/4482 2630/22/4482
f 2624/8/4483 2639/21/4483 2702/13/4483
f 2643/23/4484 2704/24/4484 2645/25/4484
f 2643/23/4485 2646/26/4485 2648/27/4485
f 2640/14/4486 2705/28/4486 2638/29/4486
f 2638/29/4487 2643/23/4487 2639/21/4487
f 2641/19/4488 2643/23/4488 2703/30/4488
f 2649/31/4489 2651/32/4489 2647/33/4489
f 2645/25/4490 2649/31/4490 2644/20/4490
f 2644/20/4491 2646/26/4491 2642/34/4491
f 2647/33/4492 2652/35/4492 2648/27/4492
f 2650/36/4493 2652/35/4493 2653/37/4493
f 2650/36/4494 2652/35/4494 2649/31/4494
f 2654/38/4495 2660/39/4495 2708/40/4495
f 2622/10/4496 2655/41/4496 2632/11/4496
f 2626/3/4497 2655/41/4497 2706/4/4497
f 2633/11/4498 2706/4/4498 2656/42/4498
f 2622/10/4499 2623/10/4499 2709/18/4499
f 2662/43/4500 2665/44/4500 2660/39/4500
f 2662/43/4501 2664/45/4501 2667/46/4501
f 2654/38/4502 2659/39/4502 2655/41/4502
f 2657/47/4503 2659/39/4503 2661/48/4503
f 2657/47/4504 2660/39/4504 2656/42/4504
f 2665/44/4505 2668/49/4505 2663/50/4505
f 2664/45/4506 2707/51/4506 2665/44/4506
f 2660/39/4507 2707/51/4507 2658/52/4507
f 2659/39/4508 2707/51/4508 2664/45/4508
f 2664/45/4509 2668/49/4509 2669/53/4509
f 2664/45/4510 2670/54/4510 2666/55/4510
f 2665/44/4511 2670/54/4511 2669/53/4511
f 2663/50/4512 2664/45/4512 2665/44/4512
f 2671/56/4513 2678/57/4513 2674/58/4513
f 2674/58/4514 2713/59/4514 2672/60/4514
f 2634/9/4515 2701/17/4515 2673/58/4515
f 2620/1/4516 2673/58/4516 2716/6/4516
f 2635/9/4517 2716/6/4517 2674/58/4517
f 2624/8/4518 2625/8/4518 2701/17/4518
f 2677/61/4519 2680/62/4519 2681/63/4519
f 2675/64/4520 2681/63/4520 2715/65/4520
f 2671/56/4521 2677/61/4521 2700/66/4521
f 2673/58/4522 2713/59/4522 2677/61/4522
f 2682/67/4523 2683/68/4523 2685/69/4523
f 2678/57/4524 2680/62/4524 2676/70/4524
f 2678/57/4525 2715/65/4525 2682/67/4525
f 2681/63/4526 2683/68/4526 2679/71/4526
f 2714/72/4527 2685/69/4527 2681/63/4527
f 2686/73/4528 2711/74/4528 2690/75/4528
f 2629/15/4529 2712/2/4529 2621/1/4529
f 2629/15/4530 2710/16/4530 2689/73/4530
f 2628/15/4531 2712/2/4531 2686/73/4531
f 2623/10/4532 2622/10/4532 2710/16/4532
f 2694/76/4533 2697/77/4533 2693/78/4533
f 2691/79/4534 2697/77/4534 2696/80/4534
f 2690/75/4535 2694/76/4535 2689/73/4535
f 2686/73/4536 2692/81/4536 2691/79/4536
f 2687/82/4537 2694/76/4537 2692/81/4537
f 2691/79/4538 2699/83/4538 2695/84/4538
f 2694/76/4539 2699/83/4539 2698/85/4539
f 2698/85/4540 2696/80/4540 2697/77/4540
f 2716/6/4541 2673/58/4541 2674/58/4541
f 2701/17/4542 2674/58/4542 2673/58/4542
f 2702/13/4543 2639/21/4543 2640/14/4543
f 2703/30/4544 2643/23/4544 2644/20/4544
f 2704/24/4545 2648/27/4545 2649/31/4545
f 2713/59/4546 2678/57/4546 2677/61/4546
f 2680/62/4547 2682/67/4547 2681/63/4547
f 2700/66/4548 2677/61/4548 2678/57/4548
f 2715/65/4549 2681/63/4549 2682/67/4549
f 2712/2/4550 2689/73/4550 2686/73/4550
f 2692/81/4551 2694/76/4551 2691/79/4551
f 2711/74/4551 2691/79/4551 2694/76/4551
f 2710/16/4552 2686/73/4552 2689/73/4552
f 2709/18/4553 2656/42/4553 2655/41/4553
f 2706/4/4554 2655/41/4554 2656/42/4554
f 2708/40/4555 2660/39/4555 2659/39/4555
f 2661/48/4556 2659/39/4556 2660/39/4556
f 2690/75/4557 2689/73/4557 2686/73/4557
f 2691/79/4558 2695/84/4558 2694/76/4558
f 2687/82/4559 2686/73/4559 2689/73/4559
f 2693/78/4560 2691/79/4560 2694/76/4560
f 2671/56/4561 2674/58/4561 2673/58/4561
f 2677/61/4562 2675/64/4562 2678/57/4562
f 2681/63/4563 2679/71/4563 2682/67/4563
f 2674/58/4564 2672/60/4564 2673/58/4564
f 2676/70/4565 2677/61/4565 2678/57/4565
f 2714/72/4566 2681/63/4566 2682/67/4566
f 2650/36/4567 2649/31/4567 2648/27/4567
f 2645/25/4568 2644/20/4568 2643/23/4568
f 2641/19/4569 2640/14/4569 2639/21/4569
f 2646/26/4570 2649/31/4570 2648/27/4570
f 2643/23/4571 2705/28/4571 2644/20/4571
f 2649/31/4572 2647/33/4572 2648/27/4572
f 2642/34/4573 2643/23/4573 2644/20/4573
f 2640/14/4574 2638/29/4574 2639/21/4574
f 2639/21/4543 2688/5/4543 2640/14/4543
f 2655/41/4575 2657/47/4575 2656/42/4575
f 2659/39/4576 2662/43/4576 2660/39/4576
f 2666/55/4577 2665/44/4577 2664/45/4577
f 2658/52/4578 2659/39/4578 2660/39/4578
f 2654/38/4579 2655/41/4579 2656/42/4579
f 2667/46/4580 2664/45/4580 2665/44/4580
f 2637/7/4581 2630/22/4581 2624/8/4581
f 2636/7/4582 2629/15/4582 2621/1/4582
f 2623/10/4583 2629/15/4583 2636/7/4583
f 2626/3/4584 2630/22/4584 2637/7/4584
f 2631/12/4585 2625/8/4585 2702/13/4585
f 2628/15/4586 2686/73/4586 2710/16/4586
f 2622/10/4587 2632/11/4587 2637/7/4587
f 2627/3/4588 2633/11/4588 2636/7/4588
f 2636/7/4589 2635/9/4589 2625/8/4589
f 2637/7/4590 2634/9/4590 2620/1/4590
f 2635/9/4591 2674/58/4591 2701/17/4591
f 2633/11/4592 2656/42/4592 2709/18/4592
f 2641/19/4593 2703/30/4593 2644/20/4593
f 2631/12/4594 2640/14/4594 2688/5/4594
f 2626/3/4595 2688/5/4595 2639/21/4595
f 2624/8/4596 2630/22/4596 2639/21/4596
f 2643/23/4597 2648/27/4597 2704/24/4597
f 2643/23/4598 2642/34/4598 2646/26/4598
f 2640/14/4599 2644/20/4599 2705/28/4599
f 2638/29/4600 2705/28/4600 2643/23/4600
f 2641/19/4601 2639/21/4601 2643/23/4601
f 2649/31/4602 2652/35/4602 2651/32/4602
f 2645/25/4603 2704/24/4603 2649/31/4603
f 2644/20/4604 2649/31/4604 2646/26/4604
f 2647/33/4605 2651/32/4605 2652/35/4605
f 2650/36/4606 2648/27/4606 2652/35/4606
f 2654/38/4607 2656/42/4607 2660/39/4607
f 2622/10/4608 2709/18/4608 2655/41/4608
f 2626/3/4609 2632/11/4609 2655/41/4609
f 2633/11/4610 2627/3/4610 2706/4/4610
f 2662/43/4611 2667/46/4611 2665/44/4611
f 2662/43/4612 2659/39/4612 2664/45/4612
f 2654/38/4613 2708/40/4613 2659/39/4613
f 2657/47/4614 2655/41/4614 2659/39/4614
f 2657/47/4615 2661/48/4615 2660/39/4615
f 2665/44/4511 2669/53/4511 2668/49/4511
f 2660/39/4616 2665/44/4616 2707/51/4616
f 2659/39/4617 2658/52/4617 2707/51/4617
f 2664/45/4618 2663/50/4618 2668/49/4618
f 2664/45/4619 2669/53/4619 2670/54/4619
f 2665/44/4620 2666/55/4620 2670/54/4620
f 2671/56/4621 2700/66/4621 2678/57/4621
f 2674/58/4622 2678/57/4622 2713/59/4622
f 2634/9/4623 2624/8/4623 2701/17/4623
f 2620/1/4624 2634/9/4624 2673/58/4624
f 2635/9/4625 2621/1/4625 2716/6/4625
f 2677/61/4626 2676/70/4626 2680/62/4626
f 2675/64/4627 2677/61/4627 2681/63/4627
f 2671/56/4628 2673/58/4628 2677/61/4628
f 2673/58/4629 2672/60/4629 2713/59/4629
f 2682/67/4630 2679/71/4630 2683/68/4630
f 2678/57/4631 2682/67/4631 2680/62/4631
f 2678/57/4632 2675/64/4632 2715/65/4632
f 2681/63/4633 2685/69/4633 2683/68/4633
f 2714/72/4634 2684/86/4634 2685/69/4634
f 2714/72/4635 2682/67/4635 2685/69/4635
f 2686/73/4636 2691/79/4636 2711/74/4636
f 2629/15/4637 2689/73/4637 2712/2/4637
f 2629/15/4638 2623/10/4638 2710/16/4638
f 2628/15/4639 2620/1/4639 2712/2/4639
f 2694/76/4640 2698/85/4640 2697/77/4640
f 2691/79/4641 2693/78/4641 2697/77/4641
f 2690/75/4642 2711/74/4642 2694/76/4642
f 2686/73/4643 2687/82/4643 2692/81/4643
f 2687/82/4644 2689/73/4644 2694/76/4644
f 2691/79/4645 2696/80/4645 2699/83/4645
f 2694/76/4646 2695/84/4646 2699/83/4646
f 2698/85/4540 2699/83/4540 2696/80/4540
f 2717/1/4647 2718/1/4647 2809/2/4647
f 2724/3/4648 2723/3/4648 2803/4/4648
f 2723/3/4649 2724/3/4649 2785/5/4649
f 2718/1/4650 2717/1/4650 2813/6/4650
f 2734/7/4651 2721/8/4651 2731/9/4651
f 2733/7/4652 2718/1/4652 2732/9/4652
f 2720/10/4653 2733/7/4653 2730/11/4653
f 2723/3/4654 2734/7/4654 2729/11/4654
f 2728/12/4655 2799/13/4655 2737/14/4655
f 2725/15/4656 2807/16/4656 2719/10/4656
f 2719/10/4657 2734/7/4657 2725/15/4657
f 2724/3/4658 2733/7/4658 2728/12/4658
f 2733/7/4659 2722/8/4659 2728/12/4659
f 2734/7/4660 2717/1/4660 2725/15/4660
f 2732/9/4661 2798/17/4661 2722/8/4661
f 2730/11/4662 2806/18/4662 2720/10/4662
f 2738/19/4663 2741/20/4663 2737/14/4663
f 2728/12/4664 2785/5/4664 2724/3/4664
f 2722/8/4665 2721/8/4665 2799/13/4665
f 2723/3/4666 2736/21/4666 2727/22/4666
f 2721/8/4667 2736/21/4667 2799/13/4667
f 2740/23/4668 2801/24/4668 2742/25/4668
f 2740/23/4669 2743/26/4669 2745/27/4669
f 2737/14/4670 2802/28/4670 2735/29/4670
f 2735/29/4671 2740/23/4671 2736/21/4671
f 2738/19/4672 2740/23/4672 2800/30/4672
f 2746/31/4673 2748/32/4673 2744/33/4673
f 2742/25/4674 2746/31/4674 2741/20/4674
f 2741/20/4675 2743/26/4675 2739/34/4675
f 2744/33/4676 2749/35/4676 2745/27/4676
f 2747/36/4677 2749/35/4677 2750/37/4677
f 2747/36/4678 2749/35/4678 2746/31/4678
f 2751/38/4679 2757/39/4679 2805/40/4679
f 2719/10/4680 2752/41/4680 2729/11/4680
f 2723/3/4681 2752/41/4681 2803/4/4681
f 2730/11/4682 2803/4/4682 2753/42/4682
f 2719/10/4683 2720/10/4683 2806/18/4683
f 2759/43/4684 2762/44/4684 2757/39/4684
f 2759/43/4685 2761/45/4685 2764/46/4685
f 2751/38/4686 2756/39/4686 2752/41/4686
f 2754/47/4687 2756/39/4687 2758/48/4687
f 2754/47/4688 2757/39/4688 2753/42/4688
f 2762/44/4689 2765/49/4689 2760/50/4689
f 2761/45/4690 2804/51/4690 2762/44/4690
f 2757/39/4691 2804/51/4691 2755/52/4691
f 2756/39/4692 2804/51/4692 2761/45/4692
f 2761/45/4693 2765/49/4693 2766/53/4693
f 2761/45/4694 2767/54/4694 2763/55/4694
f 2762/44/4695 2767/54/4695 2766/53/4695
f 2760/50/4696 2761/45/4696 2762/44/4696
f 2768/56/4697 2775/57/4697 2771/58/4697
f 2771/58/4698 2810/59/4698 2769/60/4698
f 2731/9/4699 2798/17/4699 2770/58/4699
f 2717/1/4700 2770/58/4700 2813/6/4700
f 2732/9/4701 2813/6/4701 2771/58/4701
f 2721/8/4702 2722/8/4702 2798/17/4702
f 2774/61/4703 2777/62/4703 2778/63/4703
f 2772/64/4704 2778/63/4704 2812/65/4704
f 2768/56/4705 2774/61/4705 2797/66/4705
f 2770/58/4706 2810/59/4706 2774/61/4706
f 2779/67/4707 2780/68/4707 2782/69/4707
f 2775/57/4708 2777/62/4708 2773/70/4708
f 2775/57/4709 2812/65/4709 2779/67/4709
f 2778/63/4710 2780/68/4710 2776/71/4710
f 2811/72/4711 2782/69/4711 2778/63/4711
f 2783/73/4712 2808/74/4712 2787/75/4712
f 2726/15/4713 2809/2/4713 2718/1/4713
f 2726/15/4714 2807/16/4714 2786/73/4714
f 2725/15/4715 2809/2/4715 2783/73/4715
f 2720/10/4716 2719/10/4716 2807/16/4716
f 2791/76/4717 2794/77/4717 2790/78/4717
f 2788/79/4718 2794/77/4718 2793/80/4718
f 2787/75/4719 2791/76/4719 2786/73/4719
f 2783/73/4720 2789/81/4720 2788/79/4720
f 2784/82/4721 2791/76/4721 2789/81/4721
f 2788/79/4722 2796/83/4722 2792/84/4722
f 2791/76/4723 2796/83/4723 2795/85/4723
f 2795/85/4724 2793/80/4724 2794/77/4724
f 2813/6/4725 2770/58/4725 2771/58/4725
f 2798/17/4726 2771/58/4726 2770/58/4726
f 2799/13/4727 2736/21/4727 2737/14/4727
f 2800/30/4728 2740/23/4728 2741/20/4728
f 2801/24/4729 2745/27/4729 2746/31/4729
f 2810/59/4730 2775/57/4730 2774/61/4730
f 2777/62/4731 2779/67/4731 2778/63/4731
f 2797/66/4732 2774/61/4732 2775/57/4732
f 2812/65/4733 2778/63/4733 2779/67/4733
f 2809/2/4734 2786/73/4734 2783/73/4734
f 2789/81/4735 2791/76/4735 2788/79/4735
f 2808/74/4735 2788/79/4735 2791/76/4735
f 2807/16/4736 2783/73/4736 2786/73/4736
f 2806/18/4737 2753/42/4737 2752/41/4737
f 2803/4/4738 2752/41/4738 2753/42/4738
f 2805/40/4739 2757/39/4739 2756/39/4739
f 2758/48/4740 2756/39/4740 2757/39/4740
f 2787/75/4741 2786/73/4741 2783/73/4741
f 2788/79/4742 2792/84/4742 2791/76/4742
f 2784/82/4743 2783/73/4743 2786/73/4743
f 2790/78/4744 2788/79/4744 2791/76/4744
f 2768/56/4745 2771/58/4745 2770/58/4745
f 2774/61/4746 2772/64/4746 2775/57/4746
f 2778/63/4747 2776/71/4747 2779/67/4747
f 2771/58/4748 2769/60/4748 2770/58/4748
f 2773/70/4749 2774/61/4749 2775/57/4749
f 2811/72/4750 2778/63/4750 2779/67/4750
f 2747/36/4751 2746/31/4751 2745/27/4751
f 2742/25/4752 2741/20/4752 2740/23/4752
f 2738/19/4753 2737/14/4753 2736/21/4753
f 2743/26/4754 2746/31/4754 2745/27/4754
f 2740/23/4755 2802/28/4755 2741/20/4755
f 2746/31/4756 2744/33/4756 2745/27/4756
f 2739/34/4757 2740/23/4757 2741/20/4757
f 2737/14/4758 2735/29/4758 2736/21/4758
f 2736/21/4727 2785/5/4727 2737/14/4727
f 2752/41/4759 2754/47/4759 2753/42/4759
f 2756/39/4760 2759/43/4760 2757/39/4760
f 2763/55/4761 2762/44/4761 2761/45/4761
f 2755/52/4762 2756/39/4762 2757/39/4762
f 2751/38/4763 2752/41/4763 2753/42/4763
f 2764/46/4764 2761/45/4764 2762/44/4764
f 2734/7/4765 2727/22/4765 2721/8/4765
f 2733/7/4766 2726/15/4766 2718/1/4766
f 2720/10/4767 2726/15/4767 2733/7/4767
f 2723/3/4768 2727/22/4768 2734/7/4768
f 2728/12/4769 2722/8/4769 2799/13/4769
f 2725/15/4770 2783/73/4770 2807/16/4770
f 2719/10/4771 2729/11/4771 2734/7/4771
f 2724/3/4772 2730/11/4772 2733/7/4772
f 2733/7/4773 2732/9/4773 2722/8/4773
f 2734/7/4774 2731/9/4774 2717/1/4774
f 2732/9/4775 2771/58/4775 2798/17/4775
f 2730/11/4776 2753/42/4776 2806/18/4776
f 2738/19/4777 2800/30/4777 2741/20/4777
f 2728/12/4778 2737/14/4778 2785/5/4778
f 2723/3/4779 2785/5/4779 2736/21/4779
f 2721/8/4780 2727/22/4780 2736/21/4780
f 2740/23/4781 2745/27/4781 2801/24/4781
f 2740/23/4782 2739/34/4782 2743/26/4782
f 2737/14/4783 2741/20/4783 2802/28/4783
f 2735/29/4784 2802/28/4784 2740/23/4784
f 2738/19/4785 2736/21/4785 2740/23/4785
f 2746/31/4786 2749/35/4786 2748/32/4786
f 2742/25/4787 2801/24/4787 2746/31/4787
f 2741/20/4788 2746/31/4788 2743/26/4788
f 2744/33/4789 2748/32/4789 2749/35/4789
f 2747/36/4790 2745/27/4790 2749/35/4790
f 2751/38/4791 2753/42/4791 2757/39/4791
f 2719/10/4792 2806/18/4792 2752/41/4792
f 2723/3/4793 2729/11/4793 2752/41/4793
f 2730/11/4794 2724/3/4794 2803/4/4794
f 2759/43/4795 2764/46/4795 2762/44/4795
f 2759/43/4796 2756/39/4796 2761/45/4796
f 2751/38/4797 2805/40/4797 2756/39/4797
f 2754/47/4798 2752/41/4798 2756/39/4798
f 2754/47/4799 2758/48/4799 2757/39/4799
f 2762/44/4800 2766/53/4800 2765/49/4800
f 2757/39/4801 2762/44/4801 2804/51/4801
f 2756/39/4802 2755/52/4802 2804/51/4802
f 2761/45/4803 2760/50/4803 2765/49/4803
f 2761/45/4804 2766/53/4804 2767/54/4804
f 2762/44/4805 2763/55/4805 2767/54/4805
f 2768/56/4806 2797/66/4806 2775/57/4806
f 2771/58/4807 2775/57/4807 2810/59/4807
f 2731/9/4808 2721/8/4808 2798/17/4808
f 2717/1/4809 2731/9/4809 2770/58/4809
f 2732/9/4810 2718/1/4810 2813/6/4810
f 2774/61/4811 2773/70/4811 2777/62/4811
f 2772/64/4812 2774/61/4812 2778/63/4812
f 2768/56/4813 2770/58/4813 2774/61/4813
f 2770/58/4814 2769/60/4814 2810/59/4814
f 2779/67/4815 2776/71/4815 2780/68/4815
f 2775/57/4816 2779/67/4816 2777/62/4816
f 2775/57/4817 2772/64/4817 2812/65/4817
f 2778/63/4818 2782/69/4818 2780/68/4818
f 2811/72/4819 2781/86/4819 2782/69/4819
f 2811/72/4820 2779/67/4820 2782/69/4820
f 2783/73/4821 2788/79/4821 2808/74/4821
f 2726/15/4822 2786/73/4822 2809/2/4822
f 2726/15/4823 2720/10/4823 2807/16/4823
f 2725/15/4824 2717/1/4824 2809/2/4824
f 2791/76/4825 2795/85/4825 2794/77/4825
f 2788/79/4826 2790/78/4826 2794/77/4826
f 2787/75/4827 2808/74/4827 2791/76/4827
f 2783/73/4720 2784/82/4720 2789/81/4720
f 2784/82/4828 2786/73/4828 2791/76/4828
f 2788/79/4829 2793/80/4829 2796/83/4829
f 2791/76/4830 2792/84/4830 2796/83/4830
f 2795/85/4831 2796/83/4831 2793/80/4831
f 2814/1/4647 2815/1/4647 2906/2/4647
f 2821/3/4648 2820/3/4648 2900/4/4648
f 2820/3/4832 2821/3/4832 2882/5/4832
f 2815/1/4650 2814/1/4650 2910/6/4650
f 2831/7/4651 2818/8/4651 2828/9/4651
f 2830/7/4652 2815/1/4652 2829/9/4652
f 2817/10/4653 2830/7/4653 2827/11/4653
f 2820/3/4654 2831/7/4654 2826/11/4654
f 2825/12/4655 2896/13/4655 2834/14/4655
f 2822/15/4656 2904/16/4656 2816/10/4656
f 2816/10/4657 2831/7/4657 2822/15/4657
f 2821/3/4658 2830/7/4658 2825/12/4658
f 2830/7/4659 2819/8/4659 2825/12/4659
f 2831/7/4833 2814/1/4833 2822/15/4833
f 2829/9/4661 2895/17/4661 2819/8/4661
f 2827/11/4662 2903/18/4662 2817/10/4662
f 2835/19/4663 2838/20/4663 2834/14/4663
f 2825/12/4664 2882/5/4664 2821/3/4664
f 2819/8/4665 2818/8/4665 2896/13/4665
f 2820/3/4666 2833/21/4666 2824/22/4666
f 2818/8/4667 2833/21/4667 2896/13/4667
f 2837/23/4668 2898/24/4668 2839/25/4668
f 2837/23/4669 2840/26/4669 2842/27/4669
f 2834/14/4670 2899/28/4670 2832/29/4670
f 2832/29/4671 2837/23/4671 2833/21/4671
f 2835/19/4672 2837/23/4672 2897/30/4672
f 2843/31/4673 2845/32/4673 2841/33/4673
f 2839/25/4674 2843/31/4674 2838/20/4674
f 2838/20/4675 2840/26/4675 2836/34/4675
f 2841/33/4676 2846/35/4676 2842/27/4676
f 2844/36/4677 2846/35/4677 2847/37/4677
f 2844/36/4678 2846/35/4678 2843/31/4678
f 2848/38/4679 2854/39/4679 2902/40/4679
f 2816/10/4680 2849/41/4680 2826/11/4680
f 2820/3/4681 2849/41/4681 2900/4/4681
f 2827/11/4682 2900/4/4682 2850/42/4682
f 2816/10/4683 2817/10/4683 2903/18/4683
f 2856/43/4684 2859/44/4684 2854/39/4684
f 2856/43/4685 2858/45/4685 2861/46/4685
f 2848/38/4686 2853/39/4686 2849/41/4686
f 2851/47/4687 2853/39/4687 2855/48/4687
f 2851/47/4688 2854/39/4688 2850/42/4688
f 2859/44/4689 2862/49/4689 2857/50/4689
f 2858/45/4690 2901/51/4690 2859/44/4690
f 2854/39/4691 2901/51/4691 2852/52/4691
f 2853/39/4692 2901/51/4692 2858/45/4692
f 2858/45/4693 2862/49/4693 2863/53/4693
f 2858/45/4694 2864/54/4694 2860/55/4694
f 2859/44/4695 2864/54/4695 2863/53/4695
f 2857/50/4696 2858/45/4696 2859/44/4696
f 2865/56/4697 2872/57/4697 2868/58/4697
f 2868/58/4698 2907/59/4698 2866/60/4698
f 2828/9/4699 2895/17/4699 2867/58/4699
f 2814/1/4700 2867/58/4700 2910/6/4700
f 2829/9/4701 2910/6/4701 2868/58/4701
f 2818/8/4834 2819/8/4834 2895/17/4834
f 2871/61/4703 2874/62/4703 2875/63/4703
f 2869/64/4835 2875/63/4835 2909/65/4835
f 2865/56/4705 2871/61/4705 2894/66/4705
f 2867/58/4706 2907/59/4706 2871/61/4706
f 2876/67/4707 2877/68/4707 2879/69/4707
f 2872/57/4708 2874/62/4708 2870/70/4708
f 2872/57/4709 2909/65/4709 2876/67/4709
f 2875/63/4710 2877/68/4710 2873/71/4710
f 2908/72/4711 2879/69/4711 2875/63/4711
f 2880/73/4712 2905/74/4712 2884/75/4712
f 2823/15/4713 2906/2/4713 2815/1/4713
f 2823/15/4714 2904/16/4714 2883/73/4714
f 2822/15/4715 2906/2/4715 2880/73/4715
f 2817/10/4716 2816/10/4716 2904/16/4716
f 2888/76/4717 2891/77/4717 2887/78/4717
f 2885/79/4718 2891/77/4718 2890/80/4718
f 2884/75/4719 2888/76/4719 2883/73/4719
f 2880/73/4720 2886/81/4720 2885/79/4720
f 2881/82/4721 2888/76/4721 2886/81/4721
f 2885/79/4722 2893/83/4722 2889/84/4722
f 2888/76/4723 2893/83/4723 2892/85/4723
f 2892/85/4831 2890/80/4831 2891/77/4831
f 2910/6/4725 2867/58/4725 2868/58/4725
f 2895/17/4726 2868/58/4726 2867/58/4726
f 2896/13/4727 2833/21/4727 2834/14/4727
f 2897/30/4728 2837/23/4728 2838/20/4728
f 2898/24/4729 2842/27/4729 2843/31/4729
f 2907/59/4730 2872/57/4730 2871/61/4730
f 2874/62/4731 2876/67/4731 2875/63/4731
f 2894/66/4836 2871/61/4836 2872/57/4836
f 2909/65/4733 2875/63/4733 2876/67/4733
f 2906/2/4734 2883/73/4734 2880/73/4734
f 2886/81/4735 2888/76/4735 2885/79/4735
f 2905/74/4735 2885/79/4735 2888/76/4735
f 2904/16/4736 2880/73/4736 2883/73/4736
f 2903/18/4737 2850/42/4737 2849/41/4737
f 2900/4/4738 2849/41/4738 2850/42/4738
f 2902/40/4739 2854/39/4739 2853/39/4739
f 2855/48/4740 2853/39/4740 2854/39/4740
f 2884/75/4741 2883/73/4741 2880/73/4741
f 2885/79/4837 2889/84/4837 2888/76/4837
f 2881/82/4743 2880/73/4743 2883/73/4743
f 2887/78/4744 2885/79/4744 2888/76/4744
f 2865/56/4745 2868/58/4745 2867/58/4745
f 2871/61/4746 2869/64/4746 2872/57/4746
f 2875/63/4747 2873/71/4747 2876/67/4747
f 2868/58/4748 2866/60/4748 2867/58/4748
f 2870/70/4749 2871/61/4749 2872/57/4749
f 2908/72/4750 2875/63/4750 2876/67/4750
f 2844/36/4751 2843/31/4751 2842/27/4751
f 2839/25/4838 2838/20/4838 2837/23/4838
f 2835/19/4753 2834/14/4753 2833/21/4753
f 2840/26/4754 2843/31/4754 2842/27/4754
f 2837/23/4755 2899/28/4755 2838/20/4755
f 2843/31/4756 2841/33/4756 2842/27/4756
f 2836/34/4757 2837/23/4757 2838/20/4757
f 2834/14/4758 2832/29/4758 2833/21/4758
f 2833/21/4727 2882/5/4727 2834/14/4727
f 2849/41/4759 2851/47/4759 2850/42/4759
f 2853/39/4760 2856/43/4760 2854/39/4760
f 2860/55/4761 2859/44/4761 2858/45/4761
f 2852/52/4762 2853/39/4762 2854/39/4762
f 2848/38/4763 2849/41/4763 2850/42/4763
f 2861/46/4764 2858/45/4764 2859/44/4764
f 2831/7/4765 2824/22/4765 2818/8/4765
f 2830/7/4766 2823/15/4766 2815/1/4766
f 2817/10/4767 2823/15/4767 2830/7/4767
f 2820/3/4768 2824/22/4768 2831/7/4768
f 2825/12/4769 2819/8/4769 2896/13/4769
f 2822/15/4770 2880/73/4770 2904/16/4770
f 2816/10/4839 2826/11/4839 2831/7/4839
f 2821/3/4772 2827/11/4772 2830/7/4772
f 2830/7/4773 2829/9/4773 2819/8/4773
f 2831/7/4774 2828/9/4774 2814/1/4774
f 2829/9/4775 2868/58/4775 2895/17/4775
f 2827/11/4776 2850/42/4776 2903/18/4776
f 2835/19/4777 2897/30/4777 2838/20/4777
f 2825/12/4778 2834/14/4778 2882/5/4778
f 2820/3/4779 2882/5/4779 2833/21/4779
f 2818/8/4780 2824/22/4780 2833/21/4780
f 2837/23/4781 2842/27/4781 2898/24/4781
f 2837/23/4782 2836/34/4782 2840/26/4782
f 2834/14/4783 2838/20/4783 2899/28/4783
f 2832/29/4784 2899/28/4784 2837/23/4784
f 2835/19/4785 2833/21/4785 2837/23/4785
f 2843/31/4786 2846/35/4786 2845/32/4786
f 2839/25/4787 2898/24/4787 2843/31/4787
f 2838/20/4788 2843/31/4788 2840/26/4788
f 2841/33/4840 2845/32/4840 2846/35/4840
f 2844/36/4790 2842/27/4790 2846/35/4790
f 2848/38/4791 2850/42/4791 2854/39/4791
f 2816/10/4792 2903/18/4792 2849/41/4792
f 2820/3/4793 2826/11/4793 2849/41/4793
f 2827/11/4794 2821/3/4794 2900/4/4794
f 2856/43/4795 2861/46/4795 2859/44/4795
f 2856/43/4796 2853/39/4796 2858/45/4796
f 2848/38/4797 2902/40/4797 2853/39/4797
f 2851/47/4798 2849/41/4798 2853/39/4798
f 2851/47/4799 2855/48/4799 2854/39/4799
f 2859/44/4800 2863/53/4800 2862/49/4800
f 2854/39/4801 2859/44/4801 2901/51/4801
f 2853/39/4802 2852/52/4802 2901/51/4802
f 2858/45/4803 2857/50/4803 2862/49/4803
f 2858/45/4804 2863/53/4804 2864/54/4804
f 2859/44/4805 2860/55/4805 2864/54/4805
f 2865/56/4806 2894/66/4806 2872/57/4806
f 2868/58/4807 2872/57/4807 2907/59/4807
f 2828/9/4808 2818/8/4808 2895/17/4808
f 2814/1/4809 2828/9/4809 2867/58/4809
f 2829/9/4810 2815/1/4810 2910/6/4810
f 2871/61/4811 2870/70/4811 2874/62/4811
f 2869/64/4812 2871/61/4812 2875/63/4812
f 2865/56/4813 2867/58/4813 2871/61/4813
f 2867/58/4814 2866/60/4814 2907/59/4814
f 2876/67/4815 2873/71/4815 2877/68/4815
f 2872/57/4816 2876/67/4816 2874/62/4816
f 2872/57/4817 2869/64/4817 2909/65/4817
f 2875/63/4841 2879/69/4841 2877/68/4841
f 2908/72/4819 2878/86/4819 2879/69/4819
f 2908/72/4820 2876/67/4820 2879/69/4820
f 2880/73/4821 2885/79/4821 2905/74/4821
f 2823/15/4822 2883/73/4822 2906/2/4822
f 2823/15/4823 2817/10/4823 2904/16/4823
f 2822/15/4842 2814/1/4842 2906/2/4842
f 2888/76/4825 2892/85/4825 2891/77/4825
f 2885/79/4826 2887/78/4826 2891/77/4826
f 2884/75/4827 2905/74/4827 2888/76/4827
f 2880/73/4720 2881/82/4720 2886/81/4720
f 2881/82/4828 2883/73/4828 2888/76/4828
f 2885/79/4829 2890/80/4829 2893/83/4829
f 2888/76/4830 2889/84/4830 2893/83/4830
f 2892/85/4831 2893/83/4831 2890/80/4831
f 2911/1/4843 2912/1/4843 3003/2/4843
f 2918/3/4844 2917/3/4844 2997/4/4844
f 2917/3/4845 2918/3/4845 2979/5/4845
f 2912/1/4846 2911/1/4846 3007/6/4846
f 2928/7/4847 2915/8/4847 2925/9/4847
f 2927/7/4848 2912/1/4848 2926/9/4848
f 2914/10/4849 2927/7/4849 2924/11/4849
f 2917/3/4850 2928/7/4850 2923/11/4850
f 2922/12/4851 2993/13/4851 2931/14/4851
f 2919/15/4852 3001/16/4852 2913/10/4852
f 2913/10/4853 2928/7/4853 2919/15/4853
f 2918/3/4854 2927/7/4854 2922/12/4854
f 2927/7/4855 2916/8/4855 2922/12/4855
f 2928/7/4856 2911/1/4856 2919/15/4856
f 2926/9/4857 2992/17/4857 2916/8/4857
f 2924/11/4858 3000/18/4858 2914/10/4858
f 2932/19/4859 2935/20/4859 2931/14/4859
f 2922/12/4860 2979/5/4860 2918/3/4860
f 2916/8/4861 2915/8/4861 2993/13/4861
f 2917/3/4862 2930/21/4862 2921/22/4862
f 2915/8/4863 2930/21/4863 2993/13/4863
f 2934/23/4864 2995/24/4864 2936/25/4864
f 2934/23/4865 2937/26/4865 2939/27/4865
f 2931/14/4866 2996/28/4866 2929/29/4866
f 2929/29/4867 2934/23/4867 2930/21/4867
f 2932/19/4868 2934/23/4868 2994/30/4868
f 2940/31/4869 2942/32/4869 2938/33/4869
f 2936/25/4870 2940/31/4870 2935/20/4870
f 2935/20/4871 2937/26/4871 2933/34/4871
f 2938/33/4872 2943/35/4872 2939/27/4872
f 2941/36/4873 2943/35/4873 2944/37/4873
f 2941/36/4874 2943/35/4874 2940/31/4874
f 2945/38/4875 2951/39/4875 2999/40/4875
f 2913/10/4876 2946/41/4876 2923/11/4876
f 2917/3/4877 2946/41/4877 2997/4/4877
f 2924/11/4878 2997/4/4878 2947/42/4878
f 2913/10/4879 2914/10/4879 3000/18/4879
f 2953/43/4880 2956/44/4880 2951/39/4880
f 2953/43/4881 2955/45/4881 2958/46/4881
f 2945/38/4882 2950/39/4882 2946/41/4882
f 2948/47/4883 2950/39/4883 2952/48/4883
f 2948/47/4884 2951/39/4884 2947/42/4884
f 2956/44/4885 2959/49/4885 2954/50/4885
f 2955/45/4886 2998/51/4886 2956/44/4886
f 2951/39/4887 2998/51/4887 2949/52/4887
f 2950/39/4888 2998/51/4888 2955/45/4888
f 2955/45/4889 2959/49/4889 2960/53/4889
f 2955/45/4890 2961/54/4890 2957/55/4890
f 2956/44/4891 2961/54/4891 2960/53/4891
f 2954/50/4892 2955/45/4892 2956/44/4892
f 2962/56/4893 2969/57/4893 2965/58/4893
f 2965/58/4894 3004/59/4894 2963/60/4894
f 2925/9/4895 2992/17/4895 2964/58/4895
f 2911/1/4896 2964/58/4896 3007/6/4896
f 2926/9/4897 3007/6/4897 2965/58/4897
f 2915/8/4898 2916/8/4898 2992/17/4898
f 2968/61/4899 2971/62/4899 2972/63/4899
f 2966/64/4900 2972/63/4900 3006/65/4900
f 2962/56/4901 2968/61/4901 2991/66/4901
f 2964/58/4902 3004/59/4902 2968/61/4902
f 2973/67/4903 2974/68/4903 2976/69/4903
f 2969/57/4904 2971/62/4904 2967/70/4904
f 2969/57/4905 3006/65/4905 2973/67/4905
f 2972/63/4906 2974/68/4906 2970/71/4906
f 3005/72/4907 2976/69/4907 2972/63/4907
f 2977/73/4908 3002/74/4908 2981/75/4908
f 2920/15/4909 3003/2/4909 2912/1/4909
f 2920/15/4910 3001/16/4910 2980/73/4910
f 2919/15/4911 3003/2/4911 2977/73/4911
f 2914/10/4912 2913/10/4912 3001/16/4912
f 2985/76/4913 2988/77/4913 2984/78/4913
f 2982/79/4914 2988/77/4914 2987/80/4914
f 2981/75/4915 2985/76/4915 2980/73/4915
f 2977/73/4916 2983/81/4916 2982/79/4916
f 2978/82/4917 2985/76/4917 2983/81/4917
f 2982/79/4918 2990/83/4918 2986/84/4918
f 2985/76/4919 2990/83/4919 2989/85/4919
f 2989/85/4920 2987/80/4920 2988/77/4920
f 3007/6/4921 2964/58/4921 2965/58/4921
f 2992/17/4922 2965/58/4922 2964/58/4922
f 2993/13/4923 2930/21/4923 2931/14/4923
f 2994/30/4924 2934/23/4924 2935/20/4924
f 2995/24/4925 2939/27/4925 2940/31/4925
f 3004/59/4926 2969/57/4926 2968/61/4926
f 2971/62/4927 2973/67/4927 2972/63/4927
f 2991/66/4928 2968/61/4928 2969/57/4928
f 3006/65/4929 2972/63/4929 2973/67/4929
f 3003/2/4930 2980/73/4930 2977/73/4930
f 2983/81/4931 2985/76/4931 2982/79/4931
f 3002/74/4931 2982/79/4931 2985/76/4931
f 3001/16/4932 2977/73/4932 2980/73/4932
f 3000/18/4933 2947/42/4933 2946/41/4933
f 2997/4/4934 2946/41/4934 2947/42/4934
f 2999/40/4935 2951/39/4935 2950/39/4935
f 2952/48/4936 2950/39/4936 2951/39/4936
f 2981/75/4937 2980/73/4937 2977/73/4937
f 2982/79/4938 2986/84/4938 2985/76/4938
f 2978/82/4939 2977/73/4939 2980/73/4939
f 2984/78/4940 2982/79/4940 2985/76/4940
f 2962/56/4941 2965/58/4941 2964/58/4941
f 2968/61/4942 2966/64/4942 2969/57/4942
f 2972/63/4943 2970/71/4943 2973/67/4943
f 2965/58/4944 2963/60/4944 2964/58/4944
f 2967/70/4945 2968/61/4945 2969/57/4945
f 3005/72/4946 2972/63/4946 2973/67/4946
f 2941/36/4947 2940/31/4947 2939/27/4947
f 2936/25/4948 2935/20/4948 2934/23/4948
f 2932/19/4949 2931/14/4949 2930/21/4949
f 2937/26/4950 2940/31/4950 2939/27/4950
f 2934/23/4951 2996/28/4951 2935/20/4951
f 2940/31/4952 2938/33/4952 2939/27/4952
f 2933/34/4953 2934/23/4953 2935/20/4953
f 2931/14/4954 2929/29/4954 2930/21/4954
f 2930/21/4923 2979/5/4923 2931/14/4923
f 2946/41/4955 2948/47/4955 2947/42/4955
f 2950/39/4956 2953/43/4956 2951/39/4956
f 2957/55/4957 2956/44/4957 2955/45/4957
f 2949/52/4958 2950/39/4958 2951/39/4958
f 2945/38/4959 2946/41/4959 2947/42/4959
f 2958/46/4960 2955/45/4960 2956/44/4960
f 2928/7/4961 2921/22/4961 2915/8/4961
f 2927/7/4962 2920/15/4962 2912/1/4962
f 2914/10/4963 2920/15/4963 2927/7/4963
f 2917/3/4964 2921/22/4964 2928/7/4964
f 2922/12/4965 2916/8/4965 2993/13/4965
f 2919/15/4966 2977/73/4966 3001/16/4966
f 2913/10/4967 2923/11/4967 2928/7/4967
f 2918/3/4968 2924/11/4968 2927/7/4968
f 2927/7/4969 2926/9/4969 2916/8/4969
f 2928/7/4970 2925/9/4970 2911/1/4970
f 2926/9/4971 2965/58/4971 2992/17/4971
f 2924/11/4972 2947/42/4972 3000/18/4972
f 2932/19/4973 2994/30/4973 2935/20/4973
f 2922/12/4974 2931/14/4974 2979/5/4974
f 2917/3/4975 2979/5/4975 2930/21/4975
f 2915/8/4976 2921/22/4976 2930/21/4976
f 2934/23/4977 2939/27/4977 2995/24/4977
f 2934/23/4978 2933/34/4978 2937/26/4978
f 2931/14/4979 2935/20/4979 2996/28/4979
f 2929/29/4980 2996/28/4980 2934/23/4980
f 2932/19/4981 2930/21/4981 2934/23/4981
f 2940/31/4982 2943/35/4982 2942/32/4982
f 2936/25/4983 2995/24/4983 2940/31/4983
f 2935/20/4984 2940/31/4984 2937/26/4984
f 2938/33/4985 2942/32/4985 2943/35/4985
f 2941/36/4986 2939/27/4986 2943/35/4986
f 2945/38/4987 2947/42/4987 2951/39/4987
f 2913/10/4988 3000/18/4988 2946/41/4988
f 2917/3/4989 2923/11/4989 2946/41/4989
f 2924/11/4990 2918/3/4990 2997/4/4990
f 2953/43/4991 2958/46/4991 2956/44/4991
f 2953/43/4992 2950/39/4992 2955/45/4992
f 2945/38/4993 2999/40/4993 2950/39/4993
f 2948/47/4994 2946/41/4994 2950/39/4994
f 2948/47/4995 2952/48/4995 2951/39/4995
f 2956/44/4891 2960/53/4891 2959/49/4891
f 2951/39/4996 2956/44/4996 2998/51/4996
f 2950/39/4997 2949/52/4997 2998/51/4997
f 2955/45/4998 2954/50/4998 2959/49/4998
f 2955/45/4999 2960/53/4999 2961/54/4999
f 2956/44/5000 2957/55/5000 2961/54/5000
f 2962/56/5001 2991/66/5001 2969/57/5001
f 2965/58/5002 2969/57/5002 3004/59/5002
f 2925/9/5003 2915/8/5003 2992/17/5003
f 2911/1/5004 2925/9/5004 2964/58/5004
f 2926/9/5005 2912/1/5005 3007/6/5005
f 2968/61/5006 2967/70/5006 2971/62/5006
f 2966/64/5007 2968/61/5007 2972/63/5007
f 2962/56/5008 2964/58/5008 2968/61/5008
f 2964/58/5009 2963/60/5009 3004/59/5009
f 2973/67/5010 2970/71/5010 2974/68/5010
f 2969/57/5011 2973/67/5011 2971/62/5011
f 2969/57/5012 2966/64/5012 3006/65/5012
f 2972/63/5013 2976/69/5013 2974/68/5013
f 3005/72/5014 2975/86/5014 2976/69/5014
f 3005/72/5015 2973/67/5015 2976/69/5015
f 2977/73/5016 2982/79/5016 3002/74/5016
f 2920/15/5017 2980/73/5017 3003/2/5017
f 2920/15/5018 2914/10/5018 3001/16/5018
f 2919/15/5019 2911/1/5019 3003/2/5019
f 2985/76/5020 2989/85/5020 2988/77/5020
f 2982/79/5021 2984/78/5021 2988/77/5021
f 2981/75/5022 3002/74/5022 2985/76/5022
f 2977/73/4916 2978/82/4916 2983/81/4916
f 2978/82/5023 2980/73/5023 2985/76/5023
f 2982/79/5024 2987/80/5024 2990/83/5024
f 2985/76/5025 2986/84/5025 2990/83/5025
f 2989/85/4920 2990/83/4920 2987/80/4920
f 3008/1/5026 3009/1/5026 3100/2/5026
f 3015/3/5027 3014/3/5027 3094/4/5027
f 3014/3/5028 3015/3/5028 3076/5/5028
f 3009/1/5029 3008/1/5029 3104/6/5029
f 3025/7/5030 3012/8/5030 3022/9/5030
f 3024/7/5031 3009/1/5031 3023/9/5031
f 3011/10/5032 3024/7/5032 3021/11/5032
f 3014/3/5033 3025/7/5033 3020/11/5033
f 3019/12/5034 3090/13/5034 3028/14/5034
f 3016/15/5035 3098/16/5035 3010/10/5035
f 3010/10/5036 3025/7/5036 3016/15/5036
f 3015/3/5037 3024/7/5037 3019/12/5037
f 3024/7/5038 3013/8/5038 3019/12/5038
f 3025/7/5039 3008/1/5039 3016/15/5039
f 3023/9/5040 3089/17/5040 3013/8/5040
f 3021/11/5041 3097/18/5041 3011/10/5041
f 3029/19/5042 3032/20/5042 3028/14/5042
f 3019/12/5043 3076/5/5043 3015/3/5043
f 3013/8/5044 3012/8/5044 3090/13/5044
f 3014/3/5045 3027/21/5045 3018/22/5045
f 3012/8/5046 3027/21/5046 3090/13/5046
f 3031/23/5047 3092/24/5047 3033/25/5047
f 3031/23/5048 3034/26/5048 3036/27/5048
f 3028/14/5049 3093/28/5049 3026/29/5049
f 3026/29/5050 3031/23/5050 3027/21/5050
f 3029/19/5051 3031/23/5051 3091/30/5051
f 3037/31/5052 3039/32/5052 3035/33/5052
f 3033/25/5053 3037/31/5053 3032/20/5053
f 3032/20/5054 3034/26/5054 3030/34/5054
f 3035/33/5055 3040/35/5055 3036/27/5055
f 3038/36/5056 3040/35/5056 3041/37/5056
f 3038/36/5057 3040/35/5057 3037/31/5057
f 3042/38/5058 3048/39/5058 3096/40/5058
f 3010/10/5059 3043/41/5059 3020/11/5059
f 3014/3/5060 3043/41/5060 3094/4/5060
f 3021/11/5061 3094/4/5061 3044/42/5061
f 3010/10/5062 3011/10/5062 3097/18/5062
f 3050/43/5063 3053/44/5063 3048/39/5063
f 3050/43/5064 3052/45/5064 3055/46/5064
f 3042/38/5065 3047/39/5065 3043/41/5065
f 3045/47/5066 3047/39/5066 3049/48/5066
f 3045/47/5067 3048/39/5067 3044/42/5067
f 3053/44/5068 3056/49/5068 3051/50/5068
f 3052/45/5069 3095/51/5069 3053/44/5069
f 3048/39/5070 3095/51/5070 3046/52/5070
f 3047/39/5071 3095/51/5071 3052/45/5071
f 3052/45/5072 3056/49/5072 3057/53/5072
f 3052/45/5073 3058/54/5073 3054/55/5073
f 3053/44/5074 3058/54/5074 3057/53/5074
f 3051/50/5075 3052/45/5075 3053/44/5075
f 3059/56/5076 3066/57/5076 3062/58/5076
f 3062/58/5077 3101/59/5077 3060/60/5077
f 3022/9/5078 3089/17/5078 3061/58/5078
f 3008/1/5079 3061/58/5079 3104/6/5079
f 3023/9/5080 3104/6/5080 3062/58/5080
f 3012/8/5081 3013/8/5081 3089/17/5081
f 3065/61/5082 3068/62/5082 3069/63/5082
f 3063/64/5083 3069/63/5083 3103/65/5083
f 3059/56/5084 3065/61/5084 3088/66/5084
f 3061/58/5085 3101/59/5085 3065/61/5085
f 3070/67/5086 3071/68/5086 3073/69/5086
f 3066/57/5087 3068/62/5087 3064/70/5087
f 3066/57/5088 3103/65/5088 3070/67/5088
f 3069/63/5089 3071/68/5089 3067/71/5089
f 3102/72/5090 3073/69/5090 3069/63/5090
f 3074/73/5091 3099/74/5091 3078/75/5091
f 3017/15/5092 3100/2/5092 3009/1/5092
f 3017/15/5093 3098/16/5093 3077/73/5093
f 3016/15/5094 3100/2/5094 3074/73/5094
f 3011/10/5095 3010/10/5095 3098/16/5095
f 3082/76/5096 3085/77/5096 3081/78/5096
f 3079/79/5097 3085/77/5097 3084/80/5097
f 3078/75/5098 3082/76/5098 3077/73/5098
f 3074/73/5099 3080/81/5099 3079/79/5099
f 3075/82/5100 3082/76/5100 3080/81/5100
f 3079/79/5101 3087/83/5101 3083/84/5101
f 3082/76/5102 3087/83/5102 3086/85/5102
f 3086/85/5103 3084/80/5103 3085/77/5103
f 3104/6/5104 3061/58/5104 3062/58/5104
f 3089/17/5105 3062/58/5105 3061/58/5105
f 3090/13/5106 3027/21/5106 3028/14/5106
f 3091/30/5107 3031/23/5107 3032/20/5107
f 3092/24/5108 3036/27/5108 3037/31/5108
f 3101/59/5109 3066/57/5109 3065/61/5109
f 3068/62/5110 3070/67/5110 3069/63/5110
f 3088/66/5111 3065/61/5111 3066/57/5111
f 3103/65/5112 3069/63/5112 3070/67/5112
f 3100/2/5113 3077/73/5113 3074/73/5113
f 3080/81/5114 3082/76/5114 3079/79/5114
f 3099/74/5114 3079/79/5114 3082/76/5114
f 3098/16/5115 3074/73/5115 3077/73/5115
f 3097/18/5116 3044/42/5116 3043/41/5116
f 3094/4/5117 3043/41/5117 3044/42/5117
f 3096/40/5118 3048/39/5118 3047/39/5118
f 3049/48/5119 3047/39/5119 3048/39/5119
f 3078/75/5120 3077/73/5120 3074/73/5120
f 3079/79/5121 3083/84/5121 3082/76/5121
f 3075/82/5122 3074/73/5122 3077/73/5122
f 3081/78/5123 3079/79/5123 3082/76/5123
f 3059/56/5124 3062/58/5124 3061/58/5124
f 3065/61/5125 3063/64/5125 3066/57/5125
f 3069/63/5126 3067/71/5126 3070/67/5126
f 3062/58/5127 3060/60/5127 3061/58/5127
f 3064/70/5128 3065/61/5128 3066/57/5128
f 3102/72/5129 3069/63/5129 3070/67/5129
f 3038/36/5130 3037/31/5130 3036/27/5130
f 3033/25/5131 3032/20/5131 3031/23/5131
f 3029/19/5132 3028/14/5132 3027/21/5132
f 3034/26/5133 3037/31/5133 3036/27/5133
f 3031/23/5134 3093/28/5134 3032/20/5134
f 3037/31/5135 3035/33/5135 3036/27/5135
f 3030/34/5136 3031/23/5136 3032/20/5136
f 3028/14/5137 3026/29/5137 3027/21/5137
f 3027/21/5138 3076/5/5138 3028/14/5138
f 3043/41/5139 3045/47/5139 3044/42/5139
f 3047/39/5140 3050/43/5140 3048/39/5140
f 3054/55/5141 3053/44/5141 3052/45/5141
f 3046/52/5142 3047/39/5142 3048/39/5142
f 3042/38/5143 3043/41/5143 3044/42/5143
f 3055/46/5144 3052/45/5144 3053/44/5144
f 3025/7/5145 3018/22/5145 3012/8/5145
f 3024/7/5146 3017/15/5146 3009/1/5146
f 3011/10/5147 3017/15/5147 3024/7/5147
f 3014/3/5148 3018/22/5148 3025/7/5148
f 3019/12/5149 3013/8/5149 3090/13/5149
f 3016/15/5150 3074/73/5150 3098/16/5150
f 3010/10/5151 3020/11/5151 3025/7/5151
f 3015/3/5152 3021/11/5152 3024/7/5152
f 3024/7/5153 3023/9/5153 3013/8/5153
f 3025/7/5154 3022/9/5154 3008/1/5154
f 3023/9/5155 3062/58/5155 3089/17/5155
f 3021/11/5156 3044/42/5156 3097/18/5156
f 3029/19/5157 3091/30/5157 3032/20/5157
f 3019/12/5158 3028/14/5158 3076/5/5158
f 3014/3/5159 3076/5/5159 3027/21/5159
f 3012/8/5160 3018/22/5160 3027/21/5160
f 3031/23/5161 3036/27/5161 3092/24/5161
f 3031/23/5162 3030/34/5162 3034/26/5162
f 3028/14/5163 3032/20/5163 3093/28/5163
f 3026/29/5164 3093/28/5164 3031/23/5164
f 3029/19/5165 3027/21/5165 3031/23/5165
f 3037/31/5166 3040/35/5166 3039/32/5166
f 3033/25/5167 3092/24/5167 3037/31/5167
f 3032/20/5168 3037/31/5168 3034/26/5168
f 3035/33/5169 3039/32/5169 3040/35/5169
f 3038/36/5170 3036/27/5170 3040/35/5170
f 3042/38/5171 3044/42/5171 3048/39/5171
f 3010/10/5172 3097/18/5172 3043/41/5172
f 3014/3/5173 3020/11/5173 3043/41/5173
f 3021/11/5174 3015/3/5174 3094/4/5174
f 3050/43/5175 3055/46/5175 3053/44/5175
f 3050/43/5176 3047/39/5176 3052/45/5176
f 3042/38/5177 3096/40/5177 3047/39/5177
f 3045/47/5178 3043/41/5178 3047/39/5178
f 3045/47/5179 3049/48/5179 3048/39/5179
f 3053/44/5074 3057/53/5074 3056/49/5074
f 3048/39/5180 3053/44/5180 3095/51/5180
f 3047/39/5181 3046/52/5181 3095/51/5181
f 3052/45/5182 3051/50/5182 3056/49/5182
f 3052/45/5183 3057/53/5183 3058/54/5183
f 3053/44/5184 3054/55/5184 3058/54/5184
f 3059/56/5185 3088/66/5185 3066/57/5185
f 3062/58/5186 3066/57/5186 3101/59/5186
f 3022/9/5187 3012/8/5187 3089/17/5187
f 3008/1/5188 3022/9/5188 3061/58/5188
f 3023/9/5189 3009/1/5189 3104/6/5189
f 3065/61/5190 3064/70/5190 3068/62/5190
f 3063/64/5191 3065/61/5191 3069/63/5191
f 3059/56/5192 3061/58/5192 3065/61/5192
f 3061/58/5193 3060/60/5193 3101/59/5193
f 3070/67/5194 3067/71/5194 3071/68/5194
f 3066/57/5195 3070/67/5195 3068/62/5195
f 3066/57/5196 3063/64/5196 3103/65/5196
f 3069/63/5197 3073/69/5197 3071/68/5197
f 3102/72/5198 3072/86/5198 3073/69/5198
f 3102/72/5199 3070/67/5199 3073/69/5199
f 3074/73/5200 3079/79/5200 3099/74/5200
f 3017/15/5201 3077/73/5201 3100/2/5201
f 3017/15/5202 3011/10/5202 3098/16/5202
f 3016/15/5203 3008/1/5203 3100/2/5203
f 3082/76/5204 3086/85/5204 3085/77/5204
f 3079/79/5205 3081/78/5205 3085/77/5205
f 3078/75/5206 3099/74/5206 3082/76/5206
f 3074/73/5099 3075/82/5099 3080/81/5099
f 3075/82/5207 3077/73/5207 3082/76/5207
f 3079/79/5208 3084/80/5208 3087/83/5208
f 3082/76/5209 3083/84/5209 3087/83/5209
f 3086/85/5210 3087/83/5210 3084/80/5210
f 3105/1/5211 3106/1/5211 3197/2/5211
f 3112/3/5212 3111/3/5212 3191/4/5212
f 3111/3/5213 3112/3/5213 3173/5/5213
f 3106/1/5214 3105/1/5214 3201/6/5214
f 3122/7/5215 3109/8/5215 3119/9/5215
f 3121/7/5216 3106/1/5216 3120/9/5216
f 3108/10/5217 3121/7/5217 3118/11/5217
f 3111/3/5218 3122/7/5218 3117/11/5218
f 3116/12/5219 3187/13/5219 3125/14/5219
f 3113/15/5220 3195/16/5220 3107/10/5220
f 3107/10/5221 3122/7/5221 3113/15/5221
f 3112/3/5222 3121/7/5222 3116/12/5222
f 3121/7/5223 3110/8/5223 3116/12/5223
f 3122/7/5224 3105/1/5224 3113/15/5224
f 3120/9/5225 3186/17/5225 3110/8/5225
f 3118/11/5226 3194/18/5226 3108/10/5226
f 3126/19/5227 3129/20/5227 3125/14/5227
f 3116/12/5228 3173/5/5228 3112/3/5228
f 3110/8/5229 3109/8/5229 3187/13/5229
f 3111/3/5230 3124/21/5230 3115/22/5230
f 3109/8/5231 3124/21/5231 3187/13/5231
f 3128/23/5232 3189/24/5232 3130/25/5232
f 3128/23/5233 3131/26/5233 3133/27/5233
f 3125/14/5234 3190/28/5234 3123/29/5234
f 3123/29/5235 3128/23/5235 3124/21/5235
f 3126/19/5236 3128/23/5236 3188/30/5236
f 3134/31/5237 3136/32/5237 3132/33/5237
f 3130/25/5238 3134/31/5238 3129/20/5238
f 3129/20/5239 3131/26/5239 3127/34/5239
f 3132/33/5240 3137/35/5240 3133/27/5240
f 3135/36/5241 3137/35/5241 3138/37/5241
f 3135/36/5242 3137/35/5242 3134/31/5242
f 3139/38/5243 3145/39/5243 3193/40/5243
f 3107/10/5244 3140/41/5244 3117/11/5244
f 3111/3/5245 3140/41/5245 3191/4/5245
f 3118/11/5246 3191/4/5246 3141/42/5246
f 3107/10/5247 3108/10/5247 3194/18/5247
f 3147/43/5248 3150/44/5248 3145/39/5248
f 3147/43/5249 3149/45/5249 3152/46/5249
f 3139/38/5250 3144/39/5250 3140/41/5250
f 3142/47/5251 3144/39/5251 3146/48/5251
f 3142/47/5252 3145/39/5252 3141/42/5252
f 3150/44/5253 3153/49/5253 3148/50/5253
f 3149/45/5254 3192/51/5254 3150/44/5254
f 3145/39/5255 3192/51/5255 3143/52/5255
f 3144/39/5256 3192/51/5256 3149/45/5256
f 3149/45/5257 3153/49/5257 3154/53/5257
f 3149/45/5258 3155/54/5258 3151/55/5258
f 3150/44/5259 3155/54/5259 3154/53/5259
f 3148/50/5260 3149/45/5260 3150/44/5260
f 3156/56/5261 3163/57/5261 3159/58/5261
f 3159/58/5262 3198/59/5262 3157/60/5262
f 3119/9/5263 3186/17/5263 3158/58/5263
f 3105/1/5264 3158/58/5264 3201/6/5264
f 3120/9/5265 3201/6/5265 3159/58/5265
f 3109/8/5266 3110/8/5266 3186/17/5266
f 3162/61/5267 3165/62/5267 3166/63/5267
f 3160/64/5268 3166/63/5268 3200/65/5268
f 3156/56/5269 3162/61/5269 3185/66/5269
f 3158/58/5270 3198/59/5270 3162/61/5270
f 3167/67/5271 3168/68/5271 3170/69/5271
f 3163/57/5272 3165/62/5272 3161/70/5272
f 3163/57/5273 3200/65/5273 3167/67/5273
f 3166/63/5274 3168/68/5274 3164/71/5274
f 3199/72/5275 3170/69/5275 3166/63/5275
f 3171/73/5276 3196/74/5276 3175/75/5276
f 3114/15/5277 3197/2/5277 3106/1/5277
f 3114/15/5278 3195/16/5278 3174/73/5278
f 3113/15/5279 3197/2/5279 3171/73/5279
f 3108/10/5280 3107/10/5280 3195/16/5280
f 3179/76/5281 3182/77/5281 3178/78/5281
f 3176/79/5282 3182/77/5282 3181/80/5282
f 3175/75/5283 3179/76/5283 3174/73/5283
f 3171/73/5284 3177/81/5284 3176/79/5284
f 3172/82/5285 3179/76/5285 3177/81/5285
f 3176/79/5286 3184/83/5286 3180/84/5286
f 3179/76/5287 3184/83/5287 3183/85/5287
f 3183/85/5288 3181/80/5288 3182/77/5288
f 3201/6/5289 3158/58/5289 3159/58/5289
f 3186/17/5290 3159/58/5290 3158/58/5290
f 3187/13/5291 3124/21/5291 3125/14/5291
f 3188/30/5292 3128/23/5292 3129/20/5292
f 3189/24/5293 3133/27/5293 3134/31/5293
f 3198/59/5294 3163/57/5294 3162/61/5294
f 3165/62/5295 3167/67/5295 3166/63/5295
f 3185/66/5296 3162/61/5296 3163/57/5296
f 3200/65/5297 3166/63/5297 3167/67/5297
f 3197/2/5298 3174/73/5298 3171/73/5298
f 3177/81/5299 3179/76/5299 3176/79/5299
f 3196/74/5299 3176/79/5299 3179/76/5299
f 3195/16/5300 3171/73/5300 3174/73/5300
f 3194/18/5301 3141/42/5301 3140/41/5301
f 3191/4/5302 3140/41/5302 3141/42/5302
f 3193/40/5303 3145/39/5303 3144/39/5303
f 3146/48/5304 3144/39/5304 3145/39/5304
f 3175/75/5305 3174/73/5305 3171/73/5305
f 3176/79/5306 3180/84/5306 3179/76/5306
f 3172/82/5307 3171/73/5307 3174/73/5307
f 3178/78/5308 3176/79/5308 3179/76/5308
f 3156/56/5309 3159/58/5309 3158/58/5309
f 3162/61/5310 3160/64/5310 3163/57/5310
f 3166/63/5311 3164/71/5311 3167/67/5311
f 3159/58/5312 3157/60/5312 3158/58/5312
f 3161/70/5313 3162/61/5313 3163/57/5313
f 3199/72/5314 3166/63/5314 3167/67/5314
f 3135/36/5315 3134/31/5315 3133/27/5315
f 3130/25/5316 3129/20/5316 3128/23/5316
f 3126/19/5317 3125/14/5317 3124/21/5317
f 3131/26/5318 3134/31/5318 3133/27/5318
f 3128/23/5319 3190/28/5319 3129/20/5319
f 3134/31/5320 3132/33/5320 3133/27/5320
f 3127/34/5321 3128/23/5321 3129/20/5321
f 3125/14/5322 3123/29/5322 3124/21/5322
f 3124/21/5291 3173/5/5291 3125/14/5291
f 3140/41/5323 3142/47/5323 3141/42/5323
f 3144/39/5324 3147/43/5324 3145/39/5324
f 3151/55/5325 3150/44/5325 3149/45/5325
f 3143/52/5326 3144/39/5326 3145/39/5326
f 3139/38/5327 3140/41/5327 3141/42/5327
f 3152/46/5328 3149/45/5328 3150/44/5328
f 3122/7/5329 3115/22/5329 3109/8/5329
f 3121/7/5330 3114/15/5330 3106/1/5330
f 3108/10/5331 3114/15/5331 3121/7/5331
f 3111/3/5332 3115/22/5332 3122/7/5332
f 3116/12/5333 3110/8/5333 3187/13/5333
f 3113/15/5334 3171/73/5334 3195/16/5334
f 3107/10/5335 3117/11/5335 3122/7/5335
f 3112/3/5336 3118/11/5336 3121/7/5336
f 3121/7/5337 3120/9/5337 3110/8/5337
f 3122/7/5338 3119/9/5338 3105/1/5338
f 3120/9/5339 3159/58/5339 3186/17/5339
f 3118/11/5340 3141/42/5340 3194/18/5340
f 3126/19/5341 3188/30/5341 3129/20/5341
f 3116/12/5342 3125/14/5342 3173/5/5342
f 3111/3/5343 3173/5/5343 3124/21/5343
f 3109/8/5344 3115/22/5344 3124/21/5344
f 3128/23/5345 3133/27/5345 3189/24/5345
f 3128/23/5346 3127/34/5346 3131/26/5346
f 3125/14/5347 3129/20/5347 3190/28/5347
f 3123/29/5348 3190/28/5348 3128/23/5348
f 3126/19/5349 3124/21/5349 3128/23/5349
f 3134/31/5350 3137/35/5350 3136/32/5350
f 3130/25/5351 3189/24/5351 3134/31/5351
f 3129/20/5352 3134/31/5352 3131/26/5352
f 3132/33/5353 3136/32/5353 3137/35/5353
f 3135/36/5354 3133/27/5354 3137/35/5354
f 3139/38/5355 3141/42/5355 3145/39/5355
f 3107/10/5356 3194/18/5356 3140/41/5356
f 3111/3/5357 3117/11/5357 3140/41/5357
f 3118/11/5358 3112/3/5358 3191/4/5358
f 3147/43/5359 3152/46/5359 3150/44/5359
f 3147/43/5360 3144/39/5360 3149/45/5360
f 3139/38/5361 3193/40/5361 3144/39/5361
f 3142/47/5362 3140/41/5362 3144/39/5362
f 3142/47/5363 3146/48/5363 3145/39/5363
f 3150/44/5364 3154/53/5364 3153/49/5364
f 3145/39/5365 3150/44/5365 3192/51/5365
f 3144/39/5366 3143/52/5366 3192/51/5366
f 3149/45/5367 3148/50/5367 3153/49/5367
f 3149/45/5257 3154/53/5257 3155/54/5257
f 3150/44/5368 3151/55/5368 3155/54/5368
f 3156/56/5369 3185/66/5369 3163/57/5369
f 3159/58/5370 3163/57/5370 3198/59/5370
f 3119/9/5371 3109/8/5371 3186/17/5371
f 3105/1/5372 3119/9/5372 3158/58/5372
f 3120/9/5373 3106/1/5373 3201/6/5373
f 3162/61/5374 3161/70/5374 3165/62/5374
f 3160/64/5375 3162/61/5375 3166/63/5375
f 3156/56/5376 3158/58/5376 3162/61/5376
f 3158/58/5377 3157/60/5377 3198/59/5377
f 3167/67/5378 3164/71/5378 3168/68/5378
f 3163/57/5379 3167/67/5379 3165/62/5379
f 3163/57/5380 3160/64/5380 3200/65/5380
f 3166/63/5381 3170/69/5381 3168/68/5381
f 3199/72/5382 3169/86/5382 3170/69/5382
f 3199/72/5383 3167/67/5383 3170/69/5383
f 3171/73/5384 3176/79/5384 3196/74/5384
f 3114/15/5385 3174/73/5385 3197/2/5385
f 3114/15/5386 3108/10/5386 3195/16/5386
f 3113/15/5387 3105/1/5387 3197/2/5387
f 3179/76/5388 3183/85/5388 3182/77/5388
f 3176/79/5389 3178/78/5389 3182/77/5389
f 3175/75/5390 3196/74/5390 3179/76/5390
f 3171/73/5284 3172/82/5284 3177/81/5284
f 3172/82/5391 3174/73/5391 3179/76/5391
f 3176/79/5392 3181/80/5392 3184/83/5392
f 3179/76/5393 3180/84/5393 3184/83/5393
f 3183/85/5288 3184/83/5288 3181/80/5288
f 3202/1/5394 3203/1/5394 3294/2/5394
f 3209/3/5395 3208/3/5395 3288/4/5395
f 3208/3/5396 3209/3/5396 3270/5/5396
f 3203/1/5397 3202/1/5397 3298/6/5397
f 3219/7/5398 3206/8/5398 3216/9/5398
f 3218/7/5399 3203/1/5399 3217/9/5399
f 3205/10/5400 3218/7/5400 3215/11/5400
f 3208/3/5401 3219/7/5401 3214/11/5401
f 3213/12/5402 3284/13/5402 3222/14/5402
f 3210/15/5403 3292/16/5403 3204/10/5403
f 3204/10/5404 3219/7/5404 3210/15/5404
f 3209/3/5405 3218/7/5405 3213/12/5405
f 3218/7/5406 3207/8/5406 3213/12/5406
f 3219/7/5407 3202/1/5407 3210/15/5407
f 3217/9/5408 3283/17/5408 3207/8/5408
f 3215/11/5409 3291/18/5409 3205/10/5409
f 3223/19/5410 3226/20/5410 3222/14/5410
f 3213/12/5411 3270/5/5411 3209/3/5411
f 3207/8/5412 3206/8/5412 3284/13/5412
f 3208/3/5413 3221/21/5413 3212/22/5413
f 3206/8/5414 3221/21/5414 3284/13/5414
f 3225/23/5415 3286/24/5415 3227/25/5415
f 3225/23/5416 3228/26/5416 3230/27/5416
f 3222/14/5417 3287/28/5417 3220/29/5417
f 3220/29/5418 3225/23/5418 3221/21/5418
f 3223/19/5419 3225/23/5419 3285/30/5419
f 3231/31/5420 3233/32/5420 3229/33/5420
f 3227/25/5421 3231/31/5421 3226/20/5421
f 3226/20/5422 3228/26/5422 3224/34/5422
f 3229/33/5423 3234/35/5423 3230/27/5423
f 3232/36/5424 3234/35/5424 3235/37/5424
f 3232/36/5425 3234/35/5425 3231/31/5425
f 3236/38/5426 3242/39/5426 3290/40/5426
f 3204/10/5427 3237/41/5427 3214/11/5427
f 3208/3/5428 3237/41/5428 3288/4/5428
f 3215/11/5429 3288/4/5429 3238/42/5429
f 3204/10/5430 3205/10/5430 3291/18/5430
f 3244/43/5431 3247/44/5431 3242/39/5431
f 3244/43/5432 3246/45/5432 3249/46/5432
f 3236/38/5433 3241/39/5433 3237/41/5433
f 3239/47/5434 3241/39/5434 3243/48/5434
f 3239/47/5435 3242/39/5435 3238/42/5435
f 3247/44/5436 3250/49/5436 3245/50/5436
f 3246/45/5437 3289/51/5437 3247/44/5437
f 3242/39/5438 3289/51/5438 3240/52/5438
f 3241/39/5439 3289/51/5439 3246/45/5439
f 3246/45/5440 3250/49/5440 3251/53/5440
f 3246/45/5441 3252/54/5441 3248/55/5441
f 3247/44/5442 3252/54/5442 3251/53/5442
f 3245/50/5443 3246/45/5443 3247/44/5443
f 3253/56/5444 3260/57/5444 3256/58/5444
f 3256/58/5445 3295/59/5445 3254/60/5445
f 3216/9/5446 3283/17/5446 3255/58/5446
f 3202/1/5447 3255/58/5447 3298/6/5447
f 3217/9/5448 3298/6/5448 3256/58/5448
f 3206/8/5449 3207/8/5449 3283/17/5449
f 3259/61/5450 3262/62/5450 3263/63/5450
f 3257/64/5451 3263/63/5451 3297/65/5451
f 3253/56/5452 3259/61/5452 3282/66/5452
f 3255/58/5453 3295/59/5453 3259/61/5453
f 3264/67/5454 3265/68/5454 3267/69/5454
f 3260/57/5455 3262/62/5455 3258/70/5455
f 3260/57/5456 3297/65/5456 3264/67/5456
f 3263/63/5457 3265/68/5457 3261/71/5457
f 3296/72/5458 3267/69/5458 3263/63/5458
f 3268/73/5459 3293/74/5459 3272/75/5459
f 3211/15/5460 3294/2/5460 3203/1/5460
f 3211/15/5461 3292/16/5461 3271/73/5461
f 3210/15/5462 3294/2/5462 3268/73/5462
f 3205/10/5463 3204/10/5463 3292/16/5463
f 3276/76/5464 3279/77/5464 3275/78/5464
f 3273/79/5465 3279/77/5465 3278/80/5465
f 3272/75/5466 3276/76/5466 3271/73/5466
f 3268/73/5467 3274/81/5467 3273/79/5467
f 3269/82/5468 3276/76/5468 3274/81/5468
f 3273/79/5469 3281/83/5469 3277/84/5469
f 3276/76/5470 3281/83/5470 3280/85/5470
f 3280/85/5471 3278/80/5471 3279/77/5471
f 3298/6/5472 3255/58/5472 3256/58/5472
f 3283/17/5473 3256/58/5473 3255/58/5473
f 3284/13/5474 3221/21/5474 3222/14/5474
f 3285/30/5475 3225/23/5475 3226/20/5475
f 3286/24/5476 3230/27/5476 3231/31/5476
f 3295/59/5477 3260/57/5477 3259/61/5477
f 3262/62/5478 3264/67/5478 3263/63/5478
f 3282/66/5479 3259/61/5479 3260/57/5479
f 3297/65/5480 3263/63/5480 3264/67/5480
f 3294/2/5481 3271/73/5481 3268/73/5481
f 3274/81/5482 3276/76/5482 3273/79/5482
f 3293/74/5482 3273/79/5482 3276/76/5482
f 3292/16/5483 3268/73/5483 3271/73/5483
f 3291/18/5484 3238/42/5484 3237/41/5484
f 3288/4/5485 3237/41/5485 3238/42/5485
f 3290/40/5486 3242/39/5486 3241/39/5486
f 3243/48/5487 3241/39/5487 3242/39/5487
f 3272/75/5488 3271/73/5488 3268/73/5488
f 3273/79/5489 3277/84/5489 3276/76/5489
f 3269/82/5490 3268/73/5490 3271/73/5490
f 3275/78/5491 3273/79/5491 3276/76/5491
f 3253/56/5492 3256/58/5492 3255/58/5492
f 3259/61/5493 3257/64/5493 3260/57/5493
f 3263/63/5494 3261/71/5494 3264/67/5494
f 3256/58/5495 3254/60/5495 3255/58/5495
f 3258/70/5496 3259/61/5496 3260/57/5496
f 3296/72/5497 3263/63/5497 3264/67/5497
f 3232/36/5498 3231/31/5498 3230/27/5498
f 3227/25/5499 3226/20/5499 3225/23/5499
f 3223/19/5500 3222/14/5500 3221/21/5500
f 3228/26/5501 3231/31/5501 3230/27/5501
f 3225/23/5502 3287/28/5502 3226/20/5502
f 3231/31/5503 3229/33/5503 3230/27/5503
f 3224/34/5504 3225/23/5504 3226/20/5504
f 3222/14/5505 3220/29/5505 3221/21/5505
f 3221/21/5474 3270/5/5474 3222/14/5474
f 3237/41/5506 3239/47/5506 3238/42/5506
f 3241/39/5507 3244/43/5507 3242/39/5507
f 3248/55/5508 3247/44/5508 3246/45/5508
f 3240/52/5509 3241/39/5509 3242/39/5509
f 3236/38/5510 3237/41/5510 3238/42/5510
f 3249/46/5511 3246/45/5511 3247/44/5511
f 3219/7/5512 3212/22/5512 3206/8/5512
f 3218/7/5513 3211/15/5513 3203/1/5513
f 3205/10/5514 3211/15/5514 3218/7/5514
f 3208/3/5515 3212/22/5515 3219/7/5515
f 3213/12/5516 3207/8/5516 3284/13/5516
f 3210/15/5517 3268/73/5517 3292/16/5517
f 3204/10/5518 3214/11/5518 3219/7/5518
f 3209/3/5519 3215/11/5519 3218/7/5519
f 3218/7/5520 3217/9/5520 3207/8/5520
f 3219/7/5521 3216/9/5521 3202/1/5521
f 3217/9/5522 3256/58/5522 3283/17/5522
f 3215/11/5523 3238/42/5523 3291/18/5523
f 3223/19/5524 3285/30/5524 3226/20/5524
f 3213/12/5525 3222/14/5525 3270/5/5525
f 3208/3/5526 3270/5/5526 3221/21/5526
f 3206/8/5527 3212/22/5527 3221/21/5527
f 3225/23/5528 3230/27/5528 3286/24/5528
f 3225/23/5529 3224/34/5529 3228/26/5529
f 3222/14/5530 3226/20/5530 3287/28/5530
f 3220/29/5531 3287/28/5531 3225/23/5531
f 3223/19/5532 3221/21/5532 3225/23/5532
f 3231/31/5533 3234/35/5533 3233/32/5533
f 3227/25/5534 3286/24/5534 3231/31/5534
f 3226/20/5535 3231/31/5535 3228/26/5535
f 3229/33/5536 3233/32/5536 3234/35/5536
f 3232/36/5537 3230/27/5537 3234/35/5537
f 3236/38/5538 3238/42/5538 3242/39/5538
f 3204/10/5539 3291/18/5539 3237/41/5539
f 3208/3/5540 3214/11/5540 3237/41/5540
f 3215/11/5541 3209/3/5541 3288/4/5541
f 3244/43/5542 3249/46/5542 3247/44/5542
f 3244/43/5543 3241/39/5543 3246/45/5543
f 3236/38/5544 3290/40/5544 3241/39/5544
f 3239/47/5545 3237/41/5545 3241/39/5545
f 3239/47/5546 3243/48/5546 3242/39/5546
f 3247/44/5547 3251/53/5547 3250/49/5547
f 3242/39/5548 3247/44/5548 3289/51/5548
f 3241/39/5549 3240/52/5549 3289/51/5549
f 3246/45/5550 3245/50/5550 3250/49/5550
f 3246/45/5551 3251/53/5551 3252/54/5551
f 3247/44/5552 3248/55/5552 3252/54/5552
f 3253/56/5553 3282/66/5553 3260/57/5553
f 3256/58/5554 3260/57/5554 3295/59/5554
f 3216/9/5555 3206/8/5555 3283/17/5555
f 3202/1/5556 3216/9/5556 3255/58/5556
f 3217/9/5557 3203/1/5557 3298/6/5557
f 3259/61/5558 3258/70/5558 3262/62/5558
f 3257/64/5559 3259/61/5559 3263/63/5559
f 3253/56/5560 3255/58/5560 3259/61/5560
f 3255/58/5561 3254/60/5561 3295/59/5561
f 3264/67/5562 3261/71/5562 3265/68/5562
f 3260/57/5563 3264/67/5563 3262/62/5563
f 3260/57/5564 3257/64/5564 3297/65/5564
f 3263/63/5565 3267/69/5565 3265/68/5565
f 3296/72/5566 3266/86/5566 3267/69/5566
f 3296/72/5567 3264/67/5567 3267/69/5567
f 3268/73/5568 3273/79/5568 3293/74/5568
f 3211/15/5569 3271/73/5569 3294/2/5569
f 3211/15/5570 3205/10/5570 3292/16/5570
f 3210/15/5571 3202/1/5571 3294/2/5571
f 3276/76/5572 3280/85/5572 3279/77/5572
f 3273/79/5573 3275/78/5573 3279/77/5573
f 3272/75/5574 3293/74/5574 3276/76/5574
f 3268/73/5467 3269/82/5467 3274/81/5467
f 3269/82/5575 3271/73/5575 3276/76/5575
f 3273/79/5576 3278/80/5576 3281/83/5576
f 3276/76/5577 3277/84/5577 3281/83/5577
f 3280/85/5471 3281/83/5471 3278/80/5471
f 3299/1/5578 3300/1/5578 3391/2/5578
f 3306/3/5579 3305/3/5579 3385/4/5579
f 3305/3/5580 3306/3/5580 3367/5/5580
f 3300/1/5581 3299/1/5581 3395/6/5581
f 3316/7/5582 3303/8/5582 3313/9/5582
f 3315/7/5583 3300/1/5583 3314/9/5583
f 3302/10/5584 3315/7/5584 3312/11/5584
f 3305/3/5585 3316/7/5585 3311/11/5585
f 3310/12/5586 3381/13/5586 3319/14/5586
f 3307/15/5587 3389/16/5587 3301/10/5587
f 3301/10/5588 3316/7/5588 3307/15/5588
f 3306/3/5589 3315/7/5589 3310/12/5589
f 3315/7/5590 3304/8/5590 3310/12/5590
f 3316/7/5591 3299/1/5591 3307/15/5591
f 3314/9/5592 3380/17/5592 3304/8/5592
f 3312/11/5593 3388/18/5593 3302/10/5593
f 3320/19/5594 3323/20/5594 3319/14/5594
f 3310/12/5595 3367/5/5595 3306/3/5595
f 3304/8/5596 3303/8/5596 3381/13/5596
f 3305/3/5597 3318/21/5597 3309/22/5597
f 3303/8/5598 3318/21/5598 3381/13/5598
f 3322/23/5599 3383/24/5599 3324/25/5599
f 3322/23/5600 3325/26/5600 3327/27/5600
f 3319/14/5601 3384/28/5601 3317/29/5601
f 3317/29/5602 3322/23/5602 3318/21/5602
f 3320/19/5603 3322/23/5603 3382/30/5603
f 3328/31/5604 3330/32/5604 3326/33/5604
f 3324/25/5605 3328/31/5605 3323/20/5605
f 3323/20/5606 3325/26/5606 3321/34/5606
f 3326/33/5607 3331/35/5607 3327/27/5607
f 3329/36/5608 3332/37/5608 3331/35/5608
f 3329/36/5609 3331/35/5609 3328/31/5609
f 3333/38/5610 3339/39/5610 3387/40/5610
f 3301/10/5611 3334/41/5611 3311/11/5611
f 3305/3/5612 3334/41/5612 3385/4/5612
f 3312/11/5613 3385/4/5613 3335/42/5613
f 3301/10/5614 3302/10/5614 3388/18/5614
f 3341/43/5615 3344/44/5615 3339/39/5615
f 3341/43/5616 3343/45/5616 3346/46/5616
f 3333/38/5617 3338/39/5617 3334/41/5617
f 3336/47/5618 3338/39/5618 3340/48/5618
f 3336/47/5619 3339/39/5619 3335/42/5619
f 3344/44/5620 3347/49/5620 3342/50/5620
f 3343/45/5621 3386/51/5621 3344/44/5621
f 3339/39/5622 3386/51/5622 3337/52/5622
f 3338/39/5623 3386/51/5623 3343/45/5623
f 3343/45/5624 3347/49/5624 3348/53/5624
f 3343/45/5625 3349/54/5625 3345/55/5625
f 3344/44/5626 3349/54/5626 3348/53/5626
f 3342/50/5627 3343/45/5627 3344/44/5627
f 3350/56/5628 3357/57/5628 3353/58/5628
f 3353/58/5629 3392/59/5629 3351/60/5629
f 3313/9/5630 3380/17/5630 3352/58/5630
f 3299/1/5631 3352/58/5631 3395/6/5631
f 3314/9/5632 3395/6/5632 3353/58/5632
f 3303/8/5633 3304/8/5633 3380/17/5633
f 3356/61/5634 3359/62/5634 3360/63/5634
f 3354/64/5635 3360/63/5635 3394/65/5635
f 3350/56/5636 3356/61/5636 3379/66/5636
f 3352/58/5637 3392/59/5637 3356/61/5637
f 3361/67/5638 3362/68/5638 3364/69/5638
f 3357/57/5639 3359/62/5639 3355/70/5639
f 3357/57/5640 3394/65/5640 3361/67/5640
f 3360/63/5641 3362/68/5641 3358/71/5641
f 3393/72/5642 3364/69/5642 3360/63/5642
f 3365/73/5643 3390/74/5643 3369/75/5643
f 3308/15/5644 3391/2/5644 3300/1/5644
f 3308/15/5645 3389/16/5645 3368/73/5645
f 3307/15/5646 3391/2/5646 3365/73/5646
f 3302/10/5647 3301/10/5647 3389/16/5647
f 3373/76/5648 3376/77/5648 3372/78/5648
f 3370/79/5649 3376/77/5649 3375/80/5649
f 3369/75/5650 3373/76/5650 3368/73/5650
f 3365/73/5651 3371/81/5651 3370/79/5651
f 3366/82/5652 3373/76/5652 3371/81/5652
f 3370/79/5653 3378/83/5653 3374/84/5653
f 3373/76/5654 3378/83/5654 3377/85/5654
f 3377/85/5655 3375/80/5655 3376/77/5655
f 3395/6/5656 3352/58/5656 3353/58/5656
f 3380/17/5657 3353/58/5657 3352/58/5657
f 3381/13/5658 3318/21/5658 3319/14/5658
f 3382/30/5659 3322/23/5659 3323/20/5659
f 3383/24/5660 3327/27/5660 3328/31/5660
f 3392/59/5661 3357/57/5661 3356/61/5661
f 3359/62/5662 3361/67/5662 3360/63/5662
f 3379/66/5663 3356/61/5663 3357/57/5663
f 3394/65/5664 3360/63/5664 3361/67/5664
f 3391/2/5665 3368/73/5665 3365/73/5665
f 3371/81/5666 3373/76/5666 3370/79/5666
f 3390/74/5666 3370/79/5666 3373/76/5666
f 3389/16/5667 3365/73/5667 3368/73/5667
f 3388/18/5668 3335/42/5668 3334/41/5668
f 3385/4/5669 3334/41/5669 3335/42/5669
f 3387/40/5670 3339/39/5670 3338/39/5670
f 3340/48/5671 3338/39/5671 3339/39/5671
f 3369/75/5672 3368/73/5672 3365/73/5672
f 3370/79/5673 3374/84/5673 3373/76/5673
f 3366/82/5674 3365/73/5674 3368/73/5674
f 3372/78/5675 3370/79/5675 3373/76/5675
f 3350/56/5676 3353/58/5676 3352/58/5676
f 3356/61/5677 3354/64/5677 3357/57/5677
f 3360/63/5678 3358/71/5678 3361/67/5678
f 3353/58/5679 3351/60/5679 3352/58/5679
f 3355/70/5680 3356/61/5680 3357/57/5680
f 3393/72/5681 3360/63/5681 3361/67/5681
f 3329/36/5682 3328/31/5682 3327/27/5682
f 3324/25/5683 3323/20/5683 3322/23/5683
f 3320/19/5684 3319/14/5684 3318/21/5684
f 3325/26/5685 3328/31/5685 3327/27/5685
f 3322/23/5686 3384/28/5686 3323/20/5686
f 3328/31/5687 3326/33/5687 3327/27/5687
f 3321/34/5688 3322/23/5688 3323/20/5688
f 3319/14/5689 3317/29/5689 3318/21/5689
f 3318/21/5690 3367/5/5690 3319/14/5690
f 3334/41/5691 3336/47/5691 3335/42/5691
f 3338/39/5692 3341/43/5692 3339/39/5692
f 3345/55/5693 3344/44/5693 3343/45/5693
f 3337/52/5694 3338/39/5694 3339/39/5694
f 3333/38/5695 3334/41/5695 3335/42/5695
f 3346/46/5696 3343/45/5696 3344/44/5696
f 3316/7/5697 3309/22/5697 3303/8/5697
f 3315/7/5698 3308/15/5698 3300/1/5698
f 3302/10/5699 3308/15/5699 3315/7/5699
f 3305/3/5700 3309/22/5700 3316/7/5700
f 3310/12/5701 3304/8/5701 3381/13/5701
f 3307/15/5702 3365/73/5702 3389/16/5702
f 3301/10/5703 3311/11/5703 3316/7/5703
f 3306/3/5704 3312/11/5704 3315/7/5704
f 3315/7/5705 3314/9/5705 3304/8/5705
f 3316/7/5706 3313/9/5706 3299/1/5706
f 3314/9/5707 3353/58/5707 3380/17/5707
f 3312/11/5708 3335/42/5708 3388/18/5708
f 3320/19/5709 3382/30/5709 3323/20/5709
f 3310/12/5710 3319/14/5710 3367/5/5710
f 3305/3/5711 3367/5/5711 3318/21/5711
f 3303/8/5712 3309/22/5712 3318/21/5712
f 3322/23/5713 3327/27/5713 3383/24/5713
f 3322/23/5714 3321/34/5714 3325/26/5714
f 3319/14/5715 3323/20/5715 3384/28/5715
f 3317/29/5716 3384/28/5716 3322/23/5716
f 3320/19/5717 3318/21/5717 3322/23/5717
f 3328/31/5718 3331/35/5718 3330/32/5718
f 3324/25/5719 3383/24/5719 3328/31/5719
f 3323/20/5720 3328/31/5720 3325/26/5720
f 3326/33/5721 3330/32/5721 3331/35/5721
f 3329/36/5722 3327/27/5722 3331/35/5722
f 3333/38/5723 3335/42/5723 3339/39/5723
f 3301/10/5724 3388/18/5724 3334/41/5724
f 3305/3/5725 3311/11/5725 3334/41/5725
f 3312/11/5726 3306/3/5726 3385/4/5726
f 3341/43/5727 3346/46/5727 3344/44/5727
f 3341/43/5728 3338/39/5728 3343/45/5728
f 3333/38/5729 3387/40/5729 3338/39/5729
f 3336/47/5730 3334/41/5730 3338/39/5730
f 3336/47/5731 3340/48/5731 3339/39/5731
f 3344/44/5626 3348/53/5626 3347/49/5626
f 3339/39/5732 3344/44/5732 3386/51/5732
f 3338/39/5733 3337/52/5733 3386/51/5733
f 3343/45/5734 3342/50/5734 3347/49/5734
f 3343/45/5735 3348/53/5735 3349/54/5735
f 3344/44/5736 3345/55/5736 3349/54/5736
f 3350/56/5737 3379/66/5737 3357/57/5737
f 3353/58/5738 3357/57/5738 3392/59/5738
f 3313/9/5739 3303/8/5739 3380/17/5739
f 3299/1/5740 3313/9/5740 3352/58/5740
f 3314/9/5741 3300/1/5741 3395/6/5741
f 3356/61/5742 3355/70/5742 3359/62/5742
f 3354/64/5743 3356/61/5743 3360/63/5743
f 3350/56/5744 3352/58/5744 3356/61/5744
f 3352/58/5745 3351/60/5745 3392/59/5745
f 3361/67/5746 3358/71/5746 3362/68/5746
f 3357/57/5747 3361/67/5747 3359/62/5747
f 3357/57/5748 3354/64/5748 3394/65/5748
f 3360/63/5749 3364/69/5749 3362/68/5749
f 3393/72/5750 3363/86/5750 3364/69/5750
f 3393/72/5751 3361/67/5751 3364/69/5751
f 3365/73/5752 3370/79/5752 3390/74/5752
f 3308/15/5753 3368/73/5753 3391/2/5753
f 3308/15/5754 3302/10/5754 3389/16/5754
f 3307/15/5755 3299/1/5755 3391/2/5755
f 3373/76/5756 3377/85/5756 3376/77/5756
f 3370/79/5757 3372/78/5757 3376/77/5757
f 3369/75/5758 3390/74/5758 3373/76/5758
f 3365/73/5651 3366/82/5651 3371/81/5651
f 3366/82/5759 3368/73/5759 3373/76/5759
f 3370/79/5760 3375/80/5760 3378/83/5760
f 3373/76/5761 3374/84/5761 3378/83/5761
f 3377/85/5762 3378/83/5762 3375/80/5762
f 3396/1/5763 3397/1/5763 3488/2/5763
f 3403/3/5764 3402/3/5764 3482/4/5764
f 3402/3/5765 3403/3/5765 3464/5/5765
f 3397/1/5766 3396/1/5766 3492/6/5766
f 3413/7/5767 3400/8/5767 3410/9/5767
f 3412/7/5768 3397/1/5768 3411/9/5768
f 3399/10/5769 3412/7/5769 3409/11/5769
f 3402/3/5770 3413/7/5770 3408/11/5770
f 3407/12/5771 3478/13/5771 3416/14/5771
f 3404/15/5772 3486/16/5772 3398/10/5772
f 3398/10/5773 3413/7/5773 3404/15/5773
f 3403/3/5774 3412/7/5774 3407/12/5774
f 3412/7/5775 3401/8/5775 3407/12/5775
f 3413/7/5776 3396/1/5776 3404/15/5776
f 3411/9/5777 3477/17/5777 3401/8/5777
f 3409/11/5778 3485/18/5778 3399/10/5778
f 3417/19/5779 3420/20/5779 3416/14/5779
f 3407/12/5780 3464/5/5780 3403/3/5780
f 3401/8/5781 3400/8/5781 3478/13/5781
f 3402/3/5782 3415/21/5782 3406/22/5782
f 3400/8/5783 3415/21/5783 3478/13/5783
f 3419/23/5784 3480/24/5784 3421/25/5784
f 3419/23/5785 3422/26/5785 3424/27/5785
f 3416/14/5786 3481/28/5786 3414/29/5786
f 3414/29/5787 3419/23/5787 3415/21/5787
f 3417/19/5788 3419/23/5788 3479/30/5788
f 3425/31/5789 3427/32/5789 3423/33/5789
f 3421/25/5790 3425/31/5790 3420/20/5790
f 3420/20/5791 3422/26/5791 3418/34/5791
f 3423/33/5792 3428/35/5792 3424/27/5792
f 3426/36/5793 3429/37/5793 3428/35/5793
f 3426/36/5794 3428/35/5794 3425/31/5794
f 3430/38/5795 3436/39/5795 3484/40/5795
f 3398/10/5796 3431/41/5796 3408/11/5796
f 3402/3/5797 3431/41/5797 3482/4/5797
f 3409/11/5798 3482/4/5798 3432/42/5798
f 3398/10/5799 3399/10/5799 3485/18/5799
f 3438/43/5800 3441/44/5800 3436/39/5800
f 3438/43/5801 3440/45/5801 3443/46/5801
f 3430/38/5802 3435/39/5802 3431/41/5802
f 3433/47/5803 3435/39/5803 3437/48/5803
f 3433/47/5804 3436/39/5804 3432/42/5804
f 3441/44/5805 3444/49/5805 3439/50/5805
f 3440/45/5806 3483/51/5806 3441/44/5806
f 3436/39/5807 3483/51/5807 3434/52/5807
f 3435/39/5808 3483/51/5808 3440/45/5808
f 3440/45/5809 3444/49/5809 3445/53/5809
f 3440/45/5810 3446/54/5810 3442/55/5810
f 3441/44/5811 3446/54/5811 3445/53/5811
f 3439/50/5812 3440/45/5812 3441/44/5812
f 3447/56/5813 3454/57/5813 3450/58/5813
f 3450/58/5814 3489/59/5814 3448/60/5814
f 3410/9/5815 3477/17/5815 3449/58/5815
f 3396/1/5816 3449/58/5816 3492/6/5816
f 3411/9/5817 3492/6/5817 3450/58/5817
f 3400/8/5818 3401/8/5818 3477/17/5818
f 3453/61/5819 3456/62/5819 3457/63/5819
f 3451/64/5820 3457/63/5820 3491/65/5820
f 3447/56/5821 3453/61/5821 3476/66/5821
f 3449/58/5822 3489/59/5822 3453/61/5822
f 3458/67/5823 3459/68/5823 3461/69/5823
f 3454/57/5824 3456/62/5824 3452/70/5824
f 3454/57/5825 3491/65/5825 3458/67/5825
f 3457/63/5826 3459/68/5826 3455/71/5826
f 3490/72/5827 3461/69/5827 3457/63/5827
f 3462/73/5828 3487/74/5828 3466/75/5828
f 3405/15/5829 3488/2/5829 3397/1/5829
f 3405/15/5830 3486/16/5830 3465/73/5830
f 3404/15/5831 3488/2/5831 3462/73/5831
f 3399/10/5832 3398/10/5832 3486/16/5832
f 3470/76/5833 3473/77/5833 3469/78/5833
f 3467/79/5834 3473/77/5834 3472/80/5834
f 3466/75/5835 3470/76/5835 3465/73/5835
f 3462/73/5836 3468/81/5836 3467/79/5836
f 3463/82/5837 3470/76/5837 3468/81/5837
f 3467/79/5838 3475/83/5838 3471/84/5838
f 3470/76/5839 3475/83/5839 3474/85/5839
f 3474/85/5840 3472/80/5840 3473/77/5840
f 3492/6/5841 3449/58/5841 3450/58/5841
f 3477/17/5842 3450/58/5842 3449/58/5842
f 3478/13/5843 3415/21/5843 3416/14/5843
f 3479/30/5844 3419/23/5844 3420/20/5844
f 3480/24/5845 3424/27/5845 3425/31/5845
f 3489/59/5846 3454/57/5846 3453/61/5846
f 3456/62/5847 3458/67/5847 3457/63/5847
f 3476/66/5848 3453/61/5848 3454/57/5848
f 3491/65/5849 3457/63/5849 3458/67/5849
f 3488/2/5850 3465/73/5850 3462/73/5850
f 3468/81/5851 3470/76/5851 3467/79/5851
f 3487/74/5852 3467/79/5852 3470/76/5852
f 3486/16/5853 3462/73/5853 3465/73/5853
f 3485/18/5854 3432/42/5854 3431/41/5854
f 3482/4/5855 3431/41/5855 3432/42/5855
f 3484/40/5856 3436/39/5856 3435/39/5856
f 3437/48/5857 3435/39/5857 3436/39/5857
f 3466/75/5858 3465/73/5858 3462/73/5858
f 3467/79/5859 3471/84/5859 3470/76/5859
f 3463/82/5860 3462/73/5860 3465/73/5860
f 3469/78/5861 3467/79/5861 3470/76/5861
f 3447/56/5862 3450/58/5862 3449/58/5862
f 3453/61/5863 3451/64/5863 3454/57/5863
f 3457/63/5864 3455/71/5864 3458/67/5864
f 3450/58/5865 3448/60/5865 3449/58/5865
f 3452/70/5866 3453/61/5866 3454/57/5866
f 3490/72/5867 3457/63/5867 3458/67/5867
f 3426/36/5868 3425/31/5868 3424/27/5868
f 3421/25/5869 3420/20/5869 3419/23/5869
f 3417/19/5870 3416/14/5870 3415/21/5870
f 3422/26/5871 3425/31/5871 3424/27/5871
f 3419/23/5872 3481/28/5872 3420/20/5872
f 3425/31/5873 3423/33/5873 3424/27/5873
f 3418/34/5874 3419/23/5874 3420/20/5874
f 3416/14/5875 3414/29/5875 3415/21/5875
f 3415/21/5843 3464/5/5843 3416/14/5843
f 3431/41/5876 3433/47/5876 3432/42/5876
f 3435/39/5877 3438/43/5877 3436/39/5877
f 3442/55/5878 3441/44/5878 3440/45/5878
f 3434/52/5879 3435/39/5879 3436/39/5879
f 3430/38/5880 3431/41/5880 3432/42/5880
f 3443/46/5881 3440/45/5881 3441/44/5881
f 3413/7/5882 3406/22/5882 3400/8/5882
f 3412/7/5883 3405/15/5883 3397/1/5883
f 3399/10/5884 3405/15/5884 3412/7/5884
f 3402/3/5885 3406/22/5885 3413/7/5885
f 3407/12/5886 3401/8/5886 3478/13/5886
f 3404/15/5887 3462/73/5887 3486/16/5887
f 3398/10/5888 3408/11/5888 3413/7/5888
f 3403/3/5889 3409/11/5889 3412/7/5889
f 3412/7/5890 3411/9/5890 3401/8/5890
f 3413/7/5891 3410/9/5891 3396/1/5891
f 3411/9/5892 3450/58/5892 3477/17/5892
f 3409/11/5893 3432/42/5893 3485/18/5893
f 3417/19/5894 3479/30/5894 3420/20/5894
f 3407/12/5895 3416/14/5895 3464/5/5895
f 3402/3/5896 3464/5/5896 3415/21/5896
f 3400/8/5897 3406/22/5897 3415/21/5897
f 3419/23/5898 3424/27/5898 3480/24/5898
f 3419/23/5899 3418/34/5899 3422/26/5899
f 3416/14/5900 3420/20/5900 3481/28/5900
f 3414/29/5901 3481/28/5901 3419/23/5901
f 3417/19/5902 3415/21/5902 3419/23/5902
f 3425/31/5903 3428/35/5903 3427/32/5903
f 3421/25/5904 3480/24/5904 3425/31/5904
f 3420/20/5905 3425/31/5905 3422/26/5905
f 3423/33/5906 3427/32/5906 3428/35/5906
f 3426/36/5907 3424/27/5907 3428/35/5907
f 3430/38/5908 3432/42/5908 3436/39/5908
f 3398/10/5909 3485/18/5909 3431/41/5909
f 3402/3/5910 3408/11/5910 3431/41/5910
f 3409/11/5911 3403/3/5911 3482/4/5911
f 3438/43/5912 3443/46/5912 3441/44/5912
f 3438/43/5913 3435/39/5913 3440/45/5913
f 3430/38/5914 3484/40/5914 3435/39/5914
f 3433/47/5915 3431/41/5915 3435/39/5915
f 3433/47/5916 3437/48/5916 3436/39/5916
f 3441/44/5917 3445/53/5917 3444/49/5917
f 3436/39/5918 3441/44/5918 3483/51/5918
f 3435/39/5919 3434/52/5919 3483/51/5919
f 3440/45/5920 3439/50/5920 3444/49/5920
f 3440/45/5921 3445/53/5921 3446/54/5921
f 3441/44/5922 3442/55/5922 3446/54/5922
f 3447/56/5923 3476/66/5923 3454/57/5923
f 3450/58/5924 3454/57/5924 3489/59/5924
f 3410/9/5925 3400/8/5925 3477/17/5925
f 3396/1/5926 3410/9/5926 3449/58/5926
f 3411/9/5927 3397/1/5927 3492/6/5927
f 3453/61/5928 3452/70/5928 3456/62/5928
f 3451/64/5929 3453/61/5929 3457/63/5929
f 3447/56/5930 3449/58/5930 3453/61/5930
f 3449/58/5931 3448/60/5931 3489/59/5931
f 3458/67/5932 3455/71/5932 3459/68/5932
f 3454/57/5933 3458/67/5933 3456/62/5933
f 3454/57/5934 3451/64/5934 3491/65/5934
f 3457/63/5935 3461/69/5935 3459/68/5935
f 3490/72/5936 3460/86/5936 3461/69/5936
f 3490/72/5937 3458/67/5937 3461/69/5937
f 3462/73/5938 3467/79/5938 3487/74/5938
f 3405/15/5939 3465/73/5939 3488/2/5939
f 3405/15/5940 3399/10/5940 3486/16/5940
f 3404/15/5941 3396/1/5941 3488/2/5941
f 3470/76/5942 3474/85/5942 3473/77/5942
f 3467/79/5943 3469/78/5943 3473/77/5943
f 3466/75/5944 3487/74/5944 3470/76/5944
f 3462/73/5945 3463/82/5945 3468/81/5945
f 3463/82/5946 3465/73/5946 3470/76/5946
f 3467/79/5947 3472/80/5947 3475/83/5947
f 3470/76/5948 3471/84/5948 3475/83/5948
f 3474/85/5949 3475/83/5949 3472/80/5949
f 3493/1/5950 3494/1/5950 3585/2/5950
f 3500/3/5951 3499/3/5951 3579/4/5951
f 3499/3/5952 3500/3/5952 3561/5/5952
f 3494/1/5953 3493/1/5953 3589/6/5953
f 3510/7/5954 3497/8/5954 3507/9/5954
f 3509/7/5955 3494/1/5955 3508/9/5955
f 3496/10/5956 3509/7/5956 3506/11/5956
f 3499/3/5957 3510/7/5957 3505/11/5957
f 3504/12/5958 3575/13/5958 3513/14/5958
f 3501/15/5959 3583/16/5959 3495/10/5959
f 3495/10/5960 3510/7/5960 3501/15/5960
f 3500/3/5961 3509/7/5961 3504/12/5961
f 3509/7/5962 3498/8/5962 3504/12/5962
f 3510/7/5963 3493/1/5963 3501/15/5963
f 3508/9/5964 3574/17/5964 3498/8/5964
f 3506/11/5965 3582/18/5965 3496/10/5965
f 3514/19/5966 3517/20/5966 3513/14/5966
f 3504/12/5967 3561/5/5967 3500/3/5967
f 3498/8/5968 3497/8/5968 3575/13/5968
f 3499/3/5969 3512/21/5969 3503/22/5969
f 3497/8/5970 3512/21/5970 3575/13/5970
f 3516/23/5971 3577/24/5971 3518/25/5971
f 3516/23/5972 3519/26/5972 3521/27/5972
f 3513/14/5973 3578/28/5973 3511/29/5973
f 3511/29/5974 3516/23/5974 3512/21/5974
f 3514/19/5975 3516/23/5975 3576/30/5975
f 3522/31/5976 3524/32/5976 3520/33/5976
f 3518/25/5977 3522/31/5977 3517/20/5977
f 3517/20/5978 3519/26/5978 3515/34/5978
f 3520/33/5979 3525/35/5979 3521/27/5979
f 3523/36/5980 3525/35/5980 3526/37/5980
f 3523/36/5981 3525/35/5981 3522/31/5981
f 3527/38/5982 3533/39/5982 3581/40/5982
f 3495/10/5983 3528/41/5983 3505/11/5983
f 3499/3/5984 3528/41/5984 3579/4/5984
f 3506/11/5985 3579/4/5985 3529/42/5985
f 3495/10/5986 3496/10/5986 3582/18/5986
f 3535/43/5987 3538/44/5987 3533/39/5987
f 3535/43/5988 3537/45/5988 3540/46/5988
f 3527/38/5989 3532/39/5989 3528/41/5989
f 3530/47/5990 3532/39/5990 3534/48/5990
f 3530/47/5991 3533/39/5991 3529/42/5991
f 3538/44/5992 3541/49/5992 3536/50/5992
f 3537/45/5993 3580/51/5993 3538/44/5993
f 3533/39/5994 3580/51/5994 3531/52/5994
f 3532/39/5995 3580/51/5995 3537/45/5995
f 3537/45/5996 3541/49/5996 3542/53/5996
f 3537/45/5997 3543/54/5997 3539/55/5997
f 3538/44/5998 3543/54/5998 3542/53/5998
f 3536/50/5999 3537/45/5999 3538/44/5999
f 3544/56/6000 3551/57/6000 3547/58/6000
f 3547/58/6001 3586/59/6001 3545/60/6001
f 3507/9/6002 3574/17/6002 3546/58/6002
f 3493/1/6003 3546/58/6003 3589/6/6003
f 3508/9/6004 3589/6/6004 3547/58/6004
f 3497/8/6005 3498/8/6005 3574/17/6005
f 3550/61/6006 3553/62/6006 3554/63/6006
f 3548/64/6007 3554/63/6007 3588/65/6007
f 3544/56/6008 3550/61/6008 3573/66/6008
f 3546/58/6009 3586/59/6009 3550/61/6009
f 3555/67/6010 3556/68/6010 3558/69/6010
f 3551/57/6011 3553/62/6011 3549/70/6011
f 3551/57/6012 3588/65/6012 3555/67/6012
f 3554/63/6013 3556/68/6013 3552/71/6013
f 3587/72/6014 3558/69/6014 3554/63/6014
f 3559/73/6015 3584/74/6015 3563/75/6015
f 3502/15/6016 3585/2/6016 3494/1/6016
f 3502/15/6017 3583/16/6017 3562/73/6017
f 3501/15/6018 3585/2/6018 3559/73/6018
f 3496/10/6019 3495/10/6019 3583/16/6019
f 3567/76/6020 3570/77/6020 3566/78/6020
f 3564/79/6021 3570/77/6021 3569/80/6021
f 3563/75/6022 3567/76/6022 3562/73/6022
f 3559/73/6023 3565/81/6023 3564/79/6023
f 3560/82/6024 3567/76/6024 3565/81/6024
f 3564/79/6025 3572/83/6025 3568/84/6025
f 3567/76/6026 3572/83/6026 3571/85/6026
f 3571/85/6027 3569/80/6027 3570/77/6027
f 3589/6/6028 3546/58/6028 3547/58/6028
f 3574/17/6029 3547/58/6029 3546/58/6029
f 3575/13/6030 3512/21/6030 3513/14/6030
f 3576/30/6031 3516/23/6031 3517/20/6031
f 3577/24/6032 3521/27/6032 3522/31/6032
f 3586/59/6033 3551/57/6033 3550/61/6033
f 3553/62/6034 3555/67/6034 3554/63/6034
f 3573/66/6035 3550/61/6035 3551/57/6035
f 3588/65/6036 3554/63/6036 3555/67/6036
f 3585/2/6037 3562/73/6037 3559/73/6037
f 3565/81/6038 3567/76/6038 3564/79/6038
f 3584/74/6038 3564/79/6038 3567/76/6038
f 3583/16/6039 3559/73/6039 3562/73/6039
f 3582/18/6040 3529/42/6040 3528/41/6040
f 3579/4/6041 3528/41/6041 3529/42/6041
f 3581/40/6042 3533/39/6042 3532/39/6042
f 3534/48/6043 3532/39/6043 3533/39/6043
f 3563/75/6044 3562/73/6044 3559/73/6044
f 3564/79/6045 3568/84/6045 3567/76/6045
f 3560/82/6046 3559/73/6046 3562/73/6046
f 3566/78/6047 3564/79/6047 3567/76/6047
f 3544/56/6048 3547/58/6048 3546/58/6048
f 3550/61/6049 3548/64/6049 3551/57/6049
f 3554/63/6050 3552/71/6050 3555/67/6050
f 3547/58/6051 3545/60/6051 3546/58/6051
f 3549/70/6052 3550/61/6052 3551/57/6052
f 3587/72/6053 3554/63/6053 3555/67/6053
f 3523/36/6054 3522/31/6054 3521/27/6054
f 3518/25/6055 3517/20/6055 3516/23/6055
f 3514/19/6056 3513/14/6056 3512/21/6056
f 3519/26/6057 3522/31/6057 3521/27/6057
f 3516/23/6058 3578/28/6058 3517/20/6058
f 3522/31/6059 3520/33/6059 3521/27/6059
f 3515/34/6060 3516/23/6060 3517/20/6060
f 3513/14/6061 3511/29/6061 3512/21/6061
f 3512/21/6062 3561/5/6062 3513/14/6062
f 3528/41/6063 3530/47/6063 3529/42/6063
f 3532/39/6064 3535/43/6064 3533/39/6064
f 3539/55/6065 3538/44/6065 3537/45/6065
f 3531/52/6066 3532/39/6066 3533/39/6066
f 3527/38/6067 3528/41/6067 3529/42/6067
f 3540/46/6068 3537/45/6068 3538/44/6068
f 3590/1/6069 3591/1/6069 3682/2/6069
f 3597/3/6070 3596/3/6070 3676/4/6070
f 3596/3/6071 3597/3/6071 3658/5/6071
f 3591/1/6072 3590/1/6072 3686/6/6072
f 3607/7/6073 3594/8/6073 3604/9/6073
f 3606/7/6074 3591/1/6074 3605/9/6074
f 3593/10/6075 3606/7/6075 3603/11/6075
f 3596/3/6076 3607/7/6076 3602/11/6076
f 3601/12/6077 3672/13/6077 3610/14/6077
f 3598/15/6078 3680/16/6078 3592/10/6078
f 3592/10/6079 3607/7/6079 3598/15/6079
f 3597/3/6080 3606/7/6080 3601/12/6080
f 3606/7/6081 3595/8/6081 3601/12/6081
f 3607/7/6082 3590/1/6082 3598/15/6082
f 3605/9/6083 3671/17/6083 3595/8/6083
f 3603/11/6084 3679/18/6084 3593/10/6084
f 3611/19/6085 3614/20/6085 3610/14/6085
f 3601/12/6086 3658/5/6086 3597/3/6086
f 3595/8/6087 3594/8/6087 3672/13/6087
f 3596/3/6088 3609/21/6088 3600/22/6088
f 3594/8/6089 3609/21/6089 3672/13/6089
f 3613/23/6090 3674/24/6090 3615/25/6090
f 3613/23/6091 3616/26/6091 3618/27/6091
f 3610/14/6092 3675/28/6092 3608/29/6092
f 3608/29/6093 3613/23/6093 3609/21/6093
f 3611/19/6094 3613/23/6094 3673/30/6094
f 3619/31/6095 3621/32/6095 3617/33/6095
f 3615/25/6096 3619/31/6096 3614/20/6096
f 3614/20/6097 3616/26/6097 3612/34/6097
f 3617/33/6098 3622/35/6098 3618/27/6098
f 3620/36/6099 3622/35/6099 3623/37/6099
f 3620/36/6100 3622/35/6100 3619/31/6100
f 3624/38/6101 3630/39/6101 3678/40/6101
f 3592/10/6102 3625/41/6102 3602/11/6102
f 3596/3/6103 3625/41/6103 3676/4/6103
f 3603/11/6104 3676/4/6104 3626/42/6104
f 3592/10/6105 3593/10/6105 3679/18/6105
f 3632/43/6106 3635/44/6106 3630/39/6106
f 3632/43/6107 3634/45/6107 3637/46/6107
f 3624/38/6108 3629/39/6108 3625/41/6108
f 3627/47/6109 3629/39/6109 3631/48/6109
f 3627/47/6110 3630/39/6110 3626/42/6110
f 3635/44/6111 3638/49/6111 3633/50/6111
f 3634/45/6112 3677/51/6112 3635/44/6112
f 3630/39/6113 3677/51/6113 3628/52/6113
f 3629/39/6114 3677/51/6114 3634/45/6114
f 3634/45/6115 3638/49/6115 3639/53/6115
f 3634/45/6116 3640/54/6116 3636/55/6116
f 3635/44/6117 3640/54/6117 3639/53/6117
f 3633/50/6118 3634/45/6118 3635/44/6118
f 3641/56/6119 3648/57/6119 3644/58/6119
f 3644/58/6120 3683/59/6120 3642/60/6120
f 3604/9/6121 3671/17/6121 3643/58/6121
f 3590/1/6122 3643/58/6122 3686/6/6122
f 3605/9/6123 3686/6/6123 3644/58/6123
f 3594/8/6124 3595/8/6124 3671/17/6124
f 3647/61/6125 3650/62/6125 3651/63/6125
f 3645/64/6126 3651/63/6126 3685/65/6126
f 3641/56/6127 3647/61/6127 3670/66/6127
f 3643/58/6128 3683/59/6128 3647/61/6128
f 3652/67/6129 3653/68/6129 3655/69/6129
f 3648/57/6130 3650/62/6130 3646/70/6130
f 3648/57/6131 3685/65/6131 3652/67/6131
f 3651/63/6132 3653/68/6132 3649/71/6132
f 3684/72/6133 3655/69/6133 3651/63/6133
f 3656/73/6134 3681/74/6134 3660/75/6134
f 3599/15/6135 3682/2/6135 3591/1/6135
f 3599/15/6136 3680/16/6136 3659/73/6136
f 3598/15/6137 3682/2/6137 3656/73/6137
f 3593/10/6138 3592/10/6138 3680/16/6138
f 3664/76/6139 3667/77/6139 3663/78/6139
f 3661/79/6140 3667/77/6140 3666/80/6140
f 3660/75/6141 3664/76/6141 3659/73/6141
f 3656/73/6142 3662/81/6142 3661/79/6142
f 3657/82/6143 3664/76/6143 3662/81/6143
f 3661/79/6144 3669/83/6144 3665/84/6144
f 3664/76/6145 3669/83/6145 3668/85/6145
f 3668/85/6146 3666/80/6146 3667/77/6146
f 3686/6/6147 3643/58/6147 3644/58/6147
f 3671/17/6148 3644/58/6148 3643/58/6148
f 3672/13/6149 3609/21/6149 3610/14/6149
f 3673/30/6150 3613/23/6150 3614/20/6150
f 3674/24/6151 3618/27/6151 3619/31/6151
f 3683/59/6152 3648/57/6152 3647/61/6152
f 3650/62/6153 3652/67/6153 3651/63/6153
f 3670/66/6154 3647/61/6154 3648/57/6154
f 3685/65/6155 3651/63/6155 3652/67/6155
f 3682/2/6156 3659/73/6156 3656/73/6156
f 3662/81/6157 3664/76/6157 3661/79/6157
f 3681/74/6157 3661/79/6157 3664/76/6157
f 3680/16/6158 3656/73/6158 3659/73/6158
f 3679/18/6159 3626/42/6159 3625/41/6159
f 3676/4/6160 3625/41/6160 3626/42/6160
f 3678/40/6161 3630/39/6161 3629/39/6161
f 3631/48/6162 3629/39/6162 3630/39/6162
f 3660/75/6163 3659/73/6163 3656/73/6163
f 3661/79/6164 3665/84/6164 3664/76/6164
f 3657/82/6165 3656/73/6165 3659/73/6165
f 3663/78/6166 3661/79/6166 3664/76/6166
f 3641/56/6167 3644/58/6167 3643/58/6167
f 3647/61/6168 3645/64/6168 3648/57/6168
f 3651/63/6169 3649/71/6169 3652/67/6169
f 3644/58/6170 3642/60/6170 3643/58/6170
f 3646/70/6171 3647/61/6171 3648/57/6171
f 3684/72/6172 3651/63/6172 3652/67/6172
f 3620/36/6173 3619/31/6173 3618/27/6173
f 3615/25/6174 3614/20/6174 3613/23/6174
f 3611/19/6175 3610/14/6175 3609/21/6175
f 3616/26/6176 3619/31/6176 3618/27/6176
f 3613/23/6177 3675/28/6177 3614/20/6177
f 3619/31/6178 3617/33/6178 3618/27/6178
f 3612/34/6179 3613/23/6179 3614/20/6179
f 3610/14/6180 3608/29/6180 3609/21/6180
f 3609/21/6181 3658/5/6181 3610/14/6181
f 3625/41/6182 3627/47/6182 3626/42/6182
f 3629/39/6183 3632/43/6183 3630/39/6183
f 3636/55/6184 3635/44/6184 3634/45/6184
f 3628/52/6185 3629/39/6185 3630/39/6185
f 3624/38/6186 3625/41/6186 3626/42/6186
f 3637/46/6187 3634/45/6187 3635/44/6187
f 3687/1/6188 3688/1/6188 3779/2/6188
f 3694/3/6189 3693/3/6189 3773/4/6189
f 3693/3/6190 3694/3/6190 3755/5/6190
f 3688/1/6191 3687/1/6191 3783/6/6191
f 3704/7/6192 3691/8/6192 3701/9/6192
f 3703/7/6193 3688/1/6193 3702/9/6193
f 3690/10/6194 3703/7/6194 3700/11/6194
f 3693/3/6195 3704/7/6195 3699/11/6195
f 3698/12/6196 3769/13/6196 3707/14/6196
f 3695/15/6197 3777/16/6197 3689/10/6197
f 3689/10/6198 3704/7/6198 3695/15/6198
f 3694/3/6199 3703/7/6199 3698/12/6199
f 3703/7/6200 3692/8/6200 3698/12/6200
f 3704/7/6201 3687/1/6201 3695/15/6201
f 3702/9/6202 3768/17/6202 3692/8/6202
f 3700/11/6203 3776/18/6203 3690/10/6203
f 3708/19/6204 3711/20/6204 3707/14/6204
f 3698/12/6205 3755/5/6205 3694/3/6205
f 3692/8/6206 3691/8/6206 3769/13/6206
f 3693/3/6207 3706/21/6207 3697/22/6207
f 3691/8/6208 3706/21/6208 3769/13/6208
f 3710/23/6209 3771/24/6209 3712/25/6209
f 3710/23/6210 3713/26/6210 3715/27/6210
f 3707/14/6211 3772/28/6211 3705/29/6211
f 3705/29/6212 3710/23/6212 3706/21/6212
f 3708/19/6213 3710/23/6213 3770/30/6213
f 3716/31/6214 3718/32/6214 3714/33/6214
f 3712/25/6215 3716/31/6215 3711/20/6215
f 3711/20/6216 3713/26/6216 3709/34/6216
f 3714/33/6217 3719/35/6217 3715/27/6217
f 3717/36/6218 3720/37/6218 3719/35/6218
f 3717/36/6219 3719/35/6219 3716/31/6219
f 3721/38/6220 3727/39/6220 3775/40/6220
f 3689/10/6221 3722/41/6221 3699/11/6221
f 3693/3/6222 3722/41/6222 3773/4/6222
f 3700/11/6223 3773/4/6223 3723/42/6223
f 3689/10/6224 3690/10/6224 3776/18/6224
f 3729/43/6225 3732/44/6225 3727/39/6225
f 3729/43/6226 3731/45/6226 3734/46/6226
f 3721/38/6227 3726/39/6227 3722/41/6227
f 3724/47/6228 3726/39/6228 3728/48/6228
f 3724/47/6229 3727/39/6229 3723/42/6229
f 3732/44/6230 3735/49/6230 3730/50/6230
f 3731/45/6231 3774/51/6231 3732/44/6231
f 3727/39/6232 3774/51/6232 3725/52/6232
f 3726/39/6233 3774/51/6233 3731/45/6233
f 3731/45/6234 3735/49/6234 3736/53/6234
f 3731/45/6235 3737/54/6235 3733/55/6235
f 3732/44/6236 3737/54/6236 3736/53/6236
f 3730/50/6237 3731/45/6237 3732/44/6237
f 3738/56/6238 3745/57/6238 3741/58/6238
f 3741/58/6239 3780/59/6239 3739/60/6239
f 3701/9/6240 3768/17/6240 3740/58/6240
f 3687/1/6241 3740/58/6241 3783/6/6241
f 3702/9/6242 3783/6/6242 3741/58/6242
f 3691/8/6243 3692/8/6243 3768/17/6243
f 3744/61/6244 3747/62/6244 3748/63/6244
f 3742/64/6245 3748/63/6245 3782/65/6245
f 3738/56/6246 3744/61/6246 3767/66/6246
f 3740/58/6247 3780/59/6247 3744/61/6247
f 3749/67/6248 3750/68/6248 3752/69/6248
f 3745/57/6249 3747/62/6249 3743/70/6249
f 3745/57/6250 3782/65/6250 3749/67/6250
f 3748/63/6251 3750/68/6251 3746/71/6251
f 3781/72/6252 3752/69/6252 3748/63/6252
f 3753/73/6253 3778/74/6253 3757/75/6253
f 3696/15/6254 3779/2/6254 3688/1/6254
f 3696/15/6255 3777/16/6255 3756/73/6255
f 3695/15/6256 3779/2/6256 3753/73/6256
f 3690/10/6257 3689/10/6257 3777/16/6257
f 3761/76/6258 3764/77/6258 3760/78/6258
f 3758/79/6259 3764/77/6259 3763/80/6259
f 3757/75/6260 3761/76/6260 3756/73/6260
f 3753/73/6261 3759/81/6261 3758/79/6261
f 3754/82/6262 3761/76/6262 3759/81/6262
f 3758/79/6263 3766/83/6263 3762/84/6263
f 3761/76/6264 3766/83/6264 3765/85/6264
f 3765/85/6265 3763/80/6265 3764/77/6265
f 3783/6/6266 3740/58/6266 3741/58/6266
f 3768/17/6267 3741/58/6267 3740/58/6267
f 3769/13/6268 3706/21/6268 3707/14/6268
f 3770/30/6269 3710/23/6269 3711/20/6269
f 3771/24/6270 3715/27/6270 3716/31/6270
f 3780/59/6271 3745/57/6271 3744/61/6271
f 3747/62/6272 3749/67/6272 3748/63/6272
f 3767/66/6273 3744/61/6273 3745/57/6273
f 3782/65/6274 3748/63/6274 3749/67/6274
f 3779/2/6275 3756/73/6275 3753/73/6275
f 3759/81/6276 3761/76/6276 3758/79/6276
f 3778/74/6276 3758/79/6276 3761/76/6276
f 3777/16/6277 3753/73/6277 3756/73/6277
f 3776/18/6278 3723/42/6278 3722/41/6278
f 3773/4/6279 3722/41/6279 3723/42/6279
f 3775/40/6280 3727/39/6280 3726/39/6280
f 3728/48/6281 3726/39/6281 3727/39/6281
f 3757/75/6282 3756/73/6282 3753/73/6282
f 3758/79/6283 3762/84/6283 3761/76/6283
f 3754/82/6284 3753/73/6284 3756/73/6284
f 3760/78/6285 3758/79/6285 3761/76/6285
f 3738/56/6286 3741/58/6286 3740/58/6286
f 3744/61/6287 3742/64/6287 3745/57/6287
f 3748/63/6288 3746/71/6288 3749/67/6288
f 3741/58/6289 3739/60/6289 3740/58/6289
f 3743/70/6290 3744/61/6290 3745/57/6290
f 3781/72/6291 3748/63/6291 3749/67/6291
f 3717/36/6292 3716/31/6292 3715/27/6292
f 3712/25/6293 3711/20/6293 3710/23/6293
f 3708/19/6294 3707/14/6294 3706/21/6294
f 3713/26/6295 3716/31/6295 3715/27/6295
f 3710/23/6296 3772/28/6296 3711/20/6296
f 3716/31/6297 3714/33/6297 3715/27/6297
f 3709/34/6298 3710/23/6298 3711/20/6298
f 3707/14/6299 3705/29/6299 3706/21/6299
f 3706/21/6268 3755/5/6268 3707/14/6268
f 3722/41/6300 3724/47/6300 3723/42/6300
f 3726/39/6301 3729/43/6301 3727/39/6301
f 3733/55/6302 3732/44/6302 3731/45/6302
f 3725/52/6303 3726/39/6303 3727/39/6303
f 3721/38/6304 3722/41/6304 3723/42/6304
f 3734/46/6305 3731/45/6305 3732/44/6305
f 3784/1/6306 3785/1/6306 3876/2/6306
f 3791/3/6307 3790/3/6307 3870/4/6307
f 3790/3/6308 3791/3/6308 3852/5/6308
f 3785/1/6309 3784/1/6309 3880/6/6309
f 3801/7/6310 3788/8/6310 3798/9/6310
f 3800/7/6311 3785/1/6311 3799/9/6311
f 3787/10/6312 3800/7/6312 3797/11/6312
f 3790/3/6313 3801/7/6313 3796/11/6313
f 3795/12/6314 3866/13/6314 3804/14/6314
f 3792/15/6315 3874/16/6315 3786/10/6315
f 3786/10/6316 3801/7/6316 3792/15/6316
f 3791/3/6317 3800/7/6317 3795/12/6317
f 3800/7/6318 3789/8/6318 3795/12/6318
f 3801/7/6319 3784/1/6319 3792/15/6319
f 3799/9/6320 3865/17/6320 3789/8/6320
f 3797/11/6321 3873/18/6321 3787/10/6321
f 3805/19/6322 3808/20/6322 3804/14/6322
f 3795/12/6323 3852/5/6323 3791/3/6323
f 3789/8/6324 3788/8/6324 3866/13/6324
f 3790/3/6325 3803/21/6325 3794/22/6325
f 3788/8/6326 3803/21/6326 3866/13/6326
f 3807/23/6327 3868/24/6327 3809/25/6327
f 3807/23/6328 3810/26/6328 3812/27/6328
f 3804/14/6329 3869/28/6329 3802/29/6329
f 3802/29/6330 3807/23/6330 3803/21/6330
f 3805/19/6331 3807/23/6331 3867/30/6331
f 3813/31/6332 3815/32/6332 3811/33/6332
f 3809/25/6333 3813/31/6333 3808/20/6333
f 3808/20/6334 3810/26/6334 3806/34/6334
f 3811/33/6335 3816/35/6335 3812/27/6335
f 3814/36/6336 3817/37/6336 3816/35/6336
f 3814/36/6337 3816/35/6337 3813/31/6337
f 3818/38/6338 3824/39/6338 3872/40/6338
f 3786/10/6339 3819/41/6339 3796/11/6339
f 3790/3/6340 3819/41/6340 3870/4/6340
f 3797/11/6341 3870/4/6341 3820/42/6341
f 3786/10/6342 3787/10/6342 3873/18/6342
f 3826/43/6343 3829/44/6343 3824/39/6343
f 3826/43/6344 3828/45/6344 3831/46/6344
f 3818/38/6345 3823/39/6345 3819/41/6345
f 3821/47/6346 3823/39/6346 3825/48/6346
f 3821/47/6347 3824/39/6347 3820/42/6347
f 3829/44/6348 3832/49/6348 3827/50/6348
f 3828/45/6349 3871/51/6349 3829/44/6349
f 3824/39/6350 3871/51/6350 3822/52/6350
f 3823/39/6351 3871/51/6351 3828/45/6351
f 3828/45/6352 3832/49/6352 3833/53/6352
f 3828/45/6353 3834/54/6353 3830/55/6353
f 3829/44/6354 3834/54/6354 3833/53/6354
f 3827/50/6355 3828/45/6355 3829/44/6355
f 3835/56/6356 3842/57/6356 3838/58/6356
f 3838/58/6357 3877/59/6357 3836/60/6357
f 3798/9/6358 3865/17/6358 3837/58/6358
f 3784/1/6359 3837/58/6359 3880/6/6359
f 3799/9/6360 3880/6/6360 3838/58/6360
f 3788/8/6361 3789/8/6361 3865/17/6361
f 3841/61/6362 3844/62/6362 3845/63/6362
f 3839/64/6363 3845/63/6363 3879/65/6363
f 3835/56/6364 3841/61/6364 3864/66/6364
f 3837/58/6365 3877/59/6365 3841/61/6365
f 3846/67/6366 3847/68/6366 3849/69/6366
f 3842/57/6367 3844/62/6367 3840/70/6367
f 3842/57/6368 3879/65/6368 3846/67/6368
f 3845/63/6369 3847/68/6369 3843/71/6369
f 3878/72/6370 3849/69/6370 3845/63/6370
f 3850/73/6371 3875/74/6371 3854/75/6371
f 3793/15/6372 3876/2/6372 3785/1/6372
f 3793/15/6373 3874/16/6373 3853/73/6373
f 3792/15/6374 3876/2/6374 3850/73/6374
f 3787/10/6375 3786/10/6375 3874/16/6375
f 3858/76/6376 3861/77/6376 3857/78/6376
f 3855/79/6377 3861/77/6377 3860/80/6377
f 3854/75/6378 3858/76/6378 3853/73/6378
f 3850/73/6379 3856/81/6379 3855/79/6379
f 3851/82/6380 3858/76/6380 3856/81/6380
f 3855/79/6381 3863/83/6381 3859/84/6381
f 3858/76/6382 3863/83/6382 3862/85/6382
f 3862/85/6383 3860/80/6383 3861/77/6383
f 3880/6/6384 3837/58/6384 3838/58/6384
f 3865/17/6385 3838/58/6385 3837/58/6385
f 3866/13/6386 3803/21/6386 3804/14/6386
f 3867/30/6387 3807/23/6387 3808/20/6387
f 3868/24/6388 3812/27/6388 3813/31/6388
f 3877/59/6389 3842/57/6389 3841/61/6389
f 3844/62/6390 3846/67/6390 3845/63/6390
f 3864/66/6391 3841/61/6391 3842/57/6391
f 3879/65/6392 3845/63/6392 3846/67/6392
f 3876/2/6393 3853/73/6393 3850/73/6393
f 3856/81/6394 3858/76/6394 3855/79/6394
f 3875/74/6395 3855/79/6395 3858/76/6395
f 3874/16/6396 3850/73/6396 3853/73/6396
f 3873/18/6397 3820/42/6397 3819/41/6397
f 3870/4/6398 3819/41/6398 3820/42/6398
f 3872/40/6399 3824/39/6399 3823/39/6399
f 3825/48/6400 3823/39/6400 3824/39/6400
f 3854/75/6401 3853/73/6401 3850/73/6401
f 3855/79/6402 3859/84/6402 3858/76/6402
f 3851/82/6403 3850/73/6403 3853/73/6403
f 3857/78/6404 3855/79/6404 3858/76/6404
f 3835/56/6405 3838/58/6405 3837/58/6405
f 3841/61/6406 3839/64/6406 3842/57/6406
f 3845/63/6407 3843/71/6407 3846/67/6407
f 3838/58/6408 3836/60/6408 3837/58/6408
f 3840/70/6409 3841/61/6409 3842/57/6409
f 3878/72/6410 3845/63/6410 3846/67/6410
f 3814/36/6411 3813/31/6411 3812/27/6411
f 3809/25/6412 3808/20/6412 3807/23/6412
f 3805/19/6413 3804/14/6413 3803/21/6413
f 3810/26/6414 3813/31/6414 3812/27/6414
f 3807/23/6415 3869/28/6415 3808/20/6415
f 3813/31/6416 3811/33/6416 3812/27/6416
f 3806/34/6417 3807/23/6417 3808/20/6417
f 3804/14/6418 3802/29/6418 3803/21/6418
f 3803/21/6419 3852/5/6419 3804/14/6419
f 3819/41/6420 3821/47/6420 3820/42/6420
f 3823/39/6421 3826/43/6421 3824/39/6421
f 3830/55/6422 3829/44/6422 3828/45/6422
f 3822/52/6423 3823/39/6423 3824/39/6423
f 3818/38/6424 3819/41/6424 3820/42/6424
f 3831/46/6425 3828/45/6425 3829/44/6425
f 3881/1/6426 3882/1/6426 3973/2/6426
f 3888/3/6427 3887/3/6427 3967/4/6427
f 3887/3/6428 3888/3/6428 3949/5/6428
f 3882/1/6429 3881/1/6429 3977/6/6429
f 3898/7/6430 3885/8/6430 3895/9/6430
f 3897/7/6431 3882/1/6431 3896/9/6431
f 3884/10/6432 3897/7/6432 3894/11/6432
f 3887/3/6433 3898/7/6433 3893/11/6433
f 3892/12/6434 3963/13/6434 3901/14/6434
f 3889/15/6435 3971/16/6435 3883/10/6435
f 3883/10/6436 3898/7/6436 3889/15/6436
f 3888/3/6437 3897/7/6437 3892/12/6437
f 3897/7/6438 3886/8/6438 3892/12/6438
f 3898/7/6439 3881/1/6439 3889/15/6439
f 3896/9/6440 3962/17/6440 3886/8/6440
f 3894/11/6441 3970/18/6441 3884/10/6441
f 3902/19/6442 3905/20/6442 3901/14/6442
f 3892/12/6443 3949/5/6443 3888/3/6443
f 3886/8/6444 3885/8/6444 3963/13/6444
f 3887/3/6445 3900/21/6445 3891/22/6445
f 3885/8/6446 3900/21/6446 3963/13/6446
f 3904/23/6447 3965/24/6447 3906/25/6447
f 3904/23/6448 3907/26/6448 3909/27/6448
f 3901/14/6449 3966/28/6449 3899/29/6449
f 3899/29/6450 3904/23/6450 3900/21/6450
f 3902/19/6451 3904/23/6451 3964/30/6451
f 3910/31/6452 3912/32/6452 3908/33/6452
f 3906/25/6453 3910/31/6453 3905/20/6453
f 3905/20/6454 3907/26/6454 3903/34/6454
f 3908/33/6455 3913/35/6455 3909/27/6455
f 3911/36/6456 3913/35/6456 3914/37/6456
f 3911/36/6457 3913/35/6457 3910/31/6457
f 3915/38/6458 3921/39/6458 3969/40/6458
f 3883/10/6459 3916/41/6459 3893/11/6459
f 3887/3/6460 3916/41/6460 3967/4/6460
f 3894/11/6461 3967/4/6461 3917/42/6461
f 3883/10/6462 3884/10/6462 3970/18/6462
f 3923/43/6463 3926/44/6463 3921/39/6463
f 3923/43/6464 3925/45/6464 3928/46/6464
f 3915/38/6465 3920/39/6465 3916/41/6465
f 3918/47/6466 3920/39/6466 3922/48/6466
f 3918/47/6467 3921/39/6467 3917/42/6467
f 3926/44/6468 3929/49/6468 3924/50/6468
f 3925/45/6469 3968/51/6469 3926/44/6469
f 3921/39/6470 3968/51/6470 3919/52/6470
f 3920/39/6471 3968/51/6471 3925/45/6471
f 3925/45/6472 3929/49/6472 3930/53/6472
f 3925/45/6473 3931/54/6473 3927/55/6473
f 3926/44/6474 3931/54/6474 3930/53/6474
f 3924/50/6475 3925/45/6475 3926/44/6475
f 3932/56/6476 3939/57/6476 3935/58/6476
f 3935/58/6477 3974/59/6477 3933/60/6477
f 3895/9/6478 3962/17/6478 3934/58/6478
f 3881/1/6479 3934/58/6479 3977/6/6479
f 3896/9/6480 3977/6/6480 3935/58/6480
f 3885/8/6481 3886/8/6481 3962/17/6481
f 3938/61/6482 3941/62/6482 3942/63/6482
f 3936/64/6483 3942/63/6483 3976/65/6483
f 3932/56/6484 3938/61/6484 3961/66/6484
f 3934/58/6485 3974/59/6485 3938/61/6485
f 3943/67/6486 3944/68/6486 3946/69/6486
f 3939/57/6487 3941/62/6487 3937/70/6487
f 3939/57/6488 3976/65/6488 3943/67/6488
f 3942/63/6489 3944/68/6489 3940/71/6489
f 3975/72/6490 3946/69/6490 3942/63/6490
f 3947/73/6491 3972/74/6491 3951/75/6491
f 3890/15/6492 3973/2/6492 3882/1/6492
f 3890/15/6493 3971/16/6493 3950/73/6493
f 3889/15/6494 3973/2/6494 3947/73/6494
f 3884/10/6495 3883/10/6495 3971/16/6495
f 3955/76/6496 3958/77/6496 3954/78/6496
f 3952/79/6497 3958/77/6497 3957/80/6497
f 3951/75/6498 3955/76/6498 3950/73/6498
f 3947/73/6499 3953/81/6499 3952/79/6499
f 3948/82/6500 3955/76/6500 3953/81/6500
f 3952/79/6501 3960/83/6501 3956/84/6501
f 3955/76/6502 3960/83/6502 3959/85/6502
f 3959/85/6503 3957/80/6503 3958/77/6503
f 3977/6/6504 3934/58/6504 3935/58/6504
f 3962/17/6505 3935/58/6505 3934/58/6505
f 3963/13/6506 3900/21/6506 3901/14/6506
f 3964/30/6507 3904/23/6507 3905/20/6507
f 3965/24/6508 3909/27/6508 3910/31/6508
f 3974/59/6509 3939/57/6509 3938/61/6509
f 3941/62/6510 3943/67/6510 3942/63/6510
f 3961/66/6511 3938/61/6511 3939/57/6511
f 3976/65/6512 3942/63/6512 3943/67/6512
f 3973/2/6513 3950/73/6513 3947/73/6513
f 3953/81/6514 3955/76/6514 3952/79/6514
f 3972/74/6515 3952/79/6515 3955/76/6515
f 3971/16/6516 3947/73/6516 3950/73/6516
f 3970/18/6517 3917/42/6517 3916/41/6517
f 3967/4/6518 3916/41/6518 3917/42/6518
f 3969/40/6519 3921/39/6519 3920/39/6519
f 3922/48/6520 3920/39/6520 3921/39/6520
f 3951/75/6521 3950/73/6521 3947/73/6521
f 3952/79/6522 3956/84/6522 3955/76/6522
f 3948/82/6523 3947/73/6523 3950/73/6523
f 3954/78/6524 3952/79/6524 3955/76/6524
f 3932/56/6525 3935/58/6525 3934/58/6525
f 3938/61/6526 3936/64/6526 3939/57/6526
f 3942/63/6527 3940/71/6527 3943/67/6527
f 3935/58/6528 3933/60/6528 3934/58/6528
f 3937/70/6529 3938/61/6529 3939/57/6529
f 3975/72/6530 3942/63/6530 3943/67/6530
f 3911/36/6531 3910/31/6531 3909/27/6531
f 3906/25/6532 3905/20/6532 3904/23/6532
f 3902/19/6533 3901/14/6533 3900/21/6533
f 3907/26/6534 3910/31/6534 3909/27/6534
f 3904/23/6535 3966/28/6535 3905/20/6535
f 3910/31/6536 3908/33/6536 3909/27/6536
f 3903/34/6537 3904/23/6537 3905/20/6537
f 3901/14/6538 3899/29/6538 3900/21/6538
f 3900/21/6506 3949/5/6506 3901/14/6506
f 3916/41/6539 3918/47/6539 3917/42/6539
f 3920/39/6540 3923/43/6540 3921/39/6540
f 3927/55/6541 3926/44/6541 3925/45/6541
f 3919/52/6542 3920/39/6542 3921/39/6542
f 3915/38/6543 3916/41/6543 3917/42/6543
f 3928/46/6544 3925/45/6544 3926/44/6544
f 3978/1/6545 3979/1/6545 4070/2/6545
f 3985/3/6546 3984/3/6546 4064/4/6546
f 3984/3/6547 3985/3/6547 4046/5/6547
f 3979/1/6548 3978/1/6548 4074/6/6548
f 3995/7/6549 3982/8/6549 3992/9/6549
f 3994/7/6550 3979/1/6550 3993/9/6550
f 3981/10/6551 3994/7/6551 3991/11/6551
f 3984/3/6552 3995/7/6552 3990/11/6552
f 3989/12/6553 4060/13/6553 3998/14/6553
f 3986/15/6554 4068/16/6554 3980/10/6554
f 3980/10/6555 3995/7/6555 3986/15/6555
f 3985/3/6556 3994/7/6556 3989/12/6556
f 3994/7/6557 3983/8/6557 3989/12/6557
f 3995/7/6558 3978/1/6558 3986/15/6558
f 3993/9/6559 4059/17/6559 3983/8/6559
f 3991/11/6560 4067/18/6560 3981/10/6560
f 3999/19/6561 4002/20/6561 3998/14/6561
f 3989/12/6562 4046/5/6562 3985/3/6562
f 3983/8/6563 3982/8/6563 4060/13/6563
f 3984/3/6564 3997/21/6564 3988/22/6564
f 3982/8/6565 3997/21/6565 4060/13/6565
f 4001/23/6566 4062/24/6566 4003/25/6566
f 4001/23/6567 4004/26/6567 4006/27/6567
f 3998/14/6568 4063/28/6568 3996/29/6568
f 3996/29/6569 4001/23/6569 3997/21/6569
f 3999/19/6570 4001/23/6570 4061/30/6570
f 4007/31/6571 4009/32/6571 4005/33/6571
f 4003/25/6572 4007/31/6572 4002/20/6572
f 4002/20/6573 4004/26/6573 4000/34/6573
f 4005/33/6574 4010/35/6574 4006/27/6574
f 4008/36/6575 4010/35/6575 4011/37/6575
f 4008/36/6576 4010/35/6576 4007/31/6576
f 4012/38/6577 4018/39/6577 4066/40/6577
f 3980/10/6578 4013/41/6578 3990/11/6578
f 3984/3/6579 4013/41/6579 4064/4/6579
f 3991/11/6580 4064/4/6580 4014/42/6580
f 3980/10/6581 3981/10/6581 4067/18/6581
f 4020/43/6582 4023/44/6582 4018/39/6582
f 4020/43/6583 4022/45/6583 4025/46/6583
f 4012/38/6584 4017/39/6584 4013/41/6584
f 4015/47/6585 4017/39/6585 4019/48/6585
f 4015/47/6586 4018/39/6586 4014/42/6586
f 4023/44/6587 4026/49/6587 4021/50/6587
f 4022/45/6588 4065/51/6588 4023/44/6588
f 4018/39/6589 4065/51/6589 4016/52/6589
f 4017/39/6590 4065/51/6590 4022/45/6590
f 4022/45/6591 4026/49/6591 4027/53/6591
f 4022/45/6592 4028/54/6592 4024/55/6592
f 4023/44/6593 4028/54/6593 4027/53/6593
f 4021/50/6594 4022/45/6594 4023/44/6594
f 4029/56/6595 4036/57/6595 4032/58/6595
f 4032/58/6596 4071/59/6596 4030/60/6596
f 3992/9/6597 4059/17/6597 4031/58/6597
f 3978/1/6598 4031/58/6598 4074/6/6598
f 3993/9/6599 4074/6/6599 4032/58/6599
f 3982/8/6600 3983/8/6600 4059/17/6600
f 4035/61/6601 4038/62/6601 4039/63/6601
f 4033/64/6602 4039/63/6602 4073/65/6602
f 4029/56/6603 4035/61/6603 4058/66/6603
f 4031/58/6604 4071/59/6604 4035/61/6604
f 4040/67/6605 4041/68/6605 4043/69/6605
f 4036/57/6606 4038/62/6606 4034/70/6606
f 4036/57/6607 4073/65/6607 4040/67/6607
f 4039/63/6608 4041/68/6608 4037/71/6608
f 4072/72/6609 4043/69/6609 4039/63/6609
f 4044/73/6610 4069/74/6610 4048/75/6610
f 3987/15/6611 4070/2/6611 3979/1/6611
f 3987/15/6612 4068/16/6612 4047/73/6612
f 3986/15/6613 4070/2/6613 4044/73/6613
f 3981/10/6614 3980/10/6614 4068/16/6614
f 4052/76/6615 4055/77/6615 4051/78/6615
f 4049/79/6616 4055/77/6616 4054/80/6616
f 4048/75/6617 4052/76/6617 4047/73/6617
f 4044/73/6618 4050/81/6618 4049/79/6618
f 4045/82/6619 4052/76/6619 4050/81/6619
f 4049/79/6620 4057/83/6620 4053/84/6620
f 4052/76/6621 4057/83/6621 4056/85/6621
f 4056/85/6622 4054/80/6622 4055/77/6622
f 4074/6/6623 4031/58/6623 4032/58/6623
f 4059/17/6624 4032/58/6624 4031/58/6624
f 4060/13/6625 3997/21/6625 3998/14/6625
f 4061/30/6626 4001/23/6626 4002/20/6626
f 4062/24/6627 4006/27/6627 4007/31/6627
f 4071/59/6628 4036/57/6628 4035/61/6628
f 4038/62/6629 4040/67/6629 4039/63/6629
f 4058/66/6630 4035/61/6630 4036/57/6630
f 4073/65/6631 4039/63/6631 4040/67/6631
f 4070/2/6632 4047/73/6632 4044/73/6632
f 4050/81/6633 4052/76/6633 4049/79/6633
f 4069/74/6634 4049/79/6634 4052/76/6634
f 4068/16/6635 4044/73/6635 4047/73/6635
f 4067/18/6636 4014/42/6636 4013/41/6636
f 4064/4/6637 4013/41/6637 4014/42/6637
f 4066/40/6638 4018/39/6638 4017/39/6638
f 4019/48/6639 4017/39/6639 4018/39/6639
f 4048/75/6640 4047/73/6640 4044/73/6640
f 4049/79/6641 4053/84/6641 4052/76/6641
f 4045/82/6642 4044/73/6642 4047/73/6642
f 4051/78/6643 4049/79/6643 4052/76/6643
f 4029/56/6644 4032/58/6644 4031/58/6644
f 4035/61/6645 4033/64/6645 4036/57/6645
f 4039/63/6646 4037/71/6646 4040/67/6646
f 4032/58/6647 4030/60/6647 4031/58/6647
f 4034/70/6648 4035/61/6648 4036/57/6648
f 4072/72/6649 4039/63/6649 4040/67/6649
f 4008/36/6650 4007/31/6650 4006/27/6650
f 4003/25/6651 4002/20/6651 4001/23/6651
f 3999/19/6652 3998/14/6652 3997/21/6652
f 4004/26/6653 4007/31/6653 4006/27/6653
f 4001/23/6654 4063/28/6654 4002/20/6654
f 4007/31/6655 4005/33/6655 4006/27/6655
f 4000/34/6656 4001/23/6656 4002/20/6656
f 3998/14/6657 3996/29/6657 3997/21/6657
f 3997/21/6658 4046/5/6658 3998/14/6658
f 4013/41/6659 4015/47/6659 4014/42/6659
f 4017/39/6660 4020/43/6660 4018/39/6660
f 4024/55/6661 4023/44/6661 4022/45/6661
f 4016/52/6662 4017/39/6662 4018/39/6662
f 4012/38/6663 4013/41/6663 4014/42/6663
f 4025/46/6664 4022/45/6664 4023/44/6664
f 4075/1/6665 4076/1/6665 4167/2/6665
f 4082/3/6666 4081/3/6666 4161/4/6666
f 4081/3/6667 4082/3/6667 4143/5/6667
f 4076/1/6668 4075/1/6668 4171/6/6668
f 4092/7/6669 4079/8/6669 4089/9/6669
f 4091/7/6670 4076/1/6670 4090/9/6670
f 4078/10/6671 4091/7/6671 4088/11/6671
f 4081/3/6672 4092/7/6672 4087/11/6672
f 4086/12/6673 4157/13/6673 4095/14/6673
f 4083/15/6674 4165/16/6674 4077/10/6674
f 4077/10/6675 4092/7/6675 4083/15/6675
f 4082/3/6676 4091/7/6676 4086/12/6676
f 4091/7/6677 4080/8/6677 4086/12/6677
f 4092/7/6678 4075/1/6678 4083/15/6678
f 4090/9/6679 4156/17/6679 4080/8/6679
f 4088/11/6680 4164/18/6680 4078/10/6680
f 4096/19/6681 4099/20/6681 4095/14/6681
f 4086/12/6682 4143/5/6682 4082/3/6682
f 4080/8/6683 4079/8/6683 4157/13/6683
f 4081/3/6684 4094/21/6684 4085/22/6684
f 4079/8/6685 4094/21/6685 4157/13/6685
f 4098/23/6686 4159/24/6686 4100/25/6686
f 4098/23/6687 4101/26/6687 4103/27/6687
f 4095/14/6688 4160/28/6688 4093/29/6688
f 4093/29/6689 4098/23/6689 4094/21/6689
f 4096/19/6690 4098/23/6690 4158/30/6690
f 4104/31/6691 4106/32/6691 4102/33/6691
f 4100/25/6692 4104/31/6692 4099/20/6692
f 4099/20/6693 4101/26/6693 4097/34/6693
f 4102/33/6694 4107/35/6694 4103/27/6694
f 4105/36/6695 4107/35/6695 4108/37/6695
f 4105/36/6696 4107/35/6696 4104/31/6696
f 4109/38/6697 4115/39/6697 4163/40/6697
f 4077/10/6698 4110/41/6698 4087/11/6698
f 4081/3/6699 4110/41/6699 4161/4/6699
f 4088/11/6700 4161/4/6700 4111/42/6700
f 4077/10/6701 4078/10/6701 4164/18/6701
f 4117/43/6702 4120/44/6702 4115/39/6702
f 4117/43/6703 4119/45/6703 4122/46/6703
f 4109/38/6704 4114/39/6704 4110/41/6704
f 4112/47/6705 4114/39/6705 4116/48/6705
f 4112/47/6706 4115/39/6706 4111/42/6706
f 4120/44/6707 4123/49/6707 4118/50/6707
f 4119/45/6708 4162/51/6708 4120/44/6708
f 4115/39/6709 4162/51/6709 4113/52/6709
f 4114/39/6710 4162/51/6710 4119/45/6710
f 4119/45/6711 4123/49/6711 4124/53/6711
f 4119/45/6712 4125/54/6712 4121/55/6712
f 4120/44/6713 4125/54/6713 4124/53/6713
f 4118/50/6714 4119/45/6714 4120/44/6714
f 4126/56/6715 4133/57/6715 4129/58/6715
f 4129/58/6716 4168/59/6716 4127/60/6716
f 4089/9/6717 4156/17/6717 4128/58/6717
f 4075/1/6718 4128/58/6718 4171/6/6718
f 4090/9/6719 4171/6/6719 4129/58/6719
f 4079/8/6720 4080/8/6720 4156/17/6720
f 4132/61/6721 4135/62/6721 4136/63/6721
f 4130/64/6722 4136/63/6722 4170/65/6722
f 4126/56/6723 4132/61/6723 4155/66/6723
f 4128/58/6724 4168/59/6724 4132/61/6724
f 4137/67/6725 4138/68/6725 4140/69/6725
f 4133/57/6726 4135/62/6726 4131/70/6726
f 4133/57/6727 4170/65/6727 4137/67/6727
f 4136/63/6728 4138/68/6728 4134/71/6728
f 4169/72/6729 4140/69/6729 4136/63/6729
f 4141/73/6730 4166/74/6730 4145/75/6730
f 4084/15/6731 4167/2/6731 4076/1/6731
f 4084/15/6732 4165/16/6732 4144/73/6732
f 4083/15/6733 4167/2/6733 4141/73/6733
f 4078/10/6734 4077/10/6734 4165/16/6734
f 4149/76/6735 4152/77/6735 4148/78/6735
f 4146/79/6736 4152/77/6736 4151/80/6736
f 4145/75/6737 4149/76/6737 4144/73/6737
f 4141/73/6738 4147/81/6738 4146/79/6738
f 4142/82/6739 4149/76/6739 4147/81/6739
f 4146/79/6740 4154/83/6740 4150/84/6740
f 4149/76/6741 4154/83/6741 4153/85/6741
f 4153/85/6742 4151/80/6742 4152/77/6742
f 4171/6/6743 4128/58/6743 4129/58/6743
f 4156/17/6744 4129/58/6744 4128/58/6744
f 4157/13/6745 4094/21/6745 4095/14/6745
f 4158/30/6746 4098/23/6746 4099/20/6746
f 4159/24/6747 4103/27/6747 4104/31/6747
f 4168/59/6748 4133/57/6748 4132/61/6748
f 4135/62/6749 4137/67/6749 4136/63/6749
f 4155/66/6750 4132/61/6750 4133/57/6750
f 4170/65/6751 4136/63/6751 4137/67/6751
f 4167/2/6752 4144/73/6752 4141/73/6752
f 4147/81/6753 4149/76/6753 4146/79/6753
f 4166/74/6753 4146/79/6753 4149/76/6753
f 4165/16/6754 4141/73/6754 4144/73/6754
f 4164/18/6755 4111/42/6755 4110/41/6755
f 4161/4/6756 4110/41/6756 4111/42/6756
f 4163/40/6757 4115/39/6757 4114/39/6757
f 4116/48/6758 4114/39/6758 4115/39/6758
f 4145/75/6759 4144/73/6759 4141/73/6759
f 4146/79/6760 4150/84/6760 4149/76/6760
f 4142/82/6761 4141/73/6761 4144/73/6761
f 4148/78/6762 4146/79/6762 4149/76/6762
f 4126/56/6763 4129/58/6763 4128/58/6763
f 4132/61/6764 4130/64/6764 4133/57/6764
f 4136/63/6765 4134/71/6765 4137/67/6765
f 4129/58/6766 4127/60/6766 4128/58/6766
f 4131/70/6767 4132/61/6767 4133/57/6767
f 4169/72/6768 4136/63/6768 4137/67/6768
f 4105/36/6769 4104/31/6769 4103/27/6769
f 4100/25/6770 4099/20/6770 4098/23/6770
f 4096/19/6771 4095/14/6771 4094/21/6771
f 4101/26/6772 4104/31/6772 4103/27/6772
f 4098/23/6773 4160/28/6773 4099/20/6773
f 4104/31/6774 4102/33/6774 4103/27/6774
f 4097/34/6775 4098/23/6775 4099/20/6775
f 4095/14/6776 4093/29/6776 4094/21/6776
f 4094/21/6777 4143/5/6777 4095/14/6777
f 4110/41/6778 4112/47/6778 4111/42/6778
f 4114/39/6779 4117/43/6779 4115/39/6779
f 4121/55/6780 4120/44/6780 4119/45/6780
f 4113/52/6781 4114/39/6781 4115/39/6781
f 4109/38/6782 4110/41/6782 4111/42/6782
f 4122/46/6783 4119/45/6783 4120/44/6783
f 4172/1/6665 4173/1/6665 4264/2/6665
f 4179/3/6666 4178/3/6666 4258/4/6666
f 4178/3/6667 4179/3/6667 4240/5/6667
f 4173/1/6668 4172/1/6668 4268/6/6668
f 4189/7/6669 4176/8/6669 4186/9/6669
f 4188/7/6670 4173/1/6670 4187/9/6670
f 4175/10/6671 4188/7/6671 4185/11/6671
f 4178/3/6784 4189/7/6784 4184/11/6784
f 4183/12/6673 4254/13/6673 4192/14/6673
f 4180/15/6674 4262/16/6674 4174/10/6674
f 4174/10/6785 4189/7/6785 4180/15/6785
f 4179/3/6676 4188/7/6676 4183/12/6676
f 4188/7/6677 4177/8/6677 4183/12/6677
f 4189/7/6786 4172/1/6786 4180/15/6786
f 4187/9/6679 4253/17/6679 4177/8/6679
f 4185/11/6787 4261/18/6787 4175/10/6787
f 4193/19/6681 4196/20/6681 4192/14/6681
f 4183/12/6682 4240/5/6682 4179/3/6682
f 4177/8/6788 4176/8/6788 4254/13/6788
f 4178/3/6684 4191/21/6684 4182/22/6684
f 4176/8/6685 4191/21/6685 4254/13/6685
f 4195/23/6686 4256/24/6686 4197/25/6686
f 4195/23/6789 4198/26/6789 4200/27/6789
f 4192/14/6688 4257/28/6688 4190/29/6688
f 4190/29/6689 4195/23/6689 4191/21/6689
f 4193/19/6690 4195/23/6690 4255/30/6690
f 4201/31/6691 4203/32/6691 4199/33/6691
f 4197/25/6790 4201/31/6790 4196/20/6790
f 4196/20/6791 4198/26/6791 4194/34/6791
f 4199/33/6792 4204/35/6792 4200/27/6792
f 4202/36/6793 4205/37/6793 4204/35/6793
f 4202/36/6794 4204/35/6794 4201/31/6794
f 4206/38/6697 4212/39/6697 4260/40/6697
f 4174/10/6795 4207/41/6795 4184/11/6795
f 4178/3/6699 4207/41/6699 4258/4/6699
f 4185/11/6700 4258/4/6700 4208/42/6700
f 4174/10/6796 4175/10/6796 4261/18/6796
f 4214/43/6702 4217/44/6702 4212/39/6702
f 4214/43/6797 4216/45/6797 4219/46/6797
f 4206/38/6704 4211/39/6704 4207/41/6704
f 4209/47/6705 4211/39/6705 4213/48/6705
f 4209/47/6706 4212/39/6706 4208/42/6706
f 4217/44/6798 4220/49/6798 4215/50/6798
f 4216/45/6799 4259/51/6799 4217/44/6799
f 4212/39/6709 4259/51/6709 4210/52/6709
f 4211/39/6710 4259/51/6710 4216/45/6710
f 4216/45/6800 4220/49/6800 4221/53/6800
f 4216/45/6801 4222/54/6801 4218/55/6801
f 4217/44/6802 4222/54/6802 4221/53/6802
f 4215/50/6714 4216/45/6714 4217/44/6714
f 4223/56/6715 4230/57/6715 4226/58/6715
f 4226/58/6716 4265/59/6716 4224/60/6716
f 4186/9/6717 4253/17/6717 4225/58/6717
f 4172/1/6718 4225/58/6718 4268/6/6718
f 4187/9/6719 4268/6/6719 4226/58/6719
f 4176/8/6720 4177/8/6720 4253/17/6720
f 4229/61/6721 4232/62/6721 4233/63/6721
f 4227/64/6722 4233/63/6722 4267/65/6722
f 4223/56/6723 4229/61/6723 4252/66/6723
f 4225/58/6724 4265/59/6724 4229/61/6724
f 4234/67/6803 4235/68/6803 4237/69/6803
f 4230/57/6726 4232/62/6726 4228/70/6726
f 4230/57/6804 4267/65/6804 4234/67/6804
f 4233/63/6728 4235/68/6728 4231/71/6728
f 4266/72/6729 4237/69/6729 4233/63/6729
f 4238/73/6730 4263/74/6730 4242/75/6730
f 4181/15/6731 4264/2/6731 4173/1/6731
f 4181/15/6732 4262/16/6732 4241/73/6732
f 4180/15/6805 4264/2/6805 4238/73/6805
f 4175/10/6734 4174/10/6734 4262/16/6734
f 4246/76/6806 4249/77/6806 4245/78/6806
f 4243/79/6807 4249/77/6807 4248/80/6807
f 4242/75/6808 4246/76/6808 4241/73/6808
f 4238/73/6738 4244/81/6738 4243/79/6738
f 4239/82/6739 4246/76/6739 4244/81/6739
f 4243/79/6809 4251/83/6809 4247/84/6809
f 4246/76/6810 4251/83/6810 4250/85/6810
f 4250/85/6811 4248/80/6811 4249/77/6811
f 4268/6/6743 4225/58/6743 4226/58/6743
f 4253/17/6812 4226/58/6812 4225/58/6812
f 4254/13/6813 4191/21/6813 4192/14/6813
f 4255/30/6746 4195/23/6746 4196/20/6746
f 4256/24/6747 4200/27/6747 4201/31/6747
f 4265/59/6748 4230/57/6748 4229/61/6748
f 4232/62/6749 4234/67/6749 4233/63/6749
f 4252/66/6814 4229/61/6814 4230/57/6814
f 4267/65/6815 4233/63/6815 4234/67/6815
f 4264/2/6752 4241/73/6752 4238/73/6752
f 4244/81/6816 4246/76/6816 4243/79/6816
f 4263/74/6817 4243/79/6817 4246/76/6817
f 4262/16/6754 4238/73/6754 4241/73/6754
f 4261/18/6818 4208/42/6818 4207/41/6818
f 4258/4/6756 4207/41/6756 4208/42/6756
f 4260/40/6757 4212/39/6757 4211/39/6757
f 4213/48/6819 4211/39/6819 4212/39/6819
f 4242/75/6820 4241/73/6820 4238/73/6820
f 4243/79/6821 4247/84/6821 4246/76/6821
f 4239/82/6822 4238/73/6822 4241/73/6822
f 4245/78/6823 4243/79/6823 4246/76/6823
f 4223/56/6824 4226/58/6824 4225/58/6824
f 4229/61/6825 4227/64/6825 4230/57/6825
f 4233/63/6765 4231/71/6765 4234/67/6765
f 4226/58/6826 4224/60/6826 4225/58/6826
f 4228/70/6827 4229/61/6827 4230/57/6827
f 4266/72/6828 4233/63/6828 4234/67/6828
f 4202/36/6829 4201/31/6829 4200/27/6829
f 4197/25/6830 4196/20/6830 4195/23/6830
f 4193/19/6831 4192/14/6831 4191/21/6831
f 4198/26/6832 4201/31/6832 4200/27/6832
f 4195/23/6833 4257/28/6833 4196/20/6833
f 4201/31/6774 4199/33/6774 4200/27/6774
f 4194/34/6834 4195/23/6834 4196/20/6834
f 4192/14/6835 4190/29/6835 4191/21/6835
f 4191/21/6813 4240/5/6813 4192/14/6813
f 4207/41/6836 4209/47/6836 4208/42/6836
f 4211/39/6837 4214/43/6837 4212/39/6837
f 4218/55/6838 4217/44/6838 4216/45/6838
f 4210/52/6781 4211/39/6781 4212/39/6781
f 4206/38/6839 4207/41/6839 4208/42/6839
f 4219/46/6840 4216/45/6840 4217/44/6840
f 4269/1/6841 4270/1/6841 4361/2/6841
f 4276/3/6842 4275/3/6842 4355/4/6842
f 4275/3/6843 4276/3/6843 4337/5/6843
f 4270/1/6844 4269/1/6844 4365/6/6844
f 4286/7/6845 4273/8/6845 4283/9/6845
f 4285/7/6846 4270/1/6846 4284/9/6846
f 4272/10/6847 4285/7/6847 4282/11/6847
f 4275/3/6848 4286/7/6848 4281/11/6848
f 4280/12/6849 4351/13/6849 4289/14/6849
f 4277/15/6850 4359/16/6850 4271/10/6850
f 4271/10/6851 4286/7/6851 4277/15/6851
f 4276/3/6852 4285/7/6852 4280/12/6852
f 4285/7/6853 4274/8/6853 4280/12/6853
f 4286/7/6854 4269/1/6854 4277/15/6854
f 4284/9/6855 4350/17/6855 4274/8/6855
f 4282/11/6856 4358/18/6856 4272/10/6856
f 4290/19/6857 4293/20/6857 4289/14/6857
f 4280/12/6858 4337/5/6858 4276/3/6858
f 4274/8/6859 4273/8/6859 4351/13/6859
f 4275/3/6860 4288/21/6860 4279/22/6860
f 4273/8/6861 4288/21/6861 4351/13/6861
f 4292/23/6862 4353/24/6862 4294/25/6862
f 4292/23/6863 4295/26/6863 4297/27/6863
f 4289/14/6864 4354/28/6864 4287/29/6864
f 4287/29/6865 4292/23/6865 4288/21/6865
f 4290/19/6866 4292/23/6866 4352/30/6866
f 4298/31/6867 4300/32/6867 4296/33/6867
f 4294/25/6868 4298/31/6868 4293/20/6868
f 4293/20/6869 4295/26/6869 4291/34/6869
f 4296/33/6870 4301/35/6870 4297/27/6870
f 4299/36/6871 4302/37/6871 4301/35/6871
f 4299/36/6872 4301/35/6872 4298/31/6872
f 4303/38/6873 4309/39/6873 4357/40/6873
f 4271/10/6874 4304/41/6874 4281/11/6874
f 4275/3/6875 4304/41/6875 4355/4/6875
f 4282/11/6876 4355/4/6876 4305/42/6876
f 4271/10/6877 4272/10/6877 4358/18/6877
f 4311/43/6878 4314/44/6878 4309/39/6878
f 4311/43/6879 4313/45/6879 4316/46/6879
f 4303/38/6880 4308/39/6880 4304/41/6880
f 4306/47/6881 4308/39/6881 4310/48/6881
f 4306/47/6882 4309/39/6882 4305/42/6882
f 4314/44/6883 4317/49/6883 4312/50/6883
f 4313/45/6884 4356/51/6884 4314/44/6884
f 4309/39/6885 4356/51/6885 4307/52/6885
f 4308/39/6886 4356/51/6886 4313/45/6886
f 4313/45/6887 4317/49/6887 4318/53/6887
f 4313/45/6888 4319/54/6888 4315/55/6888
f 4314/44/6889 4319/54/6889 4318/53/6889
f 4312/50/6890 4313/45/6890 4314/44/6890
f 4320/56/6891 4327/57/6891 4323/58/6891
f 4323/58/6892 4362/59/6892 4321/60/6892
f 4283/9/6893 4350/17/6893 4322/58/6893
f 4269/1/6894 4322/58/6894 4365/6/6894
f 4284/9/6895 4365/6/6895 4323/58/6895
f 4273/8/6896 4274/8/6896 4350/17/6896
f 4326/61/6897 4329/62/6897 4330/63/6897
f 4324/64/6898 4330/63/6898 4364/65/6898
f 4320/56/6899 4326/61/6899 4349/66/6899
f 4322/58/6900 4362/59/6900 4326/61/6900
f 4331/67/6901 4332/68/6901 4334/69/6901
f 4327/57/6902 4329/62/6902 4325/70/6902
f 4327/57/6903 4364/65/6903 4331/67/6903
f 4330/63/6904 4332/68/6904 4328/71/6904
f 4363/72/6905 4334/69/6905 4330/63/6905
f 4335/73/6906 4360/74/6906 4339/75/6906
f 4278/15/6907 4361/2/6907 4270/1/6907
f 4278/15/6908 4359/16/6908 4338/73/6908
f 4277/15/6909 4361/2/6909 4335/73/6909
f 4272/10/6910 4271/10/6910 4359/16/6910
f 4343/76/6911 4346/77/6911 4342/78/6911
f 4340/79/6912 4346/77/6912 4345/80/6912
f 4339/75/6913 4343/76/6913 4338/73/6913
f 4335/73/6914 4341/81/6914 4340/79/6914
f 4336/82/6915 4343/76/6915 4341/81/6915
f 4340/79/6916 4348/83/6916 4344/84/6916
f 4343/76/6917 4348/83/6917 4347/85/6917
f 4347/85/6918 4345/80/6918 4346/77/6918
f 4365/6/6919 4322/58/6919 4323/58/6919
f 4350/17/6920 4323/58/6920 4322/58/6920
f 4351/13/6921 4288/21/6921 4289/14/6921
f 4352/30/6922 4292/23/6922 4293/20/6922
f 4353/24/6923 4297/27/6923 4298/31/6923
f 4362/59/6924 4327/57/6924 4326/61/6924
f 4329/62/6925 4331/67/6925 4330/63/6925
f 4349/66/6926 4326/61/6926 4327/57/6926
f 4364/65/6927 4330/63/6927 4331/67/6927
f 4361/2/6928 4338/73/6928 4335/73/6928
f 4341/81/6929 4343/76/6929 4340/79/6929
f 4360/74/6930 4340/79/6930 4343/76/6930
f 4359/16/6931 4335/73/6931 4338/73/6931
f 4358/18/6932 4305/42/6932 4304/41/6932
f 4355/4/6933 4304/41/6933 4305/42/6933
f 4357/40/6934 4309/39/6934 4308/39/6934
f 4310/48/6935 4308/39/6935 4309/39/6935
f 4339/75/6936 4338/73/6936 4335/73/6936
f 4340/79/6937 4344/84/6937 4343/76/6937
f 4336/82/6938 4335/73/6938 4338/73/6938
f 4342/78/6939 4340/79/6939 4343/76/6939
f 4320/56/6940 4323/58/6940 4322/58/6940
f 4326/61/6941 4324/64/6941 4327/57/6941
f 4330/63/6942 4328/71/6942 4331/67/6942
f 4323/58/6943 4321/60/6943 4322/58/6943
f 4325/70/6944 4326/61/6944 4327/57/6944
f 4363/72/6945 4330/63/6945 4331/67/6945
f 4299/36/6946 4298/31/6946 4297/27/6946
f 4294/25/6947 4293/20/6947 4292/23/6947
f 4290/19/6948 4289/14/6948 4288/21/6948
f 4295/26/6949 4298/31/6949 4297/27/6949
f 4292/23/6950 4354/28/6950 4293/20/6950
f 4298/31/6951 4296/33/6951 4297/27/6951
f 4291/34/6952 4292/23/6952 4293/20/6952
f 4289/14/6953 4287/29/6953 4288/21/6953
f 4288/21/6921 4337/5/6921 4289/14/6921
f 4304/41/6954 4306/47/6954 4305/42/6954
f 4308/39/6955 4311/43/6955 4309/39/6955
f 4315/55/6956 4314/44/6956 4313/45/6956
f 4307/52/6957 4308/39/6957 4309/39/6957
f 4303/38/6958 4304/41/6958 4305/42/6958
f 4316/46/6959 4313/45/6959 4314/44/6959
f 4366/1/6960 4367/1/6960 4458/2/6960
f 4373/3/6961 4372/3/6961 4452/4/6961
f 4372/3/6962 4373/3/6962 4434/5/6962
f 4367/1/6963 4366/1/6963 4462/6/6963
f 4383/7/6964 4370/8/6964 4380/9/6964
f 4382/7/6965 4367/1/6965 4381/9/6965
f 4369/10/6966 4382/7/6966 4379/11/6966
f 4372/3/6967 4383/7/6967 4378/11/6967
f 4377/12/6968 4448/13/6968 4386/14/6968
f 4374/15/6969 4456/16/6969 4368/10/6969
f 4368/10/6970 4383/7/6970 4374/15/6970
f 4373/3/6971 4382/7/6971 4377/12/6971
f 4382/7/6972 4371/8/6972 4377/12/6972
f 4383/7/6973 4366/1/6973 4374/15/6973
f 4381/9/6974 4447/17/6974 4371/8/6974
f 4379/11/6975 4455/18/6975 4369/10/6975
f 4387/19/6976 4390/20/6976 4386/14/6976
f 4377/12/6977 4434/5/6977 4373/3/6977
f 4371/8/6978 4370/8/6978 4448/13/6978
f 4372/3/6979 4385/21/6979 4376/22/6979
f 4370/8/6980 4385/21/6980 4448/13/6980
f 4389/23/6981 4450/24/6981 4391/25/6981
f 4389/23/6982 4392/26/6982 4394/27/6982
f 4386/14/6983 4451/28/6983 4384/29/6983
f 4384/29/6984 4389/23/6984 4385/21/6984
f 4387/19/6985 4389/23/6985 4449/30/6985
f 4395/31/6986 4397/32/6986 4393/33/6986
f 4391/25/6987 4395/31/6987 4390/20/6987
f 4390/20/6988 4392/26/6988 4388/34/6988
f 4393/33/6989 4398/35/6989 4394/27/6989
f 4396/36/6990 4398/35/6990 4399/37/6990
f 4396/36/6991 4398/35/6991 4395/31/6991
f 4400/38/6992 4406/39/6992 4454/40/6992
f 4368/10/6993 4401/41/6993 4378/11/6993
f 4372/3/6994 4401/41/6994 4452/4/6994
f 4379/11/6995 4452/4/6995 4402/42/6995
f 4368/10/6996 4369/10/6996 4455/18/6996
f 4408/43/6997 4411/44/6997 4406/39/6997
f 4408/43/6998 4410/45/6998 4413/46/6998
f 4400/38/6999 4405/39/6999 4401/41/6999
f 4403/47/7000 4405/39/7000 4407/48/7000
f 4403/47/7001 4406/39/7001 4402/42/7001
f 4411/44/7002 4414/49/7002 4409/50/7002
f 4410/45/7003 4453/51/7003 4411/44/7003
f 4406/39/7004 4453/51/7004 4404/52/7004
f 4405/39/7005 4453/51/7005 4410/45/7005
f 4410/45/7006 4414/49/7006 4415/53/7006
f 4410/45/7007 4416/54/7007 4412/55/7007
f 4411/44/7008 4416/54/7008 4415/53/7008
f 4409/50/7009 4410/45/7009 4411/44/7009
f 4417/56/7010 4424/57/7010 4420/58/7010
f 4420/58/7011 4459/59/7011 4418/60/7011
f 4380/9/7012 4447/17/7012 4419/58/7012
f 4366/1/7013 4419/58/7013 4462/6/7013
f 4381/9/7014 4462/6/7014 4420/58/7014
f 4370/8/7015 4371/8/7015 4447/17/7015
f 4423/61/7016 4426/62/7016 4427/63/7016
f 4421/64/7017 4427/63/7017 4461/65/7017
f 4417/56/7018 4423/61/7018 4446/66/7018
f 4419/58/7019 4459/59/7019 4423/61/7019
f 4428/67/7020 4429/68/7020 4431/69/7020
f 4424/57/7021 4426/62/7021 4422/70/7021
f 4424/57/7022 4461/65/7022 4428/67/7022
f 4427/63/7023 4429/68/7023 4425/71/7023
f 4460/72/7024 4431/69/7024 4427/63/7024
f 4432/73/7025 4457/74/7025 4436/75/7025
f 4375/15/7026 4458/2/7026 4367/1/7026
f 4375/15/7027 4456/16/7027 4435/73/7027
f 4374/15/7028 4458/2/7028 4432/73/7028
f 4369/10/7029 4368/10/7029 4456/16/7029
f 4440/76/7030 4443/77/7030 4439/78/7030
f 4437/79/7031 4443/77/7031 4442/80/7031
f 4436/75/7032 4440/76/7032 4435/73/7032
f 4432/73/7033 4438/81/7033 4437/79/7033
f 4433/82/7034 4440/76/7034 4438/81/7034
f 4437/79/7035 4445/83/7035 4441/84/7035
f 4440/76/7036 4445/83/7036 4444/85/7036
f 4444/85/7037 4442/80/7037 4443/77/7037
f 4462/6/7038 4419/58/7038 4420/58/7038
f 4447/17/7039 4420/58/7039 4419/58/7039
f 4448/13/7040 4385/21/7040 4386/14/7040
f 4449/30/7041 4389/23/7041 4390/20/7041
f 4450/24/7042 4394/27/7042 4395/31/7042
f 4459/59/7043 4424/57/7043 4423/61/7043
f 4426/62/7044 4428/67/7044 4427/63/7044
f 4446/66/7045 4423/61/7045 4424/57/7045
f 4461/65/7046 4427/63/7046 4428/67/7046
f 4458/2/7047 4435/73/7047 4432/73/7047
f 4438/81/7048 4440/76/7048 4437/79/7048
f 4457/74/7048 4437/79/7048 4440/76/7048
f 4456/16/7049 4432/73/7049 4435/73/7049
f 4455/18/7050 4402/42/7050 4401/41/7050
f 4452/4/7051 4401/41/7051 4402/42/7051
f 4454/40/7052 4406/39/7052 4405/39/7052
f 4407/48/7053 4405/39/7053 4406/39/7053
f 4436/75/7054 4435/73/7054 4432/73/7054
f 4437/79/7055 4441/84/7055 4440/76/7055
f 4433/82/7056 4432/73/7056 4435/73/7056
f 4439/78/7057 4437/79/7057 4440/76/7057
f 4417/56/7058 4420/58/7058 4419/58/7058
f 4423/61/7059 4421/64/7059 4424/57/7059
f 4427/63/7060 4425/71/7060 4428/67/7060
f 4420/58/7061 4418/60/7061 4419/58/7061
f 4422/70/7062 4423/61/7062 4424/57/7062
f 4460/72/7063 4427/63/7063 4428/67/7063
f 4396/36/7064 4395/31/7064 4394/27/7064
f 4391/25/7065 4390/20/7065 4389/23/7065
f 4387/19/7066 4386/14/7066 4385/21/7066
f 4392/26/7067 4395/31/7067 4394/27/7067
f 4389/23/7068 4451/28/7068 4390/20/7068
f 4395/31/7069 4393/33/7069 4394/27/7069
f 4388/34/7070 4389/23/7070 4390/20/7070
f 4386/14/7071 4384/29/7071 4385/21/7071
f 4385/21/7040 4434/5/7040 4386/14/7040
f 4401/41/7072 4403/47/7072 4402/42/7072
f 4405/39/7073 4408/43/7073 4406/39/7073
f 4412/55/7074 4411/44/7074 4410/45/7074
f 4404/52/7075 4405/39/7075 4406/39/7075
f 4400/38/7076 4401/41/7076 4402/42/7076
f 4413/46/7077 4410/45/7077 4411/44/7077
f 3510/7/7078 3503/22/7078 3497/8/7078
f 3509/7/7079 3502/15/7079 3494/1/7079
f 3496/10/7080 3502/15/7080 3509/7/7080
f 3499/3/7081 3503/22/7081 3510/7/7081
f 3504/12/7082 3498/8/7082 3575/13/7082
f 3501/15/7083 3559/73/7083 3583/16/7083
f 3495/10/7084 3505/11/7084 3510/7/7084
f 3500/3/7085 3506/11/7085 3509/7/7085
f 3509/7/7086 3508/9/7086 3498/8/7086
f 3510/7/7087 3507/9/7087 3493/1/7087
f 3508/9/7088 3547/58/7088 3574/17/7088
f 3506/11/7089 3529/42/7089 3582/18/7089
f 3514/19/7090 3576/30/7090 3517/20/7090
f 3504/12/7091 3513/14/7091 3561/5/7091
f 3499/3/7092 3561/5/7092 3512/21/7092
f 3497/8/7093 3503/22/7093 3512/21/7093
f 3516/23/7094 3521/27/7094 3577/24/7094
f 3516/23/7095 3515/34/7095 3519/26/7095
f 3513/14/7096 3517/20/7096 3578/28/7096
f 3511/29/7097 3578/28/7097 3516/23/7097
f 3514/19/7098 3512/21/7098 3516/23/7098
f 3522/31/7099 3525/35/7099 3524/32/7099
f 3518/25/7100 3577/24/7100 3522/31/7100
f 3517/20/7101 3522/31/7101 3519/26/7101
f 3520/33/7102 3524/32/7102 3525/35/7102
f 3523/36/7103 3521/27/7103 3525/35/7103
f 3527/38/7104 3529/42/7104 3533/39/7104
f 3495/10/7105 3582/18/7105 3528/41/7105
f 3499/3/7106 3505/11/7106 3528/41/7106
f 3506/11/7107 3500/3/7107 3579/4/7107
f 3535/43/7108 3540/46/7108 3538/44/7108
f 3535/43/7109 3532/39/7109 3537/45/7109
f 3527/38/7110 3581/40/7110 3532/39/7110
f 3530/47/7111 3528/41/7111 3532/39/7111
f 3530/47/7112 3534/48/7112 3533/39/7112
f 3538/44/7113 3542/53/7113 3541/49/7113
f 3533/39/7114 3538/44/7114 3580/51/7114
f 3532/39/7115 3531/52/7115 3580/51/7115
f 3537/45/7116 3536/50/7116 3541/49/7116
f 3537/45/7117 3542/53/7117 3543/54/7117
f 3538/44/7118 3539/55/7118 3543/54/7118
f 3544/56/7119 3573/66/7119 3551/57/7119
f 3547/58/7120 3551/57/7120 3586/59/7120
f 3507/9/7121 3497/8/7121 3574/17/7121
f 3493/1/7122 3507/9/7122 3546/58/7122
f 3508/9/7123 3494/1/7123 3589/6/7123
f 3550/61/7124 3549/70/7124 3553/62/7124
f 3548/64/7125 3550/61/7125 3554/63/7125
f 3544/56/7126 3546/58/7126 3550/61/7126
f 3546/58/7127 3545/60/7127 3586/59/7127
f 3555/67/7128 3552/71/7128 3556/68/7128
f 3551/57/7129 3555/67/7129 3553/62/7129
f 3551/57/7130 3548/64/7130 3588/65/7130
f 3554/63/7131 3558/69/7131 3556/68/7131
f 3587/72/7132 3557/86/7132 3558/69/7132
f 3587/72/7133 3555/67/7133 3558/69/7133
f 3559/73/7134 3564/79/7134 3584/74/7134
f 3502/15/7135 3562/73/7135 3585/2/7135
f 3502/15/7136 3496/10/7136 3583/16/7136
f 3501/15/7137 3493/1/7137 3585/2/7137
f 3567/76/7138 3571/85/7138 3570/77/7138
f 3564/79/7139 3566/78/7139 3570/77/7139
f 3563/75/7140 3584/74/7140 3567/76/7140
f 3559/73/7141 3560/82/7141 3565/81/7141
f 3560/82/7142 3562/73/7142 3567/76/7142
f 3564/79/7143 3569/80/7143 3572/83/7143
f 3567/76/7144 3568/84/7144 3572/83/7144
f 3571/85/7145 3572/83/7145 3569/80/7145
f 3607/7/7146 3600/22/7146 3594/8/7146
f 3606/7/7147 3599/15/7147 3591/1/7147
f 3593/10/7148 3599/15/7148 3606/7/7148
f 3596/3/7149 3600/22/7149 3607/7/7149
f 3601/12/7150 3595/8/7150 3672/13/7150
f 3598/15/7151 3656/73/7151 3680/16/7151
f 3592/10/7152 3602/11/7152 3607/7/7152
f 3597/3/7153 3603/11/7153 3606/7/7153
f 3606/7/7154 3605/9/7154 3595/8/7154
f 3607/7/7155 3604/9/7155 3590/1/7155
f 3605/9/7156 3644/58/7156 3671/17/7156
f 3603/11/7157 3626/42/7157 3679/18/7157
f 3611/19/7158 3673/30/7158 3614/20/7158
f 3601/12/7159 3610/14/7159 3658/5/7159
f 3596/3/7160 3658/5/7160 3609/21/7160
f 3594/8/7161 3600/22/7161 3609/21/7161
f 3613/23/7162 3618/27/7162 3674/24/7162
f 3613/23/7163 3612/34/7163 3616/26/7163
f 3610/14/7164 3614/20/7164 3675/28/7164
f 3608/29/7165 3675/28/7165 3613/23/7165
f 3611/19/7166 3609/21/7166 3613/23/7166
f 3619/31/7167 3622/35/7167 3621/32/7167
f 3615/25/7168 3674/24/7168 3619/31/7168
f 3614/20/7169 3619/31/7169 3616/26/7169
f 3617/33/7170 3621/32/7170 3622/35/7170
f 3620/36/7171 3618/27/7171 3622/35/7171
f 3624/38/7172 3626/42/7172 3630/39/7172
f 3592/10/7173 3679/18/7173 3625/41/7173
f 3596/3/7174 3602/11/7174 3625/41/7174
f 3603/11/7175 3597/3/7175 3676/4/7175
f 3632/43/7176 3637/46/7176 3635/44/7176
f 3632/43/7177 3629/39/7177 3634/45/7177
f 3624/38/7178 3678/40/7178 3629/39/7178
f 3627/47/7179 3625/41/7179 3629/39/7179
f 3627/47/7180 3631/48/7180 3630/39/7180
f 3635/44/7181 3639/53/7181 3638/49/7181
f 3630/39/7182 3635/44/7182 3677/51/7182
f 3629/39/7183 3628/52/7183 3677/51/7183
f 3634/45/7184 3633/50/7184 3638/49/7184
f 3634/45/7185 3639/53/7185 3640/54/7185
f 3635/44/7186 3636/55/7186 3640/54/7186
f 3641/56/7187 3670/66/7187 3648/57/7187
f 3644/58/7188 3648/57/7188 3683/59/7188
f 3604/9/7189 3594/8/7189 3671/17/7189
f 3590/1/7190 3604/9/7190 3643/58/7190
f 3605/9/7191 3591/1/7191 3686/6/7191
f 3647/61/7192 3646/70/7192 3650/62/7192
f 3645/64/7193 3647/61/7193 3651/63/7193
f 3641/56/7194 3643/58/7194 3647/61/7194
f 3643/58/7195 3642/60/7195 3683/59/7195
f 3652/67/7196 3649/71/7196 3653/68/7196
f 3648/57/7197 3652/67/7197 3650/62/7197
f 3648/57/7198 3645/64/7198 3685/65/7198
f 3651/63/7199 3655/69/7199 3653/68/7199
f 3684/72/7200 3655/69/7200 3654/86/7200
f 3684/72/7201 3652/67/7201 3655/69/7201
f 3656/73/7202 3661/79/7202 3681/74/7202
f 3599/15/7203 3659/73/7203 3682/2/7203
f 3599/15/7204 3593/10/7204 3680/16/7204
f 3598/15/7205 3590/1/7205 3682/2/7205
f 3664/76/7206 3668/85/7206 3667/77/7206
f 3661/79/7207 3663/78/7207 3667/77/7207
f 3660/75/7208 3681/74/7208 3664/76/7208
f 3656/73/6142 3657/82/6142 3662/81/6142
f 3657/82/7209 3659/73/7209 3664/76/7209
f 3661/79/7210 3666/80/7210 3669/83/7210
f 3664/76/7211 3665/84/7211 3669/83/7211
f 3668/85/6146 3669/83/6146 3666/80/6146
f 3704/7/7212 3697/22/7212 3691/8/7212
f 3703/7/7213 3696/15/7213 3688/1/7213
f 3690/10/7214 3696/15/7214 3703/7/7214
f 3693/3/7215 3697/22/7215 3704/7/7215
f 3698/12/7216 3692/8/7216 3769/13/7216
f 3695/15/7217 3753/73/7217 3777/16/7217
f 3689/10/7218 3699/11/7218 3704/7/7218
f 3694/3/7219 3700/11/7219 3703/7/7219
f 3703/7/7220 3702/9/7220 3692/8/7220
f 3704/7/7221 3701/9/7221 3687/1/7221
f 3702/9/7222 3741/58/7222 3768/17/7222
f 3700/11/7223 3723/42/7223 3776/18/7223
f 3708/19/7224 3770/30/7224 3711/20/7224
f 3698/12/7225 3707/14/7225 3755/5/7225
f 3693/3/7226 3755/5/7226 3706/21/7226
f 3691/8/7227 3697/22/7227 3706/21/7227
f 3710/23/7228 3715/27/7228 3771/24/7228
f 3710/23/7229 3709/34/7229 3713/26/7229
f 3707/14/7230 3711/20/7230 3772/28/7230
f 3705/29/7231 3772/28/7231 3710/23/7231
f 3708/19/7232 3706/21/7232 3710/23/7232
f 3716/31/7233 3719/35/7233 3718/32/7233
f 3712/25/7234 3771/24/7234 3716/31/7234
f 3711/20/7235 3716/31/7235 3713/26/7235
f 3714/33/7236 3718/32/7236 3719/35/7236
f 3717/36/7237 3715/27/7237 3719/35/7237
f 3721/38/7238 3723/42/7238 3727/39/7238
f 3689/10/7239 3776/18/7239 3722/41/7239
f 3693/3/7240 3699/11/7240 3722/41/7240
f 3700/11/7241 3694/3/7241 3773/4/7241
f 3729/43/7242 3734/46/7242 3732/44/7242
f 3729/43/7243 3726/39/7243 3731/45/7243
f 3721/38/7244 3775/40/7244 3726/39/7244
f 3724/47/7245 3722/41/7245 3726/39/7245
f 3724/47/7246 3728/48/7246 3727/39/7246
f 3732/44/6236 3736/53/6236 3735/49/6236
f 3727/39/7247 3732/44/7247 3774/51/7247
f 3726/39/7248 3725/52/7248 3774/51/7248
f 3731/45/7249 3730/50/7249 3735/49/7249
f 3731/45/6234 3736/53/6234 3737/54/6234
f 3732/44/7250 3733/55/7250 3737/54/7250
f 3738/56/7251 3767/66/7251 3745/57/7251
f 3741/58/7252 3745/57/7252 3780/59/7252
f 3701/9/7253 3691/8/7253 3768/17/7253
f 3687/1/7254 3701/9/7254 3740/58/7254
f 3702/9/7255 3688/1/7255 3783/6/7255
f 3744/61/7256 3743/70/7256 3747/62/7256
f 3742/64/7257 3744/61/7257 3748/63/7257
f 3738/56/7258 3740/58/7258 3744/61/7258
f 3740/58/7259 3739/60/7259 3780/59/7259
f 3749/67/7260 3746/71/7260 3750/68/7260
f 3745/57/7261 3749/67/7261 3747/62/7261
f 3745/57/7262 3742/64/7262 3782/65/7262
f 3748/63/7263 3752/69/7263 3750/68/7263
f 3781/72/7264 3752/69/7264 3751/86/7264
f 3781/72/7265 3749/67/7265 3752/69/7265
f 3753/73/7266 3758/79/7266 3778/74/7266
f 3696/15/7267 3756/73/7267 3779/2/7267
f 3696/15/7268 3690/10/7268 3777/16/7268
f 3695/15/7269 3687/1/7269 3779/2/7269
f 3761/76/7270 3765/85/7270 3764/77/7270
f 3758/79/7271 3760/78/7271 3764/77/7271
f 3757/75/7272 3778/74/7272 3761/76/7272
f 3753/73/6261 3754/82/6261 3759/81/6261
f 3754/82/7273 3756/73/7273 3761/76/7273
f 3758/79/7274 3763/80/7274 3766/83/7274
f 3761/76/7275 3762/84/7275 3766/83/7275
f 3765/85/6265 3766/83/6265 3763/80/6265
f 3801/7/7276 3794/22/7276 3788/8/7276
f 3800/7/7277 3793/15/7277 3785/1/7277
f 3787/10/7278 3793/15/7278 3800/7/7278
f 3790/3/7279 3794/22/7279 3801/7/7279
f 3795/12/7280 3789/8/7280 3866/13/7280
f 3792/15/7281 3850/73/7281 3874/16/7281
f 3786/10/7282 3796/11/7282 3801/7/7282
f 3791/3/7283 3797/11/7283 3800/7/7283
f 3800/7/7284 3799/9/7284 3789/8/7284
f 3801/7/7285 3798/9/7285 3784/1/7285
f 3799/9/7286 3838/58/7286 3865/17/7286
f 3797/11/7287 3820/42/7287 3873/18/7287
f 3805/19/7288 3867/30/7288 3808/20/7288
f 3795/12/7289 3804/14/7289 3852/5/7289
f 3790/3/7290 3852/5/7290 3803/21/7290
f 3788/8/7291 3794/22/7291 3803/21/7291
f 3807/23/7292 3812/27/7292 3868/24/7292
f 3807/23/7293 3806/34/7293 3810/26/7293
f 3804/14/7294 3808/20/7294 3869/28/7294
f 3802/29/7295 3869/28/7295 3807/23/7295
f 3805/19/7296 3803/21/7296 3807/23/7296
f 3813/31/7297 3816/35/7297 3815/32/7297
f 3809/25/7298 3868/24/7298 3813/31/7298
f 3808/20/7299 3813/31/7299 3810/26/7299
f 3811/33/7300 3815/32/7300 3816/35/7300
f 3814/36/7301 3812/27/7301 3816/35/7301
f 3818/38/7302 3820/42/7302 3824/39/7302
f 3786/10/7303 3873/18/7303 3819/41/7303
f 3790/3/7304 3796/11/7304 3819/41/7304
f 3797/11/7305 3791/3/7305 3870/4/7305
f 3826/43/7306 3831/46/7306 3829/44/7306
f 3826/43/7307 3823/39/7307 3828/45/7307
f 3818/38/7308 3872/40/7308 3823/39/7308
f 3821/47/7309 3819/41/7309 3823/39/7309
f 3821/47/7310 3825/48/7310 3824/39/7310
f 3829/44/7311 3833/53/7311 3832/49/7311
f 3824/39/7312 3829/44/7312 3871/51/7312
f 3823/39/7313 3822/52/7313 3871/51/7313
f 3828/45/7314 3827/50/7314 3832/49/7314
f 3828/45/7315 3833/53/7315 3834/54/7315
f 3829/44/7316 3830/55/7316 3834/54/7316
f 3835/56/7317 3864/66/7317 3842/57/7317
f 3838/58/7318 3842/57/7318 3877/59/7318
f 3798/9/7319 3788/8/7319 3865/17/7319
f 3784/1/7320 3798/9/7320 3837/58/7320
f 3799/9/7321 3785/1/7321 3880/6/7321
f 3841/61/7322 3840/70/7322 3844/62/7322
f 3839/64/7323 3841/61/7323 3845/63/7323
f 3835/56/7324 3837/58/7324 3841/61/7324
f 3837/58/7325 3836/60/7325 3877/59/7325
f 3846/67/7326 3843/71/7326 3847/68/7326
f 3842/57/7327 3846/67/7327 3844/62/7327
f 3842/57/7328 3839/64/7328 3879/65/7328
f 3845/63/7329 3849/69/7329 3847/68/7329
f 3878/72/7330 3848/86/7330 3849/69/7330
f 3878/72/7331 3846/67/7331 3849/69/7331
f 3850/73/7332 3855/79/7332 3875/74/7332
f 3793/15/7333 3853/73/7333 3876/2/7333
f 3793/15/7334 3787/10/7334 3874/16/7334
f 3792/15/7335 3784/1/7335 3876/2/7335
f 3858/76/7336 3862/85/7336 3861/77/7336
f 3855/79/7337 3857/78/7337 3861/77/7337
f 3854/75/7338 3875/74/7338 3858/76/7338
f 3850/73/6379 3851/82/6379 3856/81/6379
f 3851/82/7339 3853/73/7339 3858/76/7339
f 3855/79/7340 3860/80/7340 3863/83/7340
f 3858/76/7341 3859/84/7341 3863/83/7341
f 3862/85/6383 3863/83/6383 3860/80/6383
f 3898/7/7342 3891/22/7342 3885/8/7342
f 3897/7/7343 3890/15/7343 3882/1/7343
f 3884/10/7344 3890/15/7344 3897/7/7344
f 3887/3/7345 3891/22/7345 3898/7/7345
f 3892/12/7346 3886/8/7346 3963/13/7346
f 3889/15/7347 3947/73/7347 3971/16/7347
f 3883/10/7348 3893/11/7348 3898/7/7348
f 3888/3/7349 3894/11/7349 3897/7/7349
f 3897/7/7350 3896/9/7350 3886/8/7350
f 3898/7/7351 3895/9/7351 3881/1/7351
f 3896/9/7352 3935/58/7352 3962/17/7352
f 3894/11/7353 3917/42/7353 3970/18/7353
f 3902/19/7354 3964/30/7354 3905/20/7354
f 3892/12/7355 3901/14/7355 3949/5/7355
f 3887/3/7356 3949/5/7356 3900/21/7356
f 3885/8/7357 3891/22/7357 3900/21/7357
f 3904/23/7358 3909/27/7358 3965/24/7358
f 3904/23/7359 3903/34/7359 3907/26/7359
f 3901/14/7360 3905/20/7360 3966/28/7360
f 3899/29/7361 3966/28/7361 3904/23/7361
f 3902/19/7362 3900/21/7362 3904/23/7362
f 3910/31/7363 3913/35/7363 3912/32/7363
f 3906/25/7364 3965/24/7364 3910/31/7364
f 3905/20/7365 3910/31/7365 3907/26/7365
f 3908/33/7366 3912/32/7366 3913/35/7366
f 3911/36/7367 3909/27/7367 3913/35/7367
f 3915/38/7368 3917/42/7368 3921/39/7368
f 3883/10/7369 3970/18/7369 3916/41/7369
f 3887/3/7370 3893/11/7370 3916/41/7370
f 3894/11/7371 3888/3/7371 3967/4/7371
f 3923/43/7372 3928/46/7372 3926/44/7372
f 3923/43/7373 3920/39/7373 3925/45/7373
f 3915/38/7374 3969/40/7374 3920/39/7374
f 3918/47/7375 3916/41/7375 3920/39/7375
f 3918/47/7376 3922/48/7376 3921/39/7376
f 3926/44/7377 3930/53/7377 3929/49/7377
f 3921/39/7378 3926/44/7378 3968/51/7378
f 3920/39/7379 3919/52/7379 3968/51/7379
f 3925/45/7380 3924/50/7380 3929/49/7380
f 3925/45/6472 3930/53/6472 3931/54/6472
f 3926/44/7381 3927/55/7381 3931/54/7381
f 3932/56/7382 3961/66/7382 3939/57/7382
f 3935/58/7383 3939/57/7383 3974/59/7383
f 3895/9/7384 3885/8/7384 3962/17/7384
f 3881/1/7385 3895/9/7385 3934/58/7385
f 3896/9/7386 3882/1/7386 3977/6/7386
f 3938/61/7387 3937/70/7387 3941/62/7387
f 3936/64/7388 3938/61/7388 3942/63/7388
f 3932/56/7389 3934/58/7389 3938/61/7389
f 3934/58/7390 3933/60/7390 3974/59/7390
f 3943/67/7391 3940/71/7391 3944/68/7391
f 3939/57/7392 3943/67/7392 3941/62/7392
f 3939/57/7393 3936/64/7393 3976/65/7393
f 3942/63/7394 3946/69/7394 3944/68/7394
f 3975/72/7395 3946/69/7395 3945/86/7395
f 3975/72/7396 3943/67/7396 3946/69/7396
f 3947/73/7397 3952/79/7397 3972/74/7397
f 3890/15/7398 3950/73/7398 3973/2/7398
f 3890/15/7399 3884/10/7399 3971/16/7399
f 3889/15/7400 3881/1/7400 3973/2/7400
f 3955/76/7401 3959/85/7401 3958/77/7401
f 3952/79/7402 3954/78/7402 3958/77/7402
f 3951/75/7403 3972/74/7403 3955/76/7403
f 3947/73/7404 3948/82/7404 3953/81/7404
f 3948/82/7405 3950/73/7405 3955/76/7405
f 3952/79/7406 3957/80/7406 3960/83/7406
f 3955/76/7407 3956/84/7407 3960/83/7407
f 3959/85/7408 3960/83/7408 3957/80/7408
f 3995/7/7409 3988/22/7409 3982/8/7409
f 3994/7/7410 3987/15/7410 3979/1/7410
f 3981/10/7411 3987/15/7411 3994/7/7411
f 3984/3/7412 3988/22/7412 3995/7/7412
f 3989/12/7413 3983/8/7413 4060/13/7413
f 3986/15/7414 4044/73/7414 4068/16/7414
f 3980/10/7415 3990/11/7415 3995/7/7415
f 3985/3/7416 3991/11/7416 3994/7/7416
f 3994/7/7417 3993/9/7417 3983/8/7417
f 3995/7/7418 3992/9/7418 3978/1/7418
f 3993/9/7419 4032/58/7419 4059/17/7419
f 3991/11/7420 4014/42/7420 4067/18/7420
f 3999/19/7421 4061/30/7421 4002/20/7421
f 3989/12/7422 3998/14/7422 4046/5/7422
f 3984/3/7423 4046/5/7423 3997/21/7423
f 3982/8/7424 3988/22/7424 3997/21/7424
f 4001/23/7425 4006/27/7425 4062/24/7425
f 4001/23/7426 4000/34/7426 4004/26/7426
f 3998/14/7427 4002/20/7427 4063/28/7427
f 3996/29/7428 4063/28/7428 4001/23/7428
f 3999/19/7429 3997/21/7429 4001/23/7429
f 4007/31/7430 4010/35/7430 4009/32/7430
f 4003/25/7431 4062/24/7431 4007/31/7431
f 4002/20/7432 4007/31/7432 4004/26/7432
f 4005/33/7433 4009/32/7433 4010/35/7433
f 4008/36/7434 4006/27/7434 4010/35/7434
f 4012/38/7435 4014/42/7435 4018/39/7435
f 3980/10/7436 4067/18/7436 4013/41/7436
f 3984/3/7437 3990/11/7437 4013/41/7437
f 3991/11/7438 3985/3/7438 4064/4/7438
f 4020/43/7439 4025/46/7439 4023/44/7439
f 4020/43/7440 4017/39/7440 4022/45/7440
f 4012/38/7441 4066/40/7441 4017/39/7441
f 4015/47/7442 4013/41/7442 4017/39/7442
f 4015/47/7443 4019/48/7443 4018/39/7443
f 4023/44/6593 4027/53/6593 4026/49/6593
f 4018/39/7444 4023/44/7444 4065/51/7444
f 4017/39/7445 4016/52/7445 4065/51/7445
f 4022/45/7446 4021/50/7446 4026/49/7446
f 4022/45/6591 4027/53/6591 4028/54/6591
f 4023/44/7447 4024/55/7447 4028/54/7447
f 4029/56/7448 4058/66/7448 4036/57/7448
f 4032/58/7449 4036/57/7449 4071/59/7449
f 3992/9/7450 3982/8/7450 4059/17/7450
f 3978/1/7451 3992/9/7451 4031/58/7451
f 3993/9/7452 3979/1/7452 4074/6/7452
f 4035/61/7453 4034/70/7453 4038/62/7453
f 4033/64/7454 4035/61/7454 4039/63/7454
f 4029/56/7455 4031/58/7455 4035/61/7455
f 4031/58/7456 4030/60/7456 4071/59/7456
f 4040/67/7457 4037/71/7457 4041/68/7457
f 4036/57/7458 4040/67/7458 4038/62/7458
f 4036/57/7459 4033/64/7459 4073/65/7459
f 4039/63/7460 4043/69/7460 4041/68/7460
f 4072/72/7461 4042/86/7461 4043/69/7461
f 4072/72/7462 4040/67/7462 4043/69/7462
f 4044/73/7463 4049/79/7463 4069/74/7463
f 3987/15/7464 4047/73/7464 4070/2/7464
f 3987/15/7465 3981/10/7465 4068/16/7465
f 3986/15/7466 3978/1/7466 4070/2/7466
f 4052/76/7467 4056/85/7467 4055/77/7467
f 4049/79/7468 4051/78/7468 4055/77/7468
f 4048/75/7469 4069/74/7469 4052/76/7469
f 4044/73/7470 4045/82/7470 4050/81/7470
f 4045/82/7471 4047/73/7471 4052/76/7471
f 4049/79/7472 4054/80/7472 4057/83/7472
f 4052/76/7473 4053/84/7473 4057/83/7473
f 4056/85/7474 4057/83/7474 4054/80/7474
f 4092/7/7475 4085/22/7475 4079/8/7475
f 4091/7/7476 4084/15/7476 4076/1/7476
f 4078/10/7477 4084/15/7477 4091/7/7477
f 4081/3/7478 4085/22/7478 4092/7/7478
f 4086/12/7479 4080/8/7479 4157/13/7479
f 4083/15/7480 4141/73/7480 4165/16/7480
f 4077/10/7481 4087/11/7481 4092/7/7481
f 4082/3/7482 4088/11/7482 4091/7/7482
f 4091/7/7483 4090/9/7483 4080/8/7483
f 4092/7/7484 4089/9/7484 4075/1/7484
f 4090/9/7485 4129/58/7485 4156/17/7485
f 4088/11/7486 4111/42/7486 4164/18/7486
f 4096/19/7487 4158/30/7487 4099/20/7487
f 4086/12/7488 4095/14/7488 4143/5/7488
f 4081/3/7489 4143/5/7489 4094/21/7489
f 4079/8/7490 4085/22/7490 4094/21/7490
f 4098/23/7491 4103/27/7491 4159/24/7491
f 4098/23/7492 4097/34/7492 4101/26/7492
f 4095/14/7493 4099/20/7493 4160/28/7493
f 4093/29/7494 4160/28/7494 4098/23/7494
f 4096/19/7495 4094/21/7495 4098/23/7495
f 4104/31/7496 4107/35/7496 4106/32/7496
f 4100/25/7497 4159/24/7497 4104/31/7497
f 4099/20/7498 4104/31/7498 4101/26/7498
f 4102/33/7499 4106/32/7499 4107/35/7499
f 4105/36/7500 4103/27/7500 4107/35/7500
f 4109/38/7501 4111/42/7501 4115/39/7501
f 4077/10/7502 4164/18/7502 4110/41/7502
f 4081/3/7503 4087/11/7503 4110/41/7503
f 4088/11/7504 4082/3/7504 4161/4/7504
f 4117/43/7505 4122/46/7505 4120/44/7505
f 4117/43/7506 4114/39/7506 4119/45/7506
f 4109/38/7507 4163/40/7507 4114/39/7507
f 4112/47/7508 4110/41/7508 4114/39/7508
f 4112/47/7509 4116/48/7509 4115/39/7509
f 4120/44/7510 4124/53/7510 4123/49/7510
f 4115/39/7511 4120/44/7511 4162/51/7511
f 4114/39/7512 4113/52/7512 4162/51/7512
f 4119/45/7513 4118/50/7513 4123/49/7513
f 4119/45/6711 4124/53/6711 4125/54/6711
f 4120/44/7514 4121/55/7514 4125/54/7514
f 4126/56/7515 4155/66/7515 4133/57/7515
f 4129/58/7516 4133/57/7516 4168/59/7516
f 4089/9/7517 4079/8/7517 4156/17/7517
f 4075/1/7518 4089/9/7518 4128/58/7518
f 4090/9/7519 4076/1/7519 4171/6/7519
f 4132/61/7520 4131/70/7520 4135/62/7520
f 4130/64/7521 4132/61/7521 4136/63/7521
f 4126/56/7522 4128/58/7522 4132/61/7522
f 4128/58/7523 4127/60/7523 4168/59/7523
f 4137/67/7524 4134/71/7524 4138/68/7524
f 4133/57/7525 4137/67/7525 4135/62/7525
f 4133/57/7526 4130/64/7526 4170/65/7526
f 4136/63/7527 4140/69/7527 4138/68/7527
f 4169/72/7528 4140/69/7528 4139/86/7528
f 4169/72/7529 4137/67/7529 4140/69/7529
f 4141/73/7530 4146/79/7530 4166/74/7530
f 4084/15/7531 4144/73/7531 4167/2/7531
f 4084/15/7532 4078/10/7532 4165/16/7532
f 4083/15/7533 4075/1/7533 4167/2/7533
f 4149/76/7534 4153/85/7534 4152/77/7534
f 4146/79/7535 4148/78/7535 4152/77/7535
f 4145/75/7536 4166/74/7536 4149/76/7536
f 4141/73/6738 4142/82/6738 4147/81/6738
f 4142/82/7537 4144/73/7537 4149/76/7537
f 4146/79/7538 4151/80/7538 4154/83/7538
f 4149/76/7539 4150/84/7539 4154/83/7539
f 4153/85/7540 4154/83/7540 4151/80/7540
f 4189/7/7541 4182/22/7541 4176/8/7541
f 4188/7/7542 4181/15/7542 4173/1/7542
f 4175/10/7477 4181/15/7477 4188/7/7477
f 4178/3/7478 4182/22/7478 4189/7/7478
f 4183/12/7543 4177/8/7543 4254/13/7543
f 4180/15/7480 4238/73/7480 4262/16/7480
f 4174/10/7544 4184/11/7544 4189/7/7544
f 4179/3/7482 4185/11/7482 4188/7/7482
f 4188/7/7483 4187/9/7483 4177/8/7483
f 4189/7/7545 4186/9/7545 4172/1/7545
f 4187/9/7485 4226/58/7485 4253/17/7485
f 4185/11/7546 4208/42/7546 4261/18/7546
f 4193/19/7547 4255/30/7547 4196/20/7547
f 4183/12/7488 4192/14/7488 4240/5/7488
f 4178/3/7489 4240/5/7489 4191/21/7489
f 4176/8/7548 4182/22/7548 4191/21/7548
f 4195/23/7549 4200/27/7549 4256/24/7549
f 4195/23/7492 4194/34/7492 4198/26/7492
f 4192/14/7493 4196/20/7493 4257/28/7493
f 4190/29/7494 4257/28/7494 4195/23/7494
f 4193/19/7495 4191/21/7495 4195/23/7495
f 4201/31/7550 4204/35/7550 4203/32/7550
f 4197/25/7497 4256/24/7497 4201/31/7497
f 4196/20/7498 4201/31/7498 4198/26/7498
f 4199/33/7551 4203/32/7551 4204/35/7551
f 4202/36/7552 4200/27/7552 4204/35/7552
f 4206/38/7501 4208/42/7501 4212/39/7501
f 4174/10/7553 4261/18/7553 4207/41/7553
f 4178/3/7554 4184/11/7554 4207/41/7554
f 4185/11/7504 4179/3/7504 4258/4/7504
f 4214/43/7505 4219/46/7505 4217/44/7505
f 4214/43/7555 4211/39/7555 4216/45/7555
f 4206/38/7507 4260/40/7507 4211/39/7507
f 4209/47/7508 4207/41/7508 4211/39/7508
f 4209/47/7509 4213/48/7509 4212/39/7509
f 4217/44/7556 4221/53/7556 4220/49/7556
f 4212/39/7511 4217/44/7511 4259/51/7511
f 4211/39/7512 4210/52/7512 4259/51/7512
f 4216/45/7513 4215/50/7513 4220/49/7513
f 4216/45/6711 4221/53/6711 4222/54/6711
f 4217/44/7557 4218/55/7557 4222/54/7557
f 4223/56/7515 4252/66/7515 4230/57/7515
f 4226/58/7516 4230/57/7516 4265/59/7516
f 4186/9/7558 4176/8/7558 4253/17/7558
f 4172/1/7518 4186/9/7518 4225/58/7518
f 4187/9/7519 4173/1/7519 4268/6/7519
f 4229/61/7559 4228/70/7559 4232/62/7559
f 4227/64/7521 4229/61/7521 4233/63/7521
f 4223/56/7522 4225/58/7522 4229/61/7522
f 4225/58/7523 4224/60/7523 4265/59/7523
f 4234/67/7560 4231/71/7560 4235/68/7560
f 4230/57/7561 4234/67/7561 4232/62/7561
f 4230/57/7526 4227/64/7526 4267/65/7526
f 4233/63/7562 4237/69/7562 4235/68/7562
f 4266/72/7563 4237/69/7563 4236/86/7563
f 4266/72/7564 4234/67/7564 4237/69/7564
f 4238/73/7565 4243/79/7565 4263/74/7565
f 4181/15/7531 4241/73/7531 4264/2/7531
f 4181/15/7532 4175/10/7532 4262/16/7532
f 4180/15/7533 4172/1/7533 4264/2/7533
f 4246/76/7534 4250/85/7534 4249/77/7534
f 4243/79/7535 4245/78/7535 4249/77/7535
f 4242/75/7566 4263/74/7566 4246/76/7566
f 4238/73/6738 4239/82/6738 4244/81/6738
f 4239/82/7567 4241/73/7567 4246/76/7567
f 4243/79/7568 4248/80/7568 4251/83/7568
f 4246/76/7569 4247/84/7569 4251/83/7569
f 4250/85/7570 4251/83/7570 4248/80/7570
f 4286/7/7571 4279/22/7571 4273/8/7571
f 4285/7/7572 4278/15/7572 4270/1/7572
f 4272/10/7573 4278/15/7573 4285/7/7573
f 4275/3/7574 4279/22/7574 4286/7/7574
f 4280/12/7575 4274/8/7575 4351/13/7575
f 4277/15/7576 4335/73/7576 4359/16/7576
f 4271/10/7577 4281/11/7577 4286/7/7577
f 4276/3/7578 4282/11/7578 4285/7/7578
f 4285/7/7579 4284/9/7579 4274/8/7579
f 4286/7/7580 4283/9/7580 4269/1/7580
f 4284/9/7581 4323/58/7581 4350/17/7581
f 4282/11/7582 4305/42/7582 4358/18/7582
f 4290/19/7583 4352/30/7583 4293/20/7583
f 4280/12/7584 4289/14/7584 4337/5/7584
f 4275/3/7585 4337/5/7585 4288/21/7585
f 4273/8/7586 4279/22/7586 4288/21/7586
f 4292/23/7587 4297/27/7587 4353/24/7587
f 4292/23/7588 4291/34/7588 4295/26/7588
f 4289/14/7589 4293/20/7589 4354/28/7589
f 4287/29/7590 4354/28/7590 4292/23/7590
f 4290/19/7591 4288/21/7591 4292/23/7591
f 4298/31/7592 4301/35/7592 4300/32/7592
f 4294/25/7593 4353/24/7593 4298/31/7593
f 4293/20/7594 4298/31/7594 4295/26/7594
f 4296/33/7595 4300/32/7595 4301/35/7595
f 4299/36/7596 4297/27/7596 4301/35/7596
f 4303/38/7597 4305/42/7597 4309/39/7597
f 4271/10/7598 4358/18/7598 4304/41/7598
f 4275/3/7599 4281/11/7599 4304/41/7599
f 4282/11/7600 4276/3/7600 4355/4/7600
f 4311/43/7601 4316/46/7601 4314/44/7601
f 4311/43/7602 4308/39/7602 4313/45/7602
f 4303/38/7603 4357/40/7603 4308/39/7603
f 4306/47/7604 4304/41/7604 4308/39/7604
f 4306/47/7605 4310/48/7605 4309/39/7605
f 4314/44/7606 4318/53/7606 4317/49/7606
f 4309/39/7607 4314/44/7607 4356/51/7607
f 4308/39/7608 4307/52/7608 4356/51/7608
f 4313/45/7609 4312/50/7609 4317/49/7609
f 4313/45/6887 4318/53/6887 4319/54/6887
f 4314/44/7610 4315/55/7610 4319/54/7610
f 4320/56/7611 4349/66/7611 4327/57/7611
f 4323/58/7612 4327/57/7612 4362/59/7612
f 4283/9/7613 4273/8/7613 4350/17/7613
f 4269/1/7614 4283/9/7614 4322/58/7614
f 4284/9/7615 4270/1/7615 4365/6/7615
f 4326/61/7616 4325/70/7616 4329/62/7616
f 4324/64/7617 4326/61/7617 4330/63/7617
f 4320/56/7618 4322/58/7618 4326/61/7618
f 4322/58/7619 4321/60/7619 4362/59/7619
f 4331/67/7620 4328/71/7620 4332/68/7620
f 4327/57/7621 4331/67/7621 4329/62/7621
f 4327/57/7622 4324/64/7622 4364/65/7622
f 4330/63/7623 4334/69/7623 4332/68/7623
f 4363/72/7624 4333/86/7624 4334/69/7624
f 4363/72/7625 4331/67/7625 4334/69/7625
f 4335/73/7626 4340/79/7626 4360/74/7626
f 4278/15/7627 4338/73/7627 4361/2/7627
f 4278/15/7628 4272/10/7628 4359/16/7628
f 4277/15/7629 4269/1/7629 4361/2/7629
f 4343/76/7630 4347/85/7630 4346/77/7630
f 4340/79/7631 4342/78/7631 4346/77/7631
f 4339/75/7632 4360/74/7632 4343/76/7632
f 4335/73/6914 4336/82/6914 4341/81/6914
f 4336/82/7633 4338/73/7633 4343/76/7633
f 4340/79/7634 4345/80/7634 4348/83/7634
f 4343/76/7635 4344/84/7635 4348/83/7635
f 4347/85/7636 4348/83/7636 4345/80/7636
f 4383/7/7637 4376/22/7637 4370/8/7637
f 4382/7/7638 4375/15/7638 4367/1/7638
f 4369/10/7639 4375/15/7639 4382/7/7639
f 4372/3/7640 4376/22/7640 4383/7/7640
f 4377/12/7641 4371/8/7641 4448/13/7641
f 4374/15/7642 4432/73/7642 4456/16/7642
f 4368/10/7643 4378/11/7643 4383/7/7643
f 4373/3/7644 4379/11/7644 4382/7/7644
f 4382/7/7645 4381/9/7645 4371/8/7645
f 4383/7/7646 4380/9/7646 4366/1/7646
f 4381/9/7647 4420/58/7647 4447/17/7647
f 4379/11/7648 4402/42/7648 4455/18/7648
f 4387/19/7649 4449/30/7649 4390/20/7649
f 4377/12/7650 4386/14/7650 4434/5/7650
f 4372/3/7651 4434/5/7651 4385/21/7651
f 4370/8/7652 4376/22/7652 4385/21/7652
f 4389/23/7653 4394/27/7653 4450/24/7653
f 4389/23/7654 4388/34/7654 4392/26/7654
f 4386/14/7655 4390/20/7655 4451/28/7655
f 4384/29/7656 4451/28/7656 4389/23/7656
f 4387/19/7657 4385/21/7657 4389/23/7657
f 4395/31/7658 4398/35/7658 4397/32/7658
f 4391/25/7659 4450/24/7659 4395/31/7659
f 4390/20/7660 4395/31/7660 4392/26/7660
f 4393/33/7661 4397/32/7661 4398/35/7661
f 4396/36/7662 4394/27/7662 4398/35/7662
f 4400/38/7663 4402/42/7663 4406/39/7663
f 4368/10/7664 4455/18/7664 4401/41/7664
f 4372/3/7665 4378/11/7665 4401/41/7665
f 4379/11/7666 4373/3/7666 4452/4/7666
f 4408/43/7667 4413/46/7667 4411/44/7667
f 4408/43/7668 4405/39/7668 4410/45/7668
f 4400/38/7669 4454/40/7669 4405/39/7669
f 4403/47/7670 4401/41/7670 4405/39/7670
f 4403/47/7671 4407/48/7671 4406/39/7671
f 4411/44/7008 4415/53/7008 4414/49/7008
f 4406/39/7672 4411/44/7672 4453/51/7672
f 4405/39/7673 4404/52/7673 4453/51/7673
f 4410/45/7674 4409/50/7674 4414/49/7674
f 4410/45/7675 4415/53/7675 4416/54/7675
f 4411/44/7676 4412/55/7676 4416/54/7676
f 4417/56/7677 4446/66/7677 4424/57/7677
f 4420/58/7678 4424/57/7678 4459/59/7678
f 4380/9/7679 4370/8/7679 4447/17/7679
f 4366/1/7680 4380/9/7680 4419/58/7680
f 4381/9/7681 4367/1/7681 4462/6/7681
f 4423/61/7682 4422/70/7682 4426/62/7682
f 4421/64/7683 4423/61/7683 4427/63/7683
f 4417/56/7684 4419/58/7684 4423/61/7684
f 4419/58/7685 4418/60/7685 4459/59/7685
f 4428/67/7686 4425/71/7686 4429/68/7686
f 4424/57/7687 4428/67/7687 4426/62/7687
f 4424/57/7688 4421/64/7688 4461/65/7688
f 4427/63/7689 4431/69/7689 4429/68/7689
f 4460/72/7690 4430/86/7690 4431/69/7690
f 4460/72/7691 4428/67/7691 4431/69/7691
f 4432/73/7692 4437/79/7692 4457/74/7692
f 4375/15/7693 4435/73/7693 4458/2/7693
f 4375/15/7694 4369/10/7694 4456/16/7694
f 4374/15/7695 4366/1/7695 4458/2/7695
f 4440/76/7696 4444/85/7696 4443/77/7696
f 4437/79/7697 4439/78/7697 4443/77/7697
f 4436/75/7698 4457/74/7698 4440/76/7698
f 4432/73/7033 4433/82/7033 4438/81/7033
f 4433/82/7699 4435/73/7699 4440/76/7699
f 4437/79/7700 4442/80/7700 4445/83/7700
f 4440/76/7701 4441/84/7701 4445/83/7701
f 4444/85/7702 4445/83/7702 4442/80/7702
f 4463/1/7703 4555/2/7703 4464/1/7703
f 4470/3/7704 4549/4/7704 4469/3/7704
f 4469/3/7705 4531/5/7705 4470/3/7705
f 4464/1/7706 4559/6/7706 4463/1/7706
f 4480/7/7707 4477/9/7707 4467/8/7707
f 4479/7/7708 4478/9/7708 4464/1/7708
f 4466/10/7709 4476/11/7709 4479/7/7709
f 4469/3/7710 4475/11/7710 4480/7/7710
f 4474/12/7711 4483/14/7711 4545/13/7711
f 4471/15/7712 4465/10/7712 4553/16/7712
f 4465/10/7713 4471/15/7713 4480/7/7713
f 4470/3/7714 4474/12/7714 4479/7/7714
f 4479/7/7715 4474/12/7715 4468/8/7715
f 4480/7/7716 4471/15/7716 4463/1/7716
f 4478/9/7717 4468/8/7717 4544/17/7717
f 4476/11/7718 4466/10/7718 4552/18/7718
f 4484/19/7719 4483/14/7719 4487/20/7719
f 4474/12/7720 4470/3/7720 4531/5/7720
f 4468/8/7721 4545/13/7721 4467/8/7721
f 4469/3/7722 4473/22/7722 4482/21/7722
f 4467/8/7723 4545/13/7723 4482/21/7723
f 4486/23/7724 4488/25/7724 4547/24/7724
f 4486/23/7725 4491/27/7725 4489/26/7725
f 4483/14/7726 4481/29/7726 4548/28/7726
f 4481/29/7727 4482/21/7727 4486/23/7727
f 4484/19/7728 4546/30/7728 4486/23/7728
f 4492/31/7729 4490/33/7729 4494/32/7729
f 4488/25/7730 4487/20/7730 4492/31/7730
f 4487/20/7731 4485/34/7731 4489/26/7731
f 4490/33/7732 4491/27/7732 4495/35/7732
f 4493/36/7733 4496/37/7733 4495/35/7733
f 4493/36/7734 4492/31/7734 4495/35/7734
f 4497/38/7735 4551/40/7735 4503/39/7735
f 4465/10/7736 4475/11/7736 4498/41/7736
f 4469/3/7737 4549/4/7737 4498/41/7737
f 4476/11/7738 4499/42/7738 4549/4/7738
f 4465/10/7739 4552/18/7739 4466/10/7739
f 4505/43/7740 4503/39/7740 4508/44/7740
f 4505/43/7741 4510/46/7741 4507/45/7741
f 4497/38/7742 4498/41/7742 4502/39/7742
f 4500/47/7743 4504/48/7743 4502/39/7743
f 4500/47/7744 4499/42/7744 4503/39/7744
f 4508/44/7745 4506/50/7745 4511/49/7745
f 4507/45/7746 4508/44/7746 4550/51/7746
f 4503/39/7747 4501/52/7747 4550/51/7747
f 4502/39/7748 4507/45/7748 4550/51/7748
f 4507/45/7749 4512/53/7749 4511/49/7749
f 4507/45/7750 4509/55/7750 4513/54/7750
f 4508/44/7751 4512/53/7751 4513/54/7751
f 4506/50/7752 4508/44/7752 4507/45/7752
f 4514/56/7753 4517/58/7753 4521/57/7753
f 4517/58/7754 4515/60/7754 4556/59/7754
f 4477/9/7755 4516/58/7755 4544/17/7755
f 4463/1/7756 4559/6/7756 4516/58/7756
f 4478/9/7757 4517/58/7757 4559/6/7757
f 4467/8/7758 4544/17/7758 4468/8/7758
f 4520/61/7759 4524/63/7759 4523/62/7759
f 4518/64/7760 4558/65/7760 4524/63/7760
f 4514/56/7761 4543/66/7761 4520/61/7761
f 4516/58/7762 4520/61/7762 4556/59/7762
f 4525/67/7763 4528/69/7763 4526/68/7763
f 4521/57/7764 4519/70/7764 4523/62/7764
f 4521/57/7765 4525/67/7765 4558/65/7765
f 4524/63/7766 4522/71/7766 4526/68/7766
f 4557/72/7767 4524/63/7767 4528/69/7767
f 4529/73/7768 4533/75/7768 4554/74/7768
f 4472/15/7769 4464/1/7769 4555/2/7769
f 4472/15/7770 4532/73/7770 4553/16/7770
f 4471/15/7771 4529/73/7771 4555/2/7771
f 4466/10/7772 4553/16/7772 4465/10/7772
f 4537/76/7773 4536/78/7773 4540/77/7773
f 4534/79/7774 4539/80/7774 4540/77/7774
f 4533/75/7775 4532/73/7775 4537/76/7775
f 4529/73/7776 4534/79/7776 4535/81/7776
f 4530/82/7777 4535/81/7777 4537/76/7777
f 4534/79/7778 4538/84/7778 4542/83/7778
f 4537/76/7779 4541/85/7779 4542/83/7779
f 4541/85/7780 4540/77/7780 4539/80/7780
f 4559/6/7781 4517/58/7781 4516/58/7781
f 4544/17/7782 4516/58/7782 4517/58/7782
f 4545/13/7783 4483/14/7783 4482/21/7783
f 4546/30/7784 4487/20/7784 4486/23/7784
f 4547/24/7785 4492/31/7785 4491/27/7785
f 4556/59/7786 4520/61/7786 4521/57/7786
f 4523/62/7787 4524/63/7787 4525/67/7787
f 4543/66/7788 4521/57/7788 4520/61/7788
f 4558/65/7789 4525/67/7789 4524/63/7789
f 4555/2/7790 4529/73/7790 4532/73/7790
f 4535/81/7791 4534/79/7791 4537/76/7791
f 4554/74/7791 4537/76/7791 4534/79/7791
f 4553/16/7792 4532/73/7792 4529/73/7792
f 4552/18/7793 4498/41/7793 4499/42/7793
f 4549/4/7794 4499/42/7794 4498/41/7794
f 4551/40/7795 4502/39/7795 4503/39/7795
f 4504/48/7796 4503/39/7796 4502/39/7796
f 4533/75/7797 4529/73/7797 4532/73/7797
f 4534/79/7798 4537/76/7798 4538/84/7798
f 4530/82/7799 4532/73/7799 4529/73/7799
f 4536/78/7800 4537/76/7800 4534/79/7800
f 4514/56/7801 4516/58/7801 4517/58/7801
f 4520/61/7802 4521/57/7802 4518/64/7802
f 4524/63/7803 4525/67/7803 4522/71/7803
f 4517/58/7804 4516/58/7804 4515/60/7804
f 4519/70/7805 4521/57/7805 4520/61/7805
f 4557/72/7806 4525/67/7806 4524/63/7806
f 4493/36/7807 4491/27/7807 4492/31/7807
f 4488/25/7808 4486/23/7808 4487/20/7808
f 4484/19/7809 4482/21/7809 4483/14/7809
f 4489/26/7810 4491/27/7810 4492/31/7810
f 4486/23/7811 4487/20/7811 4548/28/7811
f 4492/31/7812 4491/27/7812 4490/33/7812
f 4485/34/7813 4487/20/7813 4486/23/7813
f 4483/14/7814 4482/21/7814 4481/29/7814
f 4482/21/7815 4483/14/7815 4531/5/7815
f 4498/41/7816 4499/42/7816 4500/47/7816
f 4502/39/7817 4503/39/7817 4505/43/7817
f 4509/55/7818 4507/45/7818 4508/44/7818
f 4501/52/7819 4503/39/7819 4502/39/7819
f 4497/38/7820 4499/42/7820 4498/41/7820
f 4510/46/7821 4508/44/7821 4507/45/7821
f 4560/1/7703 4652/2/7703 4561/1/7703
f 4567/3/7822 4646/4/7822 4566/3/7822
f 4566/3/7705 4628/5/7705 4567/3/7705
f 4561/1/7706 4656/6/7706 4560/1/7706
f 4577/7/7707 4574/9/7707 4564/8/7707
f 4576/7/7708 4575/9/7708 4561/1/7708
f 4563/10/7709 4573/11/7709 4576/7/7709
f 4566/3/7823 4572/11/7823 4577/7/7823
f 4571/12/7711 4580/14/7711 4642/13/7711
f 4568/15/7712 4562/10/7712 4650/16/7712
f 4562/10/7824 4568/15/7824 4577/7/7824
f 4567/3/7714 4571/12/7714 4576/7/7714
f 4576/7/7715 4571/12/7715 4565/8/7715
f 4577/7/7716 4568/15/7716 4560/1/7716
f 4575/9/7717 4565/8/7717 4641/17/7717
f 4573/11/7718 4563/10/7718 4649/18/7718
f 4581/19/7719 4580/14/7719 4584/20/7719
f 4571/12/7720 4567/3/7720 4628/5/7720
f 4565/8/7721 4642/13/7721 4564/8/7721
f 4566/3/7722 4570/22/7722 4579/21/7722
f 4564/8/7723 4642/13/7723 4579/21/7723
f 4583/23/7724 4585/25/7724 4644/24/7724
f 4583/23/7725 4588/27/7725 4586/26/7725
f 4580/14/7726 4578/29/7726 4645/28/7726
f 4578/29/7727 4579/21/7727 4583/23/7727
f 4581/19/7728 4643/30/7728 4583/23/7728
f 4589/31/7729 4587/33/7729 4591/32/7729
f 4585/25/7730 4584/20/7730 4589/31/7730
f 4584/20/7731 4582/34/7731 4586/26/7731
f 4587/33/7825 4588/27/7825 4592/35/7825
f 4590/36/7826 4593/37/7826 4592/35/7826
f 4590/36/7827 4589/31/7827 4592/35/7827
f 4594/38/7735 4648/40/7735 4600/39/7735
f 4562/10/7736 4572/11/7736 4595/41/7736
f 4566/3/7828 4646/4/7828 4595/41/7828
f 4573/11/7829 4596/42/7829 4646/4/7829
f 4562/10/7830 4649/18/7830 4563/10/7830
f 4602/43/7831 4600/39/7831 4605/44/7831
f 4602/43/7832 4607/46/7832 4604/45/7832
f 4594/38/7833 4595/41/7833 4599/39/7833
f 4597/47/7743 4601/48/7743 4599/39/7743
f 4597/47/7744 4596/42/7744 4600/39/7744
f 4605/44/7745 4603/50/7745 4608/49/7745
f 4604/45/7746 4605/44/7746 4647/51/7746
f 4600/39/7747 4598/52/7747 4647/51/7747
f 4599/39/7834 4604/45/7834 4647/51/7834
f 4604/45/7835 4609/53/7835 4608/49/7835
f 4604/45/7836 4606/55/7836 4610/54/7836
f 4605/44/7837 4609/53/7837 4610/54/7837
f 4603/50/7838 4605/44/7838 4604/45/7838
f 4611/56/7753 4614/58/7753 4618/57/7753
f 4614/58/7754 4612/60/7754 4653/59/7754
f 4574/9/7755 4613/58/7755 4641/17/7755
f 4560/1/7756 4656/6/7756 4613/58/7756
f 4575/9/7757 4614/58/7757 4656/6/7757
f 4564/8/7839 4641/17/7839 4565/8/7839
f 4617/61/7759 4621/63/7759 4620/62/7759
f 4615/64/7760 4655/65/7760 4621/63/7760
f 4611/56/7761 4640/66/7761 4617/61/7761
f 4613/58/7762 4617/61/7762 4653/59/7762
f 4622/67/7763 4625/69/7763 4623/68/7763
f 4618/57/7840 4616/70/7840 4620/62/7840
f 4618/57/7765 4622/67/7765 4655/65/7765
f 4621/63/7841 4619/71/7841 4623/68/7841
f 4654/72/7842 4621/63/7842 4625/69/7842
f 4626/73/7843 4630/75/7843 4651/74/7843
f 4569/15/7769 4561/1/7769 4652/2/7769
f 4569/15/7770 4629/73/7770 4650/16/7770
f 4568/15/7844 4626/73/7844 4652/2/7844
f 4563/10/7845 4650/16/7845 4562/10/7845
f 4634/76/7846 4633/78/7846 4637/77/7846
f 4631/79/7847 4636/80/7847 4637/77/7847
f 4630/75/7848 4629/73/7848 4634/76/7848
f 4626/73/7776 4631/79/7776 4632/81/7776
f 4627/82/7777 4632/81/7777 4634/76/7777
f 4631/79/7849 4635/84/7849 4639/83/7849
f 4634/76/7850 4638/85/7850 4639/83/7850
f 4638/85/7851 4637/77/7851 4636/80/7851
f 4656/6/7781 4614/58/7781 4613/58/7781
f 4641/17/7852 4613/58/7852 4614/58/7852
f 4642/13/7853 4580/14/7853 4579/21/7853
f 4643/30/7854 4584/20/7854 4583/23/7854
f 4644/24/7855 4589/31/7855 4588/27/7855
f 4653/59/7856 4617/61/7856 4618/57/7856
f 4620/62/7857 4621/63/7857 4622/67/7857
f 4640/66/7858 4618/57/7858 4617/61/7858
f 4655/65/7859 4622/67/7859 4621/63/7859
f 4652/2/7860 4626/73/7860 4629/73/7860
f 4632/81/7861 4631/79/7861 4634/76/7861
f 4651/74/7862 4634/76/7862 4631/79/7862
f 4650/16/7792 4629/73/7792 4626/73/7792
f 4649/18/7863 4595/41/7863 4596/42/7863
f 4646/4/7864 4596/42/7864 4595/41/7864
f 4648/40/7795 4599/39/7795 4600/39/7795
f 4601/48/7796 4600/39/7796 4599/39/7796
f 4630/75/7865 4626/73/7865 4629/73/7865
f 4631/79/7866 4634/76/7866 4635/84/7866
f 4627/82/7799 4629/73/7799 4626/73/7799
f 4633/78/7867 4634/76/7867 4631/79/7867
f 4611/56/7801 4613/58/7801 4614/58/7801
f 4617/61/7868 4618/57/7868 4615/64/7868
f 4621/63/7803 4622/67/7803 4619/71/7803
f 4614/58/7804 4613/58/7804 4612/60/7804
f 4616/70/7869 4618/57/7869 4617/61/7869
f 4654/72/7870 4622/67/7870 4621/63/7870
f 4590/36/7871 4588/27/7871 4589/31/7871
f 4585/25/7872 4583/23/7872 4584/20/7872
f 4581/19/7873 4579/21/7873 4580/14/7873
f 4586/26/7810 4588/27/7810 4589/31/7810
f 4583/23/7874 4584/20/7874 4645/28/7874
f 4589/31/7812 4588/27/7812 4587/33/7812
f 4582/34/7875 4584/20/7875 4583/23/7875
f 4580/14/7876 4579/21/7876 4578/29/7876
f 4579/21/7877 4580/14/7877 4628/5/7877
f 4595/41/7816 4596/42/7816 4597/47/7816
f 4599/39/7878 4600/39/7878 4602/43/7878
f 4606/55/7879 4604/45/7879 4605/44/7879
f 4598/52/7819 4600/39/7819 4599/39/7819
f 4594/38/7880 4596/42/7880 4595/41/7880
f 4607/46/7881 4605/44/7881 4604/45/7881
f 4657/1/7882 4749/2/7882 4658/1/7882
f 4664/3/7883 4743/4/7883 4663/3/7883
f 4663/3/7884 4725/5/7884 4664/3/7884
f 4658/1/7885 4753/6/7885 4657/1/7885
f 4674/7/7886 4671/9/7886 4661/8/7886
f 4673/7/7887 4672/9/7887 4658/1/7887
f 4660/10/7888 4670/11/7888 4673/7/7888
f 4663/3/7889 4669/11/7889 4674/7/7889
f 4668/12/7890 4677/14/7890 4739/13/7890
f 4665/15/7891 4659/10/7891 4747/16/7891
f 4659/10/7892 4665/15/7892 4674/7/7892
f 4664/3/7893 4668/12/7893 4673/7/7893
f 4673/7/7894 4668/12/7894 4662/8/7894
f 4674/7/7895 4665/15/7895 4657/1/7895
f 4672/9/7896 4662/8/7896 4738/17/7896
f 4670/11/7897 4660/10/7897 4746/18/7897
f 4678/19/7898 4677/14/7898 4681/20/7898
f 4668/12/7899 4664/3/7899 4725/5/7899
f 4662/8/7900 4739/13/7900 4661/8/7900
f 4663/3/7901 4667/22/7901 4676/21/7901
f 4661/8/7902 4739/13/7902 4676/21/7902
f 4680/23/7903 4682/25/7903 4741/24/7903
f 4680/23/7904 4685/27/7904 4683/26/7904
f 4677/14/7905 4675/29/7905 4742/28/7905
f 4675/29/7906 4676/21/7906 4680/23/7906
f 4678/19/7907 4740/30/7907 4680/23/7907
f 4686/31/7908 4684/33/7908 4688/32/7908
f 4682/25/7909 4681/20/7909 4686/31/7909
f 4681/20/7910 4679/34/7910 4683/26/7910
f 4684/33/7911 4685/27/7911 4689/35/7911
f 4687/36/7912 4690/37/7912 4689/35/7912
f 4687/36/7913 4686/31/7913 4689/35/7913
f 4691/38/7914 4745/40/7914 4697/39/7914
f 4659/10/7915 4669/11/7915 4692/41/7915
f 4663/3/7916 4743/4/7916 4692/41/7916
f 4670/11/7917 4693/42/7917 4743/4/7917
f 4659/10/7918 4746/18/7918 4660/10/7918
f 4699/43/7919 4697/39/7919 4702/44/7919
f 4699/43/7920 4704/46/7920 4701/45/7920
f 4691/38/7921 4692/41/7921 4696/39/7921
f 4694/47/7922 4698/48/7922 4696/39/7922
f 4694/47/7923 4693/42/7923 4697/39/7923
f 4702/44/7924 4700/50/7924 4705/49/7924
f 4701/45/7925 4702/44/7925 4744/51/7925
f 4697/39/7926 4695/52/7926 4744/51/7926
f 4696/39/7927 4701/45/7927 4744/51/7927
f 4701/45/7928 4706/53/7928 4705/49/7928
f 4701/45/7929 4703/55/7929 4707/54/7929
f 4702/44/7930 4706/53/7930 4707/54/7930
f 4700/50/7931 4702/44/7931 4701/45/7931
f 4708/56/7932 4711/58/7932 4715/57/7932
f 4711/58/7933 4709/60/7933 4750/59/7933
f 4671/9/7934 4710/58/7934 4738/17/7934
f 4657/1/7935 4753/6/7935 4710/58/7935
f 4672/9/7936 4711/58/7936 4753/6/7936
f 4661/8/7937 4738/17/7937 4662/8/7937
f 4714/61/7938 4718/63/7938 4717/62/7938
f 4712/64/7939 4752/65/7939 4718/63/7939
f 4708/56/7940 4737/66/7940 4714/61/7940
f 4710/58/7941 4714/61/7941 4750/59/7941
f 4719/67/7942 4722/69/7942 4720/68/7942
f 4715/57/7943 4713/70/7943 4717/62/7943
f 4715/57/7944 4719/67/7944 4752/65/7944
f 4718/63/7945 4716/71/7945 4720/68/7945
f 4751/72/7946 4718/63/7946 4722/69/7946
f 4723/73/7947 4727/75/7947 4748/74/7947
f 4666/15/7948 4658/1/7948 4749/2/7948
f 4666/15/7949 4726/73/7949 4747/16/7949
f 4665/15/7950 4723/73/7950 4749/2/7950
f 4660/10/7951 4747/16/7951 4659/10/7951
f 4731/76/7952 4730/78/7952 4734/77/7952
f 4728/79/7953 4733/80/7953 4734/77/7953
f 4727/75/7954 4726/73/7954 4731/76/7954
f 4723/73/7955 4728/79/7955 4729/81/7955
f 4724/82/7956 4729/81/7956 4731/76/7956
f 4728/79/7957 4732/84/7957 4736/83/7957
f 4731/76/7958 4735/85/7958 4736/83/7958
f 4735/85/7959 4734/77/7959 4733/80/7959
f 4753/6/7960 4711/58/7960 4710/58/7960
f 4738/17/7961 4710/58/7961 4711/58/7961
f 4739/13/7962 4677/14/7962 4676/21/7962
f 4740/30/7963 4681/20/7963 4680/23/7963
f 4741/24/7964 4686/31/7964 4685/27/7964
f 4750/59/7965 4714/61/7965 4715/57/7965
f 4717/62/7966 4718/63/7966 4719/67/7966
f 4737/66/7967 4715/57/7967 4714/61/7967
f 4752/65/7968 4719/67/7968 4718/63/7968
f 4749/2/7969 4723/73/7969 4726/73/7969
f 4729/81/7970 4728/79/7970 4731/76/7970
f 4748/74/7970 4731/76/7970 4728/79/7970
f 4747/16/7971 4726/73/7971 4723/73/7971
f 4746/18/7972 4692/41/7972 4693/42/7972
f 4743/4/7973 4693/42/7973 4692/41/7973
f 4745/40/7974 4696/39/7974 4697/39/7974
f 4698/48/7975 4697/39/7975 4696/39/7975
f 4727/75/7976 4723/73/7976 4726/73/7976
f 4728/79/7977 4731/76/7977 4732/84/7977
f 4724/82/7978 4726/73/7978 4723/73/7978
f 4730/78/7979 4731/76/7979 4728/79/7979
f 4708/56/7980 4710/58/7980 4711/58/7980
f 4714/61/7981 4715/57/7981 4712/64/7981
f 4718/63/7982 4719/67/7982 4716/71/7982
f 4711/58/7983 4710/58/7983 4709/60/7983
f 4713/70/7984 4715/57/7984 4714/61/7984
f 4751/72/7985 4719/67/7985 4718/63/7985
f 4687/36/7986 4685/27/7986 4686/31/7986
f 4682/25/7987 4680/23/7987 4681/20/7987
f 4678/19/7988 4676/21/7988 4677/14/7988
f 4683/26/7989 4685/27/7989 4686/31/7989
f 4680/23/7990 4681/20/7990 4742/28/7990
f 4686/31/7991 4685/27/7991 4684/33/7991
f 4679/34/7992 4681/20/7992 4680/23/7992
f 4677/14/7993 4676/21/7993 4675/29/7993
f 4676/21/7962 4677/14/7962 4725/5/7962
f 4692/41/7994 4693/42/7994 4694/47/7994
f 4696/39/7995 4697/39/7995 4699/43/7995
f 4703/55/7996 4701/45/7996 4702/44/7996
f 4695/52/7997 4697/39/7997 4696/39/7997
f 4691/38/7998 4693/42/7998 4692/41/7998
f 4704/46/7999 4702/44/7999 4701/45/7999
f 4754/1/8000 4846/2/8000 4755/1/8000
f 4761/3/8001 4840/4/8001 4760/3/8001
f 4760/3/8002 4822/5/8002 4761/3/8002
f 4755/1/8003 4850/6/8003 4754/1/8003
f 4771/7/8004 4768/9/8004 4758/8/8004
f 4770/7/8005 4769/9/8005 4755/1/8005
f 4757/10/8006 4767/11/8006 4770/7/8006
f 4760/3/8007 4766/11/8007 4771/7/8007
f 4765/12/8008 4774/14/8008 4836/13/8008
f 4762/15/8009 4756/10/8009 4844/16/8009
f 4756/10/8010 4762/15/8010 4771/7/8010
f 4761/3/8011 4765/12/8011 4770/7/8011
f 4770/7/8012 4765/12/8012 4759/8/8012
f 4771/7/8013 4762/15/8013 4754/1/8013
f 4769/9/8014 4759/8/8014 4835/17/8014
f 4767/11/8015 4757/10/8015 4843/18/8015
f 4775/19/8016 4774/14/8016 4778/20/8016
f 4765/12/8017 4761/3/8017 4822/5/8017
f 4759/8/8018 4836/13/8018 4758/8/8018
f 4760/3/8019 4764/22/8019 4773/21/8019
f 4758/8/8020 4836/13/8020 4773/21/8020
f 4777/23/8021 4779/25/8021 4838/24/8021
f 4777/23/8022 4782/27/8022 4780/26/8022
f 4774/14/8023 4772/29/8023 4839/28/8023
f 4772/29/8024 4773/21/8024 4777/23/8024
f 4775/19/8025 4837/30/8025 4777/23/8025
f 4783/31/8026 4781/33/8026 4785/32/8026
f 4779/25/8027 4778/20/8027 4783/31/8027
f 4778/20/8028 4776/34/8028 4780/26/8028
f 4781/33/8029 4782/27/8029 4786/35/8029
f 4784/36/8030 4787/37/8030 4786/35/8030
f 4784/36/8031 4783/31/8031 4786/35/8031
f 4788/38/8032 4842/40/8032 4794/39/8032
f 4756/10/8033 4766/11/8033 4789/41/8033
f 4760/3/8034 4840/4/8034 4789/41/8034
f 4767/11/8035 4790/42/8035 4840/4/8035
f 4756/10/8036 4843/18/8036 4757/10/8036
f 4796/43/8037 4794/39/8037 4799/44/8037
f 4796/43/8038 4801/46/8038 4798/45/8038
f 4788/38/8039 4789/41/8039 4793/39/8039
f 4791/47/8040 4795/48/8040 4793/39/8040
f 4791/47/8041 4790/42/8041 4794/39/8041
f 4799/44/8042 4797/50/8042 4802/49/8042
f 4798/45/8043 4799/44/8043 4841/51/8043
f 4794/39/8044 4792/52/8044 4841/51/8044
f 4793/39/8045 4798/45/8045 4841/51/8045
f 4798/45/8046 4803/53/8046 4802/49/8046
f 4798/45/8047 4800/55/8047 4804/54/8047
f 4799/44/8048 4803/53/8048 4804/54/8048
f 4797/50/8049 4799/44/8049 4798/45/8049
f 4805/56/8050 4808/58/8050 4812/57/8050
f 4808/58/8051 4806/60/8051 4847/59/8051
f 4768/9/8052 4807/58/8052 4835/17/8052
f 4754/1/8053 4850/6/8053 4807/58/8053
f 4769/9/8054 4808/58/8054 4850/6/8054
f 4758/8/8055 4835/17/8055 4759/8/8055
f 4811/61/8056 4815/63/8056 4814/62/8056
f 4809/64/8057 4849/65/8057 4815/63/8057
f 4805/56/8058 4834/66/8058 4811/61/8058
f 4807/58/8059 4811/61/8059 4847/59/8059
f 4816/67/8060 4819/69/8060 4817/68/8060
f 4812/57/8061 4810/70/8061 4814/62/8061
f 4812/57/8062 4816/67/8062 4849/65/8062
f 4815/63/8063 4813/71/8063 4817/68/8063
f 4848/72/8064 4815/63/8064 4819/69/8064
f 4820/73/8065 4824/75/8065 4845/74/8065
f 4763/15/8066 4755/1/8066 4846/2/8066
f 4763/15/8067 4823/73/8067 4844/16/8067
f 4762/15/8068 4820/73/8068 4846/2/8068
f 4757/10/8069 4844/16/8069 4756/10/8069
f 4828/76/8070 4827/78/8070 4831/77/8070
f 4825/79/8071 4830/80/8071 4831/77/8071
f 4824/75/8072 4823/73/8072 4828/76/8072
f 4820/73/8073 4825/79/8073 4826/81/8073
f 4821/82/8074 4826/81/8074 4828/76/8074
f 4825/79/8075 4829/84/8075 4833/83/8075
f 4828/76/8076 4832/85/8076 4833/83/8076
f 4832/85/8077 4831/77/8077 4830/80/8077
f 4850/6/8078 4808/58/8078 4807/58/8078
f 4835/17/8079 4807/58/8079 4808/58/8079
f 4836/13/8080 4774/14/8080 4773/21/8080
f 4837/30/8081 4778/20/8081 4777/23/8081
f 4838/24/8082 4783/31/8082 4782/27/8082
f 4847/59/8083 4811/61/8083 4812/57/8083
f 4814/62/8084 4815/63/8084 4816/67/8084
f 4834/66/8085 4812/57/8085 4811/61/8085
f 4849/65/8086 4816/67/8086 4815/63/8086
f 4846/2/8087 4820/73/8087 4823/73/8087
f 4826/81/8088 4825/79/8088 4828/76/8088
f 4845/74/8089 4828/76/8089 4825/79/8089
f 4844/16/8090 4823/73/8090 4820/73/8090
f 4843/18/8091 4789/41/8091 4790/42/8091
f 4840/4/8092 4790/42/8092 4789/41/8092
f 4842/40/8093 4793/39/8093 4794/39/8093
f 4795/48/8094 4794/39/8094 4793/39/8094
f 4824/75/8095 4820/73/8095 4823/73/8095
f 4825/79/8096 4828/76/8096 4829/84/8096
f 4821/82/8097 4823/73/8097 4820/73/8097
f 4827/78/8098 4828/76/8098 4825/79/8098
f 4805/56/8099 4807/58/8099 4808/58/8099
f 4811/61/8100 4812/57/8100 4809/64/8100
f 4815/63/8101 4816/67/8101 4813/71/8101
f 4808/58/8102 4807/58/8102 4806/60/8102
f 4810/70/8103 4812/57/8103 4811/61/8103
f 4848/72/8104 4816/67/8104 4815/63/8104
f 4784/36/8105 4782/27/8105 4783/31/8105
f 4779/25/8106 4777/23/8106 4778/20/8106
f 4775/19/8107 4773/21/8107 4774/14/8107
f 4780/26/8108 4782/27/8108 4783/31/8108
f 4777/23/8109 4778/20/8109 4839/28/8109
f 4783/31/8110 4782/27/8110 4781/33/8110
f 4776/34/8111 4778/20/8111 4777/23/8111
f 4774/14/8112 4773/21/8112 4772/29/8112
f 4773/21/8113 4774/14/8113 4822/5/8113
f 4789/41/8114 4790/42/8114 4791/47/8114
f 4793/39/8115 4794/39/8115 4796/43/8115
f 4800/55/8116 4798/45/8116 4799/44/8116
f 4792/52/8117 4794/39/8117 4793/39/8117
f 4788/38/8118 4790/42/8118 4789/41/8118
f 4801/46/8119 4799/44/8119 4798/45/8119
f 4480/7/8120 4467/8/8120 4473/22/8120
f 4479/7/8121 4464/1/8121 4472/15/8121
f 4466/10/8122 4479/7/8122 4472/15/8122
f 4469/3/8123 4480/7/8123 4473/22/8123
f 4474/12/8124 4545/13/8124 4468/8/8124
f 4471/15/8125 4553/16/8125 4529/73/8125
f 4465/10/8126 4480/7/8126 4475/11/8126
f 4470/3/8127 4479/7/8127 4476/11/8127
f 4479/7/8128 4468/8/8128 4478/9/8128
f 4480/7/8129 4463/1/8129 4477/9/8129
f 4478/9/8130 4544/17/8130 4517/58/8130
f 4476/11/8131 4552/18/8131 4499/42/8131
f 4484/19/8132 4487/20/8132 4546/30/8132
f 4474/12/8133 4531/5/8133 4483/14/8133
f 4469/3/8134 4482/21/8134 4531/5/8134
f 4467/8/8135 4482/21/8135 4473/22/8135
f 4486/23/8136 4547/24/8136 4491/27/8136
f 4486/23/8137 4489/26/8137 4485/34/8137
f 4483/14/8138 4548/28/8138 4487/20/8138
f 4481/29/8139 4486/23/8139 4548/28/8139
f 4484/19/8140 4486/23/8140 4482/21/8140
f 4492/31/8141 4494/32/8141 4495/35/8141
f 4488/25/8142 4492/31/8142 4547/24/8142
f 4487/20/8143 4489/26/8143 4492/31/8143
f 4490/33/8144 4495/35/8144 4494/32/8144
f 4493/36/8145 4495/35/8145 4491/27/8145
f 4497/38/8146 4503/39/8146 4499/42/8146
f 4465/10/8147 4498/41/8147 4552/18/8147
f 4469/3/8148 4498/41/8148 4475/11/8148
f 4476/11/8149 4549/4/8149 4470/3/8149
f 4505/43/8150 4508/44/8150 4510/46/8150
f 4505/43/8151 4507/45/8151 4502/39/8151
f 4497/38/8152 4502/39/8152 4551/40/8152
f 4500/47/8153 4502/39/8153 4498/41/8153
f 4500/47/8154 4503/39/8154 4504/48/8154
f 4508/44/7837 4511/49/7837 4512/53/7837
f 4503/39/8155 4550/51/8155 4508/44/8155
f 4502/39/8156 4550/51/8156 4501/52/8156
f 4507/45/8157 4511/49/8157 4506/50/8157
f 4507/45/7835 4513/54/7835 4512/53/7835
f 4508/44/8158 4513/54/8158 4509/55/8158
f 4514/56/8159 4521/57/8159 4543/66/8159
f 4517/58/8160 4556/59/8160 4521/57/8160
f 4477/9/8161 4544/17/8161 4467/8/8161
f 4463/1/8162 4516/58/8162 4477/9/8162
f 4478/9/8163 4559/6/8163 4464/1/8163
f 4520/61/8164 4523/62/8164 4519/70/8164
f 4518/64/8165 4524/63/8165 4520/61/8165
f 4514/56/8166 4520/61/8166 4516/58/8166
f 4516/58/8167 4556/59/8167 4515/60/8167
f 4525/67/8168 4526/68/8168 4522/71/8168
f 4521/57/8169 4523/62/8169 4525/67/8169
f 4521/57/8170 4558/65/8170 4518/64/8170
f 4524/63/8171 4526/68/8171 4528/69/8171
f 4557/72/8172 4528/69/8172 4527/86/8172
f 4557/72/8173 4528/69/8173 4525/67/8173
f 4529/73/8174 4554/74/8174 4534/79/8174
f 4472/15/8175 4555/2/8175 4532/73/8175
f 4472/15/8176 4553/16/8176 4466/10/8176
f 4471/15/8177 4555/2/8177 4463/1/8177
f 4537/76/8178 4540/77/8178 4541/85/8178
f 4534/79/8179 4540/77/8179 4536/78/8179
f 4533/75/8180 4537/76/8180 4554/74/8180
f 4529/73/7776 4535/81/7776 4530/82/7776
f 4530/82/8181 4537/76/8181 4532/73/8181
f 4534/79/8182 4542/83/8182 4539/80/8182
f 4537/76/8183 4542/83/8183 4538/84/8183
f 4541/85/8184 4539/80/8184 4542/83/8184
f 4577/7/8120 4564/8/8120 4570/22/8120
f 4576/7/8121 4561/1/8121 4569/15/8121
f 4563/10/8185 4576/7/8185 4569/15/8185
f 4566/3/8186 4577/7/8186 4570/22/8186
f 4571/12/8187 4642/13/8187 4565/8/8187
f 4568/15/8125 4650/16/8125 4626/73/8125
f 4562/10/8126 4577/7/8126 4572/11/8126
f 4567/3/8188 4576/7/8188 4573/11/8188
f 4576/7/8128 4565/8/8128 4575/9/8128
f 4577/7/8129 4560/1/8129 4574/9/8129
f 4575/9/8130 4641/17/8130 4614/58/8130
f 4573/11/8131 4649/18/8131 4596/42/8131
f 4581/19/8132 4584/20/8132 4643/30/8132
f 4571/12/8189 4628/5/8189 4580/14/8189
f 4566/3/8134 4579/21/8134 4628/5/8134
f 4564/8/8190 4579/21/8190 4570/22/8190
f 4583/23/8136 4644/24/8136 4588/27/8136
f 4583/23/8137 4586/26/8137 4582/34/8137
f 4580/14/8191 4645/28/8191 4584/20/8191
f 4578/29/8192 4583/23/8192 4645/28/8192
f 4581/19/8140 4583/23/8140 4579/21/8140
f 4589/31/8193 4591/32/8193 4592/35/8193
f 4585/25/8142 4589/31/8142 4644/24/8142
f 4584/20/8143 4586/26/8143 4589/31/8143
f 4587/33/8194 4592/35/8194 4591/32/8194
f 4590/36/8145 4592/35/8145 4588/27/8145
f 4594/38/8146 4600/39/8146 4596/42/8146
f 4562/10/8195 4595/41/8195 4649/18/8195
f 4566/3/8196 4595/41/8196 4572/11/8196
f 4573/11/8149 4646/4/8149 4567/3/8149
f 4602/43/8150 4605/44/8150 4607/46/8150
f 4602/43/8151 4604/45/8151 4599/39/8151
f 4594/38/8152 4599/39/8152 4648/40/8152
f 4597/47/8153 4599/39/8153 4595/41/8153
f 4597/47/8154 4600/39/8154 4601/48/8154
f 4605/44/8197 4608/49/8197 4609/53/8197
f 4600/39/8198 4647/51/8198 4605/44/8198
f 4599/39/8156 4647/51/8156 4598/52/8156
f 4604/45/8157 4608/49/8157 4603/50/8157
f 4604/45/7835 4610/54/7835 4609/53/7835
f 4605/44/8158 4610/54/8158 4606/55/8158
f 4611/56/8159 4618/57/8159 4640/66/8159
f 4614/58/8160 4653/59/8160 4618/57/8160
f 4574/9/8161 4641/17/8161 4564/8/8161
f 4560/1/8162 4613/58/8162 4574/9/8162
f 4575/9/8163 4656/6/8163 4561/1/8163
f 4617/61/8164 4620/62/8164 4616/70/8164
f 4615/64/8199 4621/63/8199 4617/61/8199
f 4611/56/8166 4617/61/8166 4613/58/8166
f 4613/58/8167 4653/59/8167 4612/60/8167
f 4622/67/8200 4623/68/8200 4619/71/8200
f 4618/57/8201 4620/62/8201 4622/67/8201
f 4618/57/8170 4655/65/8170 4615/64/8170
f 4621/63/8202 4623/68/8202 4625/69/8202
f 4654/72/8203 4625/69/8203 4624/86/8203
f 4654/72/8204 4625/69/8204 4622/67/8204
f 4626/73/8205 4651/74/8205 4631/79/8205
f 4569/15/8175 4652/2/8175 4629/73/8175
f 4569/15/8176 4650/16/8176 4563/10/8176
f 4568/15/8177 4652/2/8177 4560/1/8177
f 4634/76/8206 4637/77/8206 4638/85/8206
f 4631/79/8207 4637/77/8207 4633/78/8207
f 4630/75/8208 4634/76/8208 4651/74/8208
f 4626/73/7776 4632/81/7776 4627/82/7776
f 4627/82/8209 4634/76/8209 4629/73/8209
f 4631/79/8210 4639/83/8210 4636/80/8210
f 4634/76/8211 4639/83/8211 4635/84/8211
f 4638/85/8212 4636/80/8212 4639/83/8212
f 4674/7/8213 4661/8/8213 4667/22/8213
f 4673/7/8214 4658/1/8214 4666/15/8214
f 4660/10/8215 4673/7/8215 4666/15/8215
f 4663/3/8216 4674/7/8216 4667/22/8216
f 4668/12/8217 4739/13/8217 4662/8/8217
f 4665/15/8218 4747/16/8218 4723/73/8218
f 4659/10/8219 4674/7/8219 4669/11/8219
f 4664/3/8220 4673/7/8220 4670/11/8220
f 4673/7/8221 4662/8/8221 4672/9/8221
f 4674/7/8222 4657/1/8222 4671/9/8222
f 4672/9/8223 4738/17/8223 4711/58/8223
f 4670/11/8224 4746/18/8224 4693/42/8224
f 4678/19/8225 4681/20/8225 4740/30/8225
f 4668/12/8226 4725/5/8226 4677/14/8226
f 4663/3/8227 4676/21/8227 4725/5/8227
f 4661/8/8228 4676/21/8228 4667/22/8228
f 4680/23/8229 4741/24/8229 4685/27/8229
f 4680/23/8230 4683/26/8230 4679/34/8230
f 4677/14/8231 4742/28/8231 4681/20/8231
f 4675/29/8232 4680/23/8232 4742/28/8232
f 4678/19/8233 4680/23/8233 4676/21/8233
f 4686/31/8234 4688/32/8234 4689/35/8234
f 4682/25/8235 4686/31/8235 4741/24/8235
f 4681/20/8236 4683/26/8236 4686/31/8236
f 4684/33/8237 4689/35/8237 4688/32/8237
f 4687/36/8238 4689/35/8238 4685/27/8238
f 4691/38/8239 4697/39/8239 4693/42/8239
f 4659/10/8240 4692/41/8240 4746/18/8240
f 4663/3/8241 4692/41/8241 4669/11/8241
f 4670/11/8242 4743/4/8242 4664/3/8242
f 4699/43/8243 4702/44/8243 4704/46/8243
f 4699/43/8244 4701/45/8244 4696/39/8244
f 4691/38/8245 4696/39/8245 4745/40/8245
f 4694/47/8246 4696/39/8246 4692/41/8246
f 4694/47/8247 4697/39/8247 4698/48/8247
f 4702/44/8248 4705/49/8248 4706/53/8248
f 4697/39/8249 4744/51/8249 4702/44/8249
f 4696/39/8250 4744/51/8250 4695/52/8250
f 4701/45/8251 4705/49/8251 4700/50/8251
f 4701/45/7928 4707/54/7928 4706/53/7928
f 4702/44/8252 4707/54/8252 4703/55/8252
f 4708/56/8253 4715/57/8253 4737/66/8253
f 4711/58/8254 4750/59/8254 4715/57/8254
f 4671/9/8255 4738/17/8255 4661/8/8255
f 4657/1/8256 4710/58/8256 4671/9/8256
f 4672/9/8257 4753/6/8257 4658/1/8257
f 4714/61/8258 4717/62/8258 4713/70/8258
f 4712/64/8259 4718/63/8259 4714/61/8259
f 4708/56/8260 4714/61/8260 4710/58/8260
f 4710/58/8261 4750/59/8261 4709/60/8261
f 4719/67/8262 4720/68/8262 4716/71/8262
f 4715/57/8263 4717/62/8263 4719/67/8263
f 4715/57/8264 4752/65/8264 4712/64/8264
f 4718/63/8265 4720/68/8265 4722/69/8265
f 4751/72/8266 4721/86/8266 4722/69/8266
f 4751/72/8267 4722/69/8267 4719/67/8267
f 4723/73/8268 4748/74/8268 4728/79/8268
f 4666/15/8269 4749/2/8269 4726/73/8269
f 4666/15/8270 4747/16/8270 4660/10/8270
f 4665/15/8271 4749/2/8271 4657/1/8271
f 4731/76/8272 4734/77/8272 4735/85/8272
f 4728/79/8273 4734/77/8273 4730/78/8273
f 4727/75/8274 4731/76/8274 4748/74/8274
f 4723/73/8275 4729/81/8275 4724/82/8275
f 4724/82/8276 4731/76/8276 4726/73/8276
f 4728/79/8277 4736/83/8277 4733/80/8277
f 4731/76/8278 4736/83/8278 4732/84/8278
f 4735/85/7959 4733/80/7959 4736/83/7959
f 4771/7/8279 4758/8/8279 4764/22/8279
f 4770/7/8280 4755/1/8280 4763/15/8280
f 4757/10/8281 4770/7/8281 4763/15/8281
f 4760/3/8282 4771/7/8282 4764/22/8282
f 4765/12/8283 4836/13/8283 4759/8/8283
f 4762/15/8284 4844/16/8284 4820/73/8284
f 4756/10/8285 4771/7/8285 4766/11/8285
f 4761/3/8286 4770/7/8286 4767/11/8286
f 4770/7/8287 4759/8/8287 4769/9/8287
f 4771/7/8288 4754/1/8288 4768/9/8288
f 4769/9/8289 4835/17/8289 4808/58/8289
f 4767/11/8290 4843/18/8290 4790/42/8290
f 4775/19/8291 4778/20/8291 4837/30/8291
f 4765/12/8292 4822/5/8292 4774/14/8292
f 4760/3/8293 4773/21/8293 4822/5/8293
f 4758/8/8294 4773/21/8294 4764/22/8294
f 4777/23/8295 4838/24/8295 4782/27/8295
f 4777/23/8296 4780/26/8296 4776/34/8296
f 4774/14/8297 4839/28/8297 4778/20/8297
f 4772/29/8298 4777/23/8298 4839/28/8298
f 4775/19/8299 4777/23/8299 4773/21/8299
f 4783/31/8300 4785/32/8300 4786/35/8300
f 4779/25/8301 4783/31/8301 4838/24/8301
f 4778/20/8302 4780/26/8302 4783/31/8302
f 4781/33/8303 4786/35/8303 4785/32/8303
f 4784/36/8304 4786/35/8304 4782/27/8304
f 4788/38/8305 4794/39/8305 4790/42/8305
f 4756/10/8306 4789/41/8306 4843/18/8306
f 4760/3/8307 4789/41/8307 4766/11/8307
f 4767/11/8308 4840/4/8308 4761/3/8308
f 4796/43/8309 4799/44/8309 4801/46/8309
f 4796/43/8310 4798/45/8310 4793/39/8310
f 4788/38/8311 4793/39/8311 4842/40/8311
f 4791/47/8312 4793/39/8312 4789/41/8312
f 4791/47/8313 4794/39/8313 4795/48/8313
f 4799/44/8048 4802/49/8048 4803/53/8048
f 4794/39/8314 4841/51/8314 4799/44/8314
f 4793/39/8315 4841/51/8315 4792/52/8315
f 4798/45/8316 4802/49/8316 4797/50/8316
f 4798/45/8046 4804/54/8046 4803/53/8046
f 4799/44/8317 4804/54/8317 4800/55/8317
f 4805/56/8318 4812/57/8318 4834/66/8318
f 4808/58/8319 4847/59/8319 4812/57/8319
f 4768/9/8320 4835/17/8320 4758/8/8320
f 4754/1/8321 4807/58/8321 4768/9/8321
f 4769/9/8322 4850/6/8322 4755/1/8322
f 4811/61/8323 4814/62/8323 4810/70/8323
f 4809/64/8324 4815/63/8324 4811/61/8324
f 4805/56/8325 4811/61/8325 4807/58/8325
f 4807/58/8326 4847/59/8326 4806/60/8326
f 4816/67/8327 4817/68/8327 4813/71/8327
f 4812/57/8328 4814/62/8328 4816/67/8328
f 4812/57/8329 4849/65/8329 4809/64/8329
f 4815/63/8330 4817/68/8330 4819/69/8330
f 4848/72/8331 4818/86/8331 4819/69/8331
f 4848/72/8332 4819/69/8332 4816/67/8332
f 4820/73/8333 4845/74/8333 4825/79/8333
f 4763/15/8334 4846/2/8334 4823/73/8334
f 4763/15/8335 4844/16/8335 4757/10/8335
f 4762/15/8336 4846/2/8336 4754/1/8336
f 4828/76/8337 4831/77/8337 4832/85/8337
f 4825/79/8338 4831/77/8338 4827/78/8338
f 4824/75/8339 4828/76/8339 4845/74/8339
f 4820/73/8073 4826/81/8073 4821/82/8073
f 4821/82/8340 4828/76/8340 4823/73/8340
f 4825/79/8341 4833/83/8341 4830/80/8341
f 4828/76/8342 4833/83/8342 4829/84/8342
f 4832/85/8077 4830/80/8077 4833/83/8077
f 4851/1/4463 4852/1/4463 4943/2/4463
f 4858/3/4464 4857/3/4464 4937/4/4464
f 4857/3/4465 4858/3/4465 4919/5/4465
f 4852/1/4466 4851/1/4466 4947/6/4466
f 4868/7/4467 4855/8/4467 4865/9/4467
f 4867/7/4468 4852/1/4468 4866/9/4468
f 4854/10/4469 4867/7/4469 4864/11/4469
f 4857/3/4470 4868/7/4470 4863/11/4470
f 4862/12/8343 4933/13/8343 4871/14/8343
f 4859/15/4472 4941/16/4472 4853/10/4472
f 4853/10/8344 4868/7/8344 4859/15/8344
f 4858/3/4474 4867/7/4474 4862/12/4474
f 4867/7/8345 4856/8/8345 4862/12/8345
f 4868/7/4476 4851/1/4476 4859/15/4476
f 4866/9/4477 4932/17/4477 4856/8/4477
f 4864/11/4478 4940/18/4478 4854/10/4478
f 4872/19/4479 4875/20/4479 4871/14/4479
f 4862/12/4480 4919/5/4480 4858/3/4480
f 4856/8/4481 4855/8/4481 4933/13/4481
f 4857/3/4482 4870/21/4482 4861/22/4482
f 4855/8/4483 4870/21/4483 4933/13/4483
f 4874/23/4484 4935/24/4484 4876/25/4484
f 4874/23/4485 4877/26/4485 4879/27/4485
f 4871/14/4486 4936/28/4486 4869/29/4486
f 4869/29/4487 4874/23/4487 4870/21/4487
f 4872/19/4488 4874/23/4488 4934/30/4488
f 4880/31/4489 4882/32/4489 4878/33/4489
f 4876/25/4490 4880/31/4490 4875/20/4490
f 4875/20/4491 4877/26/4491 4873/34/4491
f 4878/33/4492 4883/35/4492 4879/27/4492
f 4881/36/8346 4883/35/8346 4884/37/8346
f 4881/36/4494 4883/35/4494 4880/31/4494
f 4885/38/4495 4891/39/4495 4939/40/4495
f 4853/10/4496 4886/41/4496 4863/11/4496
f 4857/3/4497 4886/41/4497 4937/4/4497
f 4864/11/4498 4937/4/4498 4887/42/4498
f 4853/10/8347 4854/10/8347 4940/18/8347
f 4893/43/4500 4896/44/4500 4891/39/4500
f 4893/43/4501 4895/45/4501 4898/46/4501
f 4885/38/4502 4890/39/4502 4886/41/4502
f 4888/47/4503 4890/39/4503 4892/48/4503
f 4888/47/4504 4891/39/4504 4887/42/4504
f 4896/44/4505 4899/49/4505 4894/50/4505
f 4895/45/4506 4938/51/4506 4896/44/4506
f 4891/39/4507 4938/51/4507 4889/52/4507
f 4890/39/4508 4938/51/4508 4895/45/4508
f 4895/45/4509 4899/49/4509 4900/53/4509
f 4895/45/4510 4901/54/4510 4897/55/4510
f 4896/44/8348 4901/54/8348 4900/53/8348
f 4894/50/4512 4895/45/4512 4896/44/4512
f 4902/56/4513 4909/57/4513 4905/58/4513
f 4905/58/8349 4944/59/8349 4903/60/8349
f 4865/9/4515 4932/17/4515 4904/58/4515
f 4851/1/4516 4904/58/4516 4947/6/4516
f 4866/9/4517 4947/6/4517 4905/58/4517
f 4855/8/8350 4856/8/8350 4932/17/8350
f 4908/61/4519 4911/62/4519 4912/63/4519
f 4906/64/4520 4912/63/4520 4946/65/4520
f 4902/56/8351 4908/61/8351 4931/66/8351
f 4904/58/4522 4944/59/4522 4908/61/4522
f 4913/67/4523 4914/68/4523 4916/69/4523
f 4909/57/4524 4911/62/4524 4907/70/4524
f 4909/57/4525 4946/65/4525 4913/67/4525
f 4912/63/4526 4914/68/4526 4910/71/4526
f 4945/72/4527 4916/69/4527 4912/63/4527
f 4917/73/4528 4942/74/4528 4921/75/4528
f 4860/15/4529 4943/2/4529 4852/1/4529
f 4860/15/4530 4941/16/4530 4920/73/4530
f 4859/15/4531 4943/2/4531 4917/73/4531
f 4854/10/4532 4853/10/4532 4941/16/4532
f 4925/76/4533 4928/77/4533 4924/78/4533
f 4922/79/8352 4928/77/8352 4927/80/8352
f 4921/75/4535 4925/76/4535 4920/73/4535
f 4917/73/4536 4923/81/4536 4922/79/4536
f 4918/82/4537 4925/76/4537 4923/81/4537
f 4922/79/4538 4930/83/4538 4926/84/4538
f 4925/76/4539 4930/83/4539 4929/85/4539
f 4929/85/8353 4927/80/8353 4928/77/8353
f 4947/6/4541 4904/58/4541 4905/58/4541
f 4932/17/4542 4905/58/4542 4904/58/4542
f 4933/13/4543 4870/21/4543 4871/14/4543
f 4934/30/4544 4874/23/4544 4875/20/4544
f 4935/24/8354 4879/27/8354 4880/31/8354
f 4944/59/4546 4909/57/4546 4908/61/4546
f 4911/62/4547 4913/67/4547 4912/63/4547
f 4931/66/4548 4908/61/4548 4909/57/4548
f 4946/65/4549 4912/63/4549 4913/67/4549
f 4943/2/4550 4920/73/4550 4917/73/4550
f 4923/81/8355 4925/76/8355 4922/79/8355
f 4942/74/8355 4922/79/8355 4925/76/8355
f 4941/16/4552 4917/73/4552 4920/73/4552
f 4940/18/4553 4887/42/4553 4886/41/4553
f 4937/4/4554 4886/41/4554 4887/42/4554
f 4939/40/4555 4891/39/4555 4890/39/4555
f 4892/48/4556 4890/39/4556 4891/39/4556
f 4921/75/4557 4920/73/4557 4917/73/4557
f 4922/79/8356 4926/84/8356 4925/76/8356
f 4918/82/4559 4917/73/4559 4920/73/4559
f 4924/78/4560 4922/79/4560 4925/76/4560
f 4902/56/4561 4905/58/4561 4904/58/4561
f 4908/61/4562 4906/64/4562 4909/57/4562
f 4912/63/4563 4910/71/4563 4913/67/4563
f 4905/58/4564 4903/60/4564 4904/58/4564
f 4907/70/4565 4908/61/4565 4909/57/4565
f 4945/72/4566 4912/63/4566 4913/67/4566
f 4881/36/4567 4880/31/4567 4879/27/4567
f 4876/25/8357 4875/20/8357 4874/23/8357
f 4872/19/4569 4871/14/4569 4870/21/4569
f 4877/26/4570 4880/31/4570 4879/27/4570
f 4874/23/4571 4936/28/4571 4875/20/4571
f 4880/31/8358 4878/33/8358 4879/27/8358
f 4873/34/4573 4874/23/4573 4875/20/4573
f 4871/14/4574 4869/29/4574 4870/21/4574
f 4870/21/4543 4919/5/4543 4871/14/4543
f 4886/41/4575 4888/47/4575 4887/42/4575
f 4890/39/4576 4893/43/4576 4891/39/4576
f 4897/55/4577 4896/44/4577 4895/45/4577
f 4889/52/4578 4890/39/4578 4891/39/4578
f 4885/38/4579 4886/41/4579 4887/42/4579
f 4898/46/4580 4895/45/4580 4896/44/4580
f 4868/7/4581 4861/22/4581 4855/8/4581
f 4867/7/4582 4860/15/4582 4852/1/4582
f 4854/10/4583 4860/15/4583 4867/7/4583
f 4857/3/4584 4861/22/4584 4868/7/4584
f 4862/12/4585 4856/8/4585 4933/13/4585
f 4859/15/4586 4917/73/4586 4941/16/4586
f 4853/10/4587 4863/11/4587 4868/7/4587
f 4858/3/4588 4864/11/4588 4867/7/4588
f 4867/7/4589 4866/9/4589 4856/8/4589
f 4868/7/4590 4865/9/4590 4851/1/4590
f 4866/9/4591 4905/58/4591 4932/17/4591
f 4864/11/4592 4887/42/4592 4940/18/4592
f 4872/19/4593 4934/30/4593 4875/20/4593
f 4862/12/4594 4871/14/4594 4919/5/4594
f 4857/3/4595 4919/5/4595 4870/21/4595
f 4855/8/4596 4861/22/4596 4870/21/4596
f 4874/23/4597 4879/27/4597 4935/24/4597
f 4874/23/4598 4873/34/4598 4877/26/4598
f 4871/14/4599 4875/20/4599 4936/28/4599
f 4869/29/4600 4936/28/4600 4874/23/4600
f 4872/19/4601 4870/21/4601 4874/23/4601
f 4880/31/4602 4883/35/4602 4882/32/4602
f 4876/25/4603 4935/24/4603 4880/31/4603
f 4875/20/4604 4880/31/4604 4877/26/4604
f 4878/33/4605 4882/32/4605 4883/35/4605
f 4881/36/4606 4879/27/4606 4883/35/4606
f 4885/38/4607 4887/42/4607 4891/39/4607
f 4853/10/4608 4940/18/4608 4886/41/4608
f 4857/3/8359 4863/11/8359 4886/41/8359
f 4864/11/4610 4858/3/4610 4937/4/4610
f 4893/43/4611 4898/46/4611 4896/44/4611
f 4893/43/4612 4890/39/4612 4895/45/4612
f 4885/38/4613 4939/40/4613 4890/39/4613
f 4888/47/4614 4886/41/4614 4890/39/4614
f 4888/47/4615 4892/48/4615 4891/39/4615
f 4896/44/4511 4900/53/4511 4899/49/4511
f 4891/39/4616 4896/44/4616 4938/51/4616
f 4890/39/4617 4889/52/4617 4938/51/4617
f 4895/45/4618 4894/50/4618 4899/49/4618
f 4895/45/4509 4900/53/4509 4901/54/4509
f 4896/44/4620 4897/55/4620 4901/54/4620
f 4902/56/4621 4931/66/4621 4909/57/4621
f 4905/58/4622 4909/57/4622 4944/59/4622
f 4865/9/4623 4855/8/4623 4932/17/4623
f 4851/1/4624 4865/9/4624 4904/58/4624
f 4866/9/4625 4852/1/4625 4947/6/4625
f 4908/61/4626 4907/70/4626 4911/62/4626
f 4906/64/4627 4908/61/4627 4912/63/4627
f 4902/56/4628 4904/58/4628 4908/61/4628
f 4904/58/4629 4903/60/4629 4944/59/4629
f 4913/67/4630 4910/71/4630 4914/68/4630
f 4909/57/4631 4913/67/4631 4911/62/4631
f 4909/57/4632 4906/64/4632 4946/65/4632
f 4912/63/4633 4916/69/4633 4914/68/4633
f 4945/72/4634 4915/86/4634 4916/69/4634
f 4945/72/4635 4913/67/4635 4916/69/4635
f 4917/73/4636 4922/79/4636 4942/74/4636
f 4860/15/4637 4920/73/4637 4943/2/4637
f 4860/15/4638 4854/10/4638 4941/16/4638
f 4859/15/4639 4851/1/4639 4943/2/4639
f 4925/76/4640 4929/85/4640 4928/77/4640
f 4922/79/4641 4924/78/4641 4928/77/4641
f 4921/75/8360 4942/74/8360 4925/76/8360
f 4917/73/4536 4918/82/4536 4923/81/4536
f 4918/82/4644 4920/73/4644 4925/76/4644
f 4922/79/8361 4927/80/8361 4930/83/8361
f 4925/76/8362 4926/84/8362 4930/83/8362
f 4929/85/4540 4930/83/4540 4927/80/4540
f 4948/1/8363 4949/1/8363 5040/2/8363
f 4955/3/8364 4954/3/8364 5034/4/8364
f 4954/3/8365 4955/3/8365 5016/5/8365
f 4949/1/8366 4948/1/8366 5044/6/8366
f 4965/7/8367 4952/8/8367 4962/9/8367
f 4964/7/8368 4949/1/8368 4963/9/8368
f 4951/10/8369 4964/7/8369 4961/11/8369
f 4954/3/8370 4965/7/8370 4960/11/8370
f 4959/12/8371 5030/13/8371 4968/14/8371
f 4956/15/8372 5038/16/8372 4950/10/8372
f 4950/10/8373 4965/7/8373 4956/15/8373
f 4955/3/8374 4964/7/8374 4959/12/8374
f 4964/7/8375 4953/8/8375 4959/12/8375
f 4965/7/8376 4948/1/8376 4956/15/8376
f 4963/9/8377 5029/17/8377 4953/8/8377
f 4961/11/8378 5037/18/8378 4951/10/8378
f 4969/19/8379 4972/20/8379 4968/14/8379
f 4959/12/8380 5016/5/8380 4955/3/8380
f 4953/8/8381 4952/8/8381 5030/13/8381
f 4954/3/8382 4967/21/8382 4958/22/8382
f 4952/8/8383 4967/21/8383 5030/13/8383
f 4971/23/8384 5032/24/8384 4973/25/8384
f 4971/23/8385 4974/26/8385 4976/27/8385
f 4968/14/8386 5033/28/8386 4966/29/8386
f 4966/29/8387 4971/23/8387 4967/21/8387
f 4969/19/8388 4971/23/8388 5031/30/8388
f 4977/31/8389 4979/32/8389 4975/33/8389
f 4973/25/8390 4977/31/8390 4972/20/8390
f 4972/20/8391 4974/26/8391 4970/34/8391
f 4975/33/8392 4980/35/8392 4976/27/8392
f 4978/36/8393 4980/35/8393 4981/37/8393
f 4978/36/8394 4980/35/8394 4977/31/8394
f 4982/38/8395 4988/39/8395 5036/40/8395
f 4950/10/8396 4983/41/8396 4960/11/8396
f 4954/3/8397 4983/41/8397 5034/4/8397
f 4961/11/8398 5034/4/8398 4984/42/8398
f 4950/10/8399 4951/10/8399 5037/18/8399
f 4990/43/8400 4993/44/8400 4988/39/8400
f 4990/43/8401 4992/45/8401 4995/46/8401
f 4982/38/8402 4987/39/8402 4983/41/8402
f 4985/47/8403 4987/39/8403 4989/48/8403
f 4985/47/8404 4988/39/8404 4984/42/8404
f 4993/44/8405 4996/49/8405 4991/50/8405
f 4992/45/8406 5035/51/8406 4993/44/8406
f 4988/39/8407 5035/51/8407 4986/52/8407
f 4987/39/8408 5035/51/8408 4992/45/8408
f 4992/45/8409 4996/49/8409 4997/53/8409
f 4992/45/8410 4998/54/8410 4994/55/8410
f 4993/44/8411 4998/54/8411 4997/53/8411
f 4991/50/8412 4992/45/8412 4993/44/8412
f 4999/56/8413 5006/57/8413 5002/58/8413
f 5002/58/8414 5041/59/8414 5000/60/8414
f 4962/9/8415 5029/17/8415 5001/58/8415
f 4948/1/8416 5001/58/8416 5044/6/8416
f 4963/9/8417 5044/6/8417 5002/58/8417
f 4952/8/8418 4953/8/8418 5029/17/8418
f 5005/61/8419 5008/62/8419 5009/63/8419
f 5003/64/8420 5009/63/8420 5043/65/8420
f 4999/56/8421 5005/61/8421 5028/66/8421
f 5001/58/8422 5041/59/8422 5005/61/8422
f 5010/67/8423 5011/68/8423 5013/69/8423
f 5006/57/8424 5008/62/8424 5004/70/8424
f 5006/57/8425 5043/65/8425 5010/67/8425
f 5009/63/8426 5011/68/8426 5007/71/8426
f 5042/72/8427 5013/69/8427 5009/63/8427
f 5014/73/8428 5039/74/8428 5018/75/8428
f 4957/15/8429 5040/2/8429 4949/1/8429
f 4957/15/8430 5038/16/8430 5017/73/8430
f 4956/15/8431 5040/2/8431 5014/73/8431
f 4951/10/8432 4950/10/8432 5038/16/8432
f 5022/76/8433 5025/77/8433 5021/78/8433
f 5019/79/8434 5025/77/8434 5024/80/8434
f 5018/75/8435 5022/76/8435 5017/73/8435
f 5014/73/8436 5020/81/8436 5019/79/8436
f 5015/82/8437 5022/76/8437 5020/81/8437
f 5019/79/8438 5027/83/8438 5023/84/8438
f 5022/76/8439 5027/83/8439 5026/85/8439
f 5026/85/8440 5024/80/8440 5025/77/8440
f 5044/6/8441 5001/58/8441 5002/58/8441
f 5029/17/8442 5002/58/8442 5001/58/8442
f 5030/13/8443 4967/21/8443 4968/14/8443
f 5031/30/8444 4971/23/8444 4972/20/8444
f 5032/24/8445 4976/27/8445 4977/31/8445
f 5041/59/8446 5006/57/8446 5005/61/8446
f 5008/62/8447 5010/67/8447 5009/63/8447
f 5028/66/8448 5005/61/8448 5006/57/8448
f 5043/65/8449 5009/63/8449 5010/67/8449
f 5040/2/8450 5017/73/8450 5014/73/8450
f 5020/81/8451 5022/76/8451 5019/79/8451
f 5039/74/8451 5019/79/8451 5022/76/8451
f 5038/16/8452 5014/73/8452 5017/73/8452
f 5037/18/8453 4984/42/8453 4983/41/8453
f 5034/4/8454 4983/41/8454 4984/42/8454
f 5036/40/8455 4988/39/8455 4987/39/8455
f 4989/48/8456 4987/39/8456 4988/39/8456
f 5018/75/8457 5017/73/8457 5014/73/8457
f 5019/79/8458 5023/84/8458 5022/76/8458
f 5015/82/8459 5014/73/8459 5017/73/8459
f 5021/78/8460 5019/79/8460 5022/76/8460
f 4999/56/8461 5002/58/8461 5001/58/8461
f 5005/61/8462 5003/64/8462 5006/57/8462
f 5009/63/8463 5007/71/8463 5010/67/8463
f 5002/58/8464 5000/60/8464 5001/58/8464
f 5004/70/8465 5005/61/8465 5006/57/8465
f 5042/72/8466 5009/63/8466 5010/67/8466
f 4978/36/8467 4977/31/8467 4976/27/8467
f 4973/25/8468 4972/20/8468 4971/23/8468
f 4969/19/8469 4968/14/8469 4967/21/8469
f 4974/26/8470 4977/31/8470 4976/27/8470
f 4971/23/8471 5033/28/8471 4972/20/8471
f 4977/31/8472 4975/33/8472 4976/27/8472
f 4970/34/8473 4971/23/8473 4972/20/8473
f 4968/14/8474 4966/29/8474 4967/21/8474
f 4967/21/8443 5016/5/8443 4968/14/8443
f 4983/41/8475 4985/47/8475 4984/42/8475
f 4987/39/8476 4990/43/8476 4988/39/8476
f 4994/55/8477 4993/44/8477 4992/45/8477
f 4986/52/8478 4987/39/8478 4988/39/8478
f 4982/38/8479 4983/41/8479 4984/42/8479
f 4995/46/8480 4992/45/8480 4993/44/8480
f 4965/7/8481 4958/22/8481 4952/8/8481
f 4964/7/8482 4957/15/8482 4949/1/8482
f 4951/10/8483 4957/15/8483 4964/7/8483
f 4954/3/8484 4958/22/8484 4965/7/8484
f 4959/12/8485 4953/8/8485 5030/13/8485
f 4956/15/8486 5014/73/8486 5038/16/8486
f 4950/10/8487 4960/11/8487 4965/7/8487
f 4955/3/8488 4961/11/8488 4964/7/8488
f 4964/7/8489 4963/9/8489 4953/8/8489
f 4965/7/8490 4962/9/8490 4948/1/8490
f 4963/9/8491 5002/58/8491 5029/17/8491
f 4961/11/8492 4984/42/8492 5037/18/8492
f 4969/19/8493 5031/30/8493 4972/20/8493
f 4959/12/8494 4968/14/8494 5016/5/8494
f 4954/3/8495 5016/5/8495 4967/21/8495
f 4952/8/8496 4958/22/8496 4967/21/8496
f 4971/23/8497 4976/27/8497 5032/24/8497
f 4971/23/8498 4970/34/8498 4974/26/8498
f 4968/14/8499 4972/20/8499 5033/28/8499
f 4966/29/8500 5033/28/8500 4971/23/8500
f 4969/19/8501 4967/21/8501 4971/23/8501
f 4977/31/8502 4980/35/8502 4979/32/8502
f 4973/25/8503 5032/24/8503 4977/31/8503
f 4972/20/8504 4977/31/8504 4974/26/8504
f 4975/33/8505 4979/32/8505 4980/35/8505
f 4978/36/8506 4976/27/8506 4980/35/8506
f 4982/38/8507 4984/42/8507 4988/39/8507
f 4950/10/8508 5037/18/8508 4983/41/8508
f 4954/3/8509 4960/11/8509 4983/41/8509
f 4961/11/8510 4955/3/8510 5034/4/8510
f 4990/43/8511 4995/46/8511 4993/44/8511
f 4990/43/8512 4987/39/8512 4992/45/8512
f 4982/38/8513 5036/40/8513 4987/39/8513
f 4985/47/8514 4983/41/8514 4987/39/8514
f 4985/47/8515 4989/48/8515 4988/39/8515
f 4993/44/8516 4997/53/8516 4996/49/8516
f 4988/39/8517 4993/44/8517 5035/51/8517
f 4987/39/8518 4986/52/8518 5035/51/8518
f 4992/45/8519 4991/50/8519 4996/49/8519
f 4992/45/8520 4997/53/8520 4998/54/8520
f 4993/44/8521 4994/55/8521 4998/54/8521
f 4999/56/8522 5028/66/8522 5006/57/8522
f 5002/58/8523 5006/57/8523 5041/59/8523
f 4962/9/8524 4952/8/8524 5029/17/8524
f 4948/1/8525 4962/9/8525 5001/58/8525
f 4963/9/8526 4949/1/8526 5044/6/8526
f 5005/61/8527 5004/70/8527 5008/62/8527
f 5003/64/8528 5005/61/8528 5009/63/8528
f 4999/56/8529 5001/58/8529 5005/61/8529
f 5001/58/8530 5000/60/8530 5041/59/8530
f 5010/67/8531 5007/71/8531 5011/68/8531
f 5006/57/8532 5010/67/8532 5008/62/8532
f 5006/57/8533 5003/64/8533 5043/65/8533
f 5009/63/8534 5013/69/8534 5011/68/8534
f 5042/72/8535 5012/86/8535 5013/69/8535
f 5042/72/8536 5010/67/8536 5013/69/8536
f 5014/73/8537 5019/79/8537 5039/74/8537
f 4957/15/8538 5017/73/8538 5040/2/8538
f 4957/15/8539 4951/10/8539 5038/16/8539
f 4956/15/8540 4948/1/8540 5040/2/8540
f 5022/76/8541 5026/85/8541 5025/77/8541
f 5019/79/8542 5021/78/8542 5025/77/8542
f 5018/75/8543 5039/74/8543 5022/76/8543
f 5014/73/8544 5015/82/8544 5020/81/8544
f 5015/82/8545 5017/73/8545 5022/76/8545
f 5019/79/8546 5024/80/8546 5027/83/8546
f 5022/76/8547 5023/84/8547 5027/83/8547
f 5026/85/8548 5027/83/8548 5024/80/8548
f 5045/1/8549 5046/1/8549 5137/2/8549
f 5052/3/8550 5051/3/8550 5131/4/8550
f 5051/3/8551 5052/3/8551 5113/5/8551
f 5046/1/8552 5045/1/8552 5141/6/8552
f 5062/7/8553 5049/8/8553 5059/9/8553
f 5061/7/8554 5046/1/8554 5060/9/8554
f 5048/10/8555 5061/7/8555 5058/11/8555
f 5051/3/8556 5062/7/8556 5057/11/8556
f 5056/12/8557 5127/13/8557 5065/14/8557
f 5053/15/8558 5135/16/8558 5047/10/8558
f 5047/10/8559 5062/7/8559 5053/15/8559
f 5052/3/8560 5061/7/8560 5056/12/8560
f 5061/7/8561 5050/8/8561 5056/12/8561
f 5062/7/8562 5045/1/8562 5053/15/8562
f 5060/9/8563 5126/17/8563 5050/8/8563
f 5058/11/8564 5134/18/8564 5048/10/8564
f 5066/19/8565 5069/20/8565 5065/14/8565
f 5056/12/8566 5113/5/8566 5052/3/8566
f 5050/8/8567 5049/8/8567 5127/13/8567
f 5051/3/8568 5064/21/8568 5055/22/8568
f 5049/8/8569 5064/21/8569 5127/13/8569
f 5068/23/8570 5129/24/8570 5070/25/8570
f 5068/23/8571 5071/26/8571 5073/27/8571
f 5065/14/8572 5130/28/8572 5063/29/8572
f 5063/29/8573 5068/23/8573 5064/21/8573
f 5066/19/8574 5068/23/8574 5128/30/8574
f 5074/31/8575 5076/32/8575 5072/33/8575
f 5070/25/8576 5074/31/8576 5069/20/8576
f 5069/20/8577 5071/26/8577 5067/34/8577
f 5072/33/8578 5077/35/8578 5073/27/8578
f 5075/36/8579 5077/35/8579 5078/37/8579
f 5075/36/8580 5077/35/8580 5074/31/8580
f 5079/38/8581 5085/39/8581 5133/40/8581
f 5047/10/8582 5080/41/8582 5057/11/8582
f 5051/3/8583 5080/41/8583 5131/4/8583
f 5058/11/8584 5131/4/8584 5081/42/8584
f 5047/10/8585 5048/10/8585 5134/18/8585
f 5087/43/8586 5090/44/8586 5085/39/8586
f 5087/43/8587 5089/45/8587 5092/46/8587
f 5079/38/8588 5084/39/8588 5080/41/8588
f 5082/47/8589 5084/39/8589 5086/48/8589
f 5082/47/8590 5085/39/8590 5081/42/8590
f 5090/44/8591 5093/49/8591 5088/50/8591
f 5089/45/8592 5132/51/8592 5090/44/8592
f 5085/39/8593 5132/51/8593 5083/52/8593
f 5084/39/8594 5132/51/8594 5089/45/8594
f 5089/45/8595 5093/49/8595 5094/53/8595
f 5089/45/8596 5095/54/8596 5091/55/8596
f 5090/44/8597 5095/54/8597 5094/53/8597
f 5088/50/8598 5089/45/8598 5090/44/8598
f 5096/56/8599 5103/57/8599 5099/58/8599
f 5099/58/8600 5138/59/8600 5097/60/8600
f 5059/9/8601 5126/17/8601 5098/58/8601
f 5045/1/8602 5098/58/8602 5141/6/8602
f 5060/9/8603 5141/6/8603 5099/58/8603
f 5049/8/8604 5050/8/8604 5126/17/8604
f 5102/61/8605 5105/62/8605 5106/63/8605
f 5100/64/8606 5106/63/8606 5140/65/8606
f 5096/56/8607 5102/61/8607 5125/66/8607
f 5098/58/8608 5138/59/8608 5102/61/8608
f 5107/67/8609 5108/68/8609 5110/69/8609
f 5103/57/8610 5105/62/8610 5101/70/8610
f 5103/57/8611 5140/65/8611 5107/67/8611
f 5106/63/8612 5108/68/8612 5104/71/8612
f 5139/72/8613 5110/69/8613 5106/63/8613
f 5111/73/8614 5136/74/8614 5115/75/8614
f 5054/15/8615 5137/2/8615 5046/1/8615
f 5054/15/8616 5135/16/8616 5114/73/8616
f 5053/15/8617 5137/2/8617 5111/73/8617
f 5048/10/8618 5047/10/8618 5135/16/8618
f 5119/76/8619 5122/77/8619 5118/78/8619
f 5116/79/8620 5122/77/8620 5121/80/8620
f 5115/75/8621 5119/76/8621 5114/73/8621
f 5111/73/8622 5117/81/8622 5116/79/8622
f 5112/82/8623 5119/76/8623 5117/81/8623
f 5116/79/8624 5124/83/8624 5120/84/8624
f 5119/76/8625 5124/83/8625 5123/85/8625
f 5123/85/8626 5121/80/8626 5122/77/8626
f 5141/6/8627 5098/58/8627 5099/58/8627
f 5126/17/8628 5099/58/8628 5098/58/8628
f 5127/13/8629 5064/21/8629 5065/14/8629
f 5128/30/8630 5068/23/8630 5069/20/8630
f 5129/24/8631 5073/27/8631 5074/31/8631
f 5138/59/8632 5103/57/8632 5102/61/8632
f 5105/62/8633 5107/67/8633 5106/63/8633
f 5125/66/8634 5102/61/8634 5103/57/8634
f 5140/65/8635 5106/63/8635 5107/67/8635
f 5137/2/8636 5114/73/8636 5111/73/8636
f 5117/81/8637 5119/76/8637 5116/79/8637
f 5136/74/8638 5116/79/8638 5119/76/8638
f 5135/16/8639 5111/73/8639 5114/73/8639
f 5134/18/8640 5081/42/8640 5080/41/8640
f 5131/4/8641 5080/41/8641 5081/42/8641
f 5133/40/8642 5085/39/8642 5084/39/8642
f 5086/48/8643 5084/39/8643 5085/39/8643
f 5115/75/8644 5114/73/8644 5111/73/8644
f 5116/79/8645 5120/84/8645 5119/76/8645
f 5112/82/8646 5111/73/8646 5114/73/8646
f 5118/78/8647 5116/79/8647 5119/76/8647
f 5096/56/8648 5099/58/8648 5098/58/8648
f 5102/61/8649 5100/64/8649 5103/57/8649
f 5106/63/8650 5104/71/8650 5107/67/8650
f 5099/58/8651 5097/60/8651 5098/58/8651
f 5101/70/8652 5102/61/8652 5103/57/8652
f 5139/72/8653 5106/63/8653 5107/67/8653
f 5075/36/8654 5074/31/8654 5073/27/8654
f 5070/25/8655 5069/20/8655 5068/23/8655
f 5066/19/8656 5065/14/8656 5064/21/8656
f 5071/26/8657 5074/31/8657 5073/27/8657
f 5068/23/8658 5130/28/8658 5069/20/8658
f 5074/31/8659 5072/33/8659 5073/27/8659
f 5067/34/8660 5068/23/8660 5069/20/8660
f 5065/14/8661 5063/29/8661 5064/21/8661
f 5064/21/8629 5113/5/8629 5065/14/8629
f 5080/41/8662 5082/47/8662 5081/42/8662
f 5084/39/8663 5087/43/8663 5085/39/8663
f 5091/55/8664 5090/44/8664 5089/45/8664
f 5083/52/8665 5084/39/8665 5085/39/8665
f 5079/38/8666 5080/41/8666 5081/42/8666
f 5092/46/8667 5089/45/8667 5090/44/8667
f 5062/7/8668 5055/22/8668 5049/8/8668
f 5061/7/8669 5054/15/8669 5046/1/8669
f 5048/10/8670 5054/15/8670 5061/7/8670
f 5051/3/8671 5055/22/8671 5062/7/8671
f 5056/12/8672 5050/8/8672 5127/13/8672
f 5053/15/8673 5111/73/8673 5135/16/8673
f 5047/10/8674 5057/11/8674 5062/7/8674
f 5052/3/8675 5058/11/8675 5061/7/8675
f 5061/7/8676 5060/9/8676 5050/8/8676
f 5062/7/8677 5059/9/8677 5045/1/8677
f 5060/9/8678 5099/58/8678 5126/17/8678
f 5058/11/8679 5081/42/8679 5134/18/8679
f 5066/19/8680 5128/30/8680 5069/20/8680
f 5056/12/8681 5065/14/8681 5113/5/8681
f 5051/3/8682 5113/5/8682 5064/21/8682
f 5049/8/8683 5055/22/8683 5064/21/8683
f 5068/23/8684 5073/27/8684 5129/24/8684
f 5068/23/8685 5067/34/8685 5071/26/8685
f 5065/14/8686 5069/20/8686 5130/28/8686
f 5063/29/8687 5130/28/8687 5068/23/8687
f 5066/19/8688 5064/21/8688 5068/23/8688
f 5074/31/8689 5077/35/8689 5076/32/8689
f 5070/25/8690 5129/24/8690 5074/31/8690
f 5069/20/8691 5074/31/8691 5071/26/8691
f 5072/33/8692 5076/32/8692 5077/35/8692
f 5075/36/8693 5073/27/8693 5077/35/8693
f 5079/38/8694 5081/42/8694 5085/39/8694
f 5047/10/8695 5134/18/8695 5080/41/8695
f 5051/3/8696 5057/11/8696 5080/41/8696
f 5058/11/8697 5052/3/8697 5131/4/8697
f 5087/43/8698 5092/46/8698 5090/44/8698
f 5087/43/8699 5084/39/8699 5089/45/8699
f 5079/38/8700 5133/40/8700 5084/39/8700
f 5082/47/8701 5080/41/8701 5084/39/8701
f 5082/47/8702 5086/48/8702 5085/39/8702
f 5090/44/8703 5094/53/8703 5093/49/8703
f 5085/39/8704 5090/44/8704 5132/51/8704
f 5084/39/8705 5083/52/8705 5132/51/8705
f 5089/45/8706 5088/50/8706 5093/49/8706
f 5089/45/8707 5094/53/8707 5095/54/8707
f 5090/44/8708 5091/55/8708 5095/54/8708
f 5096/56/8709 5125/66/8709 5103/57/8709
f 5099/58/8710 5103/57/8710 5138/59/8710
f 5059/9/8711 5049/8/8711 5126/17/8711
f 5045/1/8712 5059/9/8712 5098/58/8712
f 5060/9/8713 5046/1/8713 5141/6/8713
f 5102/61/8714 5101/70/8714 5105/62/8714
f 5100/64/8715 5102/61/8715 5106/63/8715
f 5096/56/8716 5098/58/8716 5102/61/8716
f 5098/58/8717 5097/60/8717 5138/59/8717
f 5107/67/8718 5104/71/8718 5108/68/8718
f 5103/57/8719 5107/67/8719 5105/62/8719
f 5103/57/8720 5100/64/8720 5140/65/8720
f 5106/63/8721 5110/69/8721 5108/68/8721
f 5139/72/8722 5109/86/8722 5110/69/8722
f 5139/72/8723 5107/67/8723 5110/69/8723
f 5111/73/8724 5116/79/8724 5136/74/8724
f 5054/15/8725 5114/73/8725 5137/2/8725
f 5054/15/8726 5048/10/8726 5135/16/8726
f 5053/15/8727 5045/1/8727 5137/2/8727
f 5119/76/8728 5123/85/8728 5122/77/8728
f 5116/79/8729 5118/78/8729 5122/77/8729
f 5115/75/8730 5136/74/8730 5119/76/8730
f 5111/73/8622 5112/82/8622 5117/81/8622
f 5112/82/8731 5114/73/8731 5119/76/8731
f 5116/79/8732 5121/80/8732 5124/83/8732
f 5119/76/8733 5120/84/8733 5124/83/8733
f 5123/85/8734 5124/83/8734 5121/80/8734
f 5142/1/8735 5143/1/8735 5234/2/8735
f 5149/3/8736 5148/3/8736 5228/4/8736
f 5148/3/8737 5149/3/8737 5210/5/8737
f 5143/1/8738 5142/1/8738 5238/6/8738
f 5159/7/8739 5146/8/8739 5156/9/8739
f 5158/7/8740 5143/1/8740 5157/9/8740
f 5145/10/8741 5158/7/8741 5155/11/8741
f 5148/3/8742 5159/7/8742 5154/11/8742
f 5153/12/8743 5224/13/8743 5162/14/8743
f 5150/15/8744 5232/16/8744 5144/10/8744
f 5144/10/8745 5159/7/8745 5150/15/8745
f 5149/3/8746 5158/7/8746 5153/12/8746
f 5158/7/8747 5147/8/8747 5153/12/8747
f 5159/7/8748 5142/1/8748 5150/15/8748
f 5157/9/8749 5223/17/8749 5147/8/8749
f 5155/11/8750 5231/18/8750 5145/10/8750
f 5163/19/8751 5166/20/8751 5162/14/8751
f 5153/12/8752 5210/5/8752 5149/3/8752
f 5147/8/8753 5146/8/8753 5224/13/8753
f 5148/3/8754 5161/21/8754 5152/22/8754
f 5146/8/8755 5161/21/8755 5224/13/8755
f 5165/23/8756 5226/24/8756 5167/25/8756
f 5165/23/8757 5168/26/8757 5170/27/8757
f 5162/14/8758 5227/28/8758 5160/29/8758
f 5160/29/8759 5165/23/8759 5161/21/8759
f 5163/19/8760 5165/23/8760 5225/30/8760
f 5171/31/8761 5173/32/8761 5169/33/8761
f 5167/25/8762 5171/31/8762 5166/20/8762
f 5166/20/8763 5168/26/8763 5164/34/8763
f 5169/33/8764 5174/35/8764 5170/27/8764
f 5172/36/8765 5174/35/8765 5175/37/8765
f 5172/36/8766 5174/35/8766 5171/31/8766
f 5176/38/8767 5182/39/8767 5230/40/8767
f 5144/10/8768 5177/41/8768 5154/11/8768
f 5148/3/8769 5177/41/8769 5228/4/8769
f 5155/11/8770 5228/4/8770 5178/42/8770
f 5144/10/8771 5145/10/8771 5231/18/8771
f 5184/43/8772 5187/44/8772 5182/39/8772
f 5184/43/8773 5186/45/8773 5189/46/8773
f 5176/38/8774 5181/39/8774 5177/41/8774
f 5179/47/8775 5181/39/8775 5183/48/8775
f 5179/47/8776 5182/39/8776 5178/42/8776
f 5187/44/8777 5190/49/8777 5185/50/8777
f 5186/45/8778 5229/51/8778 5187/44/8778
f 5182/39/8779 5229/51/8779 5180/52/8779
f 5181/39/8780 5229/51/8780 5186/45/8780
f 5186/45/8781 5190/49/8781 5191/53/8781
f 5186/45/8782 5192/54/8782 5188/55/8782
f 5187/44/8783 5192/54/8783 5191/53/8783
f 5185/50/8784 5186/45/8784 5187/44/8784
f 5193/56/8785 5200/57/8785 5196/58/8785
f 5196/58/8786 5235/59/8786 5194/60/8786
f 5156/9/8787 5223/17/8787 5195/58/8787
f 5142/1/8788 5195/58/8788 5238/6/8788
f 5157/9/8789 5238/6/8789 5196/58/8789
f 5146/8/8790 5147/8/8790 5223/17/8790
f 5199/61/8791 5202/62/8791 5203/63/8791
f 5197/64/8792 5203/63/8792 5237/65/8792
f 5193/56/8793 5199/61/8793 5222/66/8793
f 5195/58/8794 5235/59/8794 5199/61/8794
f 5204/67/8795 5205/68/8795 5207/69/8795
f 5200/57/8796 5202/62/8796 5198/70/8796
f 5200/57/8797 5237/65/8797 5204/67/8797
f 5203/63/8798 5205/68/8798 5201/71/8798
f 5236/72/8799 5207/69/8799 5203/63/8799
f 5208/73/8800 5233/74/8800 5212/75/8800
f 5151/15/8801 5234/2/8801 5143/1/8801
f 5151/15/8802 5232/16/8802 5211/73/8802
f 5150/15/8803 5234/2/8803 5208/73/8803
f 5145/10/8804 5144/10/8804 5232/16/8804
f 5216/76/8805 5219/77/8805 5215/78/8805
f 5213/79/8806 5219/77/8806 5218/80/8806
f 5212/75/8807 5216/76/8807 5211/73/8807
f 5208/73/8808 5214/81/8808 5213/79/8808
f 5209/82/8809 5216/76/8809 5214/81/8809
f 5213/79/8810 5221/83/8810 5217/84/8810
f 5216/76/8811 5221/83/8811 5220/85/8811
f 5220/85/8812 5218/80/8812 5219/77/8812
f 5238/6/8813 5195/58/8813 5196/58/8813
f 5223/17/8814 5196/58/8814 5195/58/8814
f 5224/13/8815 5161/21/8815 5162/14/8815
f 5225/30/8816 5165/23/8816 5166/20/8816
f 5226/24/8817 5170/27/8817 5171/31/8817
f 5235/59/8818 5200/57/8818 5199/61/8818
f 5202/62/8819 5204/67/8819 5203/63/8819
f 5222/66/8820 5199/61/8820 5200/57/8820
f 5237/65/8821 5203/63/8821 5204/67/8821
f 5234/2/8822 5211/73/8822 5208/73/8822
f 5214/81/8823 5216/76/8823 5213/79/8823
f 5233/74/8823 5213/79/8823 5216/76/8823
f 5232/16/8824 5208/73/8824 5211/73/8824
f 5231/18/8825 5178/42/8825 5177/41/8825
f 5228/4/8826 5177/41/8826 5178/42/8826
f 5230/40/8827 5182/39/8827 5181/39/8827
f 5183/48/8828 5181/39/8828 5182/39/8828
f 5212/75/8829 5211/73/8829 5208/73/8829
f 5213/79/8830 5217/84/8830 5216/76/8830
f 5209/82/8831 5208/73/8831 5211/73/8831
f 5215/78/8832 5213/79/8832 5216/76/8832
f 5193/56/8833 5196/58/8833 5195/58/8833
f 5199/61/8834 5197/64/8834 5200/57/8834
f 5203/63/8835 5201/71/8835 5204/67/8835
f 5196/58/8836 5194/60/8836 5195/58/8836
f 5198/70/8837 5199/61/8837 5200/57/8837
f 5236/72/8838 5203/63/8838 5204/67/8838
f 5172/36/8839 5171/31/8839 5170/27/8839
f 5167/25/8840 5166/20/8840 5165/23/8840
f 5163/19/8841 5162/14/8841 5161/21/8841
f 5168/26/8842 5171/31/8842 5170/27/8842
f 5165/23/8843 5227/28/8843 5166/20/8843
f 5171/31/8844 5169/33/8844 5170/27/8844
f 5164/34/8845 5165/23/8845 5166/20/8845
f 5162/14/8846 5160/29/8846 5161/21/8846
f 5161/21/8815 5210/5/8815 5162/14/8815
f 5177/41/8847 5179/47/8847 5178/42/8847
f 5181/39/8848 5184/43/8848 5182/39/8848
f 5188/55/8849 5187/44/8849 5186/45/8849
f 5180/52/8850 5181/39/8850 5182/39/8850
f 5176/38/8851 5177/41/8851 5178/42/8851
f 5189/46/8852 5186/45/8852 5187/44/8852
f 5159/7/8853 5152/22/8853 5146/8/8853
f 5158/7/8854 5151/15/8854 5143/1/8854
f 5145/10/8855 5151/15/8855 5158/7/8855
f 5148/3/8856 5152/22/8856 5159/7/8856
f 5153/12/8857 5147/8/8857 5224/13/8857
f 5150/15/8858 5208/73/8858 5232/16/8858
f 5144/10/8859 5154/11/8859 5159/7/8859
f 5149/3/8860 5155/11/8860 5158/7/8860
f 5158/7/8861 5157/9/8861 5147/8/8861
f 5159/7/8862 5156/9/8862 5142/1/8862
f 5157/9/8863 5196/58/8863 5223/17/8863
f 5155/11/8864 5178/42/8864 5231/18/8864
f 5163/19/8865 5225/30/8865 5166/20/8865
f 5153/12/8866 5162/14/8866 5210/5/8866
f 5148/3/8867 5210/5/8867 5161/21/8867
f 5146/8/8868 5152/22/8868 5161/21/8868
f 5165/23/8869 5170/27/8869 5226/24/8869
f 5165/23/8870 5164/34/8870 5168/26/8870
f 5162/14/8871 5166/20/8871 5227/28/8871
f 5160/29/8872 5227/28/8872 5165/23/8872
f 5163/19/8873 5161/21/8873 5165/23/8873
f 5171/31/8874 5174/35/8874 5173/32/8874
f 5167/25/8875 5226/24/8875 5171/31/8875
f 5166/20/8876 5171/31/8876 5168/26/8876
f 5169/33/8877 5173/32/8877 5174/35/8877
f 5172/36/8878 5170/27/8878 5174/35/8878
f 5176/38/8879 5178/42/8879 5182/39/8879
f 5144/10/8880 5231/18/8880 5177/41/8880
f 5148/3/8881 5154/11/8881 5177/41/8881
f 5155/11/8882 5149/3/8882 5228/4/8882
f 5184/43/8883 5189/46/8883 5187/44/8883
f 5184/43/8884 5181/39/8884 5186/45/8884
f 5176/38/8885 5230/40/8885 5181/39/8885
f 5179/47/8886 5177/41/8886 5181/39/8886
f 5179/47/8887 5183/48/8887 5182/39/8887
f 5187/44/8888 5191/53/8888 5190/49/8888
f 5182/39/8889 5187/44/8889 5229/51/8889
f 5181/39/8890 5180/52/8890 5229/51/8890
f 5186/45/8891 5185/50/8891 5190/49/8891
f 5186/45/8892 5191/53/8892 5192/54/8892
f 5187/44/8893 5188/55/8893 5192/54/8893
f 5193/56/8894 5222/66/8894 5200/57/8894
f 5196/58/8895 5200/57/8895 5235/59/8895
f 5156/9/8896 5146/8/8896 5223/17/8896
f 5142/1/8897 5156/9/8897 5195/58/8897
f 5157/9/8898 5143/1/8898 5238/6/8898
f 5199/61/8899 5198/70/8899 5202/62/8899
f 5197/64/8900 5199/61/8900 5203/63/8900
f 5193/56/8901 5195/58/8901 5199/61/8901
f 5195/58/8902 5194/60/8902 5235/59/8902
f 5204/67/8903 5201/71/8903 5205/68/8903
f 5200/57/8904 5204/67/8904 5202/62/8904
f 5200/57/8905 5197/64/8905 5237/65/8905
f 5203/63/8906 5207/69/8906 5205/68/8906
f 5236/72/8907 5206/86/8907 5207/69/8907
f 5236/72/8908 5204/67/8908 5207/69/8908
f 5208/73/8909 5213/79/8909 5233/74/8909
f 5151/15/8910 5211/73/8910 5234/2/8910
f 5151/15/8911 5145/10/8911 5232/16/8911
f 5150/15/8912 5142/1/8912 5234/2/8912
f 5216/76/8913 5220/85/8913 5219/77/8913
f 5213/79/8914 5215/78/8914 5219/77/8914
f 5212/75/8915 5233/74/8915 5216/76/8915
f 5208/73/8916 5209/82/8916 5214/81/8916
f 5209/82/8917 5211/73/8917 5216/76/8917
f 5213/79/8918 5218/80/8918 5221/83/8918
f 5216/76/8919 5217/84/8919 5221/83/8919
f 5220/85/8812 5221/83/8812 5218/80/8812
