# Blender 5.0.1
# www.blender.org
mtllib model.mtl
o grassMesh
v -29.717201 -20.603565 12.402895
v -28.931908 -33.837811 14.236139
v -14.320606 -25.314913 12.869416
v -7.786253 -17.928570 12.376584
v -37.423126 -21.206154 14.290251
v -31.004581 -17.602821 13.076918
v -34.574196 -8.133906 13.722749
v -19.623375 -4.559992 13.306177
v -28.818413 42.961510 14.800273
v -12.720927 44.218601 15.515100
v -42.711613 43.823963 19.162445
v -51.565781 57.645596 17.363113
v -25.916985 -1.552548 13.873465
v -28.907148 -2.267332 13.873465
v -17.698116 39.126785 13.899045
v -28.274309 40.728825 14.122293
v -48.351463 39.189198 19.616968
v -53.664627 49.161964 21.757959
v -51.250404 13.013625 23.061617
v -59.903076 13.004461 23.199879
v -51.243973 6.941579 23.199234
v -59.896645 6.932415 24.638496
v -49.789642 11.127230 23.061617
v -49.787201 8.831064 23.061617
v -17.425156 10.539213 23.061617
v -17.731358 8.865095 23.061617
v -15.482163 11.163651 23.061617
v -15.420707 8.218503 23.061617
v -18.895697 11.161261 23.061617
v -18.893259 8.865095 23.061617
v -12.232552 10.369508 24.810957
v -11.085041 11.924017 24.810957
v -14.525570 10.702089 24.810957
v -13.118864 13.736235 24.810957
v -35.358307 -8.689924 34.523441
v -34.108498 -10.616152 34.523441
v -17.506451 22.848299 29.043800
v -16.256639 20.922071 28.958490
v -59.587135 -21.879044 35.160793
v -59.259926 -23.132435 35.206627
v -12.978672 15.057076 26.827145
v -11.831161 16.611586 26.827145
v -15.271690 15.389658 26.827145
v -13.864985 18.423803 26.827145
v -8.277812 20.861801 28.283165
v -10.083817 21.548552 28.283165
v -7.980931 18.563887 28.283165
v -11.281733 19.102011 28.283165
v -11.253366 23.543444 28.283165
v -11.443923 25.466196 28.283165
v -13.177838 22.253115 28.283165
v -14.167933 25.447577 28.283165
v -34.437378 -41.930782 12.136829
v -33.947353 -41.266956 12.136829
v -35.416569 -41.788761 12.136829
v -34.815861 -40.493084 12.136829
v -44.071316 -50.493114 15.875454
v -43.514805 -49.739216 15.875454
v -45.183369 -50.331821 15.875454
v -44.501156 -48.860340 15.875454
v -57.483215 -50.810886 21.470314
v -56.993187 -50.147064 21.470314
v -58.462402 -50.668861 21.470314
v -57.861694 -49.373188 21.470314
v -67.359421 -39.337471 29.079102
v -66.869400 -38.673649 29.079102
v -68.338615 -39.195450 29.079102
v -67.737907 -37.899773 29.079102
v -62.476288 -26.997961 33.070190
v -61.986267 -26.334135 33.070190
v -63.455482 -26.855940 33.070190
v -62.854774 -25.560266 33.070190
v -32.761539 -36.163216 11.766208
v -32.271511 -35.499390 11.766208
v -33.740726 -36.021191 11.766208
v -33.140018 -34.725517 11.766208
v -38.202057 -47.289883 13.175177
v -37.645546 -46.535984 13.175177
v -39.314110 -47.128582 13.175177
v -38.631897 -45.657108 13.175177
v -50.779774 -52.150539 18.770039
v -50.289753 -51.486717 18.770039
v -51.758968 -52.008514 18.770039
v -51.158260 -50.712841 18.770039
v -62.674850 -45.768402 25.193840
v -62.184830 -45.104576 25.193840
v -63.654045 -45.626381 25.193840
v -63.053337 -44.330704 25.193840
v -66.077621 -32.790009 31.076973
v -65.587593 -32.126179 31.076973
v -67.056808 -32.647987 31.076973
v -66.456100 -31.352306 31.076973
v -79.991417 -13.047592 35.843819
v -79.991417 -20.688091 35.843819
v -28.999582 -34.263412 14.791244
v -14.707449 -25.261240 13.484906
v -7.558537 -18.049990 12.998783
v -29.465488 -20.397482 12.872043
v -37.687149 -21.339664 14.846607
v -30.715332 -17.484228 13.526414
v -34.772343 -7.965137 14.265982
v -19.195719 -4.416112 13.748988
v -46.883362 57.584652 18.125322
v -12.483512 44.234188 16.940208
v -17.571934 39.126858 14.450104
v -29.052769 -1.962906 14.372683
v -42.702568 43.519283 19.663546
v -28.839697 53.515240 16.940208
v -25.606020 -1.552477 14.322148
v -28.470335 40.728897 14.673351
v -48.141727 38.722515 20.118069
v -53.846176 49.368092 22.259060
v -51.015751 13.134194 23.562717
v -60.315231 12.656678 23.700977
v -50.841782 6.693295 23.700335
v -60.245956 6.559052 25.139597
v -49.554989 11.247799 23.562717
v -49.535683 8.539808 23.562717
v -18.548180 11.325398 23.562717
v -18.488100 8.619918 23.562717
v -17.610086 10.710388 23.520548
v -15.272371 11.461681 23.520548
v -15.198430 7.918221 23.520548
v -17.978495 8.696170 23.520548
v -12.167208 10.200543 25.269888
v -14.755201 10.575909 25.269888
v -13.167538 14.000370 25.269888
v -10.872080 11.955027 25.269888
v -12.889272 14.825910 27.286076
v -15.585861 15.217025 27.286076
v -13.931577 18.785179 27.286076
v -11.539800 16.654011 27.286076
v -8.130278 20.972000 28.742096
v -7.794576 18.373606 28.742096
v -11.526999 18.982092 28.742096
v -10.172441 21.748552 28.742096
v -11.049194 23.440477 28.742096
v -13.286155 21.940626 28.742096
v -14.437017 25.653791 28.742096
v -11.270694 25.675436 28.742096
v -35.633362 -8.248117 34.768925
v -34.047985 -10.790841 34.768925
v -17.519697 23.131765 29.289284
v -16.130014 20.918785 29.203974
v -59.466816 -21.584124 35.406277
v -59.214802 -23.288773 35.452110
v -79.991417 -12.717415 36.089302
v -79.991417 -20.874765 36.089302
v -34.321568 -42.230240 12.565220
v -35.823551 -42.012394 12.565220
v -34.902122 -40.024952 12.565220
v -33.569920 -41.211998 12.565220
v -44.003529 -50.668392 16.303844
v -45.421581 -50.462719 16.303844
v -44.551647 -48.586334 16.303844
v -43.293884 -49.707047 16.303844
v -57.407837 -51.005798 21.898705
v -58.727299 -50.814419 21.898705
v -57.917839 -49.068489 21.898705
v -56.747520 -50.111294 21.898705
v -67.294998 -39.504044 29.507492
v -68.564995 -39.319843 29.507492
v -67.785889 -37.639378 29.507492
v -66.659454 -38.643078 29.507492
v -62.415203 -27.155903 33.498581
v -63.670135 -26.973890 33.498581
v -62.900272 -25.313360 33.498581
v -61.787197 -26.305147 33.498581
v -32.680264 -36.373383 12.194598
v -34.026356 -36.178139 12.194598
v -33.200558 -34.396973 12.194598
v -32.006618 -35.460819 12.194598
v -38.125584 -47.487621 13.603567
v -39.582848 -47.276249 13.603567
v -38.688858 -45.347992 13.603567
v -37.396317 -46.499695 13.603567
v -50.710938 -52.328537 19.198429
v -52.000877 -52.141438 19.198429
v -51.209534 -50.434586 19.198429
v -50.065407 -51.454052 19.198429
v -62.597561 -45.968254 25.622231
v -63.925659 -45.775631 25.622231
v -63.110909 -44.018276 25.622231
v -61.932934 -45.067894 25.622231
v -66.006256 -32.974548 31.505363
v -67.307610 -32.785797 31.505363
v -66.509262 -31.063824 31.505363
v -65.355003 -32.092312 31.505363
v -160.072708 -23.775227 13.815002
v -160.561401 26.601360 17.908249
v -116.689537 52.626167 20.447399
v -72.835251 26.591202 23.118834
v -79.292534 -22.300941 35.917370
v -116.689537 -49.366432 23.118834
v -164.008224 -26.058506 13.815002
v -164.701538 28.971878 17.908249
v -118.048653 55.427616 20.467112
v -68.100357 29.610447 23.033207
v -77.431847 -25.399345 36.493446
v -118.527100 -53.802769 23.484774
v -163.743271 -25.399677 12.572180
v -165.300598 28.377544 16.450941
v -117.504486 54.175632 18.603418
v -68.625198 31.002743 21.433922
v -75.948463 -24.910233 34.582134
v -116.978569 -52.939377 21.248749
v -94.150093 32.017612 44.162060
v -83.865295 41.887726 42.628990
v -86.631340 27.144690 44.162060
v -80.486328 39.697803 42.628990
v -95.902153 31.492199 45.851433
v -83.675194 43.042976 43.835304
v -79.435867 40.295452 43.835304
v -86.468964 25.378525 45.851433
v -91.576111 33.937180 43.820404
v -117.612213 45.729198 50.747677
v -91.376770 34.245827 43.820404
v -78.949272 49.550766 42.360920
v -117.537346 45.845127 50.747677
v -91.569000 33.904129 43.841476
v -117.624626 45.726528 50.916428
v -117.540016 45.857540 50.916428
v -91.343719 34.252937 43.841476
v -78.115120 52.618301 43.350834
v -79.783424 46.483238 42.667057
v -82.108940 52.756466 43.350834
v -81.578270 46.545326 42.667057
v -77.185020 53.698895 44.197510
v -79.482964 45.503304 44.197510
v -82.037842 45.591690 44.197510
v -82.870033 53.895573 44.197510
v -97.345573 43.264729 45.473095
v -103.166611 42.493324 47.262947
v -108.971115 49.559959 49.015862
v -78.532196 51.084534 42.861561
v -108.865128 49.724064 49.015858
v -103.041473 42.687092 47.262943
v -97.232231 43.440224 45.473095
v -97.344070 43.247578 45.642433
v -103.169037 42.477024 47.554527
v -108.978645 49.549690 49.270935
v -108.858871 49.735153 49.270935
v -103.027611 42.696007 47.554527
v -97.215981 43.445908 45.642433
v -79.366348 48.016998 42.519672
v -81.710938 48.098114 42.519672
v -81.843605 49.650902 42.360920
v -81.976265 51.203678 42.861561
v -77.759506 51.649998 44.197510
v -78.333992 49.601105 44.197510
v -78.908478 47.552208 44.197510
v -82.245888 47.667664 44.197510
v -82.453934 49.743633 44.197510
v -82.661987 51.819607 44.197510
v -79.130730 58.644810 44.758526
v -78.325066 59.736240 44.758526
v -80.740692 58.878311 44.758526
v -79.753036 61.008606 44.758526
v -78.887695 58.016384 45.481686
v -81.594757 58.409008 45.481686
v -79.934059 61.991005 45.481686
v -77.532997 59.851589 45.481686
v -90.595802 74.046127 48.212086
v -91.947884 74.156509 48.212086
v -89.946747 72.554413 48.212086
v -92.277885 72.272598 48.212086
v -90.189468 74.583603 48.935246
v -89.098114 72.075356 48.935246
v -93.017815 71.601501 48.935246
v -92.462944 74.769203 48.935246
v -124.291573 40.385971 52.627453
v -123.223763 54.600613 51.094383
v -115.440559 41.777588 50.759483
v -119.246071 55.226006 49.951607
v -124.776901 39.719563 53.141426
v -123.523247 54.818718 51.548038
v -119.027954 55.525497 50.626060
v -114.774155 41.292267 51.273457
v -103.109550 72.814392 47.971218
v -106.268303 72.456879 48.961132
v -99.950798 73.171906 48.277355
v -104.921959 68.694298 48.961132
v -99.345734 71.480980 48.277355
v -107.615982 72.922226 49.770859
v -99.151062 73.812988 49.770859
v -98.289787 71.406036 49.770859
v -105.699516 67.566368 49.770859
v -104.688927 72.635643 48.471859
v -101.530159 72.993156 48.129971
v -100.739784 70.784317 48.129971
v -102.133850 70.087631 47.971218
v -103.527901 69.390976 48.471859
v -105.499748 73.144920 49.770859
v -103.383530 73.367607 49.770859
v -101.267296 73.590294 49.770859
v -100.142227 70.446114 49.770859
v -101.994652 69.486206 49.770859
v -103.847076 68.526291 49.770859
v -115.110641 64.851875 50.239594
v -117.564369 62.833473 51.234947
v -112.656029 66.872688 50.540291
v -114.385956 60.411224 51.237267
v -111.227615 65.784111 50.541332
v -118.947334 62.491741 51.805645
v -112.333778 67.847801 51.805645
v -110.300514 66.298279 51.805645
v -114.422989 59.043781 51.805645
v -116.337509 63.842693 50.742954
v -113.883316 65.862305 50.395626
v -112.017418 64.440315 50.396988
v -112.807228 63.096458 50.241276
v -113.596596 61.753860 50.744957
v -117.294479 63.829288 51.805645
v -115.641380 65.167557 51.805645
v -113.987808 66.507050 51.805645
v -111.331772 64.482925 51.805645
v -112.362579 62.668819 51.805645
v -113.392914 60.855942 51.805645
v -84.200562 67.504990 46.689816
v -85.552643 67.615372 46.689816
v -83.551506 66.013275 46.689816
v -85.882645 65.731461 46.689816
v -83.794228 68.042465 47.412975
v -82.702873 65.534218 47.412975
v -86.622574 65.060364 47.412975
v -86.067703 68.228065 47.412975
v -161.078293 -24.925844 10.936125
v -159.037994 26.888357 15.334823
v -117.038002 50.234135 18.693930
v -73.990608 25.895153 21.605461
v -81.981033 -20.407238 33.509354
v -117.426819 -47.264656 19.662401
v -132.012604 43.403431 49.944160
v -132.141327 51.383369 61.235699
v -127.244110 43.275581 50.634472
v -129.901901 51.323326 61.559891
v -129.543625 51.304600 62.616459
v -126.157097 42.304214 50.473450
v -133.058838 42.489258 49.474312
v -132.784836 51.391510 62.147236
v -135.552261 39.881702 48.619392
v -127.823906 38.492142 60.000793
v -138.190201 36.322113 50.517338
v -129.062759 36.820450 60.892136
v -129.179810 36.813293 62.001766
v -139.606110 35.944775 50.579609
v -135.788071 41.096786 47.832592
v -127.386757 39.232796 60.711712
v -140.612320 41.638977 54.153790
v -145.352463 48.778530 65.005173
v -136.508682 44.044590 54.931328
v -143.425278 49.908276 65.370331
v -143.154449 50.117470 66.432388
v -135.069214 43.778614 54.840340
v -141.008682 40.296806 53.714951
v -145.943787 48.482334 65.903870
v -140.776169 34.307510 60.564960
v -149.526886 36.505554 60.574177
v -140.458893 38.997700 60.659065
v -149.332626 39.377407 60.631798
v -149.614502 40.340305 61.100063
v -140.163391 39.984467 61.212841
v -140.622574 33.196129 61.076660
v -149.895645 36.183704 61.016674
v -142.586868 26.089685 65.097893
v -151.491623 33.824249 64.896996
v -138.399948 28.467970 64.885818
v -149.525299 34.941162 64.797409
v -149.441391 35.873596 65.404510
v -136.433105 27.836159 66.110168
v -142.737427 24.871086 65.749107
v -152.287292 34.257042 65.548637
v -73.037491 -24.018600 22.336412
v -77.987183 -21.806917 35.125576
v -113.808754 -21.948778 116.355759
v -122.569824 -48.128231 117.071541
v -118.026016 -19.637039 116.036186
v -126.165291 -46.157310 116.799133
v -127.687355 -46.860619 117.952400
v -118.516182 -17.575199 117.173233
v -112.691292 -21.409716 117.173233
v -122.483505 -49.713142 117.952400
v -126.379929 -0.959417 123.899254
v -152.657898 -7.053661 124.615036
v -126.870773 0.705295 123.579681
v -153.076340 -5.634389 124.342628
v -154.507065 -5.507670 125.495895
v -125.465950 1.451658 124.716728
v -125.311020 -1.045447 124.716728
v -153.901367 -7.561815 125.495895
v -126.519234 3.217400 126.721870
v -153.420090 2.127773 127.437653
v -126.749733 4.152680 126.402298
v -153.616562 2.925156 127.165245
v -155.011078 3.112200 128.318512
v -125.247299 4.436904 127.539345
v -125.476059 3.082299 127.539345
v -154.726639 1.958124 128.318512
v -132.544739 12.563700 126.273796
v -150.062439 6.344208 126.768013
v -132.888000 13.133363 126.053146
v -150.355072 6.829888 126.579926
v -151.312973 6.668077 127.376198
v -131.955307 13.628032 126.838226
v -131.829178 12.687921 126.838226
v -150.889389 5.965155 127.376198
v -130.591583 10.138330 126.273796
v -147.511673 17.836533 126.768013
v -130.442657 10.786531 126.053146
v -147.384689 18.389156 126.579926
v -148.186035 18.938330 127.376198
v -129.428162 10.494266 126.838226
v -129.990646 9.730499 126.838226
v -148.369797 18.138479 127.376198
v -128.126831 11.498920 129.452850
v -140.782135 25.114908 129.947067
v -127.739960 12.039911 129.232208
v -140.452286 25.576124 129.758987
v -140.980621 26.391356 130.555252
v -126.916016 11.379793 130.017288
v -127.729080 10.891260 130.017288
v -141.458008 25.723793 130.555252
v -125.728149 13.132809 133.408768
v -133.082504 30.205160 133.902985
v -125.182220 13.512671 133.188126
v -132.617050 30.528999 133.714905
v -132.841293 31.474228 134.511169
v -124.627457 12.614404 133.973206
v -125.557297 12.426929 133.973206
v -133.514969 31.005491 134.511169
v -117.448700 16.824249 132.658203
v -116.334206 35.379833 133.152420
v -116.790237 16.917824 132.437561
v -115.772820 35.459587 132.964340
v -115.547737 36.404617 133.760605
v -116.699013 15.866004 133.222641
v -117.613754 16.116991 133.222641
v -116.360283 36.289162 133.760605
v -118.688217 20.875706 132.658203
v -108.247871 36.255920 133.152420
v -118.074409 20.619648 132.437561
v -107.724571 36.037590 132.964340
v -107.048164 36.734886 133.760605
v -118.533501 19.668919 133.222641
v -119.191521 20.352116 133.222641
v -107.805603 37.050873 133.760605
v -100.207504 9.479034 132.658203
v -89.767159 24.859249 133.152420
v -99.593697 9.222977 132.437561
v -89.243858 24.640919 132.964340
v -88.567451 25.338215 133.760605
v -100.052788 8.272247 133.222641
v -100.710808 8.955444 133.222641
v -89.324890 25.654202 133.760605
v -101.791138 9.957370 132.658203
v -84.938133 17.801342 133.152420
v -101.395683 9.422634 132.437561
v -84.600998 17.345428 132.964340
v -83.662636 17.596855 133.760605
v -102.277565 8.842175 133.222641
v -102.491798 9.766217 133.222641
v -84.150620 18.256725 133.760605
v -104.523293 -7.517756 132.658203
v -85.970718 -8.681284 133.152420
v -104.431458 -8.176462 132.437561
v -85.892448 -9.242882 132.964340
v -84.948021 -9.470454 133.760605
v -105.483521 -8.264910 133.222641
v -105.230118 -7.350832 133.222641
v -85.061333 -8.657609 133.760605
v -103.788216 -5.582524 132.658203
v -88.767006 -16.533104 133.152420
v -104.064720 -6.187397 132.437561
v -89.002777 -17.048790 132.964340
v -88.328575 -17.748207 133.760605
v -104.999512 -5.696659 133.222641
v -104.294624 -5.061933 133.222641
v -87.987350 -17.001799 133.760605
v -120.024475 -13.215690 132.658203
v -109.895432 -28.802685 133.152420
v -120.498489 -13.682206 132.437561
v -110.299583 -29.200399 132.964340
v -109.919098 -30.094248 133.760605
v -121.196846 -12.890399 133.222641
v -120.311958 -12.548745 133.222641
v -109.334152 -29.518578 133.760605
v -118.801041 -12.182777 132.658203
v -116.002716 -30.559973 133.152420
v -119.425278 -12.412251 132.437561
v -116.534927 -30.755585 132.964340
v -116.556992 -31.726795 133.760605
v -119.734871 -11.402890 133.222641
v -118.787842 -11.456631 133.222641
v -115.786682 -31.443638 133.760605
v -29.489120 -6.539215 70.971718
v -30.033224 -5.467735 72.971718
v -21.776079 -10.444542 70.971718
v -21.085964 -10.057084 72.971718
v -30.093834 -10.581565 70.971718
v -30.929956 -11.462152 72.971718
v -21.776079 -12.444542 70.971718
v -21.085964 -13.022893 72.971718
v -27.595444 -19.969336 74.363380
v -28.442387 -20.821865 76.363380
v -24.243517 -10.955444 74.363380
v -24.827759 -10.421551 76.363380
v -23.567253 -19.276545 74.363380
v -22.468967 -19.794523 76.363380
v -22.344299 -10.328568 74.363380
v -22.011402 -9.491949 76.363380
v -20.157211 -17.514473 77.958542
v -20.245678 -18.712927 79.958542
v -25.163595 -11.217337 77.958542
v -25.954634 -11.192036 79.958542
v -17.549015 -14.367477 77.958542
v -16.377975 -14.046234 79.958542
v -24.129229 -9.505587 77.958542
v -24.420767 -8.653675 79.958542
v -18.300955 -10.321698 82.028542
v -17.454811 -11.175021 84.028542
v -26.415447 -11.566410 82.028542
v -26.953714 -12.146626 84.028542
v -18.963469 -6.288420 82.028542
v -18.437256 -5.194054 84.028542
v -27.028042 -9.662539 82.028542
v -27.862135 -9.323366 84.028542
v -22.359413 -3.516994 85.962868
v -21.158291 -3.554718 87.962868
v -25.745377 -11.143061 85.962875
v -25.737213 -11.934462 87.962875
v -25.613859 -1.044171 85.962868
v -25.984322 0.112243 87.962868
v -27.499325 -10.181983 85.962875
v -28.338150 -10.509275 87.962875
v -29.549522 -1.252064 90.168533
v -28.910625 -0.234259 92.168533
v -24.971424 -10.864377 90.168533
v -24.284142 -11.256835 92.168533
v -33.327011 -2.813109 90.168533
v -34.512276 -2.549139 92.168533
v -26.686462 -11.893283 90.168533
v -26.827377 -12.782604 92.168533
v -35.905354 -7.036754 94.442032
v -36.449455 -5.965274 96.442032
v -25.366587 -8.739305 94.442032
v -24.676474 -8.351848 96.442032
v -36.510067 -11.079103 94.442032
v -37.346191 -11.959691 96.442032
v -25.366587 -10.739305 94.442032
v -24.676474 -11.317657 96.442032
v -34.847218 -15.893949 98.308525
v -35.983162 -15.501839 100.308525
v -26.337847 -7.919011 98.308525
v -26.111029 -7.160767 100.308525
v -32.472164 -19.220413 98.308525
v -32.461182 -20.434669 100.308525
v -24.947668 -9.356856 98.308525
v -24.049520 -9.292953 100.308525
v -27.409639 -20.954803 102.853355
v -28.316994 -21.742729 104.853355
v -26.695116 -9.276040 102.853355
v -27.238506 -8.700620 104.853355
v -23.341406 -20.560173 102.853355
v -22.284191 -21.157528 104.853355
v -24.754936 -8.790551 102.853355
v -24.361404 -7.980687 104.853355
v -18.901962 -17.901142 107.126854
v -18.744589 -19.092508 109.126854
v -27.192472 -10.495680 107.126854
v -27.972095 -10.631952 109.126854
v -16.989069 -14.289064 107.126854
v -15.907951 -13.736142 109.126854
v -26.528254 -8.609199 107.126854
v -26.987122 -7.834480 109.126854
v -16.510761 -9.571784 110.789848
v -15.444349 -10.125753 112.789848
v -26.896370 -10.944233 110.789848
v -27.231609 -11.661170 112.789848
v -18.373976 -5.933830 110.789848
v -18.207315 -4.731017 112.789848
v -28.061405 -9.318595 110.789848
v -28.959240 -9.250504 112.789848
v -22.824118 -2.699196 114.113678
v -21.656321 -2.415704 116.113678
v -25.738661 -10.851128 114.113678
v -25.520046 -11.611779 116.113678
v -27.498981 -1.182306 114.113678
v -27.498981 -0.166301 116.113678
v -27.498981 -10.391821 114.113678
v -27.498981 -10.930672 116.113678
v -141.076324 34.018753 63.537693
v -137.581268 38.615669 63.722931
v -136.755981 32.165863 63.631798
v -134.935867 37.481140 63.780552
v -133.933960 37.428165 64.248817
v -135.922791 31.560200 64.185577
v -142.175842 34.241947 64.049393
v -137.762802 39.070221 64.165428
v -37.666653 -6.980819 115.755859
v -37.666653 -6.846381 115.040695
v -37.666653 -4.548692 115.040695
v -37.666653 -4.295208 115.755859
v -29.467464 -4.018255 115.040695
v -29.467464 -3.644622 115.755859
v -29.467464 -7.405031 115.040695
v -29.467464 -7.603192 115.755859
v -51.364147 57.844532 17.864214
v -28.931709 53.558819 16.486906
v -28.747070 42.653000 15.301373
v -46.954704 57.893162 17.624222
v -23.422218 55.948250 16.397661
v -14.906632 49.143063 15.515100
v -14.768518 49.131165 16.940208
v -23.288589 56.045101 16.940208
v 410.729095 0.463127 20.977861
v 411.948120 2.014375 20.656282
v 408.408325 0.910951 21.377308
v 409.940552 3.976782 20.903297
v 411.080933 0.047933 21.996355
v 407.953674 0.651378 22.534613
v 410.018341 4.782610 21.895876
v 412.723633 2.138249 21.563021
v -67.532112 -244.963898 15.875453
v -66.634285 -244.695602 15.875453
v -68.324181 -244.166855 15.875453
v -66.894753 -243.400436 15.875453
v -67.583237 -245.144760 16.303844
v -68.593239 -244.128357 16.303844
v -66.770485 -243.151062 16.303844
v -66.438370 -244.802628 16.303844
v -68.538246 -203.917526 15.875454
v -67.666138 -204.260284 15.875454
v -68.669823 -202.801559 15.875454
v -67.072021 -203.080307 15.875454
v -68.690048 -204.028305 16.303844
v -68.857849 -202.605255 16.303844
v -66.820381 -202.960724 16.303844
v -67.577965 -204.465393 16.303844
v 0.386390 -169.379547 11.906382
v 1.179866 -169.528122 12.076990
v 0.148700 -168.501846 11.516371
v 1.563719 -168.493378 11.709410
v 9.386462 -177.492859 15.528238
v 10.233903 -177.745224 15.217995
v 9.172606 -176.397110 15.655581
v 10.696956 -176.512360 15.113620
v -147.822586 -168.446518 18.134491
v -147.108337 -168.662048 18.486908
v -147.900726 -167.535736 17.755922
v -146.582443 -167.642380 18.294806
v -107.678543 -287.489410 29.079102
v -107.868958 -286.686584 29.079102
v -108.419281 -288.145355 29.079102
v -109.020691 -286.850037 29.079102
v -113.947083 -275.792694 33.070190
v -114.137558 -274.989868 33.070190
v -114.687874 -276.448639 33.070190
v -115.289261 -275.153290 33.070190
v -140.005600 -172.421371 11.863083
v -139.215546 -172.640411 11.956116
v -140.201859 -171.510681 11.529833
v -138.779709 -171.623947 11.595516
v -145.204315 -176.267670 12.985235
v -145.189987 -177.202362 13.049978
v -144.268402 -175.703217 13.246291
v -143.934311 -177.276733 13.453776
v 7.806743 -170.047577 16.772427
v 8.610568 -170.177780 16.639387
v 7.456392 -169.129684 16.655502
v 8.853915 -169.073395 16.366793
v -99.743141 -288.065277 25.193840
v -99.933601 -287.262451 25.193840
v -100.483879 -288.721222 25.193840
v -101.085297 -287.425873 25.193840
v -111.850113 -282.282684 31.076973
v -112.040565 -281.479858 31.076973
v -112.590881 -282.938629 31.076973
v -113.192299 -281.643280 31.076973
v 0.100414 -169.435059 12.355536
v -0.264189 -168.088745 11.757287
v 1.906337 -168.075760 12.053397
v 1.317519 -169.662979 12.617242
v 9.394830 -177.637543 15.973021
v 9.122083 -176.240265 16.135416
v 11.065896 -176.387207 15.444325
v 10.475431 -177.959335 15.577416
v -148.128036 -168.432220 18.500093
v -148.233398 -167.204910 17.989950
v -146.456985 -167.348633 18.716093
v -147.165588 -168.722641 18.974981
v -107.509750 -287.547791 29.507492
v -108.470490 -288.398560 29.507492
v -109.250511 -286.718506 29.507492
v -107.756744 -286.506561 29.507492
v -113.787056 -275.848022 33.498581
v -114.736412 -276.688690 33.498581
v -115.507179 -275.028595 33.498581
v -114.031120 -274.819183 33.498581
v -140.183060 -172.415009 12.313381
v -140.452850 -171.163071 11.855259
v -138.497818 -171.318771 11.945555
v -139.096985 -172.716125 12.441277
v -145.506149 -176.134399 13.331089
v -144.279709 -175.394714 13.673182
v -143.841858 -177.456696 13.945086
v -145.487335 -177.359253 13.415938
v 7.769448 -170.103668 17.236540
v 7.307930 -168.894455 17.082504
v 9.148970 -168.820312 16.702171
v 8.828362 -170.275162 17.061279
v -99.540657 -288.135315 25.622231
v -100.545334 -289.024994 25.622231
v -101.361069 -287.268066 25.622231
v -99.798943 -287.046417 25.622231
v -111.663147 -282.347351 31.505363
v -112.647614 -283.219116 31.505363
v -113.446907 -281.497589 31.505363
v -111.916245 -281.280365 31.505363
v -25.780148 -288.343262 29.079090
v -25.373264 -287.625488 29.079090
v -25.251858 -289.179871 29.079090
v -24.312897 -288.103821 29.079090
v -16.496614 -278.860443 33.070179
v -16.089668 -278.142670 33.070179
v -15.968288 -279.697052 33.070179
v -15.029314 -278.621002 33.070179
v -33.561012 -286.681885 25.193829
v -33.154072 -285.964111 25.193829
v -33.032745 -287.518463 25.193829
v -32.093742 -286.442413 25.193829
v -20.321320 -284.507477 31.076962
v -19.914404 -283.789703 31.076962
v -19.793022 -285.344086 31.076962
v -18.854044 -284.268005 31.076962
v -25.958525 -288.352234 29.507481
v -25.273344 -289.437317 29.507481
v -24.055489 -288.041656 29.507481
v -25.430769 -287.421295 29.507481
v -16.665726 -278.868927 33.498569
v -15.988680 -279.941132 33.498569
v -14.785258 -278.562073 33.498569
v -16.144251 -277.949066 33.498569
v -33.774982 -286.692627 25.622219
v -33.058483 -287.827332 25.622219
v -31.784882 -286.367828 25.622219
v -33.223114 -285.719055 25.622219
v -20.518915 -284.517395 31.505352
v -19.816816 -285.629242 31.505352
v -18.568874 -284.199158 31.505352
v -19.978132 -283.563416 31.505352
vn 0.9085 -0.1543 -0.3883
vn 0.3009 0.7826 -0.5449
vn -0.7349 -0.4920 -0.4668
vn 0.4211 -0.7439 -0.5190
vn -0.9106 0.1416 -0.3882
vn -0.0024 0.9508 -0.3098
vn 0.9405 0.2975 0.1639
vn 0.0010 -0.8644 -0.5029
vn 0.9036 0.4113 -0.1196
vn -0.9720 -0.2350 -0.0063
vn -0.9047 0.1804 -0.3860
vn 0.7215 -0.6243 -0.2996
vn -0.1175 0.9657 0.2315
vn -0.7026 -0.1648 -0.6922
vn 0.7778 0.0008 -0.6285
vn 0.4355 -0.5606 -0.7043
vn -0.9104 0.3442 0.2297
vn -0.0859 -0.7693 -0.6331
vn 0.7022 0.5437 -0.4596
vn -0.6067 0.5877 -0.5353
vn 0.7038 0.4291 -0.5661
vn 0.7311 -0.6615 -0.1673
vn -0.2411 -0.8615 -0.4469
vn 0.5108 -0.7619 -0.3982
vn 0.7321 -0.5404 -0.4148
vn 0.5971 0.6701 -0.4410
vn 0.7653 0.5137 -0.3879
vn 0.7014 -0.4876 -0.5199
vn 0.3366 0.8853 -0.3208
vn -0.8233 0.3817 -0.4200
vn -0.2760 0.8588 -0.4315
vn -0.8437 0.4131 -0.3429
vn -0.1299 -0.8955 -0.4258
vn 0.7633 -0.5634 -0.3161
vn -0.1341 -0.9244 -0.3570
vn 0.6066 0.6808 -0.4106
vn -0.8593 0.3984 -0.3209
vn 0.7496 -0.5533 -0.3633
vn -0.1321 -0.9108 -0.3912
vn 0.6165 0.6919 -0.3757
vn -0.8271 0.3835 -0.4110
vn -0.1349 -0.9302 -0.3414
vn 0.6055 0.6795 -0.4142
vn -0.8352 0.3872 -0.3905
vn -0.1357 -0.9357 -0.3256
vn 0.6133 0.6883 -0.3874
vn -0.8476 0.3930 -0.3567
vn -0.1305 -0.8997 -0.4166
vn -0.8338 0.3866 -0.3940
vn -0.1318 -0.9088 -0.3959
vn -0.8436 0.3911 -0.3680
vn -0.1338 -0.9226 -0.3618
vn -0.1316 -0.9072 -0.3995
vn -0.1332 -0.9181 -0.3733
vn 0.3603 -0.7554 -0.5473
vn 0.2200 0.5695 -0.7920
vn -0.7948 0.3756 -0.4766
vn 0.0990 -0.1305 0.9865
vn 0.1984 -0.0880 0.9762
vn 0.1644 -0.1269 0.9782
vn 0.2161 0.1371 0.9667
vn 0.2163 0.1371 0.9667
vn 0.2162 0.1371 0.9667
vn -0.0267 -0.3136 0.9492
vn 0.0867 -0.0324 0.9957
vn 0.0876 -0.0348 0.9955
vn 0.0869 -0.0328 0.9957
vn 0.1735 -0.1040 0.9793
vn -0.0525 0.0931 0.9943
vn 0.0474 -0.0629 0.9969
vn 0.0079 0.1325 0.9911
vn 0.1509 0.0252 0.9882
vn 0.0286 0.0221 0.9993
vn -0.0000 -0.0000 1.0000
vn -0.1689 0.1960 0.9660
vn -0.1723 0.1872 0.9671
vn -0.1652 0.2040 0.9649
vn 0.2428 -0.0952 0.9654
vn 0.2431 -0.0952 0.9653
vn 0.2432 -0.0952 0.9653
vn -0.0542 -0.3934 0.9178
vn 0.0957 -0.0392 0.9946
vn 0.0958 -0.0395 0.9946
vn 0.0958 -0.0396 0.9946
vn 0.3776 0.3367 0.8626
vn -0.0847 -0.1494 0.9851
vn 0.0301 -0.1309 0.9909
vn 0.3198 -0.0191 0.9473
vn 0.0027 0.2297 0.9733
vn 0.1038 0.0007 0.9946
vn 0.5546 -0.4773 -0.6816
vn -0.1357 -0.9358 -0.3252
vn -0.8784 -0.2723 -0.3927
vn -0.8594 0.3984 -0.3205
vn 0.9362 0.1210 -0.3300
vn -0.0062 0.9108 -0.4129
vn -0.8925 0.1632 -0.4205
vn 0.9046 0.0189 -0.4258
vn 0.6261 0.7027 -0.3380
vn -0.1522 -0.9333 -0.3252
vn 0.9173 0.0909 -0.3877
vn 0.8484 -0.1603 -0.5044
vn 0.3945 0.8772 -0.2736
vn 0.4926 -0.7839 0.3780
vn -0.8058 0.1192 -0.5800
vn -0.0011 0.9724 -0.2335
vn 0.9551 0.2929 0.0443
vn 0.0023 -0.8975 -0.4410
vn -0.9418 -0.0261 -0.3350
vn 0.6707 -0.5834 -0.4581
vn -0.0975 0.9294 -0.3559
vn -0.7499 -0.1600 -0.6419
vn 0.8188 0.0182 -0.5738
vn 0.5481 -0.7103 -0.4417
vn -0.9262 0.0801 -0.3685
vn -0.0656 -0.9141 -0.4002
vn 0.7022 0.5437 -0.4597
vn -0.6434 0.6326 -0.4312
vn 0.7311 -0.6726 -0.1144
vn -0.2760 0.8588 -0.4316
vn 0.6303 -0.4907 -0.6016
vn 0.1433 0.0894 0.9856
vn 0.1761 0.0728 0.9817
vn 0.0128 0.0288 0.9995
vn 0.0343 0.0319 0.9989
vn 0.0198 0.0124 0.9997
vn 0.0333 -0.0000 0.9994
vn -0.1104 -0.7911 -0.6016
vn -0.2265 0.3615 -0.9044
vn 0.7412 -0.5471 -0.3890
vn -0.8543 0.3961 -0.3365
vn 0.6001 0.6735 -0.4317
vn -0.1202 -0.8286 -0.5467
vn 0.7531 -0.5559 -0.3520
vn -0.8370 0.3881 -0.3857
vn 0.6260 0.7026 -0.3384
vn 0.7424 -0.5480 -0.3855
vn -0.8492 0.3937 -0.3519
vn 0.6220 0.6981 -0.3546
vn 0.7353 -0.5428 -0.4058
vn -0.7633 0.3539 -0.5404
vn 0.6081 0.6824 -0.4057
vn 0.7632 -0.5634 -0.3165
vn 0.6179 0.6934 -0.3707
vn 0.7589 -0.5602 -0.3320
vn 0.5496 0.6168 -0.5634
vn 0.7439 -0.5492 -0.3808
vn 0.7545 -0.5569 -0.3473
vn 0.6799 -0.5019 -0.5346
vn -0.0732 -0.0425 0.9964
vn 0.0186 -0.0002 0.9998
vn 0.0184 -0.0003 0.9998
vn -0.3154 -0.0130 0.9489
vn -0.0284 -0.0496 0.9984
vn -0.1273 0.1338 0.9828
vn 0.4079 0.8086 -0.4241
vn -0.4810 0.8631 -0.1543
vn 0.9413 -0.0315 -0.3361
vn 0.9414 -0.0316 -0.3359
vn 0.9413 -0.0314 -0.3361
vn 0.5131 -0.8385 0.1837
vn -0.3510 -0.7658 -0.5388
vn 0.7212 0.4724 -0.5066
vn 0.7649 -0.5038 -0.4013
vn 0.7496 -0.5533 -0.3632
vn 0.6165 0.6919 -0.3756
vn -0.8339 0.3866 -0.3940
vn 0.3436 -0.7231 -0.5993
vn 0.2251 0.5813 -0.7819
vn -0.5174 0.1464 -0.8431
vn -0.1158 -0.8473 -0.5183
vn -0.3856 0.6781 -0.6257
vn 0.6220 0.6981 -0.3547
vn 0.7589 -0.5602 -0.3319
vn -0.0228 0.0640 0.9977
vn -0.4482 0.2563 0.8564
vn -0.0398 -0.0264 0.9989
vn -0.1040 0.1793 0.9783
vn 0.3642 0.7583 0.5407
vn -0.3626 0.7211 -0.5903
vn 0.5539 -0.8302 0.0630
vn -0.3732 -0.7844 -0.4954
vn 0.0666 0.1027 0.9925
vn 0.4064 0.6271 -0.6646
vn 0.7477 -0.4218 -0.5129
vn -0.6459 0.5996 -0.4725
vn 0.5555 -0.3588 -0.7501
vn 0.1500 -0.0969 0.9839
vn -0.8389 0.5417 -0.0532
vn -0.4130 0.9103 -0.0294
vn -0.8532 -0.5197 -0.0450
vn 0.0209 0.6054 -0.7957
vn -0.0292 -0.8444 -0.5349
vn -0.9382 -0.1113 -0.3277
vn 0.8780 -0.0887 -0.4703
vn 0.4068 -0.9134 0.0155
vn -0.7775 -0.6270 -0.0482
vn 0.1133 -0.9921 -0.0545
vn 0.4240 0.4148 -0.8051
vn -0.1347 0.9907 -0.0203
vn 0.7623 0.6448 -0.0560
vn 0.2539 -0.1640 0.9532
vn 0.1623 -0.1048 0.9812
vn 0.3300 -0.2132 0.9196
vn 0.9054 -0.2539 -0.3403
vn 0.9123 -0.2558 -0.3198
vn 0.9382 -0.1539 -0.3101
vn -0.7921 -0.0794 -0.6052
vn -0.9023 -0.0904 -0.4215
vn -0.9447 -0.1122 -0.3083
vn -0.7090 0.3287 -0.6240
vn -0.1114 -0.7684 -0.6302
vn 0.5075 0.5695 -0.6466
vn 0.6324 -0.4668 -0.6182
vn 0.5074 0.5695 -0.6466
vn 0.0938 -0.7758 -0.6240
vn 0.7119 0.3098 -0.6302
vn -0.7513 0.1316 -0.6466
vn 0.0640 0.7834 -0.6182
vn -0.7513 0.1316 -0.6467
vn -0.0600 -0.5819 -0.8111
vn 0.1848 0.0997 0.9777
vn -0.2134 0.9166 -0.3380
vn 0.6763 0.1695 -0.7168
vn -0.8339 0.0031 -0.5520
vn 0.7746 -0.4352 -0.4589
vn -0.6427 0.5963 -0.4810
vn 0.5554 -0.3588 -0.7502
vn -0.8389 0.5418 -0.0530
vn -0.4183 0.9054 -0.0733
vn -0.8136 -0.4269 -0.3947
vn -0.9359 -0.0938 -0.3395
vn 0.7839 -0.2198 -0.5806
vn 0.4009 -0.9158 -0.0250
vn -0.7771 -0.6280 -0.0416
vn 0.1001 -0.9898 -0.1011
vn 0.8298 0.5493 -0.0981
vn -0.1356 0.9905 -0.0238
vn 0.7636 0.6440 -0.0468
vn 0.3301 -0.2132 0.9196
vn 0.9047 -0.2771 -0.3237
vn 0.9128 -0.2791 -0.2981
vn 0.8805 -0.2469 -0.4047
vn -0.8719 0.0778 -0.4834
vn -0.9484 0.0209 -0.3162
vn -0.9412 -0.0943 -0.3243
vn -0.0245 -0.7425 -0.6694
vn 0.1692 0.0895 0.9815
vn -0.2835 0.7777 -0.5610
vn 0.8919 0.2289 -0.3901
vn -0.7180 -0.0138 -0.6959
vn -0.5542 -0.1983 -0.8084
vn 0.7899 0.2826 -0.5443
vn 0.4493 -0.8284 -0.3344
vn -0.2447 0.8411 -0.4825
vn -0.0981 0.9325 -0.3477
vn -0.0989 0.9401 -0.3263
vn -0.2050 0.9264 -0.3160
vn 0.3601 -0.6950 -0.6223
vn 0.4151 -0.8011 -0.4312
vn 0.4528 -0.8345 -0.3139
vn 0.4315 -0.8327 -0.3469
vn -0.0839 0.7972 -0.5978
vn -0.0757 0.9409 -0.3303
vn -0.0770 0.9497 -0.3036
vn -0.0952 0.9051 -0.4143
vn 0.2429 -0.8340 -0.4955
vn 0.3281 -0.8880 -0.3221
vn 0.4342 -0.8379 -0.3308
vn -0.2771 -0.3637 -0.8894
vn 0.4807 0.6308 -0.6091
vn 0.8138 -0.4372 -0.3829
vn -0.6450 0.5040 -0.5744
vn -0.5767 0.7115 -0.4014
vn -0.5840 0.7210 -0.3730
vn -0.6763 0.6432 -0.3589
vn 0.5755 -0.3271 -0.7495
vn 0.7503 -0.4265 -0.5051
vn 0.8233 -0.4428 -0.3551
vn -0.2757 -0.3626 -0.8903
vn 0.4812 0.6308 -0.6087
vn 0.7968 -0.4527 -0.4002
vn -0.4319 0.5337 -0.7270
vn -0.5614 0.7361 -0.3782
vn -0.5704 0.7460 -0.3437
vn -0.5497 0.6791 -0.4865
vn 0.5860 -0.5595 -0.5861
vn 0.7362 -0.5698 -0.3650
vn 0.8049 -0.4574 -0.3780
vn 0.7119 0.3098 -0.6303
vn -0.7514 0.1316 -0.6466
vn -0.4734 0.8160 0.3316
vn -0.4339 -0.7578 0.4874
vn 0.3025 -0.1048 -0.9474
vn 0.3497 -0.0834 -0.9332
vn 0.3517 -0.0820 -0.9325
vn 0.1120 -0.4773 0.8715
vn 0.2271 -0.3917 0.8917
vn 0.2034 -0.3868 0.8994
vn 0.1776 -0.0781 -0.9810
vn 0.1881 0.0236 -0.9819
vn 0.1874 -0.0016 -0.9823
vn 0.1550 0.1908 -0.9693
vn -0.1352 0.1049 -0.9852
vn 0.1178 0.1916 -0.9744
vn -0.5558 0.4447 0.7023
vn -0.8150 0.4051 0.4143
vn -0.5333 0.4703 0.7031
vn -0.3183 0.9134 -0.2539
vn -0.1417 -0.4009 -0.9051
vn -0.0687 -0.4524 -0.8892
vn -0.0856 -0.4422 -0.8928
vn -0.3561 -0.4833 0.7998
vn -0.1757 -0.7618 0.6235
vn -0.3385 -0.4612 0.8202
vn -0.2672 -0.9275 -0.2616
vn 0.5141 0.8353 -0.1946
vn 0.2083 0.8507 -0.4826
vn 0.5510 0.8119 -0.1929
vn -0.1296 0.4876 -0.8634
vn -0.2409 0.4404 -0.8649
vn -0.2147 0.4506 -0.8665
vn 0.5777 -0.3520 -0.7365
vn 0.5676 -0.3603 -0.7403
vn 0.3208 -0.3310 -0.8874
vn 0.4055 -0.8092 0.4251
vn 0.3418 -0.8375 0.4262
vn 0.2244 -0.9596 0.1696
vn 0.0452 0.1662 -0.9851
vn 0.1056 0.1411 -0.9844
vn 0.1039 0.1523 -0.9829
vn -0.4748 0.0574 0.8782
vn -0.3831 0.1070 0.9175
vn -0.3659 0.1155 0.9234
vn -0.6039 0.0301 0.7965
vn -0.6012 0.0887 0.7942
vn -0.7493 0.3023 0.5892
vn -0.3355 -0.8300 -0.4455
vn -0.3476 -0.8225 -0.4501
vn -0.4412 -0.6288 -0.6403
vn -0.1943 -0.3648 0.9106
vn -0.2545 -0.2882 0.9231
vn -0.2708 -0.3110 0.9110
vn 0.1782 0.7814 0.5981
vn 0.2929 0.6964 0.6552
vn 0.3210 0.6835 0.6556
vn -0.0327 0.1876 -0.9817
vn -0.0187 0.1859 -0.9824
vn 0.2798 0.1104 -0.9537
vn 0.5882 0.7195 -0.3692
vn 0.0255 0.9996 0.0091
vn -0.1048 -0.8127 0.5732
vn -0.6322 0.6293 -0.4519
vn 0.1442 0.3168 -0.9375
vn 0.2481 -0.9564 -0.1538
vn 0.8213 -0.5644 0.0830
vn -0.5708 0.6735 0.4698
vn 0.8290 0.0457 -0.5573
vn 0.1032 -0.5265 -0.8439
vn 0.1425 0.9069 -0.3965
vn -0.4991 0.8654 -0.0432
vn 0.3097 -0.7266 0.6133
vn -0.8478 0.1899 -0.4952
vn -0.0025 0.3114 -0.9503
vn 0.0234 0.4839 -0.8748
vn -0.7895 0.0656 -0.6102
vn -0.0127 -0.0192 0.9997
vn -0.2189 -0.6932 -0.6867
vn 0.9179 -0.0542 -0.3932
vn 0.4971 0.7692 -0.4015
vn -0.3425 0.5341 -0.7729
vn -0.0559 -0.0028 0.9984
vn 0.0244 0.0461 0.9986
vn -0.6258 -0.7277 -0.2807
vn 0.2302 -0.4806 -0.8462
vn 0.5708 -0.6735 -0.4698
vn -0.1463 -0.9879 -0.0519
vn -0.1073 0.8346 -0.5403
vn -0.2295 0.9602 0.1589
vn 0.6958 0.3470 0.6288
vn 0.6596 -0.4646 0.5908
vn -0.1708 0.7071 0.6862
vn -0.1937 0.7260 0.6598
vn -0.7933 0.5922 -0.1411
vn 0.6389 0.3506 -0.6848
vn 0.6334 0.4369 -0.6387
vn 0.3703 0.3800 0.8476
vn -0.7087 0.2040 -0.6754
vn -0.3124 -0.5700 -0.7599
vn 0.0145 0.0221 0.9997
vn 0.0127 0.0231 0.9997
vn 0.7649 -0.2806 -0.5798
vn 0.3372 0.5054 -0.7943
vn -0.2289 0.9192 -0.3206
vn -0.6266 -0.1848 -0.7571
vn 0.0264 0.0016 0.9996
vn 0.0255 0.0075 0.9996
vn 0.2086 -0.9453 -0.2508
vn 0.6086 0.0272 -0.7930
vn -0.0485 0.9822 -0.1815
vn -0.6418 -0.1582 -0.7504
vn 0.0264 -0.0044 0.9996
vn 0.0264 0.0065 0.9996
vn 0.0343 -0.9896 -0.1397
vn 0.6053 -0.1022 -0.7894
vn -0.3372 0.9238 -0.1815
vn -0.5661 -0.3412 -0.7504
vn 0.0265 0.0036 0.9996
vn 0.0233 0.0140 0.9996
vn 0.3259 -0.9350 -0.1397
vn 0.6085 0.0816 -0.7894
vn 0.3993 0.8987 -0.1815
vn -0.6442 0.1480 -0.7504
vn 0.0215 -0.0159 0.9996
vn 0.0265 -0.0061 0.9996
vn -0.4153 -0.8989 -0.1397
vn 0.4943 -0.3641 -0.7894
vn 0.7144 0.6758 -0.1815
vn -0.5377 0.3845 -0.7504
vn 0.0138 -0.0229 0.9996
vn 0.0221 -0.0158 0.9996
vn -0.7292 -0.6699 -0.1397
vn 0.3162 -0.5262 -0.7894
vn 0.8997 0.3970 -0.1815
vn -0.3775 0.5426 -0.7504
vn 0.0053 -0.0262 0.9996
vn 0.0155 -0.0223 0.9996
vn -0.9117 -0.3865 -0.1397
vn 0.1213 -0.6018 -0.7894
vn 0.9821 -0.0503 -0.1816
vn -0.0930 0.6544 -0.7504
vn -0.0071 -0.0258 0.9996
vn 0.0038 -0.0269 0.9996
vn -0.9880 0.0651 -0.1397
vn -0.1624 -0.5920 -0.7894
vn 0.8185 -0.5451 -0.1815
vn 0.2545 0.6100 -0.7504
vn -0.0193 -0.0186 0.9996
vn -0.0105 -0.0251 0.9996
vn -0.8160 0.5609 -0.1398
vn -0.4422 -0.4259 -0.7894
vn -0.8160 0.5609 -0.1397
vn 0.4228 -0.8879 -0.1815
vn 0.5315 0.3930 -0.7504
vn -0.0260 -0.0060 0.9996
vn -0.0218 -0.0162 0.9996
vn -0.4126 0.9001 -0.1397
vn -0.5981 -0.1387 -0.7894
vn -0.0529 -0.9820 -0.1815
vn 0.6547 0.0913 -0.7504
vn -0.0258 0.0071 0.9996
vn -0.0269 -0.0038 0.9996
vn 0.0677 0.9879 -0.1397
vn -0.5916 0.1640 -0.7894
vn -0.5723 -0.7997 -0.1815
vn 0.6011 -0.2748 -0.7504
vn -0.0179 0.0199 0.9996
vn -0.0247 0.0113 0.9996
vn 0.5880 0.7967 -0.1397
vn -0.4108 0.4562 -0.7894
vn -0.8198 -0.5431 -0.1815
vn 0.4636 -0.4711 -0.7504
vn -0.0096 0.0249 0.9996
vn -0.0191 0.0194 0.9996
vn 0.8334 0.5347 -0.1397
vn -0.2211 0.5727 -0.7894
vn -0.9708 -0.1566 -0.1815
vn 0.2281 -0.6204 -0.7504
vn 0.0015 0.0267 0.9996
vn -0.0094 0.0255 0.9996
vn 0.9798 0.1434 -0.1397
vn 0.0348 0.6129 -0.7894
vn 0.7665 0.5918 -0.2494
vn -0.4209 0.7465 -0.5153
vn 0.0552 -0.9985 -0.0006
vn 0.8064 -0.2032 -0.5554
vn 0.1032 -0.5264 -0.8439
vn 0.3560 0.8955 -0.2671
vn -0.4992 0.8654 -0.0432
vn -0.7259 0.3978 -0.5611
vn 0.0274 0.4436 -0.8958
vn -0.1085 -0.4281 -0.8972
vn 0.9178 -0.0542 -0.3932
vn 0.2984 0.5018 -0.8119
vn -0.3758 -0.4002 -0.8358
vn 0.3047 -0.5535 -0.7751
vn -0.1490 -0.9882 0.0342
vn -0.6450 0.1766 -0.7435
vn -0.2009 -0.4842 -0.8516
vn 0.6453 -0.2358 -0.7266
vn 0.3389 0.5148 -0.7875
vn -0.2279 0.8960 -0.3811
vn -0.4679 -0.2977 -0.8322
vn 0.2015 -0.9112 -0.3594
vn 0.6163 0.0382 -0.7866
vn -0.0507 0.9743 -0.2194
vn -0.4803 -0.3872 -0.7870
vn 0.0342 -0.9781 -0.2052
vn 0.6132 -0.1158 -0.7814
vn -0.3370 0.9156 -0.2194
vn -0.3441 -0.5121 -0.7870
vn 0.3223 -0.9241 -0.2052
vn 0.6200 0.0710 -0.7814
vn 0.3937 0.8927 -0.2194
vn -0.6033 -0.1292 -0.7870
vn -0.4103 -0.8886 -0.2052
vn 0.4953 -0.3798 -0.7814
vn 0.7069 0.6724 -0.2194
vn -0.6065 0.1128 -0.7870
vn -0.7206 -0.6623 -0.2052
vn 0.3110 -0.5411 -0.7813
vn 0.8915 0.3963 -0.2194
vn -0.5335 0.3098 -0.7870
vn -0.9010 -0.3822 -0.2052
vn 0.1115 -0.6141 -0.7814
vn 0.9745 -0.0472 -0.2194
vn -0.3371 0.5167 -0.7870
vn -0.9766 0.0641 -0.2053
vn -0.1768 -0.5985 -0.7813
vn 0.8135 -0.5386 -0.2194
vn -0.0257 0.6164 -0.7870
vn -0.8067 0.5542 -0.2052
vn -0.4578 -0.4242 -0.7813
vn 0.4219 -0.8797 -0.2194
vn 0.2942 0.5423 -0.7870
vn -0.4080 0.8896 -0.2052
vn -0.6106 -0.1291 -0.7813
vn -0.0498 -0.9744 -0.2194
vn 0.5176 0.3357 -0.7870
vn 0.0667 0.9764 -0.2052
vn -0.5981 0.1783 -0.7814
vn -0.5656 -0.7950 -0.2194
vn 0.6169 0.0050 -0.7870
vn 0.5809 0.7877 -0.2052
vn -0.4085 0.4718 -0.7813
vn -0.8119 -0.5410 -0.2194
vn 0.5782 -0.2153 -0.7870
vn 0.8236 0.5287 -0.2052
vn -0.2135 0.5865 -0.7813
vn -0.9628 -0.1580 -0.2194
vn 0.4379 -0.4346 -0.7870
vn 0.9684 0.1419 -0.2053
vn 0.0474 0.6223 -0.7814
vn 0.4299 0.8431 -0.3232
vn -0.1740 -0.9231 -0.3430
vn -0.9340 0.1397 -0.3289
vn -0.0000 -0.0000 -1.0000
vn 0.9453 -0.0000 -0.3262
vn -0.8991 0.3226 -0.2960
vn 0.9404 -0.0821 -0.3299
vn 0.1601 -0.9307 -0.3289
vn -0.2963 0.8977 -0.3262
vn -0.7451 -0.5778 -0.3333
vn 0.5391 0.7688 -0.3440
vn 0.7271 -0.6026 -0.3289
vn -0.8091 0.4889 -0.3262
vn 0.1173 -0.9320 -0.3430
vn -0.3710 0.8648 -0.3385
vn 0.9319 0.1531 -0.3289
vn -0.8999 -0.2895 -0.3262
vn 0.8415 -0.4188 -0.3412
vn -0.9260 0.1987 -0.3211
vn 0.5713 0.7519 -0.3289
vn -0.4543 -0.8290 -0.3262
vn 0.8575 0.3825 -0.3441
vn -0.7558 -0.5606 -0.3382
vn -0.3607 0.8728 -0.3289
vn 0.4863 -0.8106 -0.3262
vn 0.1693 0.9239 -0.3432
vn 0.0387 -0.9392 -0.3412
vn -0.6234 0.7023 -0.3437
vn 0.7508 -0.5696 -0.3345
vn -0.7686 -0.5487 -0.3289
vn 0.6796 0.6571 -0.3262
vn -0.9391 0.0681 -0.3370
vn 0.9299 0.1301 -0.3442
vn 0.0912 -0.9399 -0.3289
vn -0.2295 0.9170 -0.3262
vn -0.6335 -0.6995 -0.3307
vn 0.4600 0.8189 -0.3433
vn 0.8345 -0.4420 -0.3289
vn -0.8917 0.3139 -0.3262
vn 0.1232 -0.9391 -0.3209
vn -0.3391 0.8769 -0.3406
vn 0.8405 0.4305 -0.3289
vn -0.7684 -0.5507 -0.3262
vn 0.8746 -0.3417 -0.3439
vn -0.0658 0.9139 -0.4007
vn 0.3126 0.8728 -0.3748
vn -0.2798 -0.9175 -0.2828
vn 0.4762 -0.1388 -0.8683
vn 0.3234 0.7232 -0.6102
vn -0.0230 -0.0030 0.9997
vn -0.5123 0.4852 -0.7086
vn -0.3552 -0.8481 -0.3932
vn 0.4141 -0.1306 -0.9008
vn -0.3510 0.3026 -0.8862
vn -1.0000 -0.0000 -0.0000
vn -0.0700 -0.9716 -0.2259
vn -0.8458 -0.5148 -0.1397
vn -0.1788 -0.0000 0.9839
vn -0.4260 -0.0000 -0.9047
vn -0.8310 0.4953 -0.2535
vn -0.9871 -0.0337 0.1565
vn -0.0050 0.9939 0.1100
vn 0.6292 0.7753 -0.0545
vn 0.5815 0.7640 -0.2796
vn -0.4057 0.9130 0.0431
vn -0.0638 0.0168 -0.9978
vn -0.2301 -0.9264 -0.2982
vn 0.1808 0.0614 0.9816
vn -0.8800 0.4002 -0.2559
vn 0.5465 0.6287 -0.5533
vn 0.6447 -0.6038 -0.4688
vn -0.8799 0.4002 -0.2560
vn 0.5465 0.6287 -0.5532
vn 0.6447 -0.6038 -0.4689
vn -0.6626 -0.6584 -0.3570
vn -0.4423 0.8249 -0.3519
vn 0.9105 0.1831 -0.3707
vn 0.2685 -0.8985 -0.3473
vn -0.9277 -0.1094 -0.3570
vn 0.1609 0.9221 -0.3519
vn 0.8295 -0.4177 -0.3707
vn -0.3430 -0.8728 -0.3473
vn -0.9815 -0.1867 -0.0423
vn 0.0582 -0.9338 -0.3530
vn -0.8590 -0.3988 -0.3209
vn 0.9065 0.2151 -0.3633
vn -0.7347 -0.3132 -0.6018
vn 0.8171 -0.3013 -0.4914
vn 0.0889 0.7142 -0.6943
vn 0.6231 -0.7036 -0.3414
vn -0.1279 0.9011 -0.4143
vn 0.9748 0.1921 -0.1131
vn 0.6268 -0.7078 -0.3256
vn -0.1295 0.9127 -0.3875
vn -0.1404 0.8458 -0.5147
vn -0.8841 -0.3164 -0.3439
vn -0.8336 -0.3870 -0.3941
vn -0.3060 0.7677 -0.5630
vn -0.8433 -0.3916 -0.3681
vn -0.9226 -0.3672 -0.1185
vn 0.6078 -0.6863 -0.3995
vn 0.6150 -0.6946 -0.3733
vn -0.1276 0.3737 0.9187
vn 0.3316 -0.0448 0.9423
vn -0.3327 0.3375 0.8806
vn -0.0163 0.3405 0.9401
vn -0.3023 0.0613 0.9513
vn 0.1909 0.1954 0.9620
vn 0.8964 0.2127 -0.3889
vn -0.8541 -0.3966 -0.3365
vn 0.8433 -0.4602 -0.2778
vn -0.7360 -0.4312 -0.5219
vn -0.1798 -0.9748 -0.1323
vn 0.3065 0.7356 -0.6042
vn -0.1322 0.9317 -0.3384
vn -0.7629 -0.0563 -0.6441
vn -0.0401 0.9485 -0.3143
vn -0.1314 0.9257 -0.3546
vn -0.2566 -0.9626 -0.0875
vn 0.1069 0.5784 -0.8087
vn 0.8914 -0.4506 0.0486
vn 0.9230 0.2190 -0.3165
vn 0.6905 -0.3145 -0.6514
vn 0.9178 0.2177 -0.3320
vn 0.8446 -0.4277 -0.3220
vn -0.2193 -0.9647 -0.1455
vn -0.3670 -0.8866 -0.2815
vn -0.1369 -0.9687 -0.2069
vn -0.9815 -0.1867 -0.0422
vn -0.8591 -0.3988 -0.3208
vn 0.9066 0.2150 -0.3632
vn -0.7349 -0.3131 -0.6016
vn 0.8171 -0.3014 -0.4914
vn 0.6231 -0.7037 -0.3414
vn 0.9749 0.1921 -0.1130
vn 0.6268 -0.7079 -0.3256
vn -0.1295 0.9128 -0.3874
vn -0.8336 -0.3870 -0.3940
vn -0.3060 0.7678 -0.5629
vn -0.8433 -0.3916 -0.3680
vn 0.6151 -0.6945 -0.3732
vn 0.8964 0.2126 -0.3889
vn -0.8541 -0.3966 -0.3364
vn 0.8432 -0.4601 -0.2779
vn -0.1798 -0.9748 -0.1322
vn -0.7629 -0.0563 -0.6440
vn -0.0400 0.9485 -0.3143
vn -0.1314 0.9257 -0.3547
vn 0.9229 0.2189 -0.3166
vn 0.9178 0.2177 -0.3319
vn -0.2194 -0.9647 -0.1455
vn 0.7136 -0.6227 -0.3209
vn -0.8105 0.4595 -0.3632
vn -0.7947 -0.5018 -0.3414
vn 0.3743 0.8296 -0.4143
vn -0.7994 -0.5048 -0.3257
vn 0.3790 0.8403 -0.3875
vn 0.6925 -0.6043 -0.3941
vn 0.7005 -0.6113 -0.3681
vn -0.7752 -0.4894 -0.3995
vn -0.7844 -0.4953 -0.3733
vn -0.8014 0.4544 -0.3889
vn 0.7095 -0.6191 -0.3365
vn 0.3870 0.8578 -0.3384
vn 0.3845 0.8523 -0.3546
vn -0.8252 0.4679 -0.3165
vn -0.8206 0.4652 -0.3320
vn 0.7136 -0.6227 -0.3208
vn -0.8105 0.4595 -0.3633
vn 0.3742 0.8297 -0.4143
vn -0.7994 -0.5049 -0.3256
vn 0.3791 0.8404 -0.3874
vn 0.7006 -0.6113 -0.3680
vn -0.7751 -0.4895 -0.3995
vn -0.7844 -0.4954 -0.3733
vn -0.8014 0.4543 -0.3890
vn 0.3869 0.8578 -0.3384
vn 0.3845 0.8523 -0.3547
vn -0.8252 0.4678 -0.3165
vn -0.8206 0.4652 -0.3319
vt -12.568724 0.920066
vt -12.638429 5.413098
vt -12.635835 0.958845
vt -9.442247 -9.846120
vt -9.342429 -11.012498
vt -9.342429 -9.801676
vt 2.276885 -7.330550
vt 1.506898 -5.513691
vt 1.404931 -5.564966
vt 1.506898 -9.646705
vt 2.399015 -7.320098
vt -11.384903 14.047581
vt -12.749667 7.817191
vt -12.646474 7.822627
vt -11.780785 5.421328
vt -11.840142 1.093251
vt -11.684833 5.479183
vt -1.070298 -6.673991
vt -0.847156 -7.755340
vt -0.968585 -6.647397
vt -12.393131 -0.095458
vt -12.288945 5.432022
vt -12.393131 5.479183
vt 0.282484 5.847685
vt -0.415088 5.779932
vt -0.312309 3.168494
vt 0.379667 3.228206
vt -0.469398 -8.847532
vt -0.952361 -7.771164
vt -12.860546 4.483865
vt -12.967638 6.844629
vt -13.073586 6.818023
vt -8.448813 -11.782583
vt -8.359999 -9.815299
vt -8.441101 -9.801682
vt -0.136950 -7.035337
vt 0.200786 8.022662
vt -0.230207 7.877809
vt -11.323152 15.019906
vt -11.471568 14.149471
vt -7.400509 -10.526245
vt -7.490307 -10.971932
vt -7.392164 -10.936960
vt -0.515097 -5.513691
vt -0.391659 -5.521728
vt -11.407508 5.479183
vt -11.323152 5.518692
vt 5.165505 -9.781153
vt 5.265293 -11.430426
vt 5.265293 -9.706150
vt -11.931803 1.046951
vt -11.684833 0.694056
vt -13.413230 8.207698
vt -13.317494 8.259277
vt -1.847087 -10.423912
vt -1.944595 -10.975006
vt -1.847087 -11.003292
vt 0.555987 2.202182
vt 1.455416 2.134676
vt 1.534133 2.197940
vt 3.017037 -10.538943
vt 2.924146 -11.006562
vt 3.017037 -10.970853
vt 0.683903 -10.887680
vt 0.774574 -10.512327
vt 0.683903 -10.554326
vt -9.987167 -10.472629
vt -9.813327 -10.287839
vt -9.907796 -10.283572
vt -7.961815 -10.974906
vt -7.869081 -10.445674
vt -7.961815 -10.479983
vt -10.252391 -10.544193
vt -10.302068 -10.962790
vt -10.253163 -10.951942
vt -12.695466 -0.036063
vt -12.728706 5.479180
vt -12.728707 -0.046193
vt -9.987164 -9.844885
vt -10.153902 -10.164287
vt -10.064074 -10.165565
vt -1.004401 -11.044179
vt -0.912668 -10.383186
vt -1.004401 -10.437320
vt -2.149323 -10.296090
vt -2.164942 -10.628354
vt -2.083748 -10.570938
vt -8.050557 -10.966004
vt -7.961810 -10.445669
vt -8.050557 -10.471284
vt -9.906668 -9.801680
vt -9.987167 -9.870173
vt 0.774572 -10.469878
vt 0.943519 -10.280138
vt 0.853944 -10.280822
vt -7.613793 -10.541618
vt -7.490305 -10.742869
vt -7.539392 -10.487210
vt -3.771415 -10.787211
vt -3.686082 -10.517804
vt -3.771415 -10.547187
vt -5.668024 -10.553359
vt -5.585935 -10.848102
vt -5.585935 -10.515977
vt 0.823900 -10.807373
vt 0.943518 -10.728140
vt 0.857794 -10.726643
vt -7.141954 -10.546709
vt -7.021520 -10.725565
vt -7.067193 -10.487684
vt -4.977832 -10.755642
vt -4.893843 -10.517798
vt -4.977832 -10.544294
vt 2.423663 -10.072459
vt 2.508948 -10.379461
vt 2.508948 -10.023205
vt -5.905682 -10.560357
vt -5.787476 -10.736964
vt -5.831437 -10.508000
vt -4.724269 -10.758840
vt -4.638793 -10.517799
vt -4.724269 -10.547492
vt -5.196465 -10.562404
vt -5.111939 -10.901651
vt -5.111939 -10.515977
vt -6.140596 -10.558329
vt -6.023070 -10.734249
vt -6.066510 -10.508000
vt -4.893843 -10.756596
vt -4.809408 -10.517798
vt -4.893843 -10.545249
vt -3.700329 -10.597969
vt -3.602764 -10.859195
vt -3.602764 -10.517804
vt -6.900690 -10.550293
vt -6.779054 -10.730365
vt -6.825649 -10.487681
vt -5.585933 -10.562881
vt -5.501280 -10.867465
vt -5.501280 -10.515972
vt -7.301999 -10.546902
vt -7.176740 -10.749937
vt -7.227185 -10.487213
vt -3.602762 -10.561231
vt -3.519046 -10.862215
vt -3.519045 -10.517801
vt -5.787476 -10.563047
vt -5.696063 -10.780010
vt -5.741016 -10.545872
vt -7.021517 -10.547874
vt -6.900694 -10.727125
vt -6.946666 -10.487688
vt 0.823900 -10.550106
vt 0.898472 -10.493522
vt 0.486239 -8.895240
vt 0.118934 -13.283758
vt 0.538933 -8.898100
vt -12.749667 1.035812
vt -12.749667 4.456498
vt -12.818125 4.453185
vt -12.490519 -0.694391
vt -12.568721 5.444107
vt -12.548192 -0.729812
vt -1.370387 4.025935
vt 2.575305 -2.480346
vt 0.453812 1.808606
vt -6.883278 1.694954
vt -8.395187 1.874306
vt -7.400940 -0.773969
vt 1.443758 -1.326308
vt -1.378713 -0.342018
vt -1.320026 -0.858425
vt -6.989289 2.263181
vt -7.315811 4.116906
vt -0.519934 1.728570
vt 1.316222 0.201487
vt 0.660394 2.384731
vt -0.519934 -1.013453
vt 0.264765 -1.300533
vt -4.412577 4.093290
vt -6.056718 4.939587
vt -7.788961 12.939013
vt -11.065134 8.842764
vt -9.402257 8.538650
vt -11.323150 7.763488
vt -9.642054 7.392581
vt -9.223207 8.144060
vt -9.332903 7.664384
vt -3.746995 6.862841
vt -1.370387 -2.197038
vt 2.777695 0.083061
vt -1.378713 2.452894
vt -5.430649 4.868152
vt -8.374383 15.062591
vt -3.849390 6.381906
vt -10.153902 -10.512831
vt -10.252395 -10.880773
vt -10.153902 -10.913764
vt -7.710767 -9.953701
vt -8.211965 -10.445672
vt -7.785197 -10.318192
vt -8.211965 -9.801676
vt -7.710766 -10.324701
vt -7.176743 -9.801680
vt -7.631463 -9.936807
vt -7.176743 -10.487213
vt -5.668369 -10.346646
vt -5.111937 -9.801676
vt -5.585737 -9.942470
vt -5.111935 -10.515977
vt -6.641075 -9.962945
vt -7.176740 -10.487684
vt -6.720623 -10.351311
vt -7.176739 -9.801676
vt -5.668370 -9.967872
vt -6.218123 -10.508000
vt -5.750010 -10.367713
vt -6.218123 -9.801679
vt 0.853937 -9.813560
vt 0.774572 -9.867418
vt -7.392162 -10.986959
vt -7.301999 -10.487210
vt -7.392162 -10.531261
vt -1.492282 -11.059347
vt -1.404356 -10.412489
vt -1.492282 -10.452481
vt -10.066938 -10.537437
vt -9.987164 -10.495563
vt -9.093905 -10.472010
vt -8.891712 -10.099062
vt -8.987609 -10.102609
vt -2.083748 -10.006853
vt -2.243840 -10.297668
vt -7.613797 -10.533197
vt -7.705486 -10.967582
vt -7.613797 -10.932457
vt -8.139054 -10.965803
vt -8.050558 -10.445674
vt -8.139054 -10.470881
vt -1.316259 -10.451581
vt -1.404354 -11.099258
vt -1.316259 -11.058934
vt -9.015273 -9.801680
vt -9.093905 -9.846768
vt -12.568721 5.479180
vt -9.430243 -11.058454
vt 1.404931 -9.604570
vt -12.292031 -0.169437
vt -0.391659 -8.782817
vt -12.749667 4.456498
vt -8.359999 -11.819656
vt 0.200788 -6.849756
vt -11.405511 15.119998
vt -7.490307 -10.487213
vt 5.154352 -11.372475
vt -11.776493 0.647756
vt -1.944595 -10.412520
vt 0.593974 2.127605
vt 2.924146 -10.486913
vt 0.774574 -10.899814
vt -9.906668 -10.510170
vt -7.869081 -11.027705
vt -10.066938 -9.801679
vt -0.912668 -11.096859
vt -7.961810 -11.005081
vt 0.853937 -10.493519
vt -10.235478 -10.500446
vt -7.301999 -11.016901
vt -1.404356 -11.097420
vt -9.015273 -10.528442
vt -2.164942 -9.949671
vt -7.705489 -10.487213
vt -8.050558 -11.004265
vt -1.404354 -10.412485
vt -14.358572 -8.651006
vt -10.837950 -13.987575
vt -13.814582 -8.632903
vt -11.312666 -14.005732
vt -13.748565 -3.672003
vt -14.039504 -3.556326
vt -12.066607 -0.773971
vt -10.837945 -1.610235
vt 0.064634 -5.579031
vt 0.110954 -5.513691
vt 4.242670 -8.211213
vt 4.337092 -12.786838
vt 4.337092 -8.199230
vt 3.230906 1.400415
vt 2.600325 0.782334
vt 3.137263 0.942616
vt 2.600325 1.591144
vt 3.826248 2.150602
vt 3.230905 1.567058
vt 3.737836 1.718382
vt 3.230905 2.330672
vt 4.396668 1.325307
vt 3.842713 0.782334
vt 4.314402 0.923139
vt 3.842713 1.492858
vt 3.764089 2.853287
vt 3.230907 2.330673
vt 3.684913 2.466200
vt 3.230907 3.014557
vt 4.899460 2.798647
vt 4.372602 2.282232
vt 4.821222 2.416150
vt 4.372602 2.958000
vt 3.165459 2.145078
vt 3.081534 1.734789
vt 2.600325 2.316009
vt 3.842714 1.382010
vt 3.230906 0.782334
vt 3.751858 0.937842
vt 3.230906 1.567059
vt 3.141884 2.846828
vt 2.600325 3.010629
vt 2.600328 2.316008
vt 3.826251 1.735705
vt 4.383829 2.282232
vt 3.909052 2.140503
vt 4.383826 1.567058
vt 4.372600 2.817755
vt 3.826249 2.282233
vt 4.291464 2.421101
vt 3.826249 2.983007
vt -7.021517 -10.805141
vt -6.987625 -10.724411
vt -9.986688 -10.549509
vt -9.904072 -10.846277
vt -9.904068 -10.510166
vt -4.638793 -10.760352
vt -4.552612 -10.517801
vt -4.638792 -10.549006
vt -3.855219 -10.725873
vt -3.946284 -10.517801
vt -3.946284 -10.793536
vt -5.787476 -10.820316
vt -5.753583 -10.739582
vt -3.519046 -10.563589
vt -3.434695 -10.867012
vt -3.434695 -10.517804
vt 3.385356 -10.754457
vt 3.467979 -10.519547
vt 3.385356 -10.543107
vt -7.301999 -10.839081
vt -7.263505 -10.747392
vt -5.279614 -10.557295
vt -5.196462 -10.891273
vt -5.196462 -10.515977
vt 3.467982 -10.755715
vt 3.551192 -10.519547
vt 3.467982 -10.544368
vt -6.900690 -10.807566
vt -6.866794 -10.726830
vt -9.904072 -10.579710
vt -9.813324 -10.907678
vt -9.813324 -10.510166
vt -4.809408 -10.758116
vt -4.724267 -10.517798
vt -4.809408 -10.546767
vt -6.140596 -10.815598
vt -6.106702 -10.734863
vt -3.855217 -10.783921
vt -3.771413 -10.517799
vt -3.855217 -10.543897
vt -5.905682 -10.817626
vt -5.871788 -10.736895
vt -5.501282 -10.771591
vt -5.409023 -10.515979
vt -5.501280 -10.560244
vt -7.141954 -10.803978
vt -7.108060 -10.723243
vt -7.613793 -10.833794
vt -7.575303 -10.742107
vt 3.385355 -10.588267
vt 3.324434 -10.736804
vt 3.385356 -10.729904
vt 15.775989 0.830623
vt 7.157282 -4.940257
vt 16.675751 0.385641
vt -1.094983 1.012504
vt 7.122642 -3.854040
vt -1.192840 10.943386
vt -2.332050 0.669654
vt -1.308582 1.152821
vt 16.590794 11.172204
vt 15.788421 10.721340
vt 7.370884 16.522528
vt -1.983198 11.724468
vt -1.306110 0.551187
vt 2.261127 -11.541659
vt -0.785073 0.464172
vt 16.885004 11.332913
vt 0.048393 0.291578
vt -0.489466 -13.153437
vt 0.496491 0.603068
vt 0.379752 -3.631971
vt -0.167751 8.511964
vt -0.167752 -3.861447
vt 26.823799 16.158669
vt 16.885004 15.460337
vt 27.105900 16.051014
vt -10.302068 -10.500449
vt -2.398547 -8.298083
vt -2.398547 -12.119196
vt -2.355409 -12.101413
vt -3.686082 -10.832338
vt -5.668024 -10.812508
vt 0.898472 -10.835435
vt -4.893843 -10.796216
vt 2.423663 -10.331607
vt -4.638793 -10.804453
vt -5.196465 -10.856713
vt -4.809408 -10.798682
vt -3.700329 -10.858873
vt -5.585933 -10.822032
vt -3.602762 -10.820379
vt 0.064634 -13.277931
vt 4.396978 -13.019865
vt 4.454319 -13.071652
vt 4.454319 -9.665732
vt -12.490519 5.479180
vt 0.076393 10.080482
vt -0.125238 -4.517989
vt 0.076390 -4.559648
vt -12.638433 1.145943
vt -12.638433 5.479183
vt -12.695473 5.434809
vt -6.946666 -10.836626
vt -9.986688 -10.808659
vt -4.552612 -10.808342
vt -3.855219 -10.546114
vt -5.741016 -10.887085
vt -3.519046 -10.822740
vt 3.467979 -10.790409
vt -7.227183 -10.870089
vt -5.279614 -10.851611
vt 3.551192 -10.793658
vt -6.825649 -10.841350
vt -9.904072 -10.838860
vt -4.724267 -10.802590
vt -6.066510 -10.837716
vt -3.771413 -10.823869
vt -5.831435 -10.841668
vt -5.409023 -10.840162
vt -7.067193 -10.834356
vt -7.539392 -10.859785
vt 3.324434 -10.519547
vt 7.362613 15.643398
vt -0.489463 14.342712
vt 2.261134 12.514478
vt -2.288590 11.582710
vt 17.226658 15.883131
vt 5.412439 -8.199230
vt 4.235587 -5.513694
vt 4.586476 -8.199230
vt -2.665130 -5.922572
vt -2.017162 -5.513695
vt -2.737638 -5.894617
vt -2.017162 -8.177641
vt -2.094996 -8.298086
vt 4.656859 -9.789733
vt 4.554179 -12.350211
vt 4.619626 -12.313012
vt -9.752313 -11.811011
vt -9.813327 -11.779763
vt -9.752181 -11.816895
vt 7.187905 -9.106986
vt 6.147995 -10.783690
vt 7.230271 -9.113532
vt -2.720734 -9.683825
vt -2.735960 -9.646867
vt -2.747620 -9.672602
vt -2.750146 -11.190793
vt -2.710416 -11.207695
vt 0.058732 -10.518734
vt -0.356901 -9.309656
vt -0.386492 -9.312750
vt 3.238390 -9.787893
vt 3.551191 -10.519547
vt 3.551192 -9.693848
vt -2.270452 -9.575987
vt -1.316258 -9.949673
vt -1.380683 -9.575987
vt -2.083747 -10.018770
vt -1.847090 -10.412520
vt -1.847090 -9.949671
vt -2.625087 -9.527668
vt -2.556011 -9.369823
vt -2.680462 -9.294502
vt 1.575458 -9.931809
vt 1.460056 -10.078053
vt 1.587192 -10.233594
vt 0.036332 -5.519486
vt -0.348294 -7.049601
vt 0.064632 -5.513695
vt -0.391659 -7.056247
vt -0.067647 -8.232035
vt -0.117619 -8.238455
vt -9.752181 -9.801679
vt -9.806421 -11.778156
vt -12.129291 3.785731
vt -12.288949 3.117907
vt -12.259665 3.114293
vt -12.220965 5.471153
vt -12.178705 3.793589
vt 6.101471 -5.518020
vt 7.355099 -6.678808
vt 7.394716 -6.684928
vt 6.666377 -8.188120
vt 1.563040 -11.080434
vt 1.460055 -10.849131
vt 1.413590 -11.188864
vt 1.580983 -10.807909
vt 1.475424 -10.478744
vt 1.599456 -10.535905
vt -2.645449 -8.518177
vt -2.556010 -8.695431
vt -2.398547 -8.298087
vt -2.690645 -8.789762
vt -2.608094 -9.052518
vt -2.737635 -9.062025
vt -1.994663 -8.448615
vt -1.488042 -8.825460
vt -1.530969 -8.448615
vt -2.093760 -8.825460
vt -1.437918 -9.201243
vt -2.185661 -9.201243
vt 0.943517 -9.958890
vt 1.104226 -10.529999
vt 1.104226 -9.813557
vt -10.315149 -10.740732
vt -10.476534 -10.385964
vt -10.476534 -10.882927
vt -4.552612 -10.348760
vt -3.994020 -9.801676
vt -4.469660 -9.943016
vt -3.994020 -10.518747
vt -10.479259 -10.241878
vt -10.315149 -9.801679
vt -10.479259 -9.894389
vt 2.924145 -10.620784
vt 2.801342 -10.878475
vt 2.924143 -10.853657
vt 0.943517 -10.384974
vt -10.315149 -10.445178
vt -10.315149 -10.385964
vt 2.801342 -10.486913
vt -10.315153 -9.935139
vt -10.153898 -10.500444
vt -10.153898 -9.801675
vt -8.670265 -9.977653
vt -8.448814 -10.254064
vt -8.538047 -9.801680
vt -3.434692 -9.970562
vt -3.994019 -10.517799
vt -3.517752 -10.375897
vt -3.994019 -9.801676
vt -10.643271 -10.767762
vt -10.479262 -10.360935
vt -10.643271 -10.435155
vt -8.670265 -10.442498
vt -8.617198 -10.246696
vt -10.315153 -10.350712
vt -10.479262 -10.920190
vt -8.538047 -10.583298
vt 5.265294 -9.792315
vt 5.391925 -11.483486
vt 5.391925 -9.706150
vt 3.069212 -5.513691
vt 4.235587 -8.187709
vt 3.894579 -5.513691
vt -1.390271 -8.087785
vt -2.017160 -8.448612
vt -1.316258 -8.110629
vt -2.017160 -5.656113
vt -1.935168 -5.513690
vt 4.454319 -12.050357
vt 4.554178 -9.665732
vt 4.491105 -9.677378
vt 6.073483 -5.513694
vt -2.027613 -5.585510
vt 4.554179 -9.665731
vt 6.073485 -10.772175
vt -2.710416 -9.661050
vt 0.064632 -10.520031
vt 3.238390 -10.367963
vt -2.348050 -9.949670
vt -2.083747 -10.343928
vt -2.398547 -9.646868
vt 1.413590 -9.646708
vt -12.129291 1.144662
vt -12.263884 5.479180
vt 6.073485 -5.513695
vt 6.619600 -8.180891
vt 5.265294 -11.365008
vt 2.399012 -8.187710
vt -2.010469 -8.386854
vt 4.554178 -12.195164
vt -6.464657 -9.977310
vt -6.469248 -10.713458
vt -6.218123 -10.007833
vt 4.142454 -8.571177
vt 3.202068 -8.187715
vt 3.251200 -8.571178
vt 3.017034 -10.416065
vt 2.786712 -10.023213
vt 2.786712 -10.486918
vt -1.948558 -10.412524
vt -2.048269 -10.594728
vt -1.944598 -10.686329
vt -6.478288 -9.801676
vt -6.641071 -9.820704
vt -7.869081 -10.629976
vt -7.710766 -10.793412
vt -7.710766 -10.445674
vt 2.424725 -10.660992
vt 2.542597 -10.952042
vt 2.536224 -10.582842
vt -5.279614 -10.515977
vt -5.409020 -10.712111
vt -5.279614 -10.753262
vt -9.342434 -10.022122
vt -9.221165 -10.179322
vt -9.206189 -9.801676
vt -9.336456 -10.296207
vt -9.206189 -10.538201
vt -9.233315 -10.787247
vt -9.332111 -10.571310
vt 3.869612 -9.693845
vt 3.352163 -9.326670
vt 3.405144 -9.693848
vt 3.958894 -9.326670
vt 3.300855 -8.952421
vt 4.049847 -8.952421
vt -6.641071 -10.473025
vt 4.235585 -8.187715
vt 3.017035 -10.090301
vt -6.641075 -10.702361
vt -6.779055 -10.487684
vt -6.779055 -10.803194
vt 2.424577 -10.379776
vt 2.424577 -10.942892
vt -6.023073 -10.733340
vt -5.905682 -10.838370
vt -5.905682 -10.508000
vt -2.048269 -10.953285
vt -2.398547 -10.451911
vt -2.710414 -9.748409
vt -2.647272 -10.660515
vt 5.974963 -8.581652
vt 5.040868 -8.199231
vt 5.084488 -8.581648
vt -1.554479 -10.019019
vt -1.316259 -10.412487
vt -1.316258 -9.949674
vt -8.226837 -10.008718
vt -8.336553 -10.203260
vt -8.219600 -10.285887
vt 4.541873 -8.427602
vt 4.467137 -8.597422
vt 4.598431 -8.716084
vt 4.558842 -9.530728
vt 4.489654 -9.336135
vt 4.337092 -9.665729
vt 4.606915 -9.267648
vt 4.532580 -8.979930
vt 4.656859 -9.005017
vt -2.442905 -9.811147
vt -2.398547 -9.646865
vt -8.227592 -10.804939
vt -8.336642 -10.567862
vt -8.360003 -10.895904
vt -8.211965 -10.563694
vt 5.704678 -9.706145
vt 5.183270 -9.336091
vt 5.240616 -9.706145
vt 5.789469 -9.336091
vt 5.131248 -8.961239
vt 5.879587 -8.961243
vt 6.073485 -8.199232
vt -1.554479 -10.344156
vt -8.360003 -9.801679
vt 4.337092 -8.199228
vt -8.242825 -11.046819
vt 0.613321 -9.947020
vt 0.774574 -9.813557
vt -8.891709 -9.977655
vt -8.670264 -10.254064
vt -8.759492 -9.801680
vt -4.552607 -9.970562
vt -5.111937 -10.517799
vt -4.635668 -10.375901
vt -10.643267 -10.208501
vt -10.479258 -9.801676
vt -10.643269 -9.875896
vt -8.891709 -10.442498
vt -8.838643 -10.246699
vt 0.613321 -10.362594
vt -10.479258 -10.360931
vt -8.759492 -10.583301
vt 27.105900 -5.124752
vt -0.353590 -4.970348
vt 0.845816 3.237939
vt -0.353590 3.681177
vt -2.184731 0.389146
vt 7.100248 -5.124752
vt 16.885004 0.196519
vt 27.368031 -5.087658
vt 27.105904 4.063775
vt -2.419271 0.528390
vt -1.095420 1.026235
vt -0.536092 -1.753426
vt -0.723973 0.106056
vt -0.670791 -1.316286
vt -1.352381 0.647811
vt -0.536092 0.246169
vt -1.372114 -1.101794
vt -1.189684 0.193646
vt -1.499883 -1.246580
vt -0.508640 2.717308
vt -0.316766 0.729333
vt -0.363961 2.327045
vt 0.493015 0.785550
vt -0.508640 0.647811
vt 0.349930 2.184387
vt 0.293217 0.979334
vt 0.447763 2.330295
vt 0.427701 -1.753427
vt 0.239818 0.106054
vt 0.292999 -1.316287
vt 0.427701 0.246169
vt -0.225893 0.193645
vt -0.408323 -1.101795
vt -0.536090 -1.246580
vt -0.388586 0.647809
vt -0.508640 2.753427
vt -0.644049 1.055073
vt -0.508641 0.647812
vt -1.227478 2.544315
vt -0.561121 2.731663
vt -1.385234 1.266615
vt -1.399142 2.744932
vt -1.499882 1.120585
vt 1.391492 0.647802
vt 1.579371 -1.211681
vt 1.526190 0.210664
vt 2.207776 -1.753427
vt 1.391492 -1.351787
vt -0.269046 -0.585771
vt 0.724594 1.369492
vt -0.269046 2.019069
vt 0.220311 -0.852864
vt 2.355285 0.140958
vt 2.045084 -1.299273
vt 2.227517 -0.003823
vt 3.061463 2.453661
vt 2.070011 0.061847
vt 1.977948 -0.000715
vt 0.170341 0.000000
vt 0.170341 1.000000
vt -0.000000 0.033375
vt 0.035995 0.918265
vt -0.347249 -0.667241
vt 0.716148 -0.658066
vt 0.222997 0.512552
vt 0.716148 1.980592
vt -0.266665 0.749132
vt 0.616479 2.802574
vt -0.443493 -1.747266
vt 0.616479 -2.050464
vt -0.303385 2.987003
vt -0.188081 -2.364908
vt 0.287915 3.321662
vt -0.188081 3.404927
vt 0.225001 -2.343607
vt -0.155979 -3.606695
vt 0.215421 4.554780
vt -0.155979 4.634602
vt 0.166335 -3.542332
vt -0.108232 -2.502650
vt 0.163274 3.463658
vt -0.108232 3.522015
vt 0.127390 -2.455592
vt -0.151773 -3.509460
vt 0.210828 4.458681
vt -0.151775 4.536619
vt 0.162908 -3.446625
vt -0.458214 -1.253189
vt -0.457410 -1.262415
vt -0.426901 -1.262544
vt -0.497325 -1.212017
vt -0.465759 -1.423031
vt -0.414404 -1.344641
vt -0.450978 -1.322362
vt -0.459885 -1.329554
vt -1.008136 -0.968806
vt -0.887861 -1.772814
vt -0.776365 3.240830
vt -1.043506 3.547344
vt -1.126833 2.695555
vt -0.690573 2.790866
vt -0.319324 2.825922
vt 0.079547 2.773187
vt -0.087884 3.576980
vt -0.320748 3.293151
vt -0.725410 2.391345
vt -0.174883 2.443331
vt -1.048883 1.651003
vt 0.079547 1.589617
vt -0.078255 -2.101862
vt -0.384768 -2.369001
vt 0.467019 -2.452330
vt 0.371709 -2.016071
vt 0.336654 -1.644822
vt 0.389388 -1.245951
vt -0.414404 -1.413383
vt -0.130574 -1.646246
vt 0.771231 -2.050909
vt 0.719246 -1.500381
vt 1.511574 -2.374384
vt 1.572962 -1.245951
vt 0.935455 -0.061601
vt 1.202593 -0.368114
vt 1.285922 0.483672
vt 0.849664 0.388363
vt 0.478414 0.353308
vt 0.079545 0.406042
vt 0.246975 -0.397749
vt 0.479838 -0.113920
vt 0.884502 0.787883
vt 0.333974 0.735900
vt 1.207977 1.528228
vt 0.079545 1.589616
vt -0.270923 -0.061600
vt -0.003784 -0.368113
vt 0.079545 0.483673
vt -0.356714 0.388364
vt -0.727963 0.353308
vt -1.126833 0.406043
vt -0.959403 -0.397748
vt -0.726539 -0.113919
vt -0.321875 0.787885
vt -0.872404 0.735901
vt 0.678203 2.052722
vt 0.293060 2.053173
vt 0.293060 0.813109
vt 1.071364 0.695746
vt 1.909110 -2.101862
vt 1.602597 -2.369001
vt 2.454383 -2.452330
vt 2.359074 -2.016071
vt 2.324018 -1.644822
vt 2.376753 -1.245952
vt 1.572962 -1.413383
vt 1.856791 -1.646246
vt 2.758595 -2.050910
vt 2.706611 -1.500381
vt 1.486038 0.678560
vt 1.867251 0.733438
vt 1.867251 2.285814
vt 1.080161 2.290160
vt 1.909111 -0.895485
vt 1.602598 -1.162624
vt 2.454385 -1.245953
vt 2.359075 -0.809694
vt 2.324020 -0.438444
vt 2.376754 -0.039576
vt 1.572962 -0.207005
vt 1.856791 -0.439868
vt 2.758596 -0.844531
vt 2.706612 -0.294004
vt 1.406038 -0.936300
vt 1.786943 -0.879319
vt 1.867264 0.678560
vt 1.080161 0.678560
vt 1.636395 3.240830
vt 1.369254 3.547342
vt 1.285928 2.695555
vt 1.722188 2.790865
vt 2.093436 2.825922
vt 2.492307 2.773187
vt 2.324875 3.576980
vt 2.092011 3.293151
vt 1.687350 2.391345
vt 2.237877 2.443330
vt -0.894256 0.831889
vt -1.278534 0.806099
vt -1.278534 -0.872238
vt -0.494043 -0.936300
vt 3.224179 0.816334
vt 3.530692 1.083473
vt 2.678906 1.166803
vt 2.774215 0.730544
vt 2.809269 0.359295
vt 2.756534 -0.039575
vt 3.560326 0.127854
vt 3.276498 0.360718
vt 2.374694 0.765383
vt 2.426677 0.214855
vt 0.189784 0.792907
vt -0.191120 0.735926
vt -0.494043 -0.936301
vt 0.293060 -0.936301
vt -1.477300 1.925767
vt -1.210160 1.619254
vt -1.126833 2.471043
vt -1.563093 2.375732
vt -1.934342 2.340676
vt -2.333213 2.393411
vt -2.165781 1.589617
vt -1.932917 1.873447
vt -1.528255 2.775252
vt -2.078783 2.723268
vt 1.080161 0.695745
vt 0.699395 0.637844
vt 0.293060 -0.936301
vt 1.080161 -0.934398
vt 0.935460 1.925768
vt 1.202600 1.619255
vt 1.285928 2.471044
vt 0.849668 2.375733
vt 0.478418 2.340677
vt 0.079547 2.393411
vt 0.246980 1.589618
vt 0.479842 1.873448
vt 0.884505 2.775254
vt 0.333977 2.723269
vt 1.207977 3.515597
vt 0.079547 3.576980
vt -1.477301 -0.061599
vt -1.210162 -0.368111
vt -1.126834 0.483675
vt -1.563093 0.388365
vt -2.165780 -0.397749
vt -1.932917 -0.113919
vt -1.934342 0.353308
vt -1.528255 0.787886
vt -2.078783 0.735902
vt -0.475432 -0.229398
vt -0.460728 -0.616322
vt 1.383973 -0.668529
vt 1.381708 0.489767
vt -2.333213 0.406043
vt -0.035022 0.338091
vt 0.647936 0.602562
vt -0.012093 1.973674
vt -0.475432 1.794248
vt 0.162607 3.051499
vt -0.098989 3.138317
vt -0.098989 -2.160974
vt 0.127469 -2.018303
vt 0.069262 1.613373
vt -0.030990 1.676532
vt -0.030990 -0.669440
vt 0.084817 -0.631006
vt 0.410845 -2.094161
vt 0.136747 -2.117446
vt -0.415086 -4.978062
vt -0.190135 -4.991654
vt 2.198923 1.330130
vt 0.034906 3.093618
vt -0.518471 3.235379
vt 0.703659 1.867293
vt 0.401347 -0.831073
vt -0.420198 -2.208402
s 0
g grassMesh_grassMat
usemtl grassMat
f 19/1/1 111/2/1 113/3/1
f 8/4/2 109/5/2 102/6/2
f 2/7/3 99/8/3 5/9/3
f 2/7/4 96/10/4 95/11/4
f 20/12/5 112/13/5 18/14/5
f 29/15/6 117/16/6 119/17/6
f 11/18/7 103/19/7 107/20/7
f 30/21/8 118/22/8 24/23/8
f 104/24/9 10/25/9 612/26/9 613/27/9
f 16/28/10 609/19/10 9/29/10
f 5/30/11 101/31/11 7/32/11
f 8/33/12 100/34/12 6/35/12
f 1/36/13 97/37/13 4/38/13
f 22/39/14 114/40/14 20/12/14
f 29/41/15 120/42/15 30/43/15
f 17/44/16 107/20/16 111/45/16
f 18/14/17 607/46/17 12/47/17
f 22/48/18 115/49/18 116/50/18
f 23/51/19 113/52/19 117/16/19
f 14/53/20 101/31/20 106/54/20
f 6/55/21 98/56/21 1/57/21
f 10/58/22 105/59/22 15/60/22
f 28/61/23 124/62/23 26/63/23
f 49/64/24 138/65/24 51/66/24
f 42/67/25 129/68/25 41/69/25
f 44/70/26 132/71/26 42/72/26
f 37/73/27 144/74/27 38/75/27
f 36/76/28 144/77/28 142/78/28
f 46/79/29 133/80/29 45/81/29
f 43/82/30 131/83/30 44/84/30
f 25/85/31 122/86/31 27/87/31
f 48/88/32 136/89/32 46/90/32
f 41/69/33 130/91/33 43/92/33
f 32/93/34 125/94/34 31/95/34
f 59/96/35 153/97/35 154/98/35
f 80/99/36 176/100/36 78/101/36
f 72/102/37 166/103/37 167/104/37
f 90/105/38 185/106/38 89/107/38
f 63/108/39 157/109/39 158/110/39
f 84/111/40 180/112/40 82/113/40
f 76/114/41 170/115/41 171/116/41
f 67/117/42 161/118/42 162/119/42
f 88/120/43 184/121/43 86/122/43
f 80/123/44 174/124/44 175/125/44
f 71/126/45 165/127/45 166/128/45
f 92/129/46 188/130/46 90/131/46
f 84/132/47 178/133/47 179/134/47
f 75/135/48 169/136/48 170/137/48
f 88/138/49 182/139/49 183/140/49
f 79/141/50 173/142/50 174/143/50
f 92/144/51 186/145/51 187/146/51
f 83/147/52 177/148/52 178/149/52
f 87/150/53 181/151/53 182/152/53
f 91/153/54 185/106/54 186/154/54
f 40/155/55 142/156/55 146/157/55
f 93/158/56 145/159/56 39/160/56
f 37/161/57 141/162/57 143/163/57
f 97/164/58 95/165/59 96/166/60
f 98/167/61 99/168/62 95/169/63
f 105/170/64 609/171/64 110/172/64
f 100/173/65 101/174/66 99/168/67
f 107/175/68 112/176/68 111/177/68
f 103/178/69 607/179/69 107/175/69
f 102/180/70 106/181/70 101/174/70
f 111/182/71 114/183/71 113/184/71
f 113/184/72 116/185/72 115/186/72
f 115/186/73 117/187/73 113/184/73
f 118/188/74 119/189/74 117/187/74
f 97/164/75 98/190/76 95/165/77
f 98/167/78 100/173/79 99/168/80
f 105/170/81 104/191/81 609/171/81
f 100/173/82 102/180/83 101/174/84
f 107/175/85 607/179/85 112/176/85
f 609/171/86 104/191/86 108/192/86
f 102/180/87 109/193/87 106/181/87
f 111/182/88 112/194/88 114/183/88
f 113/184/89 114/183/89 116/185/89
f 115/186/90 118/188/90 117/187/90
f 118/188/74 120/195/74 119/189/74
f 24/196/91 115/197/91 21/198/91
f 124/199/74 122/200/74 121/201/74
f 124/199/74 123/202/74 122/200/74
f 128/203/74 126/204/74 125/205/74
f 128/203/74 127/206/74 126/204/74
f 132/207/74 130/208/74 129/209/74
f 132/207/74 131/210/74 130/208/74
f 136/211/74 134/212/74 133/213/74
f 136/211/74 135/214/74 134/212/74
f 140/215/74 138/216/74 137/217/74
f 140/215/74 139/218/74 138/216/74
f 31/95/92 126/219/92 33/220/92
f 51/221/93 139/222/93 52/223/93
f 33/224/94 127/225/94 34/226/94
f 45/81/95 134/227/95 47/228/95
f 52/229/96 140/230/96 50/231/96
f 26/232/97 121/233/97 25/85/97
f 27/234/98 123/235/98 28/236/98
f 34/237/99 128/238/99 32/239/99
f 47/240/100 135/241/100 48/242/100
f 50/231/101 137/243/101 49/244/101
f 19/1/102 17/245/102 111/2/102
f 8/4/103 13/246/103 109/5/103
f 2/7/3 95/11/3 99/8/3
f 2/7/104 3/247/104 96/10/104
f 20/12/105 114/40/105 112/13/105
f 29/15/106 23/51/106 117/16/106
f 11/18/107 610/29/107 103/19/107
f 30/21/108 120/248/108 118/22/108
f 16/28/109 110/249/109 609/19/109
f 5/30/11 99/250/11 101/31/11
f 8/33/110 102/251/110 100/34/110
f 1/36/111 98/252/111 97/37/111
f 22/39/112 116/253/112 114/40/112
f 29/41/113 119/254/113 120/42/113
f 17/44/114 11/18/114 107/20/114
f 18/14/115 112/13/115 607/46/115
f 22/48/116 21/255/116 115/49/116
f 23/51/117 19/256/117 113/52/117
f 14/53/118 7/32/118 101/31/118
f 6/55/21 100/257/21 98/56/21
f 10/58/119 104/258/119 105/59/119
f 28/61/23 123/259/23 124/62/23
f 49/64/24 137/260/24 138/65/24
f 42/67/25 132/261/25 129/68/25
f 44/70/26 131/262/26 132/71/26
f 46/79/29 136/263/29 133/80/29
f 43/82/30 130/264/30 131/83/30
f 25/85/120 121/233/120 122/86/120
f 48/88/32 135/265/32 136/89/32
f 41/69/33 129/68/33 130/91/33
f 32/93/34 128/266/34 125/94/34
f 24/196/121 118/267/121 115/197/121
f 31/95/92 125/94/92 126/219/92
f 51/221/93 138/268/93 139/222/93
f 33/224/94 126/269/94 127/225/94
f 45/81/95 133/80/95 134/227/95
f 52/229/96 139/270/96 140/230/96
f 26/232/97 124/271/97 121/233/97
f 27/234/98 122/272/98 123/235/98
f 34/237/99 127/273/99 128/238/99
f 47/240/100 134/274/100 135/241/100
f 50/231/101 140/230/101 137/243/101
f 142/275/122 143/276/122 141/277/122
f 142/275/123 144/278/123 143/276/123
f 142/275/124 145/279/124 146/280/124
f 145/279/125 148/281/125 146/280/125
f 142/275/126 141/277/126 145/279/126
f 145/279/127 147/282/127 148/281/127
f 94/283/128 146/157/128 148/284/128
f 35/285/129 145/286/129 141/287/129
f 152/288/74 150/289/74 149/290/74
f 152/288/74 151/291/74 150/289/74
f 156/292/74 154/293/74 153/294/74
f 156/292/74 155/295/74 154/293/74
f 160/296/74 158/297/74 157/298/74
f 160/296/74 159/299/74 158/297/74
f 164/300/74 162/301/74 161/302/74
f 164/300/74 163/303/74 162/301/74
f 168/304/74 166/305/74 165/306/74
f 168/304/74 167/307/74 166/305/74
f 172/308/74 170/291/74 169/309/74
f 172/308/74 171/310/74 170/291/74
f 176/311/74 174/312/74 173/313/74
f 176/311/74 175/314/74 174/312/74
f 180/315/74 179/316/74 178/317/74
f 184/318/74 182/319/74 181/320/74
f 184/318/74 183/321/74 182/319/74
f 188/322/74 186/323/74 185/324/74
f 188/322/74 187/325/74 186/323/74
f 86/326/130 181/151/130 85/327/130
f 68/328/131 162/329/131 163/330/131
f 76/331/132 172/332/132 74/333/132
f 55/334/133 149/335/133 150/336/133
f 82/337/134 177/148/134 81/338/134
f 64/339/135 158/340/135 159/341/135
f 72/342/136 168/343/136 70/344/136
f 78/345/137 173/142/137 77/346/137
f 60/347/138 154/348/138 155/349/138
f 68/350/139 164/351/139 66/352/139
f 74/353/140 169/136/140 73/354/140
f 56/355/141 150/356/141 151/357/141
f 64/358/142 160/359/142 62/360/142
f 70/361/143 165/127/143 69/362/143
f 60/363/144 156/364/144 58/365/144
f 66/366/145 161/118/145 65/367/145
f 56/368/146 152/369/146 54/370/146
f 62/371/147 157/109/147 61/372/147
f 58/373/148 153/97/148 57/374/148
f 54/375/149 149/376/149 53/377/149
f 191/378/150 198/379/150 197/380/150
f 373/381/151 198/379/152 192/382/152
f 194/383/153 199/384/153 193/385/153
f 191/378/154 196/386/154 190/387/154
f 194/383/155 195/388/155 200/389/155
f 197/390/156 204/391/156 203/392/156
f 197/380/157 202/393/157 196/386/157
f 198/394/158 373/395/159 204/396/160
f 199/397/161 206/398/161 205/399/161
f 200/400/162 201/401/162 206/402/162
f 37/73/163 143/403/163 144/74/163
f 36/404/164 38/405/164 144/406/164
f 59/96/35 57/374/35 153/97/35
f 80/99/36 175/407/36 176/100/36
f 72/102/37 71/408/37 166/103/37
f 90/105/165 188/409/165 185/106/165
f 63/108/39 61/372/39 157/109/39
f 84/111/166 179/410/166 180/112/166
f 76/114/41 75/411/41 170/115/41
f 67/117/42 65/367/42 161/118/42
f 88/120/43 183/412/43 184/121/43
f 80/123/44 79/413/44 174/124/44
f 71/126/45 69/362/45 165/127/45
f 92/129/46 187/414/46 188/130/46
f 84/132/47 83/415/47 178/133/47
f 75/135/48 73/354/48 169/136/48
f 88/138/167 87/416/167 182/139/167
f 79/141/50 77/346/50 173/142/50
f 92/144/51 91/417/51 186/145/51
f 83/147/52 81/338/52 177/148/52
f 87/150/53 85/327/53 181/151/53
f 91/153/54 89/107/54 185/106/54
f 40/155/168 36/418/168 142/156/168
f 93/419/169 147/420/169 145/421/169
f 37/161/170 35/422/170 141/162/170
f 94/423/171 40/424/171 146/425/171
f 35/426/172 39/427/172 145/428/172
f 86/326/130 184/429/130 181/151/130
f 68/328/131 67/430/131 162/329/131
f 76/331/132 171/431/132 172/332/132
f 55/334/133 53/432/133 149/335/133
f 82/337/134 180/433/134 177/148/134
f 64/339/135 63/434/135 158/340/135
f 72/342/136 167/435/136 168/343/136
f 78/345/137 176/436/137 173/142/137
f 60/347/138 59/437/138 154/348/138
f 68/350/173 163/438/173 164/351/173
f 74/353/140 172/439/140 169/136/140
f 56/355/141 55/440/141 150/356/141
f 64/358/142 159/441/142 160/359/142
f 70/361/143 168/442/143 165/127/143
f 60/363/144 155/443/144 156/364/144
f 66/366/174 164/444/174 161/118/174
f 56/368/146 151/445/146 152/369/146
f 62/371/147 160/446/147 157/109/147
f 58/373/148 156/447/148 153/97/148
f 54/375/149 152/448/149 149/376/149
f 191/378/175 192/382/175 198/379/175
f 194/383/176 200/389/176 199/384/176
f 191/378/177 197/380/177 196/386/177
f 194/383/178 189/449/178 195/388/178
f 197/450/179 198/394/179 204/396/179
f 197/390/180 203/392/180 202/451/180
f 199/384/181 200/389/181 206/452/181
f 200/400/182 195/453/182 201/401/182
f 212/454/183 214/455/183 213/456/183
f 210/457/184 212/458/184 213/459/184
f 209/460/185 213/459/185 214/461/185
f 207/462/186 212/463/186 208/464/186
f 215/465/187 223/466/187 220/467/187
f 239/468/188 223/469/188 244/470/188
f 219/471/189 221/472/189 222/473/189
f 219/471/190 242/474/190 236/475/190
f 215/476/191 239/477/191 232/478/191
f 224/479/192 231/480/192 228/481/192
f 249/482/74 231/483/74 254/484/74
f 227/485/193 229/486/193 230/487/193
f 227/488/194 252/489/194 246/490/194
f 224/491/195 249/492/195 235/493/195
f 216/494/196 241/495/196 221/496/196
f 234/497/197 240/498/197 241/495/197
f 233/499/198 239/477/198 240/498/198
f 238/500/199 223/466/199 217/501/199
f 237/502/200 244/503/200 238/504/200
f 236/505/201 243/506/201 237/502/201
f 222/507/202 241/508/202 242/509/202
f 241/508/203 243/510/203 242/509/203
f 243/510/204 239/468/204 244/470/204
f 225/511/205 251/512/205 229/513/205
f 245/514/206 250/515/206 251/512/206
f 235/493/207 250/515/207 218/516/207
f 226/517/208 254/518/208 231/519/208
f 248/520/209 253/521/209 254/518/209
f 246/490/210 253/521/210 247/522/210
f 229/523/74 252/524/74 230/525/74
f 251/526/74 253/527/74 252/524/74
f 250/528/74 254/484/74 253/527/74
f 258/529/211 260/530/211 261/531/211
f 257/532/212 259/533/212 260/534/212
f 262/535/74 260/536/74 259/537/74
f 262/535/74 261/538/74 260/536/74
f 258/539/213 262/540/213 256/541/213
f 256/542/214 259/543/214 255/544/214
f 258/529/211 257/545/211 260/530/211
f 257/532/212 255/546/212 259/533/212
f 258/539/215 261/547/215 262/540/215
f 256/542/214 262/548/214 259/543/214
f 266/549/216 268/550/216 269/551/216
f 265/552/217 267/553/217 268/554/217
f 270/555/74 268/556/74 267/557/74
f 270/555/74 269/558/74 268/556/74
f 266/559/218 270/560/218 264/561/218
f 264/562/219 267/553/219 263/563/219
f 266/549/216 265/564/216 268/550/216
f 265/552/217 263/563/217 267/553/217
f 266/559/220 269/565/220 270/560/220
f 264/562/219 270/566/219 267/553/219
f 271/567/221 278/568/221 275/569/221
f 276/570/222 278/571/222 277/572/222
f 274/573/223 276/574/223 277/575/223
f 273/576/224 277/575/224 278/577/224
f 271/578/225 276/579/225 272/580/225
f 212/454/183 211/581/183 214/455/183
f 210/457/184 208/582/184 212/458/184
f 209/460/226 210/457/226 213/459/226
f 207/462/227 211/583/227 212/463/227
f 215/465/228 217/501/228 223/466/228
f 239/468/188 220/584/188 223/469/188
f 219/471/229 216/585/229 221/472/229
f 219/471/230 222/473/230 242/474/230
f 215/476/231 220/586/231 239/477/231
f 224/479/192 226/587/192 231/480/192
f 249/482/74 228/588/74 231/483/74
f 227/485/193 225/589/193 229/486/193
f 227/488/232 230/590/232 252/489/232
f 224/491/233 228/591/233 249/492/233
f 216/494/234 234/497/234 241/495/234
f 234/497/235 233/499/235 240/498/235
f 233/499/236 232/478/236 239/477/236
f 238/504/237 244/503/237 223/592/237
f 237/502/238 243/506/238 244/503/238
f 236/505/239 242/593/239 243/506/239
f 222/507/202 221/594/202 241/508/202
f 241/508/203 240/595/203 243/510/203
f 243/510/240 240/595/240 239/468/240
f 225/511/241 245/514/241 251/512/241
f 245/514/242 218/516/242 250/515/242
f 235/493/243 249/492/243 250/515/243
f 226/517/244 248/520/244 254/518/244
f 248/520/245 247/522/245 253/521/245
f 246/490/246 252/489/246 253/521/246
f 229/523/74 251/526/74 252/524/74
f 251/526/74 250/528/74 253/527/74
f 250/528/74 249/482/74 254/484/74
f 271/567/247 273/596/247 278/568/247
f 276/570/248 275/597/248 278/571/248
f 274/573/249 272/598/249 276/574/249
f 273/576/250 274/573/250 277/575/250
f 271/578/251 275/599/251 276/579/251
f 280/600/252 287/601/252 284/602/252
f 293/603/74 287/604/74 298/605/74
f 283/606/253 285/607/253 286/608/253
f 283/609/254 296/610/254 290/611/254
f 280/600/255 293/612/255 288/613/255
f 281/614/256 295/615/256 285/616/256
f 289/617/257 294/618/257 295/619/257
f 288/620/258 294/621/258 279/622/258
f 282/623/259 298/624/259 287/625/259
f 292/626/260 297/627/260 298/624/260
f 290/628/261 297/627/261 291/629/261
f 285/630/74 296/631/74 286/632/74
f 295/633/74 297/634/74 296/631/74
f 294/635/74 298/605/74 297/634/74
f 280/600/252 282/636/252 287/601/252
f 293/603/74 284/637/74 287/604/74
f 283/606/253 281/638/253 285/607/253
f 283/639/262 286/640/262 296/641/262
f 280/600/263 284/602/263 293/612/263
f 281/642/264 289/617/264 295/619/264
f 289/617/265 279/643/265 294/618/265
f 288/644/266 293/645/266 294/646/266
f 282/623/267 292/626/267 298/624/267
f 292/626/268 291/629/268 297/627/268
f 290/611/269 296/610/269 297/647/269
f 285/630/74 295/633/74 296/631/74
f 295/633/74 294/635/74 297/634/74
f 294/635/74 293/603/74 298/605/74
f 300/648/270 307/649/270 304/650/270
f 313/651/74 307/652/74 318/653/74
f 303/654/271 305/655/271 306/656/271
f 303/657/272 316/658/272 310/659/272
f 300/660/273 313/661/273 308/662/273
f 301/663/274 315/664/274 305/665/274
f 309/666/275 314/667/275 315/664/275
f 308/662/276 314/667/276 299/668/276
f 302/669/277 318/670/277 307/649/277
f 312/671/278 317/672/278 318/673/278
f 310/659/279 317/672/279 311/674/279
f 305/675/74 316/676/74 306/677/74
f 315/678/74 317/679/74 316/676/74
f 314/680/74 318/653/74 317/679/74
f 300/648/280 302/669/280 307/649/280
f 313/651/74 304/681/74 307/652/74
f 303/654/281 301/682/281 305/655/281
f 303/657/282 306/683/282 316/658/282
f 300/660/283 304/684/283 313/661/283
f 301/663/284 309/666/284 315/664/284
f 309/666/285 299/668/285 314/667/285
f 308/662/286 313/661/286 314/667/286
f 302/685/287 312/671/287 318/673/287
f 312/671/288 311/674/288 317/672/288
f 310/659/289 316/658/289 317/672/289
f 305/675/74 315/678/74 316/676/74
f 315/678/74 314/680/74 317/679/74
f 314/680/74 313/651/74 318/653/74
f 322/686/216 324/65/216 325/687/216
f 321/688/217 323/689/217 324/690/217
f 326/691/74 324/692/74 323/693/74
f 326/691/74 325/208/74 324/692/74
f 322/694/218 326/695/218 320/696/218
f 320/697/219 323/689/219 319/698/219
f 322/686/216 321/699/216 324/65/216
f 321/688/290 319/698/290 323/689/290
f 322/694/291 325/700/291 326/695/291
f 320/697/219 326/701/219 323/689/219
f 195/453/292 189/702/292 201/401/292
f 196/386/293 202/393/293 190/387/293
f 206/703/294 331/704/295 205/705/296
f 190/387/297 329/378/298 191/378/299
f 373/706/300 330/707/301 204/707/302
f 203/708/303 330/707/304 329/708/305
f 194/383/306 331/385/307 332/383/308
f 201/401/309 189/702/309 327/401/309
f 201/401/310 332/402/311 206/402/312
f 192/382/313 329/378/314 330/382/315
f 190/387/316 202/393/316 328/387/316
f 189/449/317 332/383/318 327/449/319
f 203/709/320 328/710/321 202/710/322
f 206/452/323 332/452/324 331/711/325
f 190/387/326 328/387/327 329/378/328
f 203/708/329 204/707/330 330/707/331
f 194/383/332 193/385/333 331/385/334
f 192/382/335 330/382/336 373/712/337
f 201/401/338 327/401/339 332/402/340
f 192/382/341 191/378/342 329/378/343
f 189/449/344 194/383/345 332/383/346
f 203/709/347 329/709/348 328/710/349
f 335/713/350 337/714/350 338/715/350
f 334/716/351 337/714/351 336/717/351
f 337/714/352 339/718/352 338/715/352
f 337/714/352 340/719/352 339/718/352
f 333/720/353 340/719/353 334/716/353
f 335/713/354 339/718/354 333/720/354
f 343/721/355 345/722/355 346/723/355
f 342/724/356 345/722/356 344/725/356
f 345/722/357 347/726/357 346/723/357
f 345/722/357 348/727/357 347/726/357
f 341/728/358 348/727/358 342/724/358
f 341/728/359 346/723/359 347/726/359
f 351/729/360 353/730/360 354/731/360
f 352/732/361 356/733/361 353/730/361
f 353/730/362 355/734/362 354/731/362
f 353/730/362 356/733/362 355/734/362
f 349/735/363 356/733/363 350/736/363
f 349/735/364 354/731/364 355/734/364
f 360/737/365 362/738/365 359/739/365
f 360/737/366 364/740/366 361/741/366
f 361/741/367 363/742/367 362/738/367
f 361/741/367 364/740/367 363/742/367
f 358/743/368 363/742/368 364/740/368
f 359/739/369 363/742/369 357/744/369
f 367/745/370 369/746/370 370/747/370
f 366/748/371 369/746/371 368/749/371
f 369/750/372 371/751/372 370/752/372
f 369/750/373 372/753/373 371/751/373
f 365/754/374 372/755/374 366/748/374
f 367/745/375 371/756/375 365/754/375
f 177/757/74 180/315/74 178/317/74
f 343/721/376 342/724/376 344/725/376
f 16/758/377 105/59/377 110/759/377
f 106/760/378 109/761/378 14/762/378
f 109/761/379 13/763/379 14/762/379
f 199/764/380 205/765/380 374/766/380
f 331/767/381 193/768/382 374/766/383
f 205/765/384 331/767/385 374/766/386
f 193/768/387 199/764/387 374/766/387
f 377/745/388 379/746/388 380/747/388
f 378/749/389 382/755/389 379/746/389
f 379/769/390 381/770/390 380/771/390
f 379/769/391 382/772/391 381/770/391
f 376/748/392 381/756/392 382/755/392
f 377/745/393 381/756/393 375/754/393
f 385/745/394 387/746/394 388/747/394
f 386/749/395 390/755/395 387/746/395
f 387/773/396 389/774/396 388/775/396
f 387/773/397 390/776/397 389/774/397
f 384/748/398 389/756/398 390/755/398
f 385/745/399 389/756/399 383/754/399
f 393/745/400 395/746/400 396/747/400
f 394/749/401 398/755/401 395/746/401
f 395/777/402 397/778/402 396/779/402
f 395/777/403 398/780/403 397/778/403
f 392/748/404 397/756/404 398/755/404
f 391/754/405 396/747/405 397/756/405
f 401/745/406 403/746/406 404/747/406
f 402/749/407 406/755/407 403/746/407
f 403/781/408 405/782/408 404/783/408
f 403/781/409 406/784/409 405/782/409
f 400/748/410 405/756/410 406/755/410
f 399/754/411 404/747/411 405/756/411
f 409/745/412 411/746/412 412/747/412
f 410/749/413 414/755/413 411/746/413
f 411/785/414 413/786/414 412/787/414
f 411/785/415 414/788/415 413/786/415
f 408/748/416 413/756/416 414/755/416
f 407/754/417 412/747/417 413/756/417
f 417/745/418 419/746/418 420/747/418
f 418/749/419 422/755/419 419/746/419
f 419/746/420 421/756/420 420/747/420
f 419/746/421 422/755/421 421/756/421
f 416/748/422 421/756/422 422/755/422
f 415/754/423 420/747/423 421/756/423
f 425/745/424 427/746/424 428/747/424
f 426/749/425 430/755/425 427/746/425
f 427/746/426 429/756/426 428/747/426
f 427/746/427 430/755/427 429/756/427
f 424/748/428 429/756/428 430/755/428
f 423/754/429 428/747/429 429/756/429
f 433/745/430 435/746/430 436/747/430
f 434/749/431 438/755/431 435/746/431
f 435/746/432 437/756/432 436/747/432
f 435/746/433 438/755/433 437/756/433
f 432/748/434 437/756/434 438/755/434
f 431/754/435 436/747/435 437/756/435
f 441/745/436 443/746/436 444/747/436
f 442/749/437 446/755/437 443/746/437
f 443/746/438 445/756/438 444/747/438
f 443/746/439 446/755/439 445/756/439
f 440/748/440 445/756/440 446/755/440
f 439/754/441 444/747/441 445/756/441
f 449/745/436 451/746/436 452/747/436
f 450/749/437 454/755/437 451/746/437
f 451/746/438 453/756/438 452/747/438
f 451/746/439 454/755/439 453/756/439
f 448/748/442 453/756/442 454/755/442
f 447/754/441 452/747/441 453/756/441
f 457/745/443 459/746/443 460/747/443
f 458/749/444 462/755/444 459/746/444
f 459/746/445 461/756/445 460/747/445
f 459/746/446 462/755/446 461/756/446
f 456/748/447 461/756/447 462/755/447
f 455/754/448 460/747/448 461/756/448
f 465/745/449 467/746/449 468/747/449
f 466/749/450 470/755/450 467/746/450
f 467/746/451 469/756/451 468/747/451
f 467/746/452 470/755/452 469/756/452
f 464/748/453 469/756/453 470/755/453
f 463/754/454 468/747/454 469/756/454
f 473/745/455 475/746/455 476/747/455
f 474/749/456 478/755/456 475/746/456
f 475/746/457 477/756/457 476/747/457
f 475/746/458 478/755/458 477/756/458
f 472/748/459 477/756/459 478/755/459
f 471/754/460 476/747/460 477/756/460
f 481/745/461 483/746/461 484/747/461
f 482/749/462 486/755/462 483/746/462
f 483/746/463 485/756/463 484/747/463
f 483/746/464 486/755/464 485/756/464
f 480/748/465 485/756/465 486/755/465
f 479/754/466 484/747/466 485/756/466
f 489/745/467 491/746/467 492/747/467
f 490/749/468 494/755/468 491/746/468
f 491/746/469 493/756/469 492/747/469
f 491/746/470 494/755/470 493/756/470
f 488/748/471 493/756/471 494/755/471
f 487/754/472 492/747/472 493/756/472
f 335/713/473 336/717/473 337/714/473
f 334/716/351 340/719/351 337/714/351
f 333/720/474 339/718/474 340/719/474
f 335/713/354 338/715/354 339/718/354
f 343/721/475 344/725/475 345/722/475
f 342/724/356 348/727/356 345/722/356
f 341/728/476 347/726/476 348/727/476
f 341/728/477 343/721/477 346/723/477
f 351/729/478 352/732/478 353/730/478
f 352/732/479 350/736/479 356/733/479
f 349/735/480 355/734/480 356/733/480
f 349/735/364 351/729/364 354/731/364
f 360/737/481 361/741/481 362/738/481
f 360/737/366 358/743/366 364/740/366
f 358/743/482 357/744/482 363/742/482
f 359/739/483 362/738/483 363/742/483
f 367/745/484 368/749/484 369/746/484
f 366/748/371 372/755/371 369/746/371
f 365/754/485 371/756/485 372/755/485
f 367/745/486 370/747/486 371/756/486
f 343/721/376 341/728/376 342/724/376
f 16/758/487 15/60/487 105/59/487
f 377/745/488 378/749/488 379/746/488
f 378/749/489 376/748/489 382/755/489
f 376/748/490 375/754/490 381/756/490
f 377/745/491 380/747/491 381/756/491
f 385/745/492 386/749/492 387/746/492
f 386/749/493 384/748/493 390/755/493
f 384/748/494 383/754/494 389/756/494
f 385/745/495 388/747/495 389/756/495
f 393/745/496 394/749/496 395/746/496
f 394/749/497 392/748/497 398/755/497
f 392/748/498 391/754/498 397/756/498
f 391/754/499 393/745/499 396/747/499
f 401/745/500 402/749/500 403/746/500
f 402/749/501 400/748/501 406/755/501
f 400/748/502 399/754/502 405/756/502
f 399/754/503 401/745/503 404/747/503
f 409/745/504 410/749/504 411/746/504
f 410/749/505 408/748/505 414/755/505
f 408/748/506 407/754/506 413/756/506
f 407/754/507 409/745/507 412/747/507
f 417/745/508 418/749/508 419/746/508
f 418/749/509 416/748/509 422/755/509
f 416/748/510 415/754/510 421/756/510
f 415/754/511 417/745/511 420/747/511
f 425/745/512 426/749/512 427/746/512
f 426/749/513 424/748/513 430/755/513
f 424/748/514 423/754/514 429/756/514
f 423/754/515 425/745/515 428/747/515
f 433/745/516 434/749/516 435/746/516
f 434/749/517 432/748/517 438/755/517
f 432/748/518 431/754/518 437/756/518
f 431/754/519 433/745/519 436/747/519
f 441/745/520 442/749/520 443/746/520
f 442/749/521 440/748/521 446/755/521
f 440/748/522 439/754/522 445/756/522
f 439/754/523 441/745/523 444/747/523
f 449/745/520 450/749/520 451/746/520
f 450/749/521 448/748/521 454/755/521
f 448/748/522 447/754/522 453/756/522
f 447/754/523 449/745/523 452/747/523
f 457/745/524 458/749/524 459/746/524
f 458/749/525 456/748/525 462/755/525
f 456/748/526 455/754/526 461/756/526
f 455/754/527 457/745/527 460/747/527
f 465/745/528 466/749/528 467/746/528
f 466/749/529 464/748/529 470/755/529
f 464/748/530 463/754/530 469/756/530
f 463/754/531 465/745/531 468/747/531
f 473/745/532 474/749/532 475/746/532
f 474/749/533 472/748/533 478/755/533
f 472/748/534 471/754/534 477/756/534
f 471/754/535 473/745/535 476/747/535
f 481/745/536 482/749/536 483/746/536
f 482/749/537 480/748/537 486/755/537
f 480/748/538 479/754/538 485/756/538
f 479/754/539 481/745/539 484/747/539
f 489/745/540 490/749/540 491/746/540
f 490/749/541 488/748/541 494/755/541
f 488/748/542 487/754/542 493/756/542
f 487/754/543 489/745/543 492/747/543
f 495/789/544 496/790/544 498/791/544 497/792/544
f 501/793/545 502/794/545 500/795/545 499/796/545
f 499/796/546 500/795/546 496/790/546 495/789/546
f 497/792/547 501/793/547 499/796/547 495/789/547
f 502/794/74 498/791/74 496/790/74 500/795/74
f 501/793/548 497/792/548 498/797/548 502/798/548
f 503/799/549 504/800/549 506/801/549 505/802/549
f 509/803/550 510/804/550 508/805/550 507/806/550
f 507/806/551 508/805/551 504/800/551 503/799/551
f 505/802/547 509/803/547 507/806/547 503/799/547
f 509/803/552 505/802/552 506/807/552 510/808/552
f 510/808/74 506/807/74 504/809/74 508/810/74
f 511/811/553 512/812/553 514/813/553 513/814/553
f 517/815/554 518/816/554 516/817/554 515/818/554
f 515/818/555 516/817/555 512/812/555 511/811/555
f 513/814/547 517/815/547 515/818/547 511/811/547
f 517/815/556 513/814/556 514/819/556 518/820/556
f 518/820/74 514/819/74 512/821/74 516/822/74
f 519/823/557 520/824/557 522/825/557 521/826/557
f 525/827/558 526/828/558 524/829/558 523/830/558
f 523/830/559 524/829/559 520/824/559 519/823/559
f 521/826/547 525/827/547 523/830/547 519/823/547
f 525/827/560 521/826/560 522/831/560 526/832/560
f 526/832/74 522/831/74 520/833/74 524/834/74
f 527/835/561 528/836/561 530/837/561 529/838/561
f 533/839/562 534/840/562 532/841/562 531/842/562
f 531/842/563 532/841/563 528/836/563 527/835/563
f 529/838/547 533/839/547 531/842/547 527/835/547
f 533/839/564 529/838/564 530/843/564 534/844/564
f 534/845/74 530/846/74 528/847/74 532/848/74
f 535/849/565 536/850/565 538/851/565 537/852/565
f 541/853/566 542/854/566 540/855/566 539/856/566
f 539/856/567 540/855/567 536/850/567 535/849/567
f 537/852/547 541/853/547 539/856/547 535/849/547
f 541/853/568 537/852/568 538/857/568 542/858/568
f 542/859/74 538/860/74 536/861/74 540/862/74
f 543/863/569 544/864/569 546/865/569 545/866/569
f 549/867/570 550/868/570 548/869/570 547/870/570
f 547/870/546 548/869/546 544/864/546 543/863/546
f 545/866/547 549/867/547 547/870/547 543/863/547
f 549/867/548 545/866/548 546/871/548 550/872/548
f 550/873/74 546/874/74 544/875/74 548/876/74
f 551/877/571 552/878/571 554/879/571 553/880/571
f 557/881/572 558/882/572 556/883/572 555/884/572
f 555/884/573 556/883/573 552/878/573 551/877/573
f 553/880/547 557/881/547 555/884/547 551/877/547
f 557/881/574 553/880/574 554/885/574 558/886/574
f 558/887/74 554/888/74 552/889/74 556/890/74
f 559/891/575 560/892/575 562/893/575 561/894/575
f 565/895/576 566/896/576 564/897/576 563/898/576
f 563/898/577 564/897/577 560/892/577 559/891/577
f 561/894/547 565/895/547 563/898/547 559/891/547
f 565/895/578 561/894/578 562/899/578 566/900/578
f 566/901/74 562/902/74 560/903/74 564/904/74
f 567/905/579 568/906/579 570/907/579 569/908/579
f 573/909/580 574/910/580 572/911/580 571/912/580
f 571/912/581 572/911/581 568/906/581 567/905/581
f 569/908/547 573/909/547 571/912/547 567/905/547
f 573/909/582 569/908/582 570/913/582 574/914/582
f 574/915/74 570/916/74 568/917/74 572/918/74
f 575/919/583 576/920/583 578/921/583 577/922/583
f 581/923/584 582/924/584 580/925/584 579/926/584
f 579/926/585 580/925/585 576/920/585 575/919/585
f 577/922/547 581/923/547 579/926/547 575/919/547
f 581/923/586 577/922/586 578/927/586 582/928/586
f 582/928/74 578/927/74 576/929/74 580/930/74
f 583/931/587 584/932/587 586/933/587 585/934/587
f 604/935/588 603/936/588 601/936/588 602/935/588
f 587/936/589 588/935/589 584/932/589 583/931/589
f 585/934/547 589/937/547 587/936/547 583/931/547
f 589/937/590 585/934/590 586/938/590 590/939/590
f 590/940/74 586/941/74 584/942/74 588/943/74
f 594/737/591 596/738/591 593/739/591
f 594/737/592 598/740/592 595/741/592
f 595/741/593 597/742/593 596/738/593
f 595/741/593 598/740/593 597/742/593
f 592/743/594 597/742/594 598/740/594
f 593/739/595 597/742/595 591/744/595
f 594/737/596 595/741/596 596/738/596
f 594/737/592 592/743/592 598/740/592
f 592/743/597 591/744/597 597/742/597
f 593/739/595 596/738/595 597/742/595
f 600/937/598 599/944/598 602/935/598 601/936/598
f 603/936/547 605/937/547 600/937/547 601/936/547
f 606/945/74 604/946/74 602/947/74 599/948/74
f 605/937/599 606/939/599 599/939/599 600/937/599
f 589/937/600 590/939/600 606/939/600 605/937/600
f 590/940/601 588/943/601 604/946/601 606/945/601
f 587/936/602 589/937/602 605/937/602 603/936/602
f 588/935/603 587/936/603 603/936/603 604/935/603
f 9/949/604 609/950/604 108/951/604 608/952/604
f 12/953/605 607/954/605 103/955/605 610/956/605
f 612/26/606 614/957/606 613/27/606
f 612/26/607 611/958/607 614/957/607
f 608/959/608 108/960/608 614/957/608 611/958/608
f 108/192/74 104/191/74 613/961/74 614/962/74
f 608/963/609 611/964/609 612/965/609 10/966/609
f 617/108/610 619/109/610 620/110/610
f 622/296/611 620/297/611 619/298/611
f 622/296/611 621/299/611 620/297/611
f 618/339/612 620/340/612 621/341/612
f 618/358/613 622/359/613 616/360/613
f 616/371/614 619/109/614 615/372/614
f 617/108/610 615/372/610 619/109/610
f 618/339/615 617/434/615 620/340/615
f 618/358/616 621/441/616 622/359/616
f 616/371/617 622/446/617 619/109/617
f 625/96/618 627/97/618 628/98/618
f 630/292/74 628/293/74 627/294/74
f 630/292/74 629/295/74 628/293/74
f 626/347/619 628/348/619 629/349/619
f 626/363/620 630/364/620 624/365/620
f 624/373/621 627/97/621 623/374/621
f 625/96/618 623/374/618 627/97/618
f 626/347/619 625/437/619 628/348/619
f 626/363/620 629/443/620 630/364/620
f 624/373/621 630/447/621 627/97/621
f 633/96/622 635/97/622 636/98/622
f 638/292/74 636/293/74 635/294/74
f 638/292/74 637/295/74 636/293/74
f 634/347/623 636/348/623 637/349/623
f 634/363/624 638/364/624 632/365/624
f 632/373/625 635/97/625 631/374/625
f 633/96/622 631/374/622 635/97/622
f 634/347/623 633/437/623 636/348/623
f 634/363/624 637/443/624 638/364/624
f 632/373/625 638/447/625 635/97/625
f 645/96/626 683/97/626 684/98/626
f 666/99/627 706/100/627 664/101/627
f 658/102/628 696/103/628 697/104/628
f 676/105/629 715/106/629 675/107/629
f 649/108/630 687/109/630 688/110/630
f 670/111/631 710/112/631 668/113/631
f 662/114/632 700/115/632 701/116/632
f 653/117/633 691/118/633 692/119/633
f 674/120/634 714/121/634 672/122/634
f 666/123/635 704/124/635 705/125/635
f 657/126/636 695/127/636 696/128/636
f 678/129/637 718/130/637 676/131/637
f 670/132/638 708/133/638 709/134/638
f 661/135/639 699/136/639 700/137/639
f 674/138/640 712/139/640 713/140/640
f 665/141/641 703/142/641 704/143/641
f 678/144/642 716/145/642 717/146/642
f 669/147/643 707/148/643 708/149/643
f 673/150/644 711/151/644 712/152/644
f 677/153/645 715/106/645 716/154/645
f 682/288/646 680/289/646 679/290/646
f 682/288/646 681/291/646 680/289/646
f 686/292/647 684/293/647 683/294/647
f 686/292/647 685/295/647 684/293/647
f 690/296/648 688/297/648 687/298/648
f 690/296/648 689/299/648 688/297/648
f 694/300/74 692/301/74 691/302/74
f 694/300/74 693/303/74 692/301/74
f 698/304/74 696/305/74 695/306/74
f 698/304/74 697/307/74 696/305/74
f 702/308/649 700/291/649 699/309/649
f 702/308/649 701/310/649 700/291/649
f 706/311/650 704/312/650 703/313/650
f 706/311/650 705/314/650 704/312/650
f 710/315/651 709/316/651 708/317/651
f 714/318/74 712/319/74 711/320/74
f 714/318/74 713/321/74 712/319/74
f 718/322/74 716/323/74 715/324/74
f 718/322/74 717/325/74 716/323/74
f 672/326/652 711/151/652 671/327/652
f 654/328/653 692/329/653 693/330/653
f 662/331/654 702/332/654 660/333/654
f 641/334/655 679/335/655 680/336/655
f 668/337/656 707/148/656 667/338/656
f 650/339/657 688/340/657 689/341/657
f 658/342/658 698/343/658 656/344/658
f 664/345/659 703/142/659 663/346/659
f 646/347/660 684/348/660 685/349/660
f 654/350/661 694/351/661 652/352/661
f 660/353/662 699/136/662 659/354/662
f 642/355/663 680/356/663 681/357/663
f 650/358/664 690/359/664 648/360/664
f 656/361/665 695/127/665 655/362/665
f 646/363/666 686/364/666 644/365/666
f 652/366/667 691/118/667 651/367/667
f 642/368/668 682/369/668 640/370/668
f 648/371/669 687/109/669 647/372/669
f 644/373/670 683/97/670 643/374/670
f 640/375/671 679/376/671 639/377/671
f 645/96/672 643/374/672 683/97/672
f 666/99/627 705/407/627 706/100/627
f 658/102/673 657/408/673 696/103/673
f 676/105/674 718/409/674 715/106/674
f 649/108/675 647/372/675 687/109/675
f 670/111/676 709/410/676 710/112/676
f 662/114/632 661/411/632 700/115/632
f 653/117/677 651/367/677 691/118/677
f 674/120/634 713/412/634 714/121/634
f 666/123/678 665/413/678 704/124/678
f 657/126/679 655/362/679 695/127/679
f 678/129/680 717/414/680 718/130/680
f 670/132/638 669/415/638 708/133/638
f 661/135/639 659/354/639 699/136/639
f 674/138/681 673/416/681 712/139/681
f 665/141/682 663/346/682 703/142/682
f 678/144/683 677/417/683 716/145/683
f 669/147/643 667/338/643 707/148/643
f 673/150/644 671/327/644 711/151/644
f 677/153/684 675/107/684 715/106/684
f 672/326/685 714/429/685 711/151/685
f 654/328/686 653/430/686 692/329/686
f 662/331/687 701/431/687 702/332/687
f 641/334/655 639/432/655 679/335/655
f 668/337/688 710/433/688 707/148/688
f 650/339/657 649/434/657 688/340/657
f 658/342/658 697/435/658 698/343/658
f 664/345/689 706/436/689 703/142/689
f 646/347/690 645/437/690 684/348/690
f 654/350/691 693/438/691 694/351/691
f 660/353/662 702/439/662 699/136/662
f 642/355/663 641/440/663 680/356/663
f 650/358/664 689/441/664 690/359/664
f 656/361/692 698/442/692 695/127/692
f 646/363/666 685/443/666 686/364/666
f 652/366/693 694/444/693 691/118/693
f 642/368/668 681/445/668 682/369/668
f 648/371/694 690/446/694 687/109/694
f 644/373/670 686/447/670 683/97/670
f 640/375/671 682/448/671 679/376/671
f 707/757/651 710/315/651 708/317/651
f 726/102/695 741/104/695 740/103/695
f 732/105/696 731/107/696 747/106/696
f 721/117/697 736/119/697 735/118/697
f 730/120/698 728/122/698 746/121/698
f 725/126/699 740/128/699 739/127/699
f 734/129/700 732/131/700 750/130/700
f 730/138/701 745/140/701 744/139/701
f 734/144/702 749/146/702 748/145/702
f 729/150/703 744/152/703 743/151/703
f 733/153/704 748/154/704 747/106/704
f 738/300/74 735/302/74 736/301/74
f 738/300/74 736/301/74 737/303/74
f 742/304/74 739/306/74 740/305/74
f 742/304/74 740/305/74 741/307/74
f 746/318/74 743/320/74 744/319/74
f 746/318/74 744/319/74 745/321/74
f 750/322/74 747/324/74 748/323/74
f 750/322/74 748/323/74 749/325/74
f 728/326/705 727/327/705 743/151/705
f 722/328/706 737/330/706 736/329/706
f 726/342/707 724/344/707 742/343/707
f 722/350/708 720/352/708 738/351/708
f 724/361/709 723/362/709 739/127/709
f 720/366/710 719/367/710 735/118/710
f 726/102/711 740/103/711 725/408/711
f 732/105/712 747/106/712 750/409/712
f 721/117/697 735/118/697 719/367/697
f 730/120/713 746/121/713 745/412/713
f 725/126/714 739/127/714 723/362/714
f 734/129/715 750/130/715 749/414/715
f 730/138/701 744/139/701 729/416/701
f 734/144/716 748/145/716 733/417/716
f 729/150/717 743/151/717 727/327/717
f 733/153/718 747/106/718 731/107/718
f 728/326/719 743/151/719 746/429/719
f 722/328/706 736/329/706 721/430/706
f 726/342/720 742/343/720 741/435/720
f 722/350/721 738/351/721 737/438/721
f 724/361/722 739/127/722 742/442/722
f 720/366/723 735/118/723 738/444/723
