# Blender 5.0.1
# www.blender.org
mtllib model.mtl
o old.mainIsland.ice.mesh
v -116.689537 22.164749 135.290894
v -97.387756 12.415849 134.577545
v -98.595825 -9.174385 134.474884
v -116.689537 -19.620766 134.628967
v -127.706772 -13.259975 132.602676
v -134.783249 11.718372 135.682785
v -116.723763 25.696339 134.969650
v -94.141068 14.290321 133.750015
v -95.554482 -10.969819 134.153641
v -116.723763 -23.191875 134.628967
v -129.613708 -15.749879 132.602676
v -137.893036 13.474288 135.361542
v -116.732330 26.580402 132.975952
v -93.328323 14.759559 131.788849
v -94.793137 -11.419271 132.975952
v -116.732330 -24.085833 132.975952
v -129.256958 -16.433950 130.751144
v -138.671509 13.913847 132.975952
v -116.689850 22.197088 130.421509
v -97.358032 12.433014 130.332794
v -98.567970 -9.190826 130.421509
v -116.689850 -19.653467 130.421509
v -127.740860 -15.016279 129.195755
v -134.811722 11.734453 130.421509
v -145.644974 22.839005 70.639694
v -147.019302 23.903969 65.902138
v -129.411118 25.197832 66.778152
v -89.369766 12.411994 75.899017
v -90.741623 -11.848065 76.083542
v -91.850510 -12.934101 95.793221
v -136.202118 8.198715 74.011063
v -130.387253 19.310753 66.810966
v -121.653885 28.748775 67.387169
v -117.745743 20.842773 68.424309
v -132.333176 28.519657 73.851875
v -123.587738 28.423279 76.519783
v -102.560341 -2.213984 95.751945
v -135.462189 28.174505 67.504639
v -133.510010 30.216846 65.863197
v -133.581039 30.423552 67.531273
v -135.615997 28.950533 65.794708
v -134.702255 30.000622 65.773796
v -135.387299 28.059444 65.906166
v -102.877625 -7.769678 74.047157
v -100.584137 -2.365224 71.716316
v -102.091095 -1.836047 73.827560
v -102.611755 -6.910557 71.054192
v -102.165543 -4.104900 70.929764
v -101.500900 -8.129445 71.971962
v -101.769318 -9.712609 72.078178
v -101.974213 -3.411045 70.880127
v -90.159775 0.801289 86.205185
v -96.001297 12.705863 83.710892
v -121.425735 13.235283 68.208511
v -123.156937 7.070713 68.561760
v -122.380249 8.479115 68.531540
v -121.828796 12.639534 68.237717
v -123.201149 10.149105 68.246460
v -119.961906 14.063360 70.126694
v -119.560730 13.595695 68.513573
v -122.743019 8.758856 70.088425
v -135.903214 27.464754 65.943161
v -134.449265 30.245184 65.734131
v -135.867111 28.661076 65.812714
v -132.990250 30.719297 65.781700
v -134.135773 29.497713 65.877518
v -134.761536 28.778578 65.891838
v -134.208084 29.673870 67.830185
v -134.835144 28.924189 67.821312
v -135.006836 29.650593 65.780769
v -135.311417 29.300564 65.787735
v -123.579201 9.463583 68.261169
v -118.732651 14.819656 68.453552
v -120.500565 11.890169 68.519562
v -121.440399 10.184639 68.525543
v -120.920731 12.311209 70.419662
v -121.847786 10.543039 70.406914
v -122.286240 11.809393 68.240639
v -122.743706 10.979250 68.243546
v -102.742409 -7.681144 71.105888
v -100.191048 -0.939710 71.614334
v -100.889709 -4.286625 71.801544
v -101.195282 -6.208033 71.886749
v -102.575203 -3.765409 74.325272
v -102.837387 -5.743292 74.398483
v -102.314285 -5.040116 70.971245
v -102.463020 -5.975339 71.012711
v -123.842941 23.586489 67.303947
v -135.009964 32.612938 66.257080
v -138.424759 12.558843 66.312424
v -122.737099 24.227905 63.694965
v -132.347168 17.949148 62.479343
v -130.913742 26.594101 62.922859
v -113.783600 20.198864 65.340187
v -81.828796 15.852006 76.181488
v -83.176498 -12.292540 77.887444
v -87.193542 -14.879027 77.994110
v -88.339432 13.710779 75.893097
v -87.943283 -13.722115 74.602798
v -87.983673 12.675847 74.679077
v -86.649048 -5.119839 71.056648
v -86.885956 -9.642095 69.842995
v -77.848282 14.008673 76.755638
v -79.886536 15.909358 76.389450
v -79.241592 -12.920434 78.272728
v -77.312149 -11.935684 78.560593
v -78.124741 -12.773537 73.471077
v -81.769028 -13.971544 73.760506
v -83.098938 14.395157 75.651108
v -81.045425 12.515134 76.040359
v -87.389954 6.207766 70.140480
v -87.239029 10.762707 73.123985
v -88.111282 11.719277 71.630096
v -126.295494 -14.127180 119.544731
v -132.950134 -14.127180 119.544731
v -136.277466 -19.890257 119.544731
v -136.277466 -19.890257 117.266426
v -132.950134 -25.653326 119.544731
v -132.950134 -25.653326 117.266426
v -126.295494 -25.653326 119.544731
v -126.295494 -25.653326 117.266426
v -122.968163 -19.890257 119.544731
v -122.968163 -19.890257 117.266426
v -136.598099 -8.528010 122.153511
v -143.252731 -8.528010 122.153511
v -143.252731 -8.528010 119.875206
v -146.580063 -14.291087 122.153511
v -146.580063 -14.291087 119.875206
v -143.252731 -20.054157 122.153511
v -143.252731 -20.054157 119.875206
v -136.598099 -20.054157 122.153511
v -136.598099 -20.054157 119.875206
v -133.270767 -14.291087 122.153511
v -133.270767 -14.291087 119.875206
v -126.442780 -25.365828 114.674423
v -126.442780 -25.365828 112.396118
v -133.097412 -25.365828 114.674423
v -133.097412 -25.365828 112.396118
v -136.424744 -31.128904 114.674423
v -136.424744 -31.128904 112.396118
v -133.097412 -36.891972 114.674423
v -133.097412 -36.891972 112.396118
v -126.442780 -36.891972 114.674423
v -126.442780 -36.891972 112.396118
v -123.115448 -31.128904 114.674423
v -123.115448 -31.128904 112.396118
v -136.555862 -19.796127 117.304871
v -136.555862 -19.796127 115.026566
v -143.210495 -19.796127 117.304871
v -143.210495 -19.796127 115.026566
v -146.537827 -25.559204 117.304871
v -146.537827 -25.559204 115.026566
v -143.210495 -31.322273 117.304871
v -143.210495 -31.322273 115.026566
v -136.555862 -31.322273 117.304871
v -136.555862 -31.322273 115.026566
v -133.228531 -25.559204 117.304871
v -133.228531 -25.559204 115.026566
v -139.651154 -14.879717 136.331085
v -139.651154 -14.879717 138.609390
v -142.978485 -9.116650 136.331085
v -142.978485 -9.116650 138.609390
v -139.651154 -3.353572 136.331085
v -139.651154 -3.353572 138.609390
v -132.996521 -3.353572 136.331085
v -132.996521 -3.353572 138.609390
v -132.996521 -14.879717 138.609390
v -132.996521 -14.879717 136.331085
v -129.669189 -9.116650 138.609390
v -129.669189 -9.116650 136.331085
v -142.982605 -18.583818 124.297722
v -144.970688 -13.226467 121.605652
v -145.640884 -13.218071 124.166718
v -144.322006 -18.204187 121.499786
v -145.529678 -15.632071 121.389915
v -142.489517 -18.510870 121.831406
v -141.807739 -19.965029 121.932976
v -145.773361 -14.957299 121.313797
v -143.990158 -18.911985 121.549217
v -145.471344 -11.840135 121.449272
v -144.143616 -14.987915 121.680901
v -143.316544 -16.749378 121.756142
v -144.796661 -15.011942 124.690018
v -143.910583 -16.800539 124.733696
v -145.127136 -16.489445 121.426544
v -144.724564 -17.346815 121.463158
v -140.368301 -11.608120 141.010361
v -139.903778 -5.912692 138.318298
v -140.507507 -5.621608 140.879364
v -141.421417 -10.697588 138.212433
v -141.427811 -7.856071 138.102554
v -139.890640 -11.750582 138.544052
v -139.887924 -13.356630 138.645615
v -141.363205 -7.141561 138.026443
v -141.420105 -11.479317 138.261856
v -139.771057 -4.444714 138.161911
v -139.899368 -7.858644 138.393539
v -139.894989 -9.804609 138.468781
v -140.501282 -7.604194 141.402664
v -140.454910 -9.599705 141.446335
v -141.425690 -8.803239 138.139191
v -141.423553 -9.750416 138.175797
v -81.128784 7.903029 105.395393
v -77.900803 8.414547 105.395393
v -84.507095 -10.606331 103.810783
v -81.279114 -10.094813 103.810783
v -73.396011 13.301962 109.345306
v -74.273407 5.363639 109.345306
v -75.150818 -2.574687 109.345306
v -76.028183 -10.513001 109.345306
v -76.535187 -9.116814 108.991982
v -75.771698 -2.209153 108.991982
v -75.008224 4.698505 108.991982
v -74.244766 11.606157 108.991982
v -83.856369 9.598083 108.991982
v -86.387283 2.690423 108.991982
v -87.675766 -4.217235 108.991982
v -85.621780 -11.124885 108.991982
v -86.470551 -12.820689 109.345306
v -88.410599 -4.882368 109.345306
v -87.008179 3.055958 109.345306
v -84.363388 10.994271 109.345306
v -76.510178 17.844448 108.991982
v -75.999435 20.471045 109.345306
v -79.539062 17.175091 108.991982
v -79.480240 19.701815 109.345306
v -78.263565 3.135780 103.537422
v -82.946686 2.624260 103.537422
v -78.847000 -2.142990 103.537422
v -83.530136 -2.654509 103.537422
v -77.009445 4.534354 102.786209
v -83.900101 3.781719 102.786209
v -80.327499 -16.693819 108.991982
v -83.356369 -17.363178 108.991982
v -83.867111 -19.989775 109.345306
v -80.386322 -19.220543 109.345306
v -79.651123 -7.421758 105.395393
v -82.879105 -7.933275 105.395393
v -77.867935 -3.232742 102.786209
v -84.758591 -3.985377 102.786209
v -77.900803 8.414547 104.644180
v -81.128784 7.903029 104.644180
v -88.670212 -0.913205 109.345306
v -87.992355 -0.763405 108.991982
v -85.743088 -0.101829 102.786209
v -84.199234 -0.015124 103.537422
v -74.712112 1.394476 109.345306
v -75.389969 1.244676 108.991982
v -76.345444 0.650806 102.786209
v -77.812271 0.496395 103.537422
v -79.514801 8.158789 105.395393
v -80.605133 3.972149 103.537422
v -80.454758 5.764977 102.786209
v -79.514801 8.158789 104.644180
v -78.024628 17.509769 108.991982
v -77.739838 20.086430 109.345306
v -81.188568 -4.065411 103.537422
v -82.893112 -10.350573 103.810783
v -81.841934 -17.028500 108.991982
v -82.126709 -19.605160 109.345306
v -81.265121 -7.677516 105.395393
v -81.313263 -6.061357 102.786209
v -80.360672 -8.011246 93.389771
v -82.713211 -5.299993 96.207367
v -79.774475 7.434080 92.434006
v -82.127014 4.843924 96.269684
v -76.968552 0.754915 87.859131
v -77.421936 5.826874 88.598351
v -82.400284 -0.228035 96.951843
v -77.133804 0.553253 92.620811
v -77.840332 -2.893814 93.772766
v -78.008133 -4.317043 89.554100
v -77.441956 4.000320 93.123222
v -83.878677 -8.053008 91.259048
v -75.513260 -4.488512 95.994194
v -83.292480 7.392318 90.303284
v -73.667343 0.767888 96.038658
v -78.649612 7.689942 95.918663
v -79.690491 -8.317055 95.893600
v -80.486557 0.713152 85.728409
v -80.939941 5.785111 86.467628
v -82.746872 4.472587 98.547806
v -80.651825 0.511491 87.874367
v -81.358353 -2.935576 89.026321
v -74.472397 6.024290 96.019264
v -81.526138 -4.358806 87.423378
v -80.959961 3.958557 88.376778
v -83.428253 -4.840415 99.169434
v -84.209656 -0.183914 99.882294
v -112.604424 1.516338 69.587585
v -111.650391 -4.815234 69.940834
v -111.520836 -3.212095 69.910614
v -112.727173 0.807601 69.616791
v -112.955307 -2.026749 69.625534
v -111.609985 2.872659 71.505768
v -111.052109 2.611081 69.892647
v -111.966507 -3.106074 71.467499
v -113.018372 -2.807061 69.640244
v -110.799934 4.067173 69.832626
v -111.208351 0.670025 69.898636
v -111.364586 -1.271035 69.904617
v -111.764389 0.881293 71.798737
v -111.883240 -1.111627 71.785988
v -112.803207 -0.137177 69.619713
v -112.879272 -1.081967 69.622620
v -96.704773 17.517609 71.669838
v -104.357224 -12.021326 71.235085
v -105.229118 12.567653 70.285599
v -87.794693 -15.356589 78.718956
v -88.475723 14.552058 76.565948
v -106.419983 6.276322 70.638847
v -105.768173 7.746692 70.608627
v -105.579071 11.939237 70.314804
v -106.730606 9.339322 70.323547
v -103.842491 13.519380 72.203781
v -103.402321 13.088212 70.590660
v -106.153809 7.993969 72.165512
v -107.047874 8.623637 70.338257
v -102.683350 14.379287 70.530640
v -104.190941 11.307708 70.596649
v -104.979546 9.527198 70.602631
v -104.645988 11.690782 72.496750
v -105.416443 9.848973 72.484001
v -105.962906 11.072600 70.317726
v -106.346771 10.205962 70.320633
v -97.079872 8.816743 75.070656
v -94.039963 13.570347 73.541969
v -95.294685 14.038430 75.593575
v -96.707687 9.932361 72.428337
v -95.796288 12.390848 72.654243
v -95.912430 8.519388 73.077850
v -96.441490 7.130378 72.983940
v -95.497559 12.986903 72.690109
v -96.965202 9.256278 72.382622
v -93.426208 14.794928 73.615662
v -94.664093 11.886695 73.387268
v -95.288246 10.203039 73.232559
v -96.078926 12.325531 75.821762
v -96.674004 10.584965 75.647461
v -96.100098 11.571354 72.578949
v -96.403893 10.751857 72.503632
v -97.755989 -7.631546 75.591537
v -95.783859 -4.293525 73.250374
v -97.343155 -4.014484 75.669434
v -98.133957 -6.940224 72.314644
v -97.846397 -5.232614 72.326309
v -96.374649 -7.801804 73.226418
v -96.550804 -8.766631 73.260277
v -97.673882 -4.813447 72.305733
v -98.219673 -7.409843 72.331116
v -95.429451 -3.432352 73.208099
v -95.980766 -5.462949 73.242401
v -96.177681 -6.632377 73.234406
v -97.683228 -5.203887 76.123970
v -97.820839 -6.409578 76.098015
v -97.942238 -5.801818 72.322426
v -98.038094 -6.371023 72.318527
v -90.825287 2.846692 78.374100
v -88.853149 6.184714 76.032936
v -90.412445 6.463754 78.451996
v -91.203247 3.538014 75.097206
v -90.915695 5.245624 75.108871
v -89.443939 2.676434 76.008980
v -89.620102 1.711607 76.042839
v -90.743179 5.664792 75.088295
v -91.288971 3.068395 75.113678
v -88.498749 7.045887 75.990662
v -89.050064 5.015289 76.024963
v -89.246979 3.845860 76.016968
v -90.752518 5.274352 78.906532
v -90.890137 4.068660 78.880577
v -91.011536 4.676420 75.104988
v -91.107391 4.107215 75.101089
v -132.544128 0.574909 139.672897
v -132.544128 0.574909 128.016174
v -134.752686 0.574909 139.672897
v -134.752686 0.574909 128.016174
v -135.856964 -1.337750 139.672897
v -135.856964 -1.337750 128.016174
v -134.752686 -3.250408 139.672897
v -134.752686 -3.250408 128.016174
v -132.544128 -3.250408 139.672897
v -132.544128 -3.250408 128.016174
v -131.439865 -1.337750 139.672897
v -131.439865 -1.337750 128.016174
v -135.853226 2.473252 140.901291
v -135.853226 2.473252 128.016174
v -138.061783 2.473252 140.901291
v -138.061783 2.473252 128.016174
v -139.166061 0.560594 140.901291
v -139.166061 0.560594 128.016174
v -138.061783 -1.352065 140.901291
v -138.061783 -1.352065 128.016174
v -135.853226 -1.352065 140.901291
v -135.853226 -1.352065 128.016174
v -134.748962 0.560594 140.901291
v -134.748962 0.560594 128.016174
v -129.157013 2.479753 142.376160
v -129.157013 2.479753 128.016174
v -131.365570 2.479753 142.376160
v -131.365570 2.479753 128.016174
v -132.469849 0.567095 142.376160
v -132.469849 0.567095 128.016174
v -131.365570 -1.345564 142.376160
v -131.365570 -1.345564 128.016174
v -129.157013 -1.345564 142.376160
v -129.157013 -1.345564 128.016174
v -128.052750 0.567095 142.376160
v -128.052750 0.567095 128.016174
v -125.763397 0.675677 143.589249
v -125.763397 0.675677 128.016174
v -127.971954 0.675677 143.589249
v -127.971954 0.675677 128.016174
v -129.076233 -1.236981 143.589249
v -129.076233 -1.236981 128.016174
v -127.971954 -3.149640 143.589249
v -127.971954 -3.149640 128.016174
v -125.763397 -3.149640 143.589249
v -125.763397 -3.149640 128.016174
v -124.659134 -1.236981 143.589249
v -124.659134 -1.236981 128.016174
v -122.577820 2.561018 145.029846
v -122.577820 2.561018 128.016174
v -124.786377 2.561018 145.029846
v -124.786377 2.561018 128.016174
v -125.890656 0.648359 145.029846
v -125.890656 0.648359 128.016174
v -124.786377 -1.264299 145.029846
v -124.786377 -1.264299 128.016174
v -122.577820 -1.264299 145.029846
v -122.577820 -1.264299 128.016174
v -121.473557 0.648359 145.029846
v -121.473557 0.648359 128.016174
v -119.278473 0.649672 146.297821
v -119.278473 0.649672 134.384109
v -121.487030 0.649672 146.297821
v -121.487030 0.649672 134.384109
v -122.591309 -1.262986 146.297821
v -122.591309 -1.262986 134.384109
v -121.487030 -3.175645 146.297821
v -121.487030 -3.175645 134.384109
v -119.278473 -3.175645 146.297821
v -119.278473 -3.175645 134.384109
v -118.174210 -1.262986 146.297821
v -118.174210 -1.262986 134.384109
v -98.216324 -4.632229 72.704071
v -102.408752 -10.735047 71.328964
v -99.580170 -9.974906 72.390450
v -95.581924 15.073604 72.946320
v -93.721207 13.514704 74.229118
v -91.777695 -11.977533 78.089241
v -90.768600 -8.234087 75.748070
v -92.345779 -8.381583 78.167137
v -92.326553 -11.412252 74.812340
v -92.505447 -9.689865 74.824013
v -90.401062 -11.772727 75.724113
v -90.313171 -12.749557 75.757973
v -92.451141 -9.239850 74.803429
v -92.283752 -11.887707 74.828819
v -90.657028 -7.309545 75.705803
v -90.646057 -9.413626 75.740105
v -90.523529 -10.593170 75.732109
v -92.355881 -9.618607 78.621666
v -92.166519 -10.817261 78.595711
v -92.445801 -10.263991 74.820122
v -92.386185 -10.838122 74.816231
v -121.249962 0.239052 146.169052
v -122.117157 -1.262986 146.169052
v -119.515541 0.239052 146.169052
v -118.648346 -1.262986 146.169052
v -121.249962 -2.765025 146.169052
v -119.515541 -2.765025 146.169052
v -120.998161 -0.197076 145.816132
v -121.613556 -1.262986 145.816132
v -119.767342 -0.197076 145.816132
v -119.151947 -1.262986 145.816132
v -120.998161 -2.328896 145.816132
v -119.767342 -2.328896 145.816132
v -1195.928955 -43.567894 199.434082
v -1182.338135 -115.372215 199.434082
v -1194.935303 -142.792892 199.434082
v -1207.532227 -170.213455 199.434082
v -1220.129150 -197.634018 199.434082
v -1133.299316 -83.744118 199.434082
v -1140.908691 -125.818916 199.434082
v -1150.739258 -153.937241 199.434082
v -1160.570068 -182.055435 199.434082
v -1170.400879 -210.173630 199.434082
v -1092.591309 -71.201088 199.434082
v -1100.755615 -123.994209 199.434082
v -1107.905518 -151.990585 199.434082
v -1115.055176 -179.986923 199.434082
v -1122.205200 -207.983292 199.434082
v -1262.647949 -2.017335 199.434082
v -1292.443604 -34.133644 199.434082
v -1305.472900 -69.781288 199.434082
v -1308.096924 -104.260933 199.434082
v -1269.479492 -170.846115 199.434082
v -1018.934814 -30.178720 199.434082
v -1006.880066 -55.838387 199.434082
v -999.636047 -75.671181 199.434082
v -995.691101 -107.171227 199.434082
v -994.547363 -130.814468 199.434082
v -1039.795410 -29.275064 199.434082
v -1030.345093 -84.278847 199.434082
v -1032.793701 -109.623451 199.434082
v -1035.242188 -134.968063 199.434082
v -1037.690918 -160.312729 199.434082
v -1077.394409 -191.147568 199.434082
v -1072.737305 -164.087753 199.434082
v -1068.080078 -137.027908 199.434082
v -1063.422852 -109.968086 199.434082
v -1075.652588 -47.303078 199.434082
v -1571.795654 130.038559 487.391205
v -1524.915771 130.038559 489.438446
v -1514.602295 130.038559 490.022125
v -1494.493652 130.038559 478.343903
v -1492.527344 130.038559 473.080353
v -1495.393799 130.038559 468.541779
v -1511.438965 130.038559 466.993378
v -1571.795654 130.038559 467.256561
v -1555.856689 126.868179 489.169403
v -1537.308838 123.178268 487.909454
v -1525.814941 120.892899 489.424042
v -1521.111084 117.818985 490.117706
v -1513.909424 114.359268 489.755035
v -1503.423828 111.664352 484.570648
v -1497.901123 110.140457 479.595734
v -1496.597656 110.431046 475.540558
v -1498.667969 111.463181 471.933380
v -1504.014404 113.244461 469.671722
v -1511.543945 116.294113 469.763214
v -1519.712158 119.646408 470.418427
v -1530.841064 121.892624 468.580902
v -1543.588867 124.427536 466.100983
v -1557.414551 127.178093 466.007843
v -1556.782715 123.819931 489.170746
v -1539.305664 116.581619 487.877106
v -1528.481201 112.098099 489.413361
v -1522.648193 111.073715 489.998688
v -1514.149170 109.801895 489.113983
v -1505.726807 106.976547 484.705536
v -1501.025879 104.498672 480.309601
v -1499.903076 103.337845 476.449249
v -1501.826172 103.698532 473.097687
v -1506.693359 105.244888 470.909271
v -1514.061279 107.278763 470.525360
v -1522.711426 109.727768 470.445343
v -1533.217285 114.059769 468.578705
v -1545.222168 119.032150 466.100189
v -1558.249512 124.427536 466.007233
v -1558.281982 121.010117 489.169769
v -1542.558594 110.502151 487.952301
v -1532.817383 103.992752 489.425934
v -1528.885742 101.367966 490.095245
v -1522.558350 97.139236 489.528900
v -1514.061279 91.462326 484.678741
v -1508.661621 87.853378 479.402496
v -1507.191895 86.872482 474.886139
v -1509.123779 88.162399 470.996979
v -1514.061279 91.462326 468.680084
v -1520.933105 96.053513 468.825348
v -1527.949219 100.742142 470.022125
v -1537.079834 106.840927 468.669098
v -1547.882568 114.059769 466.143402
v -1559.602783 121.892624 466.007538
v -1560.305420 118.547684 489.169403
v -1546.933105 105.173416 487.876862
v -1538.647949 96.888870 489.413116
v -1535.467041 91.889267 489.999725
v -1530.198242 85.600754 489.320587
v -1523.802734 78.673416 484.686493
v -1520.718262 74.570389 480.234833
v -1519.613770 73.838242 476.448639
v -1520.682617 75.475021 473.097748
v -1523.978271 79.382065 470.910675
v -1528.673340 85.409653 470.525604
v -1534.246582 92.461838 470.444855
v -1542.272461 100.513565 468.577545
v -1551.460693 109.701401 466.099701
v -1561.428467 119.670761 466.007904
v -1562.766357 116.526688 489.169769
v -1552.261475 100.800217 487.909821
v -1545.750732 91.058853 489.423553
v -1541.110352 87.893723 490.117706
v -1533.746094 83.181137 489.469940
v -1527.410156 75.380234 484.591644
v -1524.838135 69.943069 479.717072
v -1524.872559 68.113754 475.552216
v -1526.638184 69.585037 471.926666
v -1530.333252 73.846664 469.664154
v -1536.039795 79.636948 469.758026
v -1542.265381 85.898331 470.418671
v -1548.598389 95.320847 468.581635
v -1555.818604 106.124588 466.101349
v -1563.648926 117.847336 466.007660
v -1565.577881 115.025131 489.169830
v -1558.340820 97.550674 488.028778
v -1553.857178 86.726242 489.438995
v -1552.470459 83.374619 490.306000
v -1549.916260 77.209457 490.024261
v -1545.222168 65.888687 484.576935
v -1542.214600 58.612137 478.338531
v -1541.458008 56.796219 473.070953
v -1542.559082 59.445633 468.528778
v -1545.222168 65.888687 466.053009
v -1548.701904 74.281174 466.984283
v -1551.716064 81.556442 469.737885
v -1555.818604 91.462326 468.726410
v -1560.790771 103.466782 466.173737
v -1566.185547 116.492386 466.007721
v -1568.623291 114.100327 489.170013
v -1564.936523 95.549576 487.909760
v -1562.648682 84.058640 489.423370
v -1563.693848 78.537766 490.117523
v -1565.641602 69.950272 489.442657
v -1564.581543 60.016922 484.623932
v -1562.503662 54.342697 479.726776
v -1561.189453 53.071793 475.554169
v -1560.977783 55.362228 471.927338
v -1561.378662 60.988297 469.665558
v -1561.438721 69.114304 469.758881
v -1561.466309 77.944351 470.418793
v -1563.648926 89.086227 468.581512
v -1566.185547 101.830093 466.101349
v -1568.933350 115.658005 466.007477
v -1571.795654 113.788162 489.170074
v -1571.795654 94.873947 487.854950
v -1571.795654 83.157700 489.378571
v -1571.795654 76.404343 489.829926
v -1571.721436 67.572922 488.445770
v -1571.758545 60.558609 484.866241
v -1571.795654 56.326340 481.310638
v -1571.795654 54.882248 477.953156
v -1571.795654 56.326340 474.992523
v -1571.795654 60.603165 472.865875
v -1571.795654 67.548386 471.721039
v -1571.795654 76.895035 470.482147
v -1571.795654 88.283981 468.570648
v -1571.795654 101.277481 466.097504
v -1571.795654 115.376266 466.007538
v -1574.968018 114.100327 489.170013
v -1578.654785 95.549576 487.924652
v -1580.942627 84.058640 489.425323
v -1579.442627 78.732742 490.180634
v -1576.799561 70.179001 489.691071
v -1577.803955 59.651230 484.630829
v -1580.118164 53.695297 479.458649
v -1581.629639 52.452103 475.118378
v -1581.934814 54.908951 471.343964
v -1581.616455 60.807602 469.041290
v -1581.802734 69.183853 469.371185
v -1582.117432 77.949722 470.404938
v -1579.942383 89.086227 468.583099
v -1577.405518 101.830093 466.102081
v -1574.657959 115.658005 466.007538
v -1578.013184 115.025131 489.169769
v -1585.250488 97.550674 488.065582
v -1589.734375 86.726303 489.441742
v -1590.919189 83.861099 490.425018
v -1593.291504 78.134048 490.224274
v -1598.369141 65.888687 484.530304
v -1601.638184 57.978928 477.832001
v -1602.433105 56.071396 472.186066
v -1601.228027 58.971115 467.302643
v -1598.369141 65.888687 464.723358
v -1594.733154 74.657455 466.061005
v -1591.826660 81.673782 469.597260
v -1587.772705 91.462326 468.753387
v -1582.800293 103.466782 466.189056
v -1577.405518 116.492386 466.007782
v -1580.824951 116.526688 489.169769
v -1591.330078 100.800217 487.924774
v -1597.840820 91.058853 489.425568
v -1602.664307 88.353226 490.180817
v -1610.582520 84.175735 489.691498
v -1617.320557 76.018326 484.630646
v -1619.895996 70.170547 479.458282
v -1619.703125 68.221420 475.116058
v -1617.753174 69.744339 471.343048
v -1613.806885 74.140274 469.039642
v -1607.749268 79.933487 469.370087
v -1601.326904 85.907272 470.404694
v -1594.992920 95.320847 468.583221
v -1587.772705 106.124588 466.102142
v -1579.942383 117.847336 466.007660
v -1583.285645 118.547714 489.169403
v -1596.658203 105.173416 487.855011
v -1604.943115 96.888870 489.378510
v -1609.720459 92.113724 489.830292
v -1616.108887 85.992996 488.424164
v -1620.986816 81.003677 484.869293
v -1623.919678 77.916183 481.310516
v -1624.937988 76.895035 477.953217
v -1623.919678 77.916183 474.992340
v -1620.892090 80.940353 472.866119
v -1615.983887 85.851364 471.720917
v -1609.373779 92.460403 470.482025
v -1601.318604 100.513626 468.570343
v -1592.130615 109.701401 466.097382
v -1582.162598 119.670761 466.007965
v -1585.309082 121.010117 489.169708
v -1601.032471 110.502151 487.816254
v -1610.773682 103.992752 489.378204
v -1616.391357 100.241226 489.830292
v -1623.701416 95.251266 488.413849
v -1629.509521 91.413742 484.870758
v -1633.084717 89.086227 481.310760
v -1634.286621 88.283981 477.953094
v -1633.084717 89.086227 474.992706
v -1629.529541 91.462326 472.865875
v -1623.754395 95.320908 471.721161
v -1615.983887 100.513565 470.482025
v -1606.511230 106.840927 468.570282
v -1595.708496 114.059769 466.097321
v -1583.988281 121.892624 466.007599
v -1586.808350 123.819931 489.170685
v -1604.285645 116.581619 487.871185
v -1615.109863 112.098038 489.410736
v -1620.100342 108.782944 489.979950
v -1627.125977 103.720871 489.015167
v -1634.887207 99.970810 484.727203
v -1639.896729 98.451065 480.412506
v -1641.482666 98.417648 476.603485
v -1639.896729 99.464249 473.295502
v -1635.423340 101.738968 471.116486
v -1628.798828 105.393753 470.652557
v -1620.867432 109.692612 470.449554
v -1610.373535 114.059769 468.577911
v -1598.369141 119.032150 466.100006
v -1585.341553 124.427536 466.007294
v -1587.734375 126.868210 489.169342
v -1606.282227 123.178268 487.938934
v -1617.776123 120.892929 489.423676
v -1622.600586 119.933273 490.063873
v -1630.210205 118.419113 489.431671
v -1639.896729 116.492355 484.697174
v -1646.037109 115.270401 479.591583
v -1647.737549 114.932541 475.195526
v -1645.549072 115.367569 471.411102
v -1639.896729 116.492355 469.117706
v -1631.926514 118.077713 469.132294
v -1623.558350 119.742661 470.069794
v -1612.749756 121.892654 468.658966
v -1600.002197 124.427536 466.138275
v -1586.176270 127.178093 466.007843
v -1588.043945 130.038559 489.170135
v -1606.960693 130.038559 487.871124
v -1618.675293 130.038559 489.410004
v -1624.557373 131.190231 489.980255
v -1632.892090 132.434891 489.133392
v -1641.791260 132.855698 484.718231
v -1646.879639 132.987747 480.379547
v -1648.277832 132.584763 476.603607
v -1646.412109 132.224442 473.295685
v -1641.408691 131.835281 471.116852
v -1633.891357 130.993423 470.652557
v -1624.918701 130.056107 470.449371
v -1613.547852 130.038559 468.577484
v -1600.557129 130.038559 466.099823
v -1586.456299 130.038559 466.007660
v -1587.734375 133.208878 489.169342
v -1606.282227 136.898819 487.871857
v -1617.776123 139.184189 489.411652
v -1623.757080 139.175430 489.984650
v -1632.374023 138.903061 489.045197
v -1640.983887 140.066483 484.723358
v -1646.004395 141.551743 480.394745
v -1647.340576 142.416275 476.576752
v -1645.430176 142.411423 473.261444
v -1640.431396 141.821823 471.081573
v -1632.878906 141.195663 470.631439
v -1623.903809 140.384842 470.448090
v -1612.749756 138.184464 468.576691
v -1600.002197 135.649551 466.099274
v -1586.176270 132.899002 466.007843
v -1586.808350 136.257156 489.170685
v -1604.285645 143.495468 487.941559
v -1615.109863 147.979019 489.423798
v -1619.621094 149.849503 490.067657
v -1626.766602 152.808212 489.448517
v -1635.947266 156.610306 484.693756
v -1641.769043 159.022873 479.558380
v -1643.375732 159.687851 475.141449
v -1641.299805 158.828384 471.338593
v -1635.947266 156.610306 469.040741
v -1628.416260 153.491440 469.078522
v -1620.545166 150.232040 470.062897
v -1610.373535 146.017319 468.662018
v -1598.369141 141.044937 466.139862
v -1585.341553 135.649551 466.007294
v -1585.309082 139.066971 489.169708
v -1601.032471 149.574905 487.871979
v -1610.773682 156.084305 489.410736
v -1614.999268 160.319107 489.984161
v -1620.870850 166.682816 489.026520
v -1627.772461 171.901779 484.723969
v -1632.411865 174.372116 480.394745
v -1633.968262 174.704880 476.576813
v -1632.613525 173.358231 473.261566
v -1628.661133 170.239243 471.081512
v -1622.877930 165.341934 470.631378
v -1615.957520 159.567398 470.448334
v -1606.511230 153.236130 468.576935
v -1595.708496 146.017319 466.099518
v -1583.988281 138.184464 466.007599
v -1583.285645 141.529343 489.169403
v -1596.658203 154.903671 487.832550
v -1604.943115 163.188217 489.378510
v -1609.720459 167.963364 489.830292
v -1616.037354 174.148239 488.433014
v -1620.950928 179.121994 484.868073
v -1623.919678 182.160904 481.310516
v -1624.937988 183.182053 477.953217
v -1623.919678 182.160904 474.992340
v -1620.892090 179.136734 472.866119
v -1615.983887 174.225723 471.720917
v -1609.373779 167.616684 470.482025
v -1601.318604 159.563461 468.570343
v -1592.130615 150.375687 466.097382
v -1582.162598 140.406296 466.007965
v -1580.824951 143.550400 489.169769
v -1591.330078 159.276840 487.911041
v -1597.840820 169.018204 489.423859
v -1602.495117 172.146835 490.122528
v -1609.983154 176.798874 489.457062
v -1616.297852 184.605423 484.622284
v -1618.843750 190.115860 479.704926
v -1618.796875 191.954727 475.517303
v -1617.016602 190.479324 471.880219
v -1613.301514 186.206985 469.614471
v -1607.567139 180.416519 469.727264
v -1601.325684 174.178085 470.417572
v -1594.992920 164.756180 468.581818
v -1587.772705 153.952499 466.101471
v -1579.942383 142.229752 466.007660
v -1578.013184 145.051926 489.169769
v -1585.250488 162.526382 488.031708
v -1589.734375 173.350754 489.439301
v -1591.104736 176.663467 490.315155
v -1593.644043 182.793259 490.041168
v -1598.369141 194.188400 484.573151
v -1601.397217 201.515366 478.298126
v -1602.156982 203.338455 473.000153
v -1601.047607 200.669235 468.431061
v -1598.369141 194.188400 465.947662
v -1594.876709 185.765915 466.910980
v -1591.871338 178.511307 469.726715
v -1587.772705 168.614731 468.728607
v -1582.800293 156.610306 466.174957
v -1577.405518 143.584702 466.007782
v -1574.968018 145.976730 489.170013
v -1578.654785 164.527420 487.910980
v -1580.942627 176.018356 489.423615
v -1579.861328 181.523727 490.122406
v -1577.857910 190.108566 489.456757
v -1578.913574 200.089279 484.622589
v -1581.010254 205.785843 479.705231
v -1582.340332 207.054550 475.519257
v -1582.559326 204.750870 471.881073
v -1582.165039 199.103165 469.615936
v -1582.124512 190.957199 469.728180
v -1582.124023 182.132309 470.417694
v -1579.942383 170.990799 468.581696
v -1577.405518 158.246933 466.101410
v -1574.657959 144.419052 466.007599
v -1571.795654 146.288864 489.170074
v -1571.795654 165.203140 487.832550
v -1571.795654 176.919357 489.378571
v -1571.795654 183.672745 489.829926
v -1571.807129 192.507797 488.439728
v -1571.797363 199.511917 484.867157
v -1571.795654 203.750717 481.310638
v -1571.795654 205.194748 477.953156
v -1571.795654 203.750717 474.992584
v -1571.795654 199.473862 472.865875
v -1571.795654 192.528671 471.721039
v -1571.795654 183.182053 470.482147
v -1571.795654 171.793106 468.570648
v -1571.795654 158.799606 466.097504
v -1571.795654 144.700790 466.007599
v -1568.623291 145.976730 489.170013
v -1564.936523 164.527420 487.899689
v -1562.648682 176.018387 489.421051
v -1563.403809 181.665604 490.078705
v -1564.905518 190.273178 489.329865
v -1563.809570 199.826065 484.634186
v -1561.883301 205.319901 479.901398
v -1560.695312 206.608475 475.835236
v -1560.543457 204.424667 472.299469
v -1560.997314 198.973099 470.063324
v -1561.215088 191.007248 470.004669
v -1561.461670 182.136154 470.427338
v -1563.648926 170.990799 468.580414
v -1566.185547 158.246933 466.100861
v -1568.933350 144.419052 466.007599
v -1565.577881 145.051926 489.169769
v -1558.340820 162.526382 488.004974
v -1553.857178 173.350815 489.436005
v -1552.339355 177.018143 490.234711
v -1549.668457 183.465317 489.881317
v -1545.222168 194.188400 484.608124
v -1542.382080 201.059616 478.665924
v -1541.650146 202.816696 473.642670
v -1542.684570 200.327744 469.313995
v -1545.222168 194.188400 466.895355
v -1548.602051 186.036667 467.572418
v -1551.684814 178.595749 469.828217
v -1555.818604 168.614731 468.708832
v -1560.790771 156.610306 466.164032
v -1566.185547 143.584702 466.007721
v -1562.766357 143.550400 489.169708
v -1552.261475 159.276840 487.899750
v -1545.750488 169.018204 489.421234
v -1541.226074 172.477737 490.078888
v -1534.621094 177.718979 489.453827
v -1528.498047 185.520279 484.617706
v -1525.649170 190.428482 479.868683
v -1525.507080 192.041061 475.830231
v -1527.150391 190.593826 472.298798
v -1530.684814 186.418289 470.062103
v -1536.166504 180.629929 470.003998
v -1542.266357 174.184494 470.427277
v -1548.598389 164.756180 468.580536
v -1555.818604 153.952499 466.100922
v -1563.648926 142.229752 466.007660
v -1560.305420 141.529373 489.169403
v -1546.933105 154.903671 487.911591
v -1538.647949 163.188156 489.423370
v -1536.506104 168.368698 490.124969
v -1532.510742 174.942581 489.938446
v -1524.995605 183.537369 484.538055
v -1521.342529 187.881363 479.482635
v -1520.206299 188.270828 475.467743
v -1521.350098 186.213821 471.853912
v -1524.817139 181.716873 469.596771
v -1529.381348 174.960678 469.705597
v -1534.270020 167.614059 470.413239
v -1542.272461 159.563461 468.582062
v -1551.460693 150.375687 466.101593
v -1561.428467 140.406296 466.007904
v -1558.281982 139.066910 489.169769
v -1542.558594 149.574905 488.033661
v -1532.817383 156.084274 489.437592
v -1529.857910 158.059402 490.320160
v -1525.021973 161.291641 490.238434
v -1514.061279 168.614761 484.568573
v -1506.814453 173.458054 477.716461
v -1505.368652 174.422745 472.379669
v -1508.031006 172.645004 467.862946
v -1514.061279 168.614761 465.602386
v -1521.659668 163.538162 466.860931
v -1528.191650 159.172867 469.698578
v -1537.079834 153.236099 468.733551
v -1547.882568 146.017319 466.177826
v -1559.602783 138.184433 466.007599
v -1556.782715 136.257156 489.170746
v -1539.305664 143.495468 487.911774
v -1528.481201 147.978958 489.423615
v -1522.878662 147.974289 490.123993
v -1515.443848 149.369644 489.997101
v -1504.468994 153.130997 484.531830
v -1499.029541 154.619308 479.458710
v -1498.250488 155.424454 475.464752
v -1500.592529 155.144852 471.853790
v -1506.070068 153.666214 469.595123
v -1514.061279 152.032089 469.705414
v -1522.721680 150.328079 470.413727
v -1533.217285 146.017288 468.583160
v -1545.222168 141.044937 466.102142
v -1558.249512 135.649551 466.007233
v -1555.856689 133.208908 489.169342
v -1537.308838 136.898819 487.909454
v -1525.814941 139.184128 489.424042
v -1521.111084 142.258102 490.117645
v -1513.940186 146.679703 489.586700
v -1503.993408 149.515244 484.578094
v -1498.173584 150.251328 479.678436
v -1496.620117 149.670578 475.552094
v -1498.667969 148.613907 471.933380
v -1504.014404 146.832596 469.671722
v -1511.544189 143.782944 469.763275
v -1519.712158 140.430649 470.418427
v -1530.841064 138.184433 468.580902
v -1543.588867 135.649551 466.100983
v -1557.414551 132.899002 466.007843
v -1555.547363 130.038559 489.170197
v -1536.630371 130.038559 488.028412
v -1521.281982 130.038559 490.304535
v -1502.359375 130.038559 484.577545
v -1502.359375 130.038559 466.066986
v -1519.318604 130.038559 469.739594
v -1530.043213 130.038559 468.726349
v -1543.033936 130.038559 466.173737
v -1557.135010 130.038559 466.007599
v -1334.979736 -101.893532 644.253174
v -1288.099854 -101.893532 646.300415
v -1277.786377 -101.893532 646.884094
v -1257.677979 -101.893532 635.205872
v -1255.711670 -101.893532 629.942322
v -1258.577881 -101.893532 625.403748
v -1274.623047 -101.893532 623.855347
v -1334.979736 -101.893532 624.118530
v -1319.040771 -105.063911 646.031372
v -1300.492920 -108.753822 644.771423
v -1288.999023 -111.039192 646.286011
v -1284.295166 -114.113106 646.979675
v -1277.093506 -117.572823 646.617004
v -1266.607910 -120.267738 641.432617
v -1261.085449 -121.791634 636.457703
v -1259.781738 -121.501045 632.402527
v -1261.852295 -120.468910 628.795349
v -1267.198730 -118.687630 626.533691
v -1274.728027 -115.637978 626.625183
v -1282.896240 -112.285683 627.280396
v -1294.025146 -110.039467 625.442871
v -1306.772949 -107.504555 622.962952
v -1320.598633 -104.754005 622.869812
v -1319.966797 -108.112160 646.032715
v -1302.489746 -115.350471 644.739075
v -1291.665283 -119.833992 646.275330
v -1285.832275 -120.858376 646.860657
v -1277.333252 -122.130196 645.975952
v -1268.910889 -124.955544 641.567505
v -1264.210205 -127.433418 637.171570
v -1263.087158 -128.594254 633.311218
v -1265.010254 -128.233566 629.959656
v -1269.877441 -126.687202 627.771240
v -1277.245361 -124.653328 627.387329
v -1285.895508 -122.204323 627.307312
v -1296.401367 -117.872322 625.440674
v -1308.406250 -112.899940 622.962158
v -1321.433594 -107.504555 622.869202
v -1321.466064 -110.921974 646.031738
v -1305.742676 -121.429939 644.814270
v -1296.001465 -127.939339 646.287903
v -1292.069824 -130.564133 646.957214
v -1285.742432 -134.792862 646.390869
v -1277.245361 -140.469772 641.540710
v -1271.845703 -144.078720 636.264465
v -1270.376221 -145.059616 631.748108
v -1272.308105 -143.769699 627.858948
v -1277.245361 -140.469772 625.542053
v -1284.117188 -135.878586 625.687317
v -1291.133301 -131.189957 626.884094
v -1300.263916 -125.091164 625.531067
v -1311.066650 -117.872322 623.005371
v -1322.786865 -110.039467 622.869507
v -1323.489502 -113.384407 646.031372
v -1310.117188 -126.758675 644.738831
v -1301.832031 -135.043228 646.275085
v -1298.651123 -140.042831 646.861694
v -1293.382324 -146.331345 646.182556
v -1286.986816 -153.258682 641.548462
v -1283.902344 -157.361710 637.096802
v -1282.797852 -158.093857 633.310608
v -1283.866699 -156.457077 629.959717
v -1287.162354 -152.550034 627.772644
v -1291.857422 -146.522446 627.387573
v -1297.430664 -139.470261 627.306824
v -1305.456543 -131.418533 625.439514
v -1314.644775 -122.230690 622.961670
v -1324.612549 -112.261330 622.869873
v -1325.950439 -115.405403 646.031738
v -1315.445557 -131.131882 644.771790
v -1308.934814 -140.873245 646.285522
v -1304.294434 -144.038376 646.979675
v -1296.930176 -148.750961 646.331909
v -1290.594238 -156.551865 641.453613
v -1288.022217 -161.989029 636.579041
v -1288.056641 -163.818344 632.414185
v -1289.822266 -162.347061 628.788635
v -1293.517334 -158.085434 626.526123
v -1299.223877 -152.295151 626.619995
v -1305.449463 -146.033768 627.280640
v -1311.782471 -136.611252 625.443604
v -1319.002686 -125.807503 622.963318
v -1326.833008 -114.084755 622.869629
v -1328.761963 -116.906960 646.031799
v -1321.524902 -134.381424 644.890747
v -1317.041260 -145.205856 646.300964
v -1315.654541 -148.557480 647.167969
v -1313.100342 -154.722641 646.886230
v -1308.406250 -166.043411 641.438904
v -1305.398682 -173.319962 635.200500
v -1304.642090 -175.135880 629.932922
v -1305.743164 -172.486465 625.390747
v -1308.406250 -166.043411 622.914978
v -1311.885986 -157.650925 623.846252
v -1314.900146 -150.375656 626.599854
v -1319.002686 -140.469772 625.588379
v -1323.974854 -128.465317 623.035706
v -1329.369629 -115.439705 622.869690
v -1331.807373 -117.831764 646.031982
v -1328.120605 -136.382523 644.771729
v -1325.832764 -147.873459 646.285339
v -1326.877930 -153.394333 646.979492
v -1328.825684 -161.981827 646.304626
v -1327.765625 -171.915176 641.485901
v -1325.687744 -177.589401 636.588745
v -1324.373535 -178.860306 632.416138
v -1324.161865 -176.569870 628.789307
v -1324.562744 -170.943802 626.527527
v -1324.622803 -162.817795 626.620850
v -1324.650391 -153.987747 627.280762
v -1326.833008 -142.845871 625.443481
v -1329.369629 -130.102005 622.963318
v -1332.117432 -116.274086 622.869446
v -1334.979736 -118.143929 646.032043
v -1334.979736 -137.058151 644.716919
v -1334.979736 -148.774399 646.240540
v -1334.979736 -155.527756 646.691895
v -1334.905518 -164.359177 645.307739
v -1334.942627 -171.373489 641.728210
v -1334.979736 -175.605759 638.172607
v -1334.979736 -177.049850 634.815125
v -1334.979736 -175.605759 631.854492
v -1334.979736 -171.328934 629.727844
v -1334.979736 -164.383713 628.583008
v -1334.979736 -155.037064 627.344116
v -1334.979736 -143.648117 625.432617
v -1334.979736 -130.654617 622.959473
v -1334.979736 -116.555824 622.869507
v -1338.152100 -117.831764 646.031982
v -1341.838867 -136.382523 644.786621
v -1344.126709 -147.873459 646.287292
v -1342.626709 -153.199356 647.042603
v -1339.983643 -161.753098 646.553040
v -1340.988037 -172.280869 641.492798
v -1343.302246 -178.236801 636.320618
v -1344.813721 -179.479996 631.980347
v -1345.118896 -177.023148 628.205933
v -1344.800537 -171.124496 625.903259
v -1344.986816 -162.748245 626.233154
v -1345.301514 -153.982376 627.266907
v -1343.126465 -142.845871 625.445068
v -1340.589600 -130.102005 622.964050
v -1337.842041 -116.274086 622.869507
v -1341.197266 -116.906960 646.031738
v -1348.434570 -134.381424 644.927551
v -1352.918457 -145.205795 646.303711
v -1354.103271 -148.070999 647.286987
v -1356.475586 -153.798050 647.086243
v -1361.553223 -166.043411 641.392273
v -1364.822266 -173.953171 634.693970
v -1365.617188 -175.860703 629.048035
v -1364.412109 -172.960983 624.164612
v -1361.553223 -166.043411 621.585327
v -1357.917236 -157.274643 622.922974
v -1355.010742 -150.258316 626.459229
v -1350.956787 -140.469772 625.615356
v -1345.984375 -128.465317 623.051025
v -1340.589600 -115.439705 622.869751
v -1344.009033 -115.405403 646.031738
v -1354.514160 -131.131882 644.786743
v -1361.024902 -140.873245 646.287537
v -1365.848389 -143.578873 647.042786
v -1373.766602 -147.756363 646.553467
v -1380.504639 -155.913773 641.492615
v -1383.080078 -161.761551 636.320251
v -1382.887207 -163.710678 631.978027
v -1380.937256 -162.187759 628.205017
v -1376.990967 -157.791824 625.901611
v -1370.933350 -151.998611 626.232056
v -1364.510986 -146.024826 627.266663
v -1358.177002 -136.611252 625.445190
v -1350.956787 -125.807503 622.964111
v -1343.126465 -114.084755 622.869629
v -1346.469727 -113.384377 646.031372
v -1359.842285 -126.758675 644.716980
v -1368.127197 -135.043228 646.240479
v -1372.904541 -139.818375 646.692261
v -1379.292969 -145.939102 645.286133
v -1384.170898 -150.928421 641.731262
v -1387.103760 -154.015915 638.172485
v -1388.122070 -155.037064 634.815186
v -1387.103760 -154.015915 631.854309
v -1384.076172 -150.991745 629.728088
v -1379.167969 -146.080734 628.582886
v -1372.557861 -139.471695 627.343994
v -1364.502686 -131.418472 625.432312
v -1355.314697 -122.230690 622.959351
v -1345.346680 -112.261330 622.869934
v -1348.493164 -110.921974 646.031677
v -1364.216553 -121.429939 644.678223
v -1373.957764 -127.939339 646.240173
v -1379.575439 -131.690872 646.692261
v -1386.885498 -136.680832 645.275818
v -1392.693604 -140.518356 641.732727
v -1396.268799 -142.845871 638.172729
v -1397.470703 -143.648117 634.815063
v -1396.268799 -142.845871 631.854675
v -1392.713623 -140.469772 629.727844
v -1386.938477 -136.611191 628.583130
v -1379.167969 -131.418533 627.343994
v -1369.695312 -125.091164 625.432251
v -1358.892578 -117.872322 622.959290
v -1347.172363 -110.039467 622.869568
v -1349.992432 -108.112160 646.032654
v -1367.469727 -115.350471 644.733154
v -1378.293945 -119.834053 646.272705
v -1383.284424 -123.149147 646.841919
v -1390.310059 -128.211227 645.877136
v -1398.071289 -131.961288 641.589172
v -1403.080811 -133.481033 637.274475
v -1404.666748 -133.514450 633.465454
v -1403.080811 -132.467850 630.157471
v -1398.607422 -130.193130 627.978455
v -1391.982910 -126.538338 627.514526
v -1384.051514 -122.239479 627.311523
v -1373.557617 -117.872322 625.439880
v -1361.553223 -112.899940 622.961975
v -1348.525635 -107.504555 622.869263
v -1350.918457 -105.063881 646.031311
v -1369.466309 -108.753822 644.800903
v -1380.960205 -111.039162 646.285645
v -1385.784668 -111.998817 646.925842
v -1393.394287 -113.512978 646.293640
v -1403.080811 -115.439735 641.559143
v -1409.221191 -116.661690 636.453552
v -1410.921631 -116.999550 632.057495
v -1408.733154 -116.564522 628.273071
v -1403.080811 -115.439735 625.979675
v -1395.110596 -113.854378 625.994263
v -1386.742432 -112.189430 626.931763
v -1375.933838 -110.039436 625.520935
v -1363.186279 -107.504555 623.000244
v -1349.360352 -104.754005 622.869812
v -1351.228027 -101.893532 646.032104
v -1370.144775 -101.893532 644.733093
v -1381.859375 -101.893532 646.271973
v -1387.741455 -100.741859 646.842224
v -1396.076172 -99.497200 645.995361
v -1404.975342 -99.076393 641.580200
v -1410.063721 -98.944344 637.241516
v -1411.461914 -99.347328 633.465576
v -1409.596191 -99.707649 630.157654
v -1404.592773 -100.096809 627.978821
v -1397.075439 -100.938667 627.514526
v -1388.102783 -101.875984 627.311340
v -1376.731934 -101.893532 625.439453
v -1363.741211 -101.893532 622.961792
v -1349.640381 -101.893532 622.869629
v -1350.918457 -98.723213 646.031311
v -1369.466309 -95.033272 644.733826
v -1380.960205 -92.747902 646.273621
v -1386.941162 -92.756660 646.846619
v -1395.558105 -93.029030 645.907166
v -1404.167969 -91.865608 641.585327
v -1409.188477 -90.380348 637.256714
v -1410.524658 -89.515816 633.438721
v -1408.614258 -89.520668 630.123413
v -1403.615479 -90.110268 627.943542
v -1396.062988 -90.736427 627.493408
v -1387.087891 -91.547249 627.310059
v -1375.933838 -93.747627 625.438660
v -1363.186279 -96.282539 622.961243
v -1349.360352 -99.033089 622.869812
v -1349.992432 -95.674934 646.032654
v -1367.469727 -88.436623 644.803528
v -1378.293945 -83.953072 646.285767
v -1382.805176 -82.082588 646.929626
v -1389.950684 -79.123878 646.310486
v -1399.131348 -75.321785 641.555725
v -1404.953125 -72.909218 636.420349
v -1406.559814 -72.244240 632.003418
v -1404.483887 -73.103706 628.200562
v -1399.131348 -75.321785 625.902710
v -1391.600342 -78.440651 625.940491
v -1383.729248 -81.700050 626.924866
v -1373.557617 -85.914772 625.523987
v -1361.553223 -90.887154 623.001831
v -1348.525635 -96.282539 622.869263
v -1348.493164 -92.865120 646.031677
v -1364.216553 -82.357185 644.733948
v -1373.957764 -75.847786 646.272705
v -1378.183350 -71.612984 646.846130
v -1384.054932 -65.249275 645.888489
v -1390.956543 -60.030312 641.585938
v -1395.595947 -57.559975 637.256714
v -1397.152344 -57.227211 633.438782
v -1395.797607 -58.573860 630.123535
v -1391.845215 -61.692848 627.943481
v -1386.062012 -66.590157 627.493347
v -1379.141602 -72.364693 627.310303
v -1369.695312 -78.695961 625.438904
v -1358.892578 -85.914772 622.961487
v -1347.172363 -93.747627 622.869568
v -1346.469727 -90.402748 646.031372
v -1359.842285 -77.028419 644.694519
v -1368.127197 -68.743874 646.240479
v -1372.904541 -63.968727 646.692261
v -1379.221436 -57.783852 645.294983
v -1384.135010 -52.810097 641.730042
v -1387.103760 -49.771187 638.172485
v -1388.122070 -48.750038 634.815186
v -1387.103760 -49.771187 631.854309
v -1384.076172 -52.795357 629.728088
v -1379.167969 -57.706367 628.582886
v -1372.557861 -64.315407 627.343994
v -1364.502686 -72.368629 625.432312
v -1355.314697 -81.556404 622.959351
v -1345.346680 -91.525795 622.869934
v -1344.009033 -88.381691 646.031738
v -1354.514160 -72.655251 644.773010
v -1361.024902 -62.913887 646.285828
v -1365.679199 -59.785255 646.984497
v -1373.167236 -55.133217 646.319031
v -1379.481934 -47.326668 641.484253
v -1382.027832 -41.816231 636.566895
v -1381.980957 -39.977364 632.379272
v -1380.200684 -41.452766 628.742188
v -1376.485596 -45.725105 626.476440
v -1370.751221 -51.515572 626.589233
v -1364.509766 -57.754005 627.279541
v -1358.177002 -67.175911 625.443787
v -1350.956787 -77.979591 622.963440
v -1343.126465 -89.702339 622.869629
v -1341.197266 -86.880165 646.031738
v -1348.434570 -69.405708 644.893677
v -1352.918457 -58.581337 646.301270
v -1354.288818 -55.268623 647.177124
v -1356.828125 -49.138832 646.903137
v -1361.553223 -37.743690 641.435120
v -1364.581299 -30.416727 635.160095
v -1365.341064 -28.593637 629.862122
v -1364.231689 -31.262857 625.293030
v -1361.553223 -37.743690 622.809631
v -1358.060791 -46.166176 623.772949
v -1355.055420 -53.420784 626.588684
v -1350.956787 -63.317360 625.590576
v -1345.984375 -75.321785 623.036926
v -1340.589600 -88.347389 622.869751
v -1338.152100 -85.955360 646.031982
v -1341.838867 -67.404671 644.772949
v -1344.126709 -55.913734 646.285583
v -1343.045410 -50.408363 646.984375
v -1341.041992 -41.823524 646.318726
v -1342.097656 -31.842813 641.484558
v -1344.194336 -26.146250 636.567200
v -1345.524414 -24.877542 632.381226
v -1345.743408 -27.181223 628.743042
v -1345.349121 -32.828926 626.477905
v -1345.308594 -40.974892 626.590149
v -1345.308105 -49.799782 627.279663
v -1343.126465 -60.941292 625.443665
v -1340.589600 -73.685158 622.963379
v -1337.842041 -87.513039 622.869568
v -1334.979736 -85.643227 646.032043
v -1334.979736 -66.728951 644.694519
v -1334.979736 -55.012733 646.240540
v -1334.979736 -48.259346 646.691895
v -1334.991211 -39.424294 645.301697
v -1334.981445 -32.420174 641.729126
v -1334.979736 -28.181376 638.172607
v -1334.979736 -26.737345 634.815125
v -1334.979736 -28.181376 631.854553
v -1334.979736 -32.458229 629.727844
v -1334.979736 -39.403419 628.583008
v -1334.979736 -48.750038 627.344116
v -1334.979736 -60.138985 625.432617
v -1334.979736 -73.132484 622.959473
v -1334.979736 -87.231300 622.869568
v -1331.807373 -85.955360 646.031982
v -1328.120605 -67.404671 644.761658
v -1325.832764 -55.913704 646.283020
v -1326.587891 -50.266487 646.940674
v -1328.089600 -41.658913 646.191833
v -1326.993652 -32.106026 641.496155
v -1325.067383 -26.612192 636.763367
v -1323.879395 -25.323618 632.697205
v -1323.727539 -27.507425 629.161438
v -1324.181396 -32.958992 626.925293
v -1324.399170 -40.924843 626.866638
v -1324.645752 -49.795937 627.289307
v -1326.833008 -60.941292 625.442383
v -1329.369629 -73.685158 622.962830
v -1332.117432 -87.513039 622.869568
v -1328.761963 -86.880165 646.031738
v -1321.524902 -69.405708 644.866943
v -1317.041260 -58.581276 646.297974
v -1315.523438 -54.913948 647.096680
v -1312.852539 -48.466774 646.743286
v -1308.406250 -37.743690 641.470093
v -1305.566162 -30.872477 635.527893
v -1304.834229 -29.115396 630.504639
v -1305.868652 -31.604349 626.175964
v -1308.406250 -37.743690 623.757324
v -1311.786133 -45.895424 624.434387
v -1314.868896 -53.336342 626.690186
v -1319.002686 -63.317360 625.570801
v -1323.974854 -75.321785 623.026001
v -1329.369629 -88.347389 622.869690
v -1325.950439 -88.381691 646.031677
v -1315.445557 -72.655251 644.761719
v -1308.934570 -62.913887 646.283203
v -1304.410156 -59.454353 646.940857
v -1297.805176 -54.213112 646.315796
v -1291.682129 -46.411812 641.479675
v -1288.833252 -41.503609 636.730652
v -1288.691162 -39.891029 632.692200
v -1290.334473 -41.338264 629.160767
v -1293.868896 -45.513802 626.924072
v -1299.350586 -51.302162 626.865967
v -1305.450439 -57.747597 627.289246
v -1311.782471 -67.175911 625.442505
v -1319.002686 -77.979591 622.962891
v -1326.833008 -89.702339 622.869629
v -1323.489502 -90.402718 646.031372
v -1310.117188 -77.028419 644.773560
v -1301.832031 -68.743935 646.285339
v -1299.690186 -63.563393 646.986938
v -1295.694824 -56.989510 646.800415
v -1288.179688 -48.394722 641.400024
v -1284.526611 -44.050728 636.344604
v -1283.390381 -43.661263 632.329712
v -1284.534180 -45.718269 628.715881
v -1288.001221 -50.215218 626.458740
v -1292.565430 -56.971413 626.567566
v -1297.454102 -64.318031 627.275208
v -1305.456543 -72.368629 625.444031
v -1314.644775 -81.556404 622.963562
v -1324.612549 -91.525795 622.869873
v -1321.466064 -92.865181 646.031738
v -1305.742676 -82.357185 644.895630
v -1296.001465 -75.847816 646.299561
v -1293.041992 -73.872688 647.182129
v -1288.206055 -70.640450 647.100403
v -1277.245361 -63.317329 641.430542
v -1269.998779 -58.474037 634.578430
v -1268.552734 -57.509346 629.241638
v -1271.215332 -59.287086 624.724915
v -1277.245361 -63.317329 622.464355
v -1284.843750 -68.393929 623.722900
v -1291.375732 -72.759224 626.560547
v -1300.263916 -78.695992 625.595520
v -1311.066650 -85.914772 623.039795
v -1322.786865 -93.747658 622.869568
v -1319.966797 -95.674934 646.032715
v -1302.489746 -88.436623 644.773743
v -1291.665283 -83.953133 646.285583
v -1286.062744 -83.957802 646.985962
v -1278.627930 -82.562447 646.859070
v -1267.653076 -78.801094 641.393799
v -1262.213867 -77.312782 636.320679
v -1261.434814 -76.507637 632.326721
v -1263.776855 -76.787239 628.715759
v -1269.254150 -78.265877 626.457092
v -1277.245361 -79.900002 626.567383
v -1285.905762 -81.604012 627.275696
v -1296.401367 -85.914803 625.445129
v -1308.406250 -90.887154 622.964111
v -1321.433594 -96.282539 622.869202
v -1319.040771 -98.723183 646.031311
v -1300.492920 -95.033272 644.771423
v -1288.999023 -92.747963 646.286011
v -1284.295166 -89.673988 646.979614
v -1277.124268 -85.252388 646.448669
v -1267.177490 -82.416847 641.440063
v -1261.357666 -81.680763 636.540405
v -1259.804199 -82.261513 632.414062
v -1261.852295 -83.318184 628.795349
v -1267.198730 -85.099495 626.533691
v -1274.728271 -88.149147 626.625244
v -1282.896240 -91.501442 627.280396
v -1294.025146 -93.747658 625.442871
v -1306.772949 -96.282539 622.962952
v -1320.598633 -99.033089 622.869812
v -1318.731445 -101.893532 646.032166
v -1299.814453 -101.893532 644.890381
v -1284.466064 -101.893532 647.166504
v -1265.543701 -101.893532 641.439514
v -1265.543701 -101.893532 622.928955
v -1282.502686 -101.893532 626.601562
v -1293.227295 -101.893532 625.588318
v -1306.218018 -101.893532 623.035706
v -1320.319092 -101.893532 622.869568
v -941.301941 55.740387 734.867615
v -894.422058 55.740387 736.914856
v -884.108582 55.740387 737.498535
v -864.000000 55.740387 725.820312
v -862.033691 55.740387 720.556763
v -864.900024 55.740387 716.018188
v -880.945251 55.740387 714.469788
v -941.301941 55.740387 714.732971
v -925.362976 52.570007 736.645813
v -906.815125 48.880096 735.385864
v -895.321228 46.594727 736.900452
v -890.617371 43.520813 737.594116
v -883.415710 40.061096 737.231445
v -872.930054 37.366180 732.047058
v -867.407471 35.842285 727.072144
v -866.103882 36.132874 723.016968
v -868.174316 37.165009 719.409790
v -873.520752 38.946289 717.148132
v -881.050232 41.995941 717.239624
v -889.218445 45.348236 717.894836
v -900.347351 47.594452 716.057312
v -913.095154 50.129364 713.577393
v -926.920837 52.879913 713.484253
v -926.289001 49.521759 736.647156
v -908.811951 42.283447 735.353516
v -897.987488 37.799927 736.889771
v -892.154480 36.775543 737.475098
v -883.655457 35.503723 736.590393
v -875.233032 32.678375 732.181946
v -870.532227 30.200499 727.786011
v -869.409302 29.039671 723.925659
v -871.332397 29.400358 720.574097
v -876.199585 30.946714 718.385681
v -883.567566 32.980591 718.001770
v -892.217712 35.429596 717.921753
v -902.723572 39.761597 716.055115
v -914.728455 44.733978 713.576599
v -927.755798 50.129364 713.483643
v -927.788269 46.711945 736.646179
v -912.064880 36.203979 735.428711
v -902.323669 29.694578 736.902344
v -898.392029 27.069792 737.571655
v -892.064636 22.841063 737.005310
v -883.567566 17.164152 732.155151
v -878.167847 13.555205 726.878906
v -876.698242 12.574309 722.362549
v -878.630127 13.864226 718.473389
v -883.567566 17.164152 716.156494
v -890.439392 21.755339 716.301758
v -897.455505 26.443968 717.498535
v -906.586121 32.542755 716.145508
v -917.388855 39.761597 713.619812
v -929.109070 47.594452 713.483948
v -929.811707 44.249512 736.645813
v -916.439392 30.875242 735.353271
v -908.154236 22.590696 736.889526
v -904.973328 17.591093 737.476135
v -899.704529 11.302581 736.796997
v -893.309021 4.375243 732.162903
v -890.224548 0.272216 727.711243
v -889.120056 -0.459932 723.925049
v -890.188904 1.176848 720.574158
v -893.484558 5.083892 718.387085
v -898.179626 11.111480 718.002014
v -903.752869 18.163664 717.921265
v -911.778748 26.215391 716.053955
v -920.966980 35.403229 713.576111
v -930.934753 45.372589 713.484314
v -932.272644 42.228516 736.646179
v -921.767761 26.502043 735.386230
v -915.257019 16.760679 736.899963
v -910.616638 13.595550 737.594116
v -903.252380 8.882964 736.946350
v -896.916443 1.082061 732.068054
v -894.344421 -4.355111 727.193481
v -894.378845 -6.184426 723.028625
v -896.144470 -4.713143 719.403076
v -899.839539 -0.451509 717.140564
v -905.546082 5.338775 717.234436
v -911.771667 11.600158 717.895081
v -918.104675 21.022673 716.058044
v -925.324890 31.826414 713.577759
v -933.155212 43.549164 713.484070
v -935.084167 40.726959 736.646240
v -927.847107 23.252501 735.505188
v -923.363464 12.428069 736.915405
v -921.976746 9.076446 737.782410
v -919.422546 2.911284 737.500671
v -914.728455 -8.409493 732.053345
v -911.720886 -15.686044 725.814941
v -910.964294 -17.501963 720.547363
v -912.065369 -14.852548 716.005188
v -914.728455 -8.409493 713.529419
v -918.208191 -0.016999 714.460693
v -921.222351 7.258269 717.214294
v -925.324890 17.164152 716.202820
v -930.297058 29.168608 713.650146
v -935.691833 42.194214 713.484131
v -938.129578 39.802155 736.646423
v -934.442810 21.251402 735.386169
v -932.154968 9.760467 736.899780
v -933.200134 4.239593 737.593933
v -935.147888 -4.347909 736.919067
v -934.087830 -14.281259 732.100342
v -932.009949 -19.955484 727.203186
v -930.695740 -21.226389 723.030579
v -930.484070 -18.935953 719.403748
v -930.884949 -13.309884 717.141968
v -930.945007 -5.183877 717.235291
v -930.972595 3.646178 717.895203
v -933.155212 14.788054 716.057922
v -935.691833 27.531919 713.577759
v -938.439636 41.359833 713.483887
v -941.301941 39.489990 736.646484
v -941.301941 20.575773 735.331360
v -941.301941 8.859527 736.854980
v -941.301941 2.106169 737.306335
v -941.227722 -6.725259 735.922180
v -941.264832 -13.739572 732.342651
v -941.301941 -17.971842 728.787048
v -941.301941 -19.415934 725.429565
v -941.301941 -17.971842 722.468933
v -941.301941 -13.695016 720.342285
v -941.301941 -6.749795 719.197449
v -941.301941 2.596862 717.958557
v -941.301941 13.985808 716.047058
v -941.301941 26.979307 713.573914
v -941.301941 41.078094 713.483948
v -944.474304 39.802155 736.646423
v -948.161072 21.251402 735.401062
v -950.448914 9.760467 736.901733
v -948.948914 4.434569 737.657043
v -946.305847 -4.119180 737.167480
v -947.310242 -14.646951 732.107239
v -949.624451 -20.602884 726.935059
v -951.135925 -21.846079 722.594788
v -951.441101 -19.389231 718.820374
v -951.122742 -13.490579 716.517700
v -951.309021 -5.114327 716.847595
v -951.623718 3.651549 717.881348
v -949.448669 14.788054 716.059509
v -946.911804 27.531919 713.578491
v -944.164246 41.359833 713.483948
v -947.519470 40.726959 736.646179
v -954.756775 23.252501 735.541992
v -959.240662 12.428130 736.918152
v -960.425476 9.562926 737.901428
v -962.797791 3.835875 737.700684
v -967.875427 -8.409493 732.006714
v -971.144470 -16.319254 725.308411
v -971.939392 -18.226786 719.662476
v -970.734314 -15.327065 714.779053
v -967.875427 -8.409493 712.199768
v -964.239441 0.359282 713.537415
v -961.332947 7.375609 717.073669
v -957.278992 17.164152 716.229797
v -952.306580 29.168608 713.665466
v -946.911804 42.194214 713.484192
v -950.331238 42.228516 736.646179
v -960.836365 26.502043 735.401184
v -967.347107 16.760679 736.901978
v -972.170593 14.055053 737.657227
v -980.088806 9.877563 737.167908
v -986.826843 1.720153 732.107056
v -989.402283 -4.127633 726.934692
v -989.209412 -6.076760 722.592468
v -987.259460 -4.553842 718.819458
v -983.313171 -0.157899 716.516052
v -977.255554 5.635314 716.846497
v -970.833191 11.609099 717.881104
v -964.499207 21.022673 716.059631
v -957.278992 31.826414 713.578552
v -949.448669 43.549164 713.484070
v -952.791931 44.249542 736.645813
v -966.164490 30.875242 735.331421
v -974.449402 22.590696 736.854919
v -979.226746 17.815550 737.306702
v -985.615173 11.694823 735.900574
v -990.493103 6.705504 732.345703
v -993.425964 3.618010 728.786926
v -994.444275 2.596862 725.429626
v -993.425964 3.618010 722.468750
v -990.398376 6.642180 720.342529
v -985.490173 11.553191 719.197327
v -978.880066 18.162230 717.958435
v -970.824890 26.215452 716.046753
v -961.636902 35.403229 713.573792
v -951.668884 45.372589 713.484375
v -954.815369 46.711945 736.646118
v -970.538757 36.203979 735.292664
v -980.279968 29.694578 736.854614
v -985.897644 25.943052 737.306702
v -993.207703 20.953093 735.890259
v -999.015808 17.115568 732.347168
v -1002.591003 14.788054 728.787170
v -1003.792908 13.985808 725.429504
v -1002.591003 14.788054 722.469116
v -999.035828 17.164152 720.342285
v -993.260681 21.022734 719.197571
v -985.490173 26.215391 717.958435
v -976.017517 32.542755 716.046692
v -965.214783 39.761597 713.573730
v -953.494568 47.594452 713.484009
v -956.314636 49.521759 736.647095
v -973.791931 42.283447 735.347595
v -984.616150 37.799866 736.887146
v -989.606628 34.484772 737.456360
v -996.632263 29.422697 736.491577
v -1004.393494 25.672636 732.203613
v -1009.403015 24.152891 727.888916
v -1010.988953 24.119474 724.079895
v -1009.403015 25.166075 720.771912
v -1004.929626 27.440794 718.592896
v -998.305115 31.095579 718.128967
v -990.373718 35.394440 717.925964
v -979.879822 39.761597 716.054321
v -967.875427 44.733978 713.576416
v -954.847839 50.129364 713.483704
v -957.240662 52.570038 736.645752
v -975.788513 48.880096 735.415344
v -987.282410 46.594757 736.900085
v -992.106873 45.635101 737.540283
v -999.716492 44.120941 736.908081
v -1009.403015 42.194183 732.173584
v -1015.543396 40.972229 727.067993
v -1017.243835 40.634369 722.671936
v -1015.055359 41.069397 718.887512
v -1009.403015 42.194183 716.594116
v -1001.432800 43.779541 716.608704
v -993.064636 45.444489 717.546204
v -982.256042 47.594482 716.135376
v -969.508484 50.129364 713.614685
v -955.682556 52.879913 713.484253
v -957.550232 55.740387 736.646545
v -976.466980 55.740387 735.347534
v -988.181580 55.740387 736.886414
v -994.063660 56.892059 737.456665
v -1002.398376 58.136719 736.609802
v -1011.297546 58.557526 732.194641
v -1016.385925 58.689575 727.855957
v -1017.784119 58.286591 724.080017
v -1015.918396 57.926270 720.772095
v -1010.914978 57.537109 718.593262
v -1003.397644 56.695251 718.128967
v -994.424988 55.757935 717.925781
v -983.054138 55.740387 716.053894
v -970.063416 55.740387 713.576233
v -955.962585 55.740387 713.484070
v -957.240662 58.910706 736.645752
v -975.788513 62.600647 735.348267
v -987.282410 64.886017 736.888062
v -993.263367 64.877258 737.461060
v -1001.880310 64.604889 736.521606
v -1010.490173 65.768311 732.199768
v -1015.510681 67.253571 727.871155
v -1016.846863 68.118103 724.053162
v -1014.936462 68.113251 720.737854
v -1009.937683 67.523651 718.557983
v -1002.385193 66.897491 718.107849
v -993.410095 66.086670 717.924500
v -982.256042 63.886292 716.053101
v -969.508484 61.351379 713.575684
v -955.682556 58.600830 713.484253
v -956.314636 61.958984 736.647095
v -973.791931 69.197296 735.417969
v -984.616150 73.680847 736.900208
v -989.127380 75.551331 737.544067
v -996.272888 78.510040 736.924927
v -1005.453552 82.312134 732.170166
v -1011.275330 84.724701 727.034790
v -1012.882019 85.389679 722.617859
v -1010.806091 84.530212 718.815002
v -1005.453552 82.312134 716.517151
v -997.922546 79.193268 716.554932
v -990.051453 75.933868 717.539307
v -979.879822 71.719147 716.138428
v -967.875427 66.746765 713.616272
v -954.847839 61.351379 713.483704
v -954.815369 64.768799 736.646118
v -970.538757 75.276733 735.348389
v -980.279968 81.786133 736.887146
v -984.505554 86.020935 737.460571
v -990.377136 92.384644 736.502930
v -997.278748 97.603607 732.200378
v -1001.918152 100.073944 727.871155
v -1003.474548 100.406708 724.053223
v -1002.119812 99.060059 720.737976
v -998.167419 95.941071 718.557922
v -992.384216 91.043762 718.107788
v -985.463806 85.269226 717.924744
v -976.017517 78.937958 716.053345
v -965.214783 71.719147 713.575928
v -953.494568 63.886292 713.484009
v -952.791931 67.231171 736.645813
v -966.164490 80.605499 735.308960
v -974.449402 88.890045 736.854919
v -979.226746 93.665192 737.306702
v -985.543640 99.850067 735.909424
v -990.457214 104.823822 732.344482
v -993.425964 107.862732 728.786926
v -994.444275 108.883881 725.429626
v -993.425964 107.862732 722.468750
v -990.398376 104.838562 720.342529
v -985.490173 99.927551 719.197327
v -978.880066 93.318512 717.958435
v -970.824890 85.265289 716.046753
v -961.636902 76.077515 713.573792
v -951.668884 66.108124 713.484375
v -950.331238 69.252228 736.646179
v -960.836365 84.978668 735.387451
v -967.347107 94.720032 736.900269
v -972.001404 97.848663 737.598938
v -979.489441 102.500702 736.933472
v -985.804138 110.307251 732.098694
v -988.350037 115.817688 727.181335
v -988.303162 117.656555 722.993713
v -986.522888 116.181152 719.356628
v -982.807800 111.908813 717.090881
v -977.073425 106.118347 717.203674
v -970.831970 99.879913 717.893982
v -964.499207 90.458008 716.058228
v -957.278992 79.654327 713.577881
v -949.448669 67.931580 713.484070
v -947.519470 70.753754 736.646179
v -954.756775 88.228210 735.508118
v -959.240662 99.052582 736.915710
v -960.611023 102.365295 737.791565
v -963.150330 108.495087 737.517578
v -967.875427 119.890228 732.049561
v -970.903503 127.217186 725.774536
v -971.663269 129.040268 720.476562
v -970.553894 126.371063 715.907471
v -967.875427 119.890228 713.424072
v -964.382996 111.467743 714.387390
v -961.377625 104.213135 717.203125
v -957.278992 94.316559 716.205017
v -952.306580 82.312134 713.651367
v -946.911804 69.286530 713.484192
v -944.474304 71.678558 736.646423
v -948.161072 90.229248 735.387390
v -950.448914 101.720184 736.900024
v -949.367615 107.225555 737.598816
v -947.364197 115.810394 736.933167
v -948.419861 125.791107 732.098999
v -950.516541 131.487656 727.181641
v -951.846619 132.756363 722.995667
v -952.065613 130.452682 719.357483
v -951.671326 124.804993 717.092346
v -951.630798 116.659027 717.204590
v -951.630310 107.834137 717.894104
v -949.448669 96.692627 716.058105
v -946.911804 83.948761 713.577820
v -944.164246 70.120880 713.484009
v -941.301941 71.990692 736.646484
v -941.301941 90.904968 735.308960
v -941.301941 102.621185 736.854980
v -941.301941 109.374573 737.306335
v -941.313416 118.209625 735.916138
v -941.303650 125.213745 732.343567
v -941.301941 129.452530 728.787048
v -941.301941 130.896561 725.429565
v -941.301941 129.452530 722.468994
v -941.301941 125.175690 720.342285
v -941.301941 118.230499 719.197449
v -941.301941 108.883881 717.958557
v -941.301941 97.494934 716.047058
v -941.301941 84.501434 713.573914
v -941.301941 70.402618 713.484009
v -938.129578 71.678558 736.646423
v -934.442810 90.229248 735.376099
v -932.154968 101.720215 736.897461
v -932.910095 107.367432 737.555115
v -934.411804 115.975006 736.806274
v -933.315857 125.527893 732.110596
v -931.389587 131.021713 727.377808
v -930.201599 132.310287 723.311646
v -930.049744 130.126480 719.775879
v -930.503601 124.674927 717.539734
v -930.721375 116.709076 717.481079
v -930.967957 107.837982 717.903748
v -933.155212 96.692627 716.056824
v -935.691833 83.948761 713.577271
v -938.439636 70.120880 713.484009
v -935.084167 70.753754 736.646179
v -927.847107 88.228210 735.481384
v -923.363464 99.052643 736.912415
v -921.845642 102.719971 737.711121
v -919.174744 109.167145 737.357727
v -914.728455 119.890228 732.084534
v -911.888367 126.761444 726.142334
v -911.156433 128.518509 721.119080
v -912.190857 126.029572 716.790405
v -914.728455 119.890228 714.371765
v -918.108337 111.738495 715.048828
v -921.191101 104.297577 717.304626
v -925.324890 94.316559 716.185242
v -930.297058 82.312134 713.640442
v -935.691833 69.286530 713.484131
v -932.272644 69.252228 736.646118
v -921.767761 84.978668 735.376160
v -915.256775 94.720032 736.897644
v -910.732361 98.179565 737.555298
v -904.127380 103.420807 736.930237
v -898.004333 111.222107 732.094116
v -895.155457 116.130310 727.345093
v -895.013367 117.742889 723.306641
v -896.656677 116.295654 719.775208
v -900.191101 112.120117 717.538513
v -905.672791 106.331757 717.480408
v -911.772644 99.886322 717.903687
v -918.104675 90.458008 716.056946
v -925.324890 79.654327 713.577332
v -933.155212 67.931580 713.484070
v -929.811707 67.231201 736.645813
v -916.439392 80.605499 735.388000
v -908.154236 88.889984 736.899780
v -906.012390 94.070526 737.601379
v -902.017029 100.644409 737.414856
v -894.501892 109.239197 732.014465
v -890.848816 113.583191 726.959045
v -889.712585 113.972656 722.944153
v -890.856384 111.915649 719.330322
v -894.323425 107.418701 717.073181
v -898.887634 100.662506 717.182007
v -903.776306 93.315887 717.889648
v -911.778748 85.265289 716.058472
v -920.966980 76.077515 713.578003
v -930.934753 66.108124 713.484314
v -927.788269 64.768738 736.646179
v -912.064880 75.276733 735.510071
v -902.323669 81.786102 736.914001
v -899.364197 83.761230 737.796570
v -894.528259 86.993469 737.714844
v -883.567566 94.316589 732.044983
v -876.320801 99.159882 725.192871
v -874.874878 100.124573 719.856079
v -877.537354 98.346832 715.339355
v -883.567566 94.316589 713.078796
v -891.165955 89.239990 714.337341
v -897.697937 84.874695 717.174988
v -906.586121 78.937927 716.209961
v -917.388855 71.719147 713.654236
v -929.109070 63.886261 713.484009
v -926.289001 61.958984 736.647156
v -908.811951 69.197296 735.388184
v -897.987488 73.680786 736.900024
v -892.384949 73.676117 737.600403
v -884.950134 75.071472 737.473511
v -873.975220 78.832825 732.008240
v -868.535889 80.321136 726.935120
v -867.756836 81.126282 722.941162
v -870.098877 80.846680 719.330200
v -875.576294 79.368042 717.071533
v -883.567566 77.733917 717.181824
v -892.227966 76.029907 717.890137
v -902.723572 71.719116 716.059570
v -914.728455 66.746765 713.578552
v -927.755798 61.351379 713.483643
v -925.362976 58.910736 736.645752
v -906.815125 62.600647 735.385864
v -895.321228 64.885956 736.900452
v -890.617371 67.959930 737.594055
v -883.446472 72.381531 737.063110
v -873.499634 75.217072 732.054504
v -867.679810 75.953156 727.154846
v -866.126343 75.372406 723.028503
v -868.174316 74.315735 719.409790
v -873.520752 72.534424 717.148132
v -881.050476 69.484772 717.239685
v -889.218445 66.132477 717.894836
v -900.347351 63.886261 716.057312
v -913.095154 61.351379 713.577393
v -926.920837 58.600830 713.484253
v -925.053650 55.740387 736.646606
v -906.136658 55.740387 735.504822
v -890.788269 55.740387 737.780945
v -871.865723 55.740387 732.053955
v -871.865723 55.740387 713.543396
v -888.824890 55.740387 717.216003
v -899.549500 55.740387 716.202759
v -912.540222 55.740387 713.650146
v -926.641296 55.740387 713.484009
v -1334.979736 437.634918 687.945068
v -1288.099854 437.634918 689.992310
v -1277.786377 437.634918 690.575989
v -1257.677979 437.634918 678.897766
v -1255.711670 437.634918 673.634216
v -1258.577881 437.634918 669.095642
v -1274.623047 437.634918 667.547241
v -1334.979736 437.634918 667.810425
v -1319.040771 434.464539 689.723267
v -1300.492920 430.774628 688.463318
v -1288.999023 428.489258 689.977905
v -1284.295166 425.415344 690.671570
v -1277.093506 421.955627 690.308899
v -1266.607910 419.260712 685.124512
v -1261.085449 417.736816 680.149597
v -1259.781738 418.027405 676.094421
v -1261.852295 419.059540 672.487244
v -1267.198730 420.840820 670.225586
v -1274.728027 423.890472 670.317078
v -1282.896240 427.242767 670.972290
v -1294.025146 429.488983 669.134766
v -1306.772949 432.023895 666.654846
v -1320.598633 434.774445 666.561707
v -1319.966797 431.416290 689.724609
v -1302.489746 424.177979 688.430969
v -1291.665283 419.694458 689.967224
v -1285.832275 418.670074 690.552551
v -1277.333252 417.398254 689.667847
v -1268.910889 414.572906 685.259399
v -1264.210205 412.095032 680.863464
v -1263.087158 410.934204 677.003113
v -1265.010254 411.294891 673.651550
v -1269.877441 412.841248 671.463135
v -1277.245361 414.875122 671.079224
v -1285.895508 417.324127 670.999207
v -1296.401367 421.656128 669.132568
v -1308.406250 426.628510 666.654053
v -1321.433594 432.023895 666.561096
v -1321.466064 428.606476 689.723633
v -1305.742676 418.098511 688.506165
v -1296.001465 411.589111 689.979797
v -1292.069824 408.964325 690.649109
v -1285.742432 404.735596 690.082764
v -1277.245361 399.058685 685.232605
v -1271.845703 395.449738 679.956360
v -1270.376221 394.468842 675.440002
v -1272.308105 395.758759 671.550842
v -1277.245361 399.058685 669.233948
v -1284.117188 403.649872 669.379211
v -1291.133301 408.338501 670.575989
v -1300.263916 414.437286 669.222961
v -1311.066650 421.656128 666.697266
v -1322.786865 429.488983 666.561401
v -1323.489502 426.144043 689.723267
v -1310.117188 412.769775 688.430725
v -1301.832031 404.485229 689.966980
v -1298.651123 399.485626 690.553589
v -1293.382324 393.197113 689.874451
v -1286.986816 386.269775 685.240356
v -1283.902344 382.166748 680.788696
v -1282.797852 381.434601 677.002502
v -1283.866699 383.071381 673.651611
v -1287.162354 386.978424 671.464539
v -1291.857422 393.006012 671.079468
v -1297.430664 400.058197 670.998718
v -1305.456543 408.109924 669.131409
v -1314.644775 417.297760 666.653564
v -1324.612549 427.267120 666.561768
v -1325.950439 424.123047 689.723633
v -1315.445557 408.396576 688.463684
v -1308.934814 398.655212 689.977417
v -1304.294434 395.490082 690.671570
v -1296.930176 390.777496 690.023804
v -1290.594238 382.976593 685.145508
v -1288.022217 377.539429 680.270935
v -1288.056641 375.710114 676.106079
v -1289.822266 377.181396 672.480530
v -1293.517334 381.443024 670.218018
v -1299.223877 387.233307 670.311890
v -1305.449463 393.494690 670.972534
v -1311.782471 402.917206 669.135498
v -1319.002686 413.720947 666.655212
v -1326.833008 425.443695 666.561523
v -1328.761963 422.621490 689.723694
v -1321.524902 405.147034 688.582642
v -1317.041260 394.322601 689.992859
v -1315.654541 390.970978 690.859863
v -1313.100342 384.805817 690.578125
v -1308.406250 373.485046 685.130798
v -1305.398682 366.208496 678.892395
v -1304.642090 364.392578 673.624817
v -1305.743164 367.041992 669.082642
v -1308.406250 373.485046 666.606873
v -1311.885986 381.877533 667.538147
v -1314.900146 389.152802 670.291748
v -1319.002686 399.058685 669.280273
v -1323.974854 411.063141 666.727600
v -1329.369629 424.088745 666.561584
v -1331.807373 421.696686 689.723877
v -1328.120605 403.145935 688.463623
v -1325.832764 391.654999 689.977234
v -1326.877930 386.134125 690.671387
v -1328.825684 377.546631 689.996521
v -1327.765625 367.613281 685.177795
v -1325.687744 361.939056 680.280640
v -1324.373535 360.668152 676.108032
v -1324.161865 362.958588 672.481201
v -1324.562744 368.584656 670.219421
v -1324.622803 376.710663 670.312744
v -1324.650391 385.540710 670.972656
v -1326.833008 396.682587 669.135376
v -1329.369629 409.426453 666.655212
v -1332.117432 423.254364 666.561340
v -1334.979736 421.384521 689.723938
v -1334.979736 402.470306 688.408813
v -1334.979736 390.754059 689.932434
v -1334.979736 384.000702 690.383789
v -1334.905518 375.169281 688.999634
v -1334.942627 368.154968 685.420105
v -1334.979736 363.922699 681.864502
v -1334.979736 362.478607 678.507019
v -1334.979736 363.922699 675.546387
v -1334.979736 368.199524 673.419739
v -1334.979736 375.144745 672.274902
v -1334.979736 384.491394 671.036011
v -1334.979736 395.880341 669.124512
v -1334.979736 408.873840 666.651367
v -1334.979736 422.972626 666.561401
v -1338.152100 421.696686 689.723877
v -1341.838867 403.145935 688.478516
v -1344.126709 391.654999 689.979187
v -1342.626709 386.329102 690.734497
v -1339.983643 377.775360 690.244934
v -1340.988037 367.247589 685.184692
v -1343.302246 361.291656 680.012512
v -1344.813721 360.048462 675.672241
v -1345.118896 362.505310 671.897827
v -1344.800537 368.403961 669.595154
v -1344.986816 376.780212 669.925049
v -1345.301514 385.546082 670.958801
v -1343.126465 396.682587 669.136963
v -1340.589600 409.426453 666.655945
v -1337.842041 423.254364 666.561401
v -1341.197266 422.621490 689.723633
v -1348.434570 405.147034 688.619446
v -1352.918457 394.322662 689.995605
v -1354.103271 391.457458 690.978882
v -1356.475586 385.730408 690.778137
v -1361.553223 373.485046 685.084167
v -1364.822266 365.575287 678.385864
v -1365.617188 363.667755 672.739929
v -1364.412109 366.567474 667.856506
v -1361.553223 373.485046 665.277222
v -1357.917236 382.253815 666.614868
v -1355.010742 389.270142 670.151123
v -1350.956787 399.058685 669.307251
v -1345.984375 411.063141 666.742920
v -1340.589600 424.088745 666.561646
v -1344.009033 424.123047 689.723633
v -1354.514160 408.396576 688.478638
v -1361.024902 398.655212 689.979431
v -1365.848389 395.949585 690.734680
v -1373.766602 391.772095 690.245361
v -1380.504639 383.614685 685.184509
v -1383.080078 377.766907 680.012146
v -1382.887207 375.817780 675.669922
v -1380.937256 377.340698 671.896912
v -1376.990967 381.736633 669.593506
v -1370.933350 387.529846 669.923950
v -1364.510986 393.503632 670.958557
v -1358.177002 402.917206 669.137085
v -1350.956787 413.720947 666.656006
v -1343.126465 425.443695 666.561523
v -1346.469727 426.144073 689.723267
v -1359.842285 412.769775 688.408875
v -1368.127197 404.485229 689.932373
v -1372.904541 399.710083 690.384155
v -1379.292969 393.589355 688.978027
v -1384.170898 388.600037 685.423157
v -1387.103760 385.512543 681.864380
v -1388.122070 384.491394 678.507080
v -1387.103760 385.512543 675.546204
v -1384.076172 388.536713 673.419983
v -1379.167969 393.447723 672.274780
v -1372.557861 400.056763 671.035889
v -1364.502686 408.109985 669.124207
v -1355.314697 417.297760 666.651245
v -1345.346680 427.267120 666.561829
v -1348.493164 428.606476 689.723572
v -1364.216553 418.098511 688.370117
v -1373.957764 411.589111 689.932068
v -1379.575439 407.837585 690.384155
v -1386.885498 402.847626 688.967712
v -1392.693604 399.010101 685.424622
v -1396.268799 396.682587 681.864624
v -1397.470703 395.880341 678.506958
v -1396.268799 396.682587 675.546570
v -1392.713623 399.058685 673.419739
v -1386.938477 402.917267 672.275024
v -1379.167969 408.109924 671.035889
v -1369.695312 414.437286 669.124146
v -1358.892578 421.656128 666.651184
v -1347.172363 429.488983 666.561462
v -1349.992432 431.416290 689.724548
v -1367.469727 424.177979 688.425049
v -1378.293945 419.694397 689.964600
v -1383.284424 416.379303 690.533813
v -1390.310059 411.317230 689.569031
v -1398.071289 407.567169 685.281067
v -1403.080811 406.047424 680.966370
v -1404.666748 406.014008 677.157349
v -1403.080811 407.060608 673.849365
v -1398.607422 409.335327 671.670349
v -1391.982910 412.990112 671.206421
v -1384.051514 417.288971 671.003418
v -1373.557617 421.656128 669.131775
v -1361.553223 426.628510 666.653870
v -1348.525635 432.023895 666.561157
v -1350.918457 434.464569 689.723206
v -1369.466309 430.774628 688.492798
v -1380.960205 428.489288 689.977539
v -1385.784668 427.529633 690.617737
v -1393.394287 426.015472 689.985535
v -1403.080811 424.088715 685.251038
v -1409.221191 422.866760 680.145447
v -1410.921631 422.528900 675.749390
v -1408.733154 422.963928 671.964966
v -1403.080811 424.088715 669.671570
v -1395.110596 425.674072 669.686157
v -1386.742432 427.339020 670.623657
v -1375.933838 429.489014 669.212830
v -1363.186279 432.023895 666.692139
v -1349.360352 434.774445 666.561707
v -1351.228027 437.634918 689.723999
v -1370.144775 437.634918 688.424988
v -1381.859375 437.634918 689.963867
v -1387.741455 438.786591 690.534119
v -1396.076172 440.031250 689.687256
v -1404.975342 440.452057 685.272095
v -1410.063721 440.584106 680.933411
v -1411.461914 440.181122 677.157471
v -1409.596191 439.820801 673.849548
v -1404.592773 439.431641 671.670715
v -1397.075439 438.589783 671.206421
v -1388.102783 437.652466 671.003235
v -1376.731934 437.634918 669.131348
v -1363.741211 437.634918 666.653687
v -1349.640381 437.634918 666.561523
v -1350.918457 440.805237 689.723206
v -1369.466309 444.495178 688.425720
v -1380.960205 446.780548 689.965515
v -1386.941162 446.771790 690.538513
v -1395.558105 446.499420 689.599060
v -1404.167969 447.662842 685.277222
v -1409.188477 449.148102 680.948608
v -1410.524658 450.012634 677.130615
v -1408.614258 450.007782 673.815308
v -1403.615479 449.418182 671.635437
v -1396.062988 448.792023 671.185303
v -1387.087891 447.981201 671.001953
v -1375.933838 445.780823 669.130554
v -1363.186279 443.245911 666.653137
v -1349.360352 440.495361 666.561707
v -1349.992432 443.853516 689.724548
v -1367.469727 451.091827 688.495422
v -1378.293945 455.575378 689.977661
v -1382.805176 457.445862 690.621521
v -1389.950684 460.404572 690.002380
v -1399.131348 464.206665 685.247620
v -1404.953125 466.619232 680.112244
v -1406.559814 467.284210 675.695312
v -1404.483887 466.424744 671.892456
v -1399.131348 464.206665 669.594604
v -1391.600342 461.087799 669.632385
v -1383.729248 457.828400 670.616760
v -1373.557617 453.613678 669.215881
v -1361.553223 448.641296 666.693726
v -1348.525635 443.245911 666.561157
v -1348.493164 446.663330 689.723572
v -1364.216553 457.171265 688.425842
v -1373.957764 463.680664 689.964600
v -1378.183350 467.915466 690.538025
v -1384.054932 474.279175 689.580383
v -1390.956543 479.498138 685.277832
v -1395.595947 481.968475 680.948608
v -1397.152344 482.301239 677.130676
v -1395.797607 480.954590 673.815430
v -1391.845215 477.835602 671.635376
v -1386.062012 472.938293 671.185242
v -1379.141602 467.163757 671.002197
v -1369.695312 460.832489 669.130798
v -1358.892578 453.613678 666.653381
v -1347.172363 445.780823 666.561462
v -1346.469727 449.125702 689.723267
v -1359.842285 462.500031 688.386414
v -1368.127197 470.784576 689.932373
v -1372.904541 475.559723 690.384155
v -1379.221436 481.744598 688.986877
v -1384.135010 486.718353 685.421936
v -1387.103760 489.757263 681.864380
v -1388.122070 490.778412 678.507080
v -1387.103760 489.757263 675.546204
v -1384.076172 486.733093 673.419983
v -1379.167969 481.822083 672.274780
v -1372.557861 475.213043 671.035889
v -1364.502686 467.159821 669.124207
v -1355.314697 457.972046 666.651245
v -1345.346680 448.002655 666.561829
v -1344.009033 451.146759 689.723633
v -1354.514160 466.873199 688.464905
v -1361.024902 476.614563 689.977722
v -1365.679199 479.743195 690.676392
v -1373.167236 484.395233 690.010925
v -1379.481934 492.201782 685.176147
v -1382.027832 497.712219 680.258789
v -1381.980957 499.551086 676.071167
v -1380.200684 498.075684 672.434082
v -1376.485596 493.803345 670.168335
v -1370.751221 488.012878 670.281128
v -1364.509766 481.774445 670.971436
v -1358.177002 472.352539 669.135681
v -1350.956787 461.548859 666.655334
v -1343.126465 449.826111 666.561523
v -1341.197266 452.648285 689.723633
v -1348.434570 470.122742 688.585571
v -1352.918457 480.947113 689.993164
v -1354.288818 484.259827 690.869019
v -1356.828125 490.389618 690.595032
v -1361.553223 501.784760 685.127014
v -1364.581299 509.111725 678.851990
v -1365.341064 510.934814 673.554016
v -1364.231689 508.265594 668.984924
v -1361.553223 501.784760 666.501526
v -1358.060791 493.362274 667.464844
v -1355.055420 486.107666 670.280579
v -1350.956787 476.211090 669.282471
v -1345.984375 464.206665 666.728821
v -1340.589600 451.181061 666.561646
v -1338.152100 453.573090 689.723877
v -1341.838867 472.123779 688.464844
v -1344.126709 483.614716 689.977478
v -1343.045410 489.120087 690.676270
v -1341.041992 497.704926 690.010620
v -1342.097656 507.685638 685.176453
v -1344.194336 513.382141 680.259094
v -1345.524414 514.650818 676.073120
v -1345.743408 512.347229 672.434937
v -1345.349121 506.699524 670.169800
v -1345.308594 498.553558 670.282043
v -1345.308105 489.728668 670.971558
v -1343.126465 478.587158 669.135559
v -1340.589600 465.843292 666.655273
v -1337.842041 452.015411 666.561462
v -1334.979736 453.885223 689.723938
v -1334.979736 472.799500 688.386414
v -1334.979736 484.515717 689.932434
v -1334.979736 491.269104 690.383789
v -1334.991211 500.104156 688.993591
v -1334.981445 507.108276 685.421021
v -1334.979736 511.347076 681.864502
v -1334.979736 512.791077 678.507019
v -1334.979736 511.347076 675.546448
v -1334.979736 507.070221 673.419739
v -1334.979736 500.125031 672.274902
v -1334.979736 490.778412 671.036011
v -1334.979736 479.389465 669.124512
v -1334.979736 466.395966 666.651367
v -1334.979736 452.297150 666.561462
v -1331.807373 453.573090 689.723877
v -1328.120605 472.123779 688.453552
v -1325.832764 483.614746 689.974915
v -1326.587891 489.261963 690.632568
v -1328.089600 497.869537 689.883728
v -1326.993652 507.422424 685.188049
v -1325.067383 512.916199 680.455261
v -1323.879395 514.204773 676.389099
v -1323.727539 512.020935 672.853333
v -1324.181396 506.569458 670.617188
v -1324.399170 498.603607 670.558533
v -1324.645752 489.732513 670.981201
v -1326.833008 478.587158 669.134277
v -1329.369629 465.843292 666.654724
v -1332.117432 452.015411 666.561462
v -1328.761963 452.648285 689.723633
v -1321.524902 470.122742 688.558838
v -1317.041260 480.947174 689.989868
v -1315.523438 484.614502 690.788574
v -1312.852539 491.061676 690.435181
v -1308.406250 501.784760 685.161987
v -1305.566162 508.655975 679.219788
v -1304.834229 510.413055 674.196533
v -1305.868652 507.924103 669.867859
v -1308.406250 501.784760 667.449219
v -1311.786133 493.633026 668.126282
v -1314.868896 486.192108 670.382080
v -1319.002686 476.211090 669.262695
v -1323.974854 464.206665 666.717896
v -1329.369629 451.181061 666.561584
v -1325.950439 451.146759 689.723572
v -1315.445557 466.873199 688.453613
v -1308.934570 476.614563 689.975098
v -1304.410156 480.074097 690.632751
v -1297.805176 485.315338 690.007690
v -1291.682129 493.116638 685.171570
v -1288.833252 498.024841 680.422546
v -1288.691162 499.637421 676.384094
v -1290.334473 498.190186 672.852661
v -1293.868896 494.014648 670.615967
v -1299.350586 488.226288 670.557861
v -1305.450439 481.780853 670.981140
v -1311.782471 472.352539 669.134399
v -1319.002686 461.548859 666.654785
v -1326.833008 449.826111 666.561523
v -1323.489502 449.125732 689.723267
v -1310.117188 462.500031 688.465454
v -1301.832031 470.784515 689.977234
v -1299.690186 475.965057 690.678833
v -1295.694824 482.538940 690.492310
v -1288.179688 491.133728 685.091919
v -1284.526611 495.477722 680.036499
v -1283.390381 495.867188 676.021606
v -1284.534180 493.810181 672.407776
v -1288.001221 489.313232 670.150635
v -1292.565430 482.557037 670.259460
v -1297.454102 475.210419 670.967102
v -1305.456543 467.159821 669.135925
v -1314.644775 457.972046 666.655457
v -1324.612549 448.002655 666.561768
v -1321.466064 446.663269 689.723633
v -1305.742676 457.171265 688.587524
v -1296.001465 463.680634 689.991455
v -1293.041992 465.655762 690.874023
v -1288.206055 468.888000 690.792297
v -1277.245361 476.211121 685.122437
v -1269.998779 481.054413 678.270325
v -1268.552734 482.019104 672.933533
v -1271.215332 480.241364 668.416809
v -1277.245361 476.211121 666.156250
v -1284.843750 471.134521 667.414795
v -1291.375732 466.769226 670.252441
v -1300.263916 460.832458 669.287415
v -1311.066650 453.613678 666.731689
v -1322.786865 445.780792 666.561462
v -1319.966797 443.853516 689.724609
v -1302.489746 451.091827 688.465637
v -1291.665283 455.575317 689.977478
v -1286.062744 455.570648 690.677856
v -1278.627930 456.966003 690.550964
v -1267.653076 460.727356 685.085693
v -1262.213867 462.215668 680.012573
v -1261.434814 463.020813 676.018616
v -1263.776855 462.741211 672.407654
v -1269.254150 461.262573 670.148987
v -1277.245361 459.628448 670.259277
v -1285.905762 457.924438 670.967590
v -1296.401367 453.613647 669.137024
v -1308.406250 448.641296 666.656006
v -1321.433594 443.245911 666.561096
v -1319.040771 440.805267 689.723206
v -1300.492920 444.495178 688.463318
v -1288.999023 446.780487 689.977905
v -1284.295166 449.854462 690.671509
v -1277.124268 454.276062 690.140564
v -1267.177490 457.111603 685.131958
v -1261.357666 457.847687 680.232300
v -1259.804199 457.266937 676.105957
v -1261.852295 456.210266 672.487244
v -1267.198730 454.428955 670.225586
v -1274.728271 451.379303 670.317139
v -1282.896240 448.027008 670.972290
v -1294.025146 445.780792 669.134766
v -1306.772949 443.245911 666.654846
v -1320.598633 440.495361 666.561707
v -1318.731445 437.634918 689.724060
v -1299.814453 437.634918 688.582275
v -1284.466064 437.634918 690.858398
v -1265.543701 437.634918 685.131409
v -1265.543701 437.634918 666.620850
v -1282.502686 437.634918 670.293457
v -1293.227295 437.634918 669.280212
v -1306.218018 437.634918 666.727600
v -1320.319092 437.634918 666.561462
vn 0.0226 -0.0002 0.9997
vn -0.0305 0.0903 0.9955
vn -0.1080 0.0827 0.9907
vn 0.0990 -0.0103 0.9950
vn 0.1438 0.1806 0.9730
vn 0.4329 0.8195 0.3755
vn -0.4612 0.8104 0.3613
vn -0.5364 -0.8200 0.1996
vn 0.8326 -0.0378 0.5526
vn 0.4532 -0.7851 0.4222
vn 0.2781 -0.4816 -0.8311
vn 0.1311 0.3527 -0.9265
vn -0.2781 0.4816 -0.8311
vn -0.2289 -0.5980 -0.7681
vn 0.5463 -0.0340 -0.8369
vn 0.0562 -0.0827 0.9950
vn -0.0428 0.1060 0.9934
vn -0.1799 0.0017 0.9837
vn 0.2461 0.0017 0.9693
vn 0.0827 0.0911 0.9924
vn 0.4356 0.8236 0.3633
vn -0.4758 0.8242 0.3071
vn -0.5032 -0.7591 0.4131
vn 0.9262 -0.0348 0.3755
vn 0.4268 -0.7179 0.5499
vn 0.2437 0.4901 -0.8369
vn -0.1123 -0.4954 -0.8614
vn 0.3710 -0.0628 -0.9265
vn -0.7427 0.5688 -0.3533
vn -0.7916 0.5463 -0.2737
vn -0.4917 -0.8708 -0.0000
vn -0.6981 -0.7134 0.0609
vn -0.4391 -0.7506 0.4938
vn 0.4509 -0.8532 -0.2622
vn -0.8185 -0.4040 -0.4085
vn -0.6671 -0.6423 -0.3773
vn -0.5391 0.0799 -0.8384
vn -0.2581 -0.9345 -0.2452
vn -0.2384 -0.9397 -0.2452
vn -0.2532 -0.9388 -0.2335
vn 0.7896 0.6049 -0.1026
vn 0.7889 0.6064 -0.0998
vn 0.7988 0.5954 -0.0868
vn 0.8993 -0.1440 -0.4130
vn 0.9014 -0.1416 -0.4092
vn 0.9043 -0.1564 -0.3973
vn 0.5574 0.8206 0.1265
vn 0.5229 0.7210 0.4547
vn 0.3841 0.8962 0.2220
vn -0.3591 -0.9183 -0.1666
vn -0.4254 -0.8959 -0.1280
vn -0.4132 -0.9079 -0.0706
vn -0.1253 -0.7861 -0.6053
vn -0.4601 -0.4413 -0.7704
vn -0.6047 -0.6424 -0.4709
vn 0.6120 0.7734 -0.1652
vn 0.2864 0.9151 -0.2839
vn 0.4132 0.7136 -0.5657
vn 0.7732 0.5696 -0.2786
vn 0.8299 0.5135 -0.2182
vn 0.5237 0.7050 0.4782
vn 0.1156 -0.1441 -0.9828
vn 0.2661 -0.2216 -0.9381
vn 0.3743 0.0840 -0.9235
vn 0.4304 -0.3737 -0.8217
vn 0.6172 -0.0767 -0.7831
vn 0.3581 -0.0891 -0.9294
vn 0.4182 -0.0579 0.9065
vn 0.4993 -0.2478 -0.8302
vn 0.9071 0.3702 -0.2001
vn 0.8410 0.2955 0.4533
vn 0.4535 -0.0289 0.8908
vn -0.2755 -0.9605 0.0383
vn 0.7593 -0.5009 -0.4155
vn -0.1635 -0.0225 0.9863
vn -0.0377 -0.8536 0.5195
vn 0.4868 -0.8700 -0.0776
vn 0.6159 0.7874 0.0266
vn 0.3059 -0.9260 0.2210
vn -0.4806 0.7494 0.4556
vn -0.2791 -0.1749 -0.9442
vn -0.2598 -0.2770 -0.9251
vn -0.4397 -0.8981 -0.0008
vn -0.1963 -0.9733 0.1192
vn 0.0237 -0.6850 -0.7282
vn -0.4141 -0.8466 0.3345
vn 0.1117 -0.6646 -0.7388
vn -0.8254 -0.5326 -0.1870
vn -0.3524 -0.8244 -0.4429
vn -0.1821 -0.2023 -0.9623
vn -0.8248 -0.3602 -0.4359
vn -0.0362 0.0194 0.9992
vn -0.0271 0.0033 0.9996
vn -0.0335 0.0191 0.9993
vn 0.8301 0.5540 0.0628
vn 0.8264 0.5571 0.0817
vn 0.8260 0.5579 0.0809
vn -0.0874 0.0193 0.9960
vn -0.1514 0.0046 0.9885
vn -0.1185 0.0613 0.9911
vn 0.8510 -0.3219 -0.4149
vn 0.7299 -0.6834 -0.0137
vn 0.7909 -0.3855 -0.4752
vn 0.5961 0.6212 -0.5086
vn 0.0518 0.9973 -0.0518
vn 0.2322 0.6977 -0.6778
vn 0.3469 -0.2146 -0.9130
vn 0.2365 0.1234 -0.9638
vn 0.2175 -0.2135 -0.9524
vn 0.8415 0.1945 -0.5040
vn -0.9789 0.1510 0.1376
vn 0.2091 -0.4729 0.8559
vn 0.8689 0.0453 -0.4928
vn -0.0829 0.3538 0.9316
vn 0.0895 -0.8638 0.4958
vn 0.3105 0.7803 0.5428
vn -0.0746 0.3256 0.9426
vn 0.1768 -0.9305 0.3209
vn -0.5774 0.5178 0.6313
vn -0.2412 0.0725 -0.9678
vn -0.6025 -0.7944 0.0771
vn -0.4400 -0.7950 -0.4176
vn -0.8234 -0.0388 -0.5661
vn -0.8891 -0.2628 -0.3748
vn -0.1581 0.3015 0.9403
vn -0.3110 0.6018 -0.7356
vn -0.9089 -0.4155 -0.0352
vn 0.2649 0.1346 0.9548
vn 0.6644 -0.2345 -0.7097
vn 0.8347 0.5422 -0.0968
vn 0.0210 0.5366 0.8436
vn -0.5465 0.4855 -0.6823
vn -0.7552 -0.5869 0.2918
vn 0.7393 0.0094 -0.6733
vn 0.2950 0.2007 0.9342
vn -0.1051 -0.9205 0.3763
vn 0.8813 0.4032 -0.2466
vn -0.9972 -0.0612 0.0433
vn 0.4684 -0.2803 0.8378
vn 0.3933 -0.6621 -0.6380
vn 0.0942 -0.1040 0.9901
vn -0.2106 -0.8977 0.3869
vn -0.0957 0.1982 0.9755
vn -0.3936 0.7426 -0.5418
vn -0.7598 -0.6312 0.1555
vn 0.1370 0.6666 0.7327
vn -0.5756 0.2672 -0.7728
vn -0.5596 0.2301 -0.7962
vn -0.9169 -0.1877 -0.3522
vn -0.9296 -0.3600 -0.0794
vn -0.4544 0.4719 -0.7555
vn 0.1457 -0.5962 -0.7895
vn 0.2054 -0.3064 0.9295
vn -0.3158 -0.8547 0.4121
vn 0.2836 0.9434 -0.1719
vn 0.2507 0.8926 -0.3748
vn 0.2381 0.7710 0.5906
vn -0.0143 0.4879 0.8728
vn -0.4495 0.4183 -0.7893
vn -0.8922 -0.3895 0.2286
vn -0.1072 -0.8677 -0.4855
vn 0.9122 0.3608 -0.1942
vn -0.2137 -0.9754 -0.0533
vn 0.4472 -0.2531 -0.8579
vn 0.4587 -0.0021 0.8886
vn -0.2443 -0.9234 0.2959
vn 0.7780 0.0987 -0.6204
vn 0.9104 0.3703 -0.1847
vn 0.1169 -0.4065 0.9062
vn 0.7704 0.6141 -0.1715
vn -0.8761 -0.4109 -0.2522
vn 0.0530 -0.1236 0.9909
vn -0.4975 -0.6827 -0.5352
vn -0.5276 -0.8163 -0.2352
vn -0.3027 0.0841 -0.9494
vn 0.8098 0.5331 -0.2452
vn 0.6034 0.7968 0.0306
vn -0.1632 -0.2751 0.9475
vn -0.6337 0.2491 0.7324
vn -0.2482 0.3433 -0.9059
vn -0.5097 -0.8542 -0.1025
vn -0.1665 0.9294 -0.3294
vn -0.0853 0.7946 -0.6011
vn -0.4036 0.8524 0.3325
vn -0.0960 0.2864 0.9533
vn 0.8867 -0.0185 -0.4620
vn 0.6074 0.7942 0.0179
vn -0.4077 -0.0503 0.9117
vn -0.4644 -0.1639 0.8703
vn -0.4567 0.4679 -0.7566
vn 0.0799 0.9945 -0.0674
vn -0.1212 0.8642 -0.4883
vn 0.1237 0.8620 0.4915
vn 0.0905 0.7831 0.6153
vn -0.7124 0.1666 -0.6817
vn -0.7714 -0.0516 -0.6343
vn 0.0255 -0.9921 -0.1228
vn 0.8451 0.5271 -0.0898
vn -0.0012 -0.9988 0.0492
vn 0.8719 0.3955 -0.2888
vn 0.8353 0.5434 -0.0836
vn -0.0642 -0.5327 0.8439
vn 0.7241 0.5411 0.4277
vn 0.2958 0.1616 0.9415
vn -0.1066 -0.9639 0.2442
vn -0.9050 -0.3106 -0.2906
vn -0.8463 -0.5320 -0.0271
vn -0.6360 0.4502 -0.6268
vn -0.1383 0.3248 0.9356
vn 0.2089 0.9760 -0.0620
vn -0.7142 0.0825 -0.6950
vn -0.3141 -0.8489 -0.4252
vn 0.4283 -0.0176 0.9035
vn -0.3803 0.9154 0.1321
vn -0.2695 0.1557 0.9503
vn 0.2101 0.9764 -0.0503
vn -0.5959 0.2498 -0.7632
vn -0.1580 -0.8174 0.5540
vn 0.1934 -0.5604 -0.8053
vn 0.7186 0.3005 0.6272
vn 0.1422 -0.5887 -0.7957
vn 0.9097 0.3707 -0.1869
vn 0.1661 -0.3537 0.9205
vn -0.3783 -0.3511 0.8565
vn -0.3748 -0.4173 0.8279
vn -0.5616 0.5590 -0.6100
vn -0.0843 0.2443 0.9660
vn -0.0062 1.0000 0.0070
vn -0.8300 -0.1692 -0.5315
vn -0.0949 -0.9866 -0.1325
vn 0.5540 -0.0420 0.8315
vn -0.5378 0.8312 0.1411
vn -0.2451 -0.0788 0.9663
vn -0.0008 0.9996 0.0278
vn -0.7248 0.1647 -0.6690
vn -0.0905 -0.8396 0.5356
vn 0.4273 -0.6002 -0.6761
vn 0.6512 0.6128 0.4477
vn 0.3876 -0.6200 -0.6821
vn 0.8348 0.5435 -0.0883
vn -0.0312 -0.4616 0.8865
vn -0.6499 -0.2584 0.7147
vn -0.6195 -0.3577 0.6988
vn -0.2944 0.1265 -0.9473
vn -0.6291 0.2850 0.7231
vn -0.2821 0.9181 -0.2785
vn -0.3397 -0.4392 -0.8317
vn 0.3163 -0.9423 -0.1096
vn 0.0090 0.2902 0.9569
vn -0.7777 0.5643 -0.2771
vn -0.6617 0.0242 0.7494
vn -0.2868 0.9208 -0.2643
vn -0.2924 -0.1938 -0.9364
vn 0.0028 -0.7344 0.6788
vn 0.7851 -0.4417 -0.4342
vn 0.1549 0.7710 0.6178
vn 0.7555 -0.4878 -0.4374
vn 0.6040 0.7965 0.0276
vn -0.1608 -0.1942 0.9677
vn -0.0740 0.0013 0.9973
vn -0.0729 0.0133 0.9973
vn -0.0924 0.0086 0.9957
vn -0.1210 0.0289 0.9922
vn -0.1954 0.0439 0.9797
vn -0.1347 0.0210 0.9907
vn -0.0835 0.0214 0.9963
vn -0.0794 0.0250 0.9965
vn -0.0658 0.0208 0.9976
vn -0.1805 0.0961 0.9789
vn -0.1017 0.1145 0.9882
vn -0.0943 0.0969 0.9908
vn -0.0397 0.9655 -0.2575
vn -0.0456 0.9683 -0.2455
vn -0.0631 0.9515 -0.3010
vn -0.3905 -0.8873 -0.2453
vn -0.3378 -0.8914 -0.3023
vn -0.3137 -0.9124 -0.2628
vn 0.0672 -0.9283 -0.3657
vn 0.0157 -0.9919 -0.1257
vn 0.0732 -0.9229 -0.3780
vn -0.9739 -0.0996 0.2039
vn -0.9748 0.0396 0.2198
vn -0.9887 0.0022 0.1499
vn -0.7413 -0.1401 -0.6564
vn -0.7548 -0.0008 -0.6559
vn -0.7104 -0.0306 -0.7031
vn -0.1627 0.6001 -0.7832
vn 0.0430 0.1370 0.9896
vn 0.0434 0.0727 0.9964
vn 0.0675 0.0008 0.9977
vn 0.2112 0.0284 -0.9770
vn 0.4602 -0.8862 -0.0531
vn -0.1808 -0.0796 0.9803
vn -0.1804 -0.0798 0.9803
vn 0.0948 0.2665 -0.9592
vn 0.6372 -0.0404 -0.7697
vn 0.3652 -0.7483 -0.5538
vn 0.1996 -0.7446 -0.6369
vn 0.2644 -0.7477 -0.6092
vn -0.2585 -0.9355 -0.2410
vn -0.2507 -0.9345 -0.2525
vn -0.2387 -0.9409 -0.2403
vn 0.9141 -0.1326 -0.3833
vn 0.9201 -0.1229 -0.3720
vn 0.9202 -0.1230 -0.3717
vn -0.0970 0.0160 0.9952
vn -0.0776 0.0196 0.9968
vn -0.0871 0.0317 0.9957
vn -0.1174 0.0238 0.9928
vn -0.1002 0.0522 0.9936
vn -0.1723 0.0341 0.9844
vn -0.0650 0.0264 0.9975
vn -0.0704 0.0277 0.9971
vn -0.0782 0.0238 0.9967
vn -0.0958 0.1049 0.9899
vn -0.1137 0.0549 0.9920
vn -0.1056 0.1187 0.9873
vn -0.0292 0.9601 -0.2782
vn -0.0350 0.9485 -0.3147
vn -0.0286 0.9563 -0.2910
vn -0.3241 -0.9146 -0.2417
vn -0.3636 -0.8813 -0.3020
vn -0.3178 -0.9080 -0.2730
vn 0.0853 -0.9500 -0.3003
vn 0.0776 -0.9413 -0.3286
vn 0.1094 -0.9654 -0.2366
vn -0.9426 -0.0566 -0.3290
vn -0.9651 -0.0708 -0.2522
vn -0.9580 0.0639 -0.2797
vn -0.9776 -0.1139 -0.1770
vn -0.9879 -0.1167 -0.1023
vn -0.9897 0.0147 -0.1424
vn -0.2053 0.7143 -0.6691
vn 0.8143 0.0874 0.5739
vn 0.8050 -0.0682 0.5893
vn 0.7934 -0.1314 0.5944
vn 0.2045 0.0308 -0.9784
vn 0.1958 -0.9741 0.1133
vn -0.2346 0.0303 0.9716
vn -0.2271 0.0388 0.9731
vn -0.2260 0.0400 0.9733
vn -0.7047 0.0575 0.7072
vn -0.7041 0.0189 0.7098
vn -0.7046 0.0305 0.7090
vn -0.1083 0.0748 0.9913
vn 0.0981 0.2638 -0.9596
vn 0.2155 0.0063 -0.9765
vn 0.0323 0.9679 -0.2492
vn 0.0759 0.9595 -0.2713
vn -0.0202 0.9701 -0.2419
vn 0.8660 -0.5000 -0.0000
vn -0.0000 -1.0000 -0.0000
vn -0.8660 -0.5000 -0.0000
vn -0.0000 -0.0000 1.0000
vn 0.8660 0.5000 -0.0000
vn -0.8660 0.5000 -0.0000
vn -0.0000 1.0000 -0.0000
vn 0.6975 -0.0973 -0.7099
vn 0.2439 0.0552 0.9682
vn 0.6164 -0.6547 0.4375
vn 0.8096 -0.4942 -0.3167
vn 0.0578 0.9845 -0.1659
vn 0.8095 -0.5866 0.0246
vn -0.6035 0.4566 0.6537
vn -0.4606 -0.4426 -0.7693
vn -0.3843 -0.5156 -0.7658
vn 0.4606 0.4066 -0.7890
vn 0.0840 0.4048 0.9105
vn 0.7103 -0.6015 0.3655
vn 0.0151 0.9041 0.4270
vn 0.1093 0.3871 0.9155
vn 0.7494 -0.6408 0.1665
vn -0.4898 0.2399 0.8382
vn -0.5727 -0.2186 -0.7900
vn -0.0063 -0.9668 0.2555
vn 0.1968 0.8863 -0.4192
vn -0.5396 -0.8377 0.0843
vn 0.4649 0.0823 0.8815
vn -0.2074 -0.9170 -0.3407
vn -0.0502 -0.9968 -0.0620
vn -0.6192 -0.2376 -0.7484
vn 0.2437 0.8265 -0.5074
vn 0.0446 0.9866 -0.1567
vn 0.3654 -0.1635 0.9164
vn -0.3523 0.0009 0.9359
vn -0.7007 0.0157 -0.7132
vn 0.0317 -0.9982 0.0505
vn -0.7441 0.6438 -0.1784
vn -0.7081 0.5286 -0.4682
vn -0.6445 0.5632 0.5172
vn 0.1180 0.3448 0.9312
vn 0.5195 0.3670 -0.7716
vn 0.0444 0.9844 -0.1701
vn -0.0991 -0.4375 0.8937
vn -0.0284 -0.5080 0.8609
vn -0.6349 -0.1972 -0.7470
vn -0.3714 0.0321 0.9279
vn -0.8078 0.5830 -0.0872
vn -0.3246 -0.6783 -0.6592
vn 0.7066 -0.6480 -0.2841
vn 0.1973 0.4027 0.8938
vn -0.9959 0.0301 0.0850
vn -0.2470 -0.2001 0.9481
vn -0.8077 0.5851 -0.0722
vn -0.4578 -0.4642 -0.7582
vn 0.6410 -0.5078 0.5755
vn 0.6788 -0.0372 -0.7334
vn -0.0716 0.8281 0.5560
vn 0.6797 -0.0918 -0.7277
vn 0.0441 0.9862 -0.1597
vn 0.3312 -0.0909 0.9392
vn 0.5909 -0.3833 -0.7099
vn 0.2444 -0.0531 0.9682
vn 0.2816 -0.8540 0.4375
vn 0.5246 -0.7903 -0.3167
vn 0.4687 0.8676 -0.1659
vn 0.4854 -0.8739 0.0246
vn -0.3537 0.6690 0.6537
vn -0.6046 -0.2062 -0.7693
vn -0.5663 -0.3046 -0.7658
vn 0.5894 0.1736 -0.7890
vn 0.2473 0.3313 0.9105
vn 0.3892 -0.8455 0.3654
vn 0.3961 0.8129 0.4270
vn 0.2628 0.3045 0.9155
vn 0.4080 -0.8977 0.1665
vn -0.3423 0.4246 0.8382
vn -0.6115 0.0441 -0.7900
vn -0.4146 -0.8734 0.2555
vn 0.5532 0.7199 -0.4192
vn -0.8432 -0.5309 0.0843
vn 0.4561 -0.1220 0.8815
vn -0.5758 -0.7432 -0.3407
vn -0.4672 -0.8820 -0.0620
vn -0.6616 0.0466 -0.7484
vn 0.5704 0.6459 -0.5074
vn 0.4577 0.8752 -0.1567
vn 0.2619 -0.3027 0.9164
vn -0.3188 0.1498 0.9359
vn -0.6283 0.3106 -0.7132
vn -0.3935 -0.9179 0.0505
vn -0.4019 0.8981 -0.1784
vn -0.4181 0.7785 -0.4682
vn -0.3458 0.7829 0.5172
vn 0.2527 0.2625 0.9312
vn 0.6260 0.1128 -0.7716
vn 0.4566 0.8732 -0.1701
vn -0.2749 -0.3545 0.8937
vn -0.2406 -0.4483 0.8609
vn -0.6587 0.0898 -0.7470
vn -0.3229 0.1861 0.9279
vn -0.4854 0.8699 -0.0872
vn -0.5810 -0.4773 -0.6592
vn 0.3662 -0.8861 -0.2841
vn 0.3491 0.2814 0.8938
vn -0.8897 0.4485 0.0850
vn -0.3085 -0.0768 0.9481
vn -0.4844 0.8718 -0.0722
vn -0.6112 -0.2270 -0.7582
vn 0.3660 -0.7313 0.5755
vn 0.5993 -0.3208 -0.7334
vn 0.2854 0.7806 0.5560
vn 0.5771 -0.3707 -0.7277
vn 0.4571 0.8749 -0.1597
vn 0.2616 -0.2225 0.9392
vn -0.6413 0.3597 -0.6778
vn 0.4876 -0.2042 0.8489
vn 0.8356 -0.4602 -0.3000
vn 0.7869 -0.3657 0.4970
vn -0.8796 -0.2230 -0.4201
vn 0.3394 -0.1131 0.9338
vn -0.8507 -0.3089 -0.4254
vn 0.6483 -0.3694 0.6658
vn 0.0401 -0.4403 0.8969
vn -0.4215 -0.4553 0.7842
vn -0.0585 -0.4920 0.8686
vn -0.4706 0.0520 0.8808
vn 0.6581 0.2390 0.7140
vn 0.8993 -0.4350 -0.0450
vn 0.3688 -0.9210 0.1256
vn 0.8599 -0.5096 -0.0290
vn 0.3681 -0.4396 0.8193
vn 0.0214 -0.4034 0.9148
vn 0.0649 -0.4327 0.8992
vn -0.7191 0.2396 -0.6523
vn 0.2688 0.0657 0.9610
vn 0.6833 0.2032 0.7013
vn 0.7602 -0.4324 0.4848
vn -0.0938 -0.1557 -0.9833
vn -0.8620 -0.1093 -0.4949
vn 0.0307 -0.1391 0.9898
vn -0.8343 -0.1311 0.5355
vn 0.2254 -0.3916 0.8921
vn -0.7341 0.0811 0.6742
vn -0.0725 0.4574 0.8863
vn 0.7617 -0.0842 -0.6424
vn -0.1005 0.6344 -0.7665
vn -0.5235 -0.6071 0.5978
vn -0.8893 -0.1664 0.4259
vn -0.8775 -0.2026 0.4348
vn -0.0307 0.1391 0.9898
vn -0.6369 0.3188 0.7020
vn -0.0793 0.3587 0.9301
vn -0.5848 -0.2124 0.7829
vn 0.0586 -0.3697 0.9273
vn 0.6706 -0.3356 -0.6616
vn 0.0803 -0.5067 -0.8584
vn 0.9676 -0.1069 -0.2288
vn -0.6977 -0.7094 0.1001
vn -0.8952 -0.1531 0.4185
vn 0.8759 0.1402 0.4616
vn 0.8482 0.2316 0.4763
vn 0.8470 0.1994 0.4927
vn 0.5856 0.2127 -0.7822
vn -0.0831 0.3761 -0.9228
vn -0.8109 0.4900 -0.3198
vn -0.8240 0.5318 -0.1953
vn -0.8084 0.5495 -0.2111
vn -0.6355 0.7707 -0.0473
vn -0.9239 0.3622 -0.1231
vn -0.8443 0.4007 -0.3558
vn 0.7841 0.0719 0.6165
vn 0.4132 0.0270 0.9102
vn 0.7003 0.7103 0.0711
vn 0.4562 0.8784 0.1426
vn 0.6626 0.7421 0.1012
vn -0.8228 0.3226 0.4678
vn 0.9226 -0.1020 -0.3720
vn -0.8444 0.1153 -0.5231
vn -0.0825 0.3733 -0.9240
vn 0.0581 -0.3664 0.9286
vn -0.1332 -0.3728 0.9183
vn -0.9949 -0.0799 -0.0622
vn 0.0810 -0.5111 -0.8557
vn -0.0800 0.3621 0.9287
vn 0.1969 -0.2398 -0.9506
vn 0.4008 -0.1863 0.8970
vn 0.7201 -0.0796 -0.6893
vn 0.7832 -0.3717 0.4985
vn -0.8690 -0.0568 -0.4916
vn 0.4189 -0.1535 0.8950
vn 0.1148 -0.3726 0.9209
vn 0.1381 -0.3432 0.9291
vn -0.4445 -0.8387 0.3146
vn 0.5898 -0.8051 0.0621
vn -0.0455 -0.3223 0.9456
vn -0.0367 -0.3366 0.9409
vn 0.0716 -0.4387 0.8958
vn -0.7338 0.6193 -0.2792
vn 0.3523 0.1048 0.9300
vn 0.7122 0.3096 0.6300
vn 0.7069 -0.2590 0.6582
vn 0.0389 -0.2457 -0.9686
vn -0.8893 -0.2173 -0.4024
vn 0.0664 -0.4191 0.9055
vn -0.8314 0.2929 0.4723
vn 0.2094 0.3475 0.9140
vn 0.8349 0.3817 -0.3965
vn -0.3228 0.5608 -0.7624
vn -0.6186 -0.5496 0.5615
vn -0.5231 -0.6073 0.5980
vn 0.1574 -0.5868 0.7943
vn -0.0573 0.3615 0.9306
vn 0.0816 -0.3691 0.9258
vn 0.1104 -0.4993 -0.8594
vn 0.8790 -0.3446 -0.3296
vn 0.6573 -0.7024 -0.2733
vn -0.8666 0.0958 0.4897
vn 0.3678 0.9112 -0.1856
vn -0.0597 0.3767 -0.9244
vn 0.9452 -0.1627 0.2830
vn 0.9526 0.0697 0.2962
vn 0.9395 -0.0068 0.3425
vn 0.9189 0.1394 -0.3690
vn 0.8846 -0.3005 -0.3566
vn -0.8668 0.3630 -0.3419
vn 0.7912 0.2006 0.5777
vn 0.4546 0.0417 0.8897
vn -0.1207 -0.9923 -0.0291
vn -0.1005 -0.9835 -0.1506
vn -0.0430 -0.9989 -0.0165
vn -0.9143 0.1011 0.3922
vn 0.9529 0.1629 -0.2558
vn -0.9641 0.0958 -0.2476
vn -0.0592 0.3737 -0.9257
vn 0.0808 -0.3656 0.9273
vn 0.1630 0.4563 -0.8748
vn 0.0531 -0.3348 0.9408
vn 0.4777 -0.8759 0.0676
vn 0.7100 -0.7041 0.0119
vn 0.6642 -0.7452 0.0598
vn 0.1112 -0.5033 -0.8569
vn -0.0578 0.3647 0.9293
vn -0.2930 0.3568 0.8870
vn -0.7928 -0.1567 0.5890
vn 0.4855 -0.3650 -0.7944
vn 0.3354 -0.7729 -0.5387
vn -0.5137 0.6888 0.5115
vn -0.2277 0.6826 0.6944
vn -0.3522 0.7013 0.6197
vn -0.7565 0.3414 0.5577
vn 0.3173 0.8882 0.3324
vn 0.9162 0.1417 0.3747
vn 0.1661 0.9417 -0.2927
vn 0.5092 0.1685 -0.8440
vn -0.3669 -0.8425 0.3945
vn -0.5610 -0.8090 0.1755
vn -0.5252 -0.7750 0.3514
vn 0.8845 -0.3135 0.3456
vn -0.9410 -0.1089 -0.3204
vn -0.9935 -0.0766 -0.0837
vn -0.9816 0.1816 -0.0585
vn -0.6262 -0.7725 0.1054
vn -0.9099 0.3529 -0.2181
vn -0.8523 -0.3735 -0.3662
vn -0.4989 0.8667 0.0055
vn -0.8115 0.3851 -0.4394
vn 0.6292 -0.6956 0.3467
vn -0.7083 -0.7032 -0.0619
vn 0.9433 0.0691 0.3246
vn 0.9156 -0.1103 0.3866
vn 0.9181 -0.1843 0.3508
vn -0.5546 0.8278 -0.0851
vn -0.5329 0.8422 -0.0819
vn -0.5424 0.8299 -0.1305
vn -0.6182 0.7729 0.1428
vn -0.9816 0.1811 -0.0601
vn 0.4973 0.8593 0.1197
vn 0.7259 0.6800 0.1030
vn 0.7835 0.6192 0.0516
vn -0.9655 0.0171 -0.2599
vn -0.9816 -0.1678 -0.0914
vn 0.6555 -0.7083 -0.2620
vn 0.3569 0.9192 -0.1663
vn 0.8393 -0.3080 0.4479
vn 0.7974 -0.3506 0.4912
vn 0.7942 -0.3908 0.4653
vn 0.9186 0.1362 -0.3710
vn 0.8845 -0.3076 -0.3508
vn -0.6492 -0.6314 -0.4241
vn -0.5860 -0.7898 -0.1808
vn -0.6356 -0.7558 -0.1575
vn -0.8496 -0.0624 -0.5237
vn 0.6399 -0.7677 0.0360
vn 0.6131 -0.7871 0.0676
vn 0.4601 -0.8834 0.0889
vn -0.6383 0.5703 0.5171
vn -0.6920 0.5296 0.4905
vn -0.7106 0.5566 0.4304
vn 0.3438 0.8817 0.3230
vn 0.9170 0.1568 0.3667
vn -0.5610 -0.8205 0.1098
vn -0.1365 -0.9174 0.3737
vn 0.1095 -0.8766 0.4687
vn 0.8673 -0.3400 0.3635
vn -0.8653 -0.2194 -0.4507
vn -0.5161 -0.8565 0.0127
vn -0.5872 0.8063 0.0717
vn -0.9470 0.2346 -0.2194
vn 0.5887 -0.7170 0.3733
vn 0.1862 0.2316 0.9548
vn 0.7021 0.0591 -0.7096
vn 0.5383 0.8372 -0.0968
vn -0.2013 0.4978 0.8436
vn -0.6977 0.2182 -0.6823
vn -0.4474 -0.8454 0.2918
vn 0.6702 0.3122 -0.6733
vn 0.1866 0.3042 0.9342
vn 0.2823 -0.8824 0.3763
vn 0.6379 0.7296 -0.2466
vn -0.8840 -0.4655 0.0433
vn 0.5422 -0.0632 0.8378
vn 0.6305 -0.4420 -0.6380
vn 0.1286 -0.0561 0.9901
vn 0.1768 -0.9050 0.3869
vn -0.1687 0.1414 0.9755
vn -0.6639 0.5154 -0.5418
vn -0.4335 -0.8877 0.1555
vn -0.3357 0.9396 -0.0674
vn -0.4655 0.7382 -0.4883
vn -0.2413 0.8368 0.4915
vn -0.2392 0.7512 0.6153
vn -0.7180 -0.1408 -0.6817
vn -0.6821 -0.3639 -0.6343
vn 0.4308 -0.8940 -0.1228
vn 0.5539 0.8277 -0.0898
vn 0.4092 -0.9111 0.0492
vn 0.6325 0.7187 -0.2888
vn 0.5383 0.8386 -0.0836
vn 0.1603 -0.5120 0.8439
vn 0.4379 0.7908 0.4277
vn 0.2033 0.2689 0.9415
vn 0.2988 -0.9225 0.2442
vn -0.6976 -0.6550 -0.2906
vn -0.5531 -0.8327 -0.0271
vn -0.7648 0.1491 -0.6268
vn -0.2007 -0.4755 0.8565
vn -0.1703 -0.5345 0.8279
vn -0.7417 0.2789 -0.6100
vn -0.1772 0.1881 0.9660
vn -0.4164 0.9091 0.0070
vn -0.6872 -0.4952 -0.5315
vn 0.3188 -0.9385 -0.1325
vn 0.5223 0.1893 0.8315
vn -0.8318 0.5369 0.1411
vn -0.1910 -0.1725 0.9663
vn -0.4114 0.9110 0.0278
vn -0.7285 -0.1476 -0.6690
vn 0.2624 -0.8027 0.5356
vn 0.6362 -0.3717 -0.6761
vn 0.3420 0.8262 0.4477
vn 0.6081 -0.4061 -0.6821
vn 0.5378 0.8384 -0.0883
vn 0.1612 -0.4337 0.8865
vn -0.6981 0.0511 0.7142
vn -0.6909 0.0447 0.7216
vn -0.6517 -0.0223 0.7581
vn -0.6386 0.1171 0.7606
vn 0.2523 0.1571 0.9548
vn 0.6822 -0.1761 -0.7097
vn 0.7846 0.6124 -0.0968
vn -0.0256 0.5364 0.8436
vn -0.5865 0.4364 -0.6823
vn -0.7016 -0.6501 0.2918
vn 0.7357 0.0733 -0.6733
vn 0.2766 0.2255 0.9342
vn -0.0250 -0.9262 0.3763
vn 0.8431 0.4780 -0.2466
vn -0.9881 -0.1473 0.0433
vn 0.4910 -0.2387 0.8378
vn 0.4491 -0.6255 -0.6380
vn 0.1029 -0.0955 0.9901
vn -0.1321 -0.9126 0.3869
vn -0.1125 0.1892 0.9755
vn -0.4564 0.7058 -0.5418
vn -0.7023 -0.6947 0.1555
vn -0.0065 0.9977 -0.0674
vn -0.1956 0.8505 -0.4883
vn 0.0486 0.8695 0.4915
vn 0.0223 0.7880 0.6153
vn -0.7242 0.1042 -0.6817
vn -0.7640 -0.1182 -0.6343
vn 0.1114 -0.9862 -0.1228
vn 0.7962 0.5983 -0.0898
vn 0.0853 -0.9951 0.0492
vn 0.8344 0.4695 -0.2888
vn 0.7851 0.6137 -0.0836
vn -0.0178 -0.5362 0.8439
vn 0.6745 0.6018 0.4277
vn 0.2807 0.1866 0.9415
vn -0.0227 -0.9695 0.2442
vn -0.8748 -0.3878 -0.2906
vn -0.7971 -0.6033 -0.0271
vn -0.6726 0.3934 -0.6268
vn -0.3465 -0.3825 0.8565
vn -0.3373 -0.4482 0.8279
vn -0.6079 0.5083 -0.6100
vn -0.1052 0.2361 0.9660
vn -0.0928 0.9957 0.0070
vn -0.8122 -0.2404 -0.5316
vn -0.0091 -0.9911 -0.1325
vn 0.5555 0.0062 0.8315
vn -0.6078 0.7815 0.1411
vn -0.2373 -0.0997 0.9663
vn -0.0874 0.9958 0.0278
vn -0.7363 0.1013 -0.6690
vn -0.0174 -0.8443 0.5356
vn 0.4777 -0.5610 -0.6761
vn 0.5957 0.6668 0.4477
vn 0.4399 -0.5841 -0.6821
vn 0.7845 0.6137 -0.0883
vn 0.0089 -0.4626 0.8865
vn 0.6431 -0.5738 -0.5072
vn -0.1560 -0.1296 0.9792
vn -0.1992 -0.8950 0.3990
vn 0.3067 -0.9276 -0.2133
vn 0.7581 0.6425 0.1117
vn 0.1210 -0.9893 0.0812
vn -0.3208 0.7559 0.5708
vn -0.3163 0.0171 -0.9485
vn -0.3171 -0.0885 -0.9443
vn 0.8567 -0.0535 -0.5131
vn -0.0039 0.2281 0.9736
vn -0.0766 -0.9260 0.3696
vn 0.4618 0.6215 0.6328
vn -0.0012 0.1976 0.9803
vn -0.0056 -0.9829 0.1842
vn -0.4595 0.5248 0.7166
vn -0.2309 0.2533 -0.9394
vn -0.7454 -0.6665 -0.0104
vn 0.8740 0.4725 -0.1137
vn -0.9417 -0.1950 -0.2741
vn 0.0365 -0.2700 0.9622
vn -0.6261 -0.4918 -0.6051
vn -0.6790 -0.6582 -0.3253
vn -0.2888 0.2738 -0.9174
vn 0.8961 0.3966 -0.1991
vn 0.7478 0.6535 0.1174
vn -0.2054 -0.3694 0.9063
vn -0.5663 0.2604 0.7820
vn -0.1843 0.5089 -0.8409
vn -0.6677 -0.7171 -0.1997
vn 0.0154 0.9811 -0.1931
vn 0.0663 0.8729 -0.4834
vn -0.2263 0.8585 0.4602
vn -0.0297 0.1621 0.9863
vn 0.8619 -0.1232 -0.4919
vn 0.7510 0.6520 0.1043
vn -0.6815 -0.2268 0.6958
vn -0.6712 -0.3269 0.6653
vn -0.2724 0.3131 -0.9098
vn -0.5549 0.2957 0.7776
vn -0.0997 0.9851 -0.1400
vn -0.4263 -0.2439 -0.8711
vn 0.1251 -0.9605 -0.2487
vn 0.0740 0.1451 0.9866
vn -0.6548 0.7366 -0.1691
vn -0.6376 0.0450 0.7691
vn -0.1036 0.9867 -0.1255
vn -0.3329 0.0001 -0.9429
vn -0.1348 -0.8095 0.5715
vn 0.6798 -0.5186 -0.5186
vn 0.3080 0.6318 0.7113
vn 0.6417 -0.5572 -0.5270
vn 0.7482 0.6535 0.1144
vn -0.1871 -0.2942 0.9372
vn 0.7201 -0.4700 -0.5105
vn -0.1389 -0.1662 0.9763
vn -0.1210 -0.8584 0.4985
vn 0.6001 -0.7372 -0.3105
vn 0.6196 0.7832 0.0528
vn 0.3064 -0.9401 0.1495
vn -0.3741 0.5992 0.7079
vn -0.4363 -0.0641 -0.8975
vn -0.3685 0.0176 -0.9295
vn 0.8276 -0.0861 -0.5546
vn -0.0402 0.2774 0.9599
vn 0.1315 -0.8927 0.4310
vn 0.2785 0.6738 0.6844
vn -0.0216 0.2415 0.9702
vn 0.2563 -0.9601 0.1117
vn -0.4777 0.3644 0.7994
vn -0.4118 0.0333 -0.9107
vn -0.5734 -0.8120 0.1090
vn 0.9189 0.3401 -0.1999
vn -0.9727 -0.0448 -0.2279
vn -0.0056 -0.3685 0.9296
vn -0.6045 -0.6629 -0.4417
vn -0.5833 -0.7926 -0.1775
vn -0.4689 0.1429 -0.8716
vn 0.8419 0.3922 -0.3706
vn 0.6131 0.7887 0.0450
vn -0.1077 -0.1437 0.9837
vn -0.5211 0.1285 0.8438
vn -0.4266 0.1670 -0.8889
vn -0.4308 -0.8782 -0.2076
vn -0.0851 0.9704 -0.2262
vn -0.0316 0.9313 -0.3630
vn -0.2606 0.7875 0.5586
vn -0.0468 0.2028 0.9781
vn 0.8610 0.0414 -0.5069
vn 0.6163 0.7872 0.0234
vn -0.4758 -0.1313 0.8697
vn -0.4652 -0.3068 0.8304
vn -0.4816 0.0595 -0.8743
vn -0.4992 0.2199 0.8381
vn -0.3062 0.9396 -0.1528
vn -0.4633 -0.2656 -0.8455
vn 0.6118 -0.7282 -0.3088
vn 0.0546 0.2545 0.9655
vn -0.9558 0.2023 -0.2134
vn -0.5115 0.0632 0.8569
vn -0.3092 0.9405 -0.1412
vn -0.4476 -0.1210 -0.8860
vn 0.0275 -0.6857 0.7273
vn 0.7798 -0.3711 -0.5042
vn 0.0616 0.6063 0.7929
vn 0.7304 -0.4464 -0.5170
vn 0.6134 0.7887 0.0415
vn -0.0954 -0.0865 0.9917
vn -0.0000 0.2992 0.9542
vn -0.2591 0.1496 0.9542
vn -0.2591 -0.1496 0.9542
vn 0.2591 0.1496 0.9542
vn -0.3598 0.0371 0.9323
vn -0.4307 0.0465 0.9013
vn -0.3561 0.0097 0.9344
vn -0.3855 0.0667 0.9203
vn -0.3862 0.0317 0.9219
vn -0.3233 0.3499 0.8793
vn -0.4206 0.1440 0.8957
vn 0.8194 -0.2606 -0.5105
vn -0.0895 -0.1973 0.9763
vn 0.1126 -0.8595 0.4985
vn 0.7752 -0.5502 -0.3105
vn 0.3879 0.9202 0.0528
vn 0.5464 -0.8241 0.1495
vn -0.5205 0.4775 0.7079
vn -0.4033 -0.1783 -0.8975
vn -0.3598 -0.0814 -0.9295
vn 0.8206 0.1381 -0.5546
vn -0.1128 0.2566 0.9599
vn 0.3652 -0.8252 0.4310
vn 0.0885 0.7237 0.6844
vn -0.0853 0.2270 0.9702
vn 0.5034 -0.8568 0.1117
vn -0.5577 0.2236 0.7994
vn -0.4057 -0.0779 -0.9107
vn -0.3357 -0.9356 0.1090
vn 0.7947 0.5732 -0.1999
vn -0.9254 -0.3029 -0.2279
vn 0.0930 -0.3566 0.9296
vn -0.4055 -0.8003 -0.4417
vn -0.3504 -0.9196 -0.1774
vn -0.4901 0.0125 -0.8716
vn 0.7066 0.6028 -0.3706
vn 0.3802 0.9238 0.0450
vn -0.0654 -0.1673 0.9837
vn -0.5365 -0.0153 0.8438
vn -0.4557 0.0470 -0.8889
vn -0.1807 -0.9614 -0.2076
vn -0.3412 0.9124 -0.2262
vn -0.2791 0.8890 -0.3630
vn -0.4614 0.6893 0.5586
vn -0.0993 0.1829 0.9781
vn 0.8187 0.2698 -0.5069
vn 0.3837 0.9231 0.0234
vn -0.4234 -0.2536 0.8697
vn -0.3663 -0.4199 0.8304
vn -0.4800 -0.0713 -0.8743
vn -0.5398 0.0786 0.8381
vn -0.5460 0.8237 -0.1528
vn -0.3755 -0.3797 -0.8455
vn 0.7841 -0.5384 -0.3088
vn -0.0154 0.2599 0.9655
vn -0.9751 -0.0603 -0.2134
vn -0.5098 -0.0757 0.8569
vn -0.5491 0.8237 -0.1412
vn -0.3991 -0.2362 -0.8860
vn 0.2096 -0.6535 0.7273
vn 0.8506 -0.1494 -0.5042
vn -0.1025 0.6007 0.7929
vn 0.8231 -0.2351 -0.5170
vn 0.3805 0.9238 0.0415
vn -0.0688 -0.1089 0.9917
vn -0.1673 -0.7056 -0.6885
vn -0.0174 0.7112 0.7028
vn 0.2621 0.7040 0.6600
vn -0.2429 0.6334 0.7347
vn 0.0622 -0.5799 -0.8123
vn -0.0106 -0.5599 -0.8285
vn 0.1927 0.0073 -0.9812
vn 0.4111 0.1578 -0.8979
vn 0.4417 0.2838 -0.8511
vn 0.3219 0.2857 -0.9026
vn 0.3280 0.2663 -0.9064
vn 0.3114 0.1513 -0.9382
vn 0.3515 0.0193 -0.9360
vn 0.6493 -0.0706 -0.7572
vn 0.6382 0.0226 -0.7695
vn 0.6152 -0.0952 -0.7826
vn 0.2267 0.5899 -0.7750
vn 0.1302 0.4843 -0.8652
vn 0.2027 0.4724 -0.8578
vn 0.0812 0.9500 -0.3015
vn 0.0264 0.9356 -0.3520
vn 0.4348 -0.5550 -0.7092
vn 0.4746 -0.5888 -0.6542
vn 0.4073 -0.6192 -0.6714
vn 0.5448 0.3145 0.7774
vn -0.5448 0.3145 0.7774
vn 0.5448 -0.3145 0.7774
vn -0.5448 -0.3145 0.7774
vn 0.2591 -0.1496 0.9542
vn -0.0000 -0.2992 0.9542
vn -0.0000 -0.6290 0.7774
vn -0.0000 0.6290 0.7774
vn -0.0961 -0.1981 -0.9755
vn -0.1849 -0.0030 0.9827
vn -0.2320 -0.1329 -0.9636
vn 0.0427 -0.0149 0.9990
vn 0.1256 -0.0366 -0.9914
vn 0.4224 -0.0119 0.9063
vn 0.1916 -0.0033 -0.9815
vn 0.6378 -0.0495 0.7686
vn 0.0100 0.0076 -0.9999
vn 0.9348 -0.1466 0.3235
vn -0.1088 0.0104 0.9940
vn -0.0849 0.0082 -0.9964
vn 0.8170 -0.2377 -0.5253
vn 0.0622 -0.0180 0.9979
vn 0.3210 -0.2266 -0.9196
vn -0.1246 0.0040 0.9922
vn 0.0639 -0.0226 0.9977
vn 0.3149 -0.2558 -0.9140
vn -0.1249 0.0351 0.9915
vn -0.0184 -0.1112 -0.9936
vn -0.1120 0.0220 0.9935
vn -0.0441 -0.0288 -0.9986
vn 0.0563 -0.0758 0.9955
vn 0.1543 -0.0481 -0.9868
vn 0.4086 -0.1616 0.8983
vn 0.1802 -0.0544 -0.9821
vn 0.5985 -0.2520 0.7605
vn 0.0064 -0.0018 -1.0000
vn 0.8643 -0.3971 0.3086
vn -0.1045 0.0322 0.9940
vn -0.0815 0.0250 -0.9964
vn 0.7574 -0.4014 -0.5150
vn 0.3833 -0.2154 0.8982
vn 0.1630 -0.0980 -0.9817
vn 0.5592 -0.3001 0.7728
vn 0.0048 -0.0084 -1.0000
vn 0.8389 -0.4053 0.3632
vn -0.0966 0.0512 0.9940
vn -0.0753 0.0401 -0.9964
vn 0.8078 -0.3108 -0.5009
vn 0.0622 -0.0249 0.9978
vn 0.3919 -0.0605 -0.9180
vn -0.1103 0.0652 0.9918
vn 0.0704 0.1156 -0.9908
vn -0.1025 0.0669 0.9925
vn -0.0183 0.1153 -0.9932
vn 0.0852 -0.0330 0.9958
vn 0.1333 -0.0545 -0.9896
vn 0.2056 -0.3389 -0.9181
vn -0.1024 0.0770 0.9918
vn -0.0798 -0.1093 -0.9908
vn -0.1011 0.0692 0.9925
vn -0.1135 -0.0273 -0.9932
vn 0.0582 -0.0538 0.9969
vn 0.1014 -0.1022 -0.9896
vn 0.3529 -0.2595 0.8990
vn 0.1529 -0.1131 -0.9817
vn 0.5089 -0.4010 0.7617
vn 0.0095 -0.0012 -1.0000
vn 0.7025 -0.6219 0.3461
vn -0.0845 0.0693 0.9940
vn -0.0660 0.0540 -0.9964
vn 0.5964 -0.6273 -0.5008
vn 0.0467 -0.0480 0.9978
vn 0.1191 -0.1458 -0.9821
vn 0.4357 -0.4838 0.7591
vn 0.0041 -0.0052 -1.0000
vn 0.6845 -0.6619 0.3054
vn -0.0693 0.0845 0.9940
vn -0.0540 0.0660 -0.9964
vn 0.6615 -0.5474 -0.5126
vn 0.0455 -0.0502 0.9977
vn 0.3576 -0.1919 -0.9140
vn -0.0802 0.1019 0.9916
vn 0.0962 0.0602 -0.9935
vn -0.0633 0.0952 0.9934
vn 0.0097 0.0521 -0.9986
vn 0.0627 -0.0483 0.9969
vn 0.1034 -0.1243 -0.9869
vn 0.2782 -0.3398 0.8984
vn 0.1462 0.1652 -0.9754
vn -0.0681 0.1724 0.9827
vn 0.0338 0.2661 -0.9634
vn 0.0441 -0.0451 0.9980
vn 0.0820 -0.1019 -0.9914
vn 0.1876 -0.3807 0.9055
vn 0.0764 -0.1757 -0.9815
vn 0.2957 -0.5518 0.7798
vn -0.0031 -0.0122 -0.9999
vn 0.4930 -0.7982 0.3462
vn -0.0515 0.0964 0.9940
vn -0.0402 0.0752 -0.9964
vn 0.5335 -0.6650 -0.5227
vn 0.0404 -0.0506 0.9979
vn 0.3323 -0.2096 -0.9196
vn -0.0513 0.1136 0.9922
vn 0.0109 -0.0064 -0.9999
vn 0.2158 -0.9131 0.3459
vn -0.0317 0.1046 0.9940
vn -0.0247 0.0816 -0.9964
vn 0.0929 -0.8475 -0.5226
vn 0.0072 -0.0643 0.9979
vn -0.0869 -0.3831 -0.9196
vn -0.0441 0.1166 0.9922
vn -0.2202 0.0133 -0.9754
vn -0.0738 0.1701 0.9827
vn -0.2121 0.1641 -0.9634
vn 0.0005 -0.0647 0.9979
vn 0.0140 -0.1300 -0.9914
vn 0.1362 -0.4007 0.9060
vn 0.0702 -0.1783 -0.9815
vn 0.1815 -0.5992 0.7798
vn -0.0360 0.0959 0.9947
vn -0.0934 -0.0318 -0.9951
vn -0.0544 -0.1114 0.9923
vn 0.0135 -0.1628 -0.9866
vn 0.0104 -0.4435 0.8962
vn 0.0195 -0.1871 -0.9821
vn -0.0156 -0.6509 0.7590
vn 0.0011 -0.0065 -1.0000
vn -0.1155 -0.9407 0.3190
vn -0.0107 0.1088 0.9940
vn -0.0084 0.0849 -0.9964
vn -0.2329 -0.8428 -0.4853
vn 0.0013 -0.0684 0.9977
vn -0.2695 -0.3993 -0.8763
vn -0.0188 0.1279 0.9916
vn -0.2345 -0.0686 -0.9697
vn 0.1865 -0.9384 0.2910
vn 0.0107 0.1088 0.9940
vn 0.0084 0.0849 -0.9964
vn 0.3149 -0.8151 -0.4863
vn 0.0002 -0.0682 0.9977
vn 0.3442 -0.3838 -0.8569
vn 0.0198 0.1273 0.9917
vn 0.2930 -0.0472 -0.9549
vn 0.0436 0.1047 0.9935
vn 0.1173 -0.0092 -0.9930
vn 0.0883 -0.0931 0.9917
vn -0.0129 -0.1623 -0.9867
vn 0.0138 -0.4425 0.8967
vn -0.0196 -0.1871 -0.9821
vn 0.0524 -0.6566 0.7524
vn -0.0012 -0.0065 -1.0000
vn 0.2632 0.2282 -0.9374
vn 0.0052 -0.0482 0.9988
vn -0.0072 -0.1243 -0.9922
vn -0.1396 -0.3921 0.9093
vn -0.0731 -0.1779 -0.9813
vn -0.1812 -0.5965 0.7819
vn -0.0127 -0.0064 -0.9999
vn -0.2078 -0.9181 0.3376
vn 0.0317 0.1046 0.9940
vn 0.0247 0.0816 -0.9964
vn -0.0697 -0.8451 -0.5301
vn -0.0048 -0.0636 0.9980
vn 0.1169 -0.3787 -0.9181
vn 0.0448 0.1143 0.9924
vn 0.2623 0.0410 -0.9641
vn 0.0934 0.2102 0.9732
vn 0.0515 0.0964 0.9940
vn 0.0402 0.0752 -0.9964
vn -0.5481 -0.6468 -0.5302
vn -0.0416 -0.0484 0.9980
vn -0.3504 -0.1854 -0.9181
vn 0.0492 0.1125 0.9924
vn -0.1564 0.2145 -0.9641
vn 0.0826 0.2146 0.9732
vn -0.0246 0.3475 -0.9374
vn -0.0377 -0.0304 0.9988
vn -0.0828 -0.0929 -0.9922
vn -0.1786 -0.3759 0.9093
vn -0.0741 -0.1774 -0.9813
vn -0.2936 -0.5499 0.7819
vn 0.0044 -0.0135 -0.9999
vn -0.5022 -0.7961 0.3377
vn -0.1290 -0.0033 0.9916
vn -0.1056 -0.1238 -0.9867
vn -0.3236 -0.3017 0.8968
vn -0.1184 -0.1462 -0.9821
vn -0.5014 -0.4265 0.7528
vn -0.0038 -0.0054 -1.0000
vn -0.7957 -0.5316 0.2903
vn 0.0693 0.0845 0.9940
vn 0.0540 0.0660 -0.9964
vn -0.7992 -0.3538 -0.4859
vn -0.0484 -0.0480 0.9977
vn -0.5148 -0.0277 -0.8569
vn 0.0760 0.1040 0.9917
vn -0.2407 0.1739 -0.9549
vn 0.0432 0.1049 0.9935
vn -0.0895 0.0765 -0.9930
vn -0.6955 -0.5708 -0.4365
vn -0.0570 -0.0419 0.9975
vn -0.3454 -0.2835 -0.8946
vn 0.0999 0.0851 0.9914
vn -0.1263 -0.1037 -0.9866
vn 0.0518 0.0426 0.9977
vn -0.1021 -0.0838 -0.9912
vn -0.1225 -0.0999 0.9874
vn -0.1285 -0.1055 -0.9861
vn -0.3528 -0.2887 0.8901
vn -0.1452 -0.1192 -0.9822
vn -0.4977 -0.4080 0.7654
vn -0.0049 -0.0041 -1.0000
vn -0.7107 -0.5833 0.3933
vn 0.0845 0.0693 0.9940
vn 0.0660 0.0540 -0.9964
vn -0.1447 -0.0787 -0.9863
vn -0.3894 -0.2253 0.8931
vn -0.1661 -0.0881 -0.9822
vn -0.5528 -0.3315 0.7646
vn -0.0059 -0.0028 -1.0000
vn -0.7763 -0.5160 0.3622
vn 0.0966 0.0512 0.9940
vn 0.0753 0.0401 -0.9964
vn -0.6950 -0.5444 -0.4697
vn -0.0594 -0.0380 0.9975
vn -0.2912 -0.3290 -0.8983
vn 0.1188 0.0574 0.9913
vn -0.0341 -0.1551 -0.9873
vn 0.0781 0.0268 0.9966
vn -0.0435 -0.0794 -0.9959
vn -0.1035 -0.0871 0.9908
vn -0.3295 -0.2250 -0.9170
vn 0.1245 0.0325 0.9917
vn 0.0138 -0.1234 -0.9923
vn 0.1119 0.0242 0.9934
vn 0.0689 -0.0656 -0.9955
vn -0.0911 -0.0389 0.9951
vn -0.1356 -0.0550 -0.9892
vn -0.4246 -0.1212 0.8973
vn -0.1840 -0.0469 -0.9818
vn -0.6077 -0.1835 0.7727
vn -0.0089 0.0021 -1.0000
vn -0.8800 -0.3027 0.3661
vn 0.1045 0.0322 0.9940
vn 0.0816 0.0250 -0.9964
vn -0.7975 -0.3433 -0.4961
vn -0.0623 -0.0257 0.9977
vn -0.0074 -0.0053 -1.0000
vn -0.9317 -0.0587 0.3585
vn 0.1088 0.0104 0.9940
vn 0.0849 0.0082 -0.9964
vn -0.8682 0.0120 -0.4961
vn -0.0674 -0.0000 0.9977
vn -0.3905 0.0818 -0.9170
vn 0.1275 0.0176 0.9917
vn -0.0345 0.1193 -0.9923
vn 0.1127 0.0205 0.9934
vn 0.0385 0.0869 -0.9955
vn -0.0923 -0.0019 0.9957
vn -0.1463 -0.0011 -0.9892
vn -0.4372 -0.0577 0.8975
vn -0.1880 -0.0270 -0.9818
vn -0.6382 -0.0694 0.7668
vn -0.0214 0.0010 -0.9998
vn -0.1039 0.0152 0.9945
vn -0.1624 0.0158 -0.9866
vn -0.4425 0.0483 0.8955
vn -0.1873 0.0183 -0.9821
vn -0.6431 0.0676 0.7627
vn -0.0065 0.0006 -1.0000
vn -0.9351 0.0923 0.3423
vn 0.1088 -0.0104 0.9940
vn 0.0849 -0.0082 -0.9964
vn -0.8639 0.0813 -0.4970
vn -0.0685 0.0068 0.9976
vn -0.3963 0.0353 -0.9174
vn 0.1302 -0.0130 0.9914
vn -0.0603 0.0031 -0.9982
vn 0.0950 -0.0098 0.9954
vn 0.1045 -0.0322 0.9940
vn 0.0815 -0.0250 -0.9964
vn -0.8537 0.1556 -0.4970
vn -0.0661 0.0127 0.9977
vn -0.3985 -0.0065 -0.9171
vn 0.1215 -0.0421 0.9917
vn -0.0553 -0.1134 -0.9920
vn 0.1077 -0.0425 0.9933
vn 0.0242 -0.0956 -0.9951
vn -0.0953 0.0181 0.9953
vn -0.1429 0.0296 -0.9893
vn -0.4199 0.1358 0.8973
vn -0.1790 0.0636 -0.9818
vn -0.6076 0.1853 0.7724
vn -0.0063 0.0068 -1.0000
vn -0.9002 0.2364 0.3656
vn -0.0808 0.0556 0.9952
vn -0.1219 0.0802 -0.9893
vn -0.3925 0.2014 0.8974
vn -0.1716 0.0817 -0.9818
vn -0.5599 0.2985 0.7729
vn -0.0093 -0.0004 -1.0000
vn -0.8038 0.4693 0.3656
vn 0.0966 -0.0512 0.9940
vn 0.0753 -0.0401 -0.9964
vn -0.7137 0.4936 -0.4970
vn -0.0558 0.0377 0.9977
vn -0.2772 0.2863 -0.9172
vn 0.1157 -0.0561 0.9917
vn 0.0411 0.1192 -0.9920
vn 0.1062 -0.0461 0.9933
vn 0.0848 0.0505 -0.9951
vn -0.5726 0.6718 -0.4699
vn -0.0515 0.0474 0.9976
vn -0.2184 0.3815 -0.8982
vn 0.1042 -0.0798 0.9914
vn -0.0005 0.1600 -0.9871
vn 0.0719 -0.0416 0.9965
vn -0.0256 0.0864 -0.9959
vn -0.0835 0.1049 0.9910
vn -0.1265 0.1055 -0.9863
vn -0.3389 0.2963 0.8929
vn -0.1457 0.1188 -0.9822
vn -0.4779 0.4336 0.7639
vn -0.0051 0.0039 -1.0000
vn -0.6594 0.6594 0.3610
vn 0.0845 -0.0693 0.9940
vn 0.0660 -0.0540 -0.9964
vn -0.1056 0.1246 -0.9866
vn -0.3075 0.3190 0.8965
vn -0.1185 0.1461 -0.9821
vn -0.4732 0.4472 0.7590
vn -0.0038 0.0053 -1.0000
vn -0.7507 0.5799 0.3165
vn 0.0693 -0.0845 0.9940
vn 0.0540 -0.0660 -0.9964
vn -0.7639 0.4256 -0.4851
vn -0.0497 0.0482 0.9976
vn -0.4762 0.0866 -0.8751
vn 0.0766 -0.1054 0.9915
vn -0.2165 -0.1218 -0.9687
vn 0.0424 -0.0942 0.9947
vn -0.0886 -0.0462 -0.9950
vn -0.1181 0.0384 0.9923
vn -0.0405 0.0504 0.9979
vn -0.3338 0.2076 -0.9195
vn 0.0512 -0.1135 0.9922
vn -0.1470 -0.1692 -0.9745
vn 0.0691 -0.1754 0.9821
vn -0.0331 -0.2725 -0.9616
vn -0.0450 0.0451 0.9980
vn -0.0820 0.1011 -0.9915
vn -0.1865 0.3791 0.9064
vn -0.0763 0.1759 -0.9815
vn -0.2952 0.5518 0.7800
vn 0.0032 0.0123 -0.9999
vn -0.4937 0.7981 0.3452
vn 0.0515 -0.0964 0.9940
vn 0.0402 -0.0752 -0.9964
vn -0.5347 0.6635 -0.5234
vn -0.1362 0.4000 0.9063
vn -0.0704 0.1783 -0.9815
vn -0.1814 0.5989 0.7800
vn -0.0110 0.0064 -0.9999
vn -0.2152 0.9135 0.3452
vn 0.0317 -0.1046 0.9940
vn 0.0247 -0.0816 -0.9964
vn -0.0909 0.8473 -0.5233
vn -0.0070 0.0643 0.9979
vn 0.0894 0.3827 -0.9195
vn 0.0441 -0.1165 0.9922
vn 0.2237 -0.0156 -0.9745
vn 0.0752 -0.1729 0.9821
vn 0.2162 -0.1692 -0.9616
vn -0.0000 0.0637 0.9980
vn -0.0135 0.1295 -0.9915
vn 0.2753 0.3982 -0.8750
vn 0.0203 -0.1287 0.9915
vn 0.2391 0.0669 -0.9687
vn 0.0366 -0.0966 0.9947
vn 0.0953 0.0301 -0.9950
vn 0.0564 0.1107 0.9923
vn -0.0135 0.1628 -0.9866
vn -0.0087 0.4431 0.8964
vn -0.0195 0.1871 -0.9821
vn 0.0182 0.6510 0.7588
vn -0.0011 0.0065 -1.0000
vn 0.1206 0.9407 0.3170
vn 0.0107 -0.1088 0.9940
vn 0.0084 -0.0849 -0.9964
vn 0.2392 0.8409 -0.4855
vn 0.0010 0.0692 0.9976
vn 0.0194 0.1871 -0.9822
vn 0.0017 0.6482 0.7615
vn 0.0010 0.0065 -1.0000
vn -0.0774 0.9396 0.3335
vn -0.0107 -0.1088 0.9940
vn -0.0084 -0.0849 -0.9964
vn -0.1838 0.8564 -0.4825
vn 0.0002 0.0694 0.9976
vn -0.2239 0.4075 -0.8853
vn -0.0195 -0.1291 0.9914
vn -0.1987 0.0817 -0.9766
vn -0.0316 -0.0909 0.9954
vn -0.0787 0.0457 -0.9958
vn -0.0411 0.1181 0.9921
vn 0.0139 0.1632 -0.9865
vn 0.0180 0.4457 0.8950
vn -0.1918 0.0052 -0.9814
vn -0.0634 -0.1491 0.9868
vn -0.1792 -0.1237 -0.9760
vn 0.0048 0.0726 0.9973
vn 0.0184 0.1336 -0.9909
vn 0.1357 0.4070 0.9033
vn 0.0684 0.1785 -0.9816
vn 0.1821 0.6014 0.7779
vn 0.0097 0.0064 -0.9999
vn 0.2213 0.9096 0.3515
vn -0.0317 -0.1046 0.9940
vn -0.0247 -0.0816 -0.9964
vn 0.1090 0.8492 -0.5168
vn 0.0088 0.0648 0.9979
vn -0.0662 0.3865 -0.9199
vn -0.0436 -0.1180 0.9921
vn -0.0024 0.0113 -0.9999
vn 0.4868 0.8023 0.3453
vn -0.0515 -0.0964 0.9940
vn -0.0402 -0.0752 -0.9964
vn 0.5230 0.6773 -0.5174
vn 0.0396 0.0520 0.9979
vn 0.3201 0.2267 -0.9198
vn -0.0527 -0.1143 0.9921
vn 0.1392 -0.1321 -0.9814
vn -0.0606 -0.1503 0.9868
vn 0.0391 -0.2142 -0.9760
vn 0.0420 0.0502 0.9979
vn 0.0815 0.1075 -0.9909
vn 0.1871 0.3862 0.9033
vn 0.0779 0.1746 -0.9816
vn 0.2950 0.5601 0.7741
vn -0.0821 -0.0928 0.9923
vn -0.0535 -0.0392 -0.9978
vn -0.0044 0.0725 0.9974
vn 0.1014 0.1245 -0.9870
vn 0.2415 0.3614 0.9006
vn 0.1196 0.1455 -0.9821
vn 0.3619 0.5462 0.7554
vn 0.0043 0.0051 -1.0000
vn 0.5423 0.7912 0.2828
vn -0.0693 -0.0845 0.9940
vn -0.0541 -0.0660 -0.9964
vn 0.4765 0.7015 -0.5299
vn 0.0416 0.0525 0.9978
vn 0.1849 0.3303 -0.9256
vn -0.0825 -0.0992 0.9916
vn -0.0384 0.0267 -0.9989
vn 0.6886 0.6661 0.2866
vn -0.0845 -0.0693 0.9940
vn -0.0659 -0.0540 -0.9964
vn 0.5074 0.6631 -0.5503
vn 0.0414 0.0496 0.9979
vn 0.1054 0.3713 -0.9225
vn -0.1012 -0.0722 0.9922
vn -0.2149 0.1087 -0.9706
vn -0.1603 -0.1031 0.9817
vn -0.2772 -0.0205 -0.9606
vn 0.0045 0.0233 0.9997
vn 0.0814 0.0999 -0.9917
vn 0.3445 0.2326 0.9095
vn 0.1580 0.1088 -0.9814
vn 0.5062 0.3938 0.7672
vn 0.0129 -0.0009 -0.9999
vn -0.1250 -0.2483 -0.9606
vn 0.0191 -0.0055 0.9998
vn 0.1235 0.0369 -0.9917
vn 0.3446 0.2318 0.9097
vn 0.1610 0.1043 -0.9814
vn 0.5587 0.3209 0.7648
vn 0.0041 0.0123 -0.9999
vn 0.8797 0.3825 0.2823
vn -0.0966 -0.0512 0.9940
vn -0.0753 -0.0401 -0.9964
vn 0.8064 0.2148 -0.5509
vn 0.0616 0.0194 0.9979
vn 0.3836 -0.0446 -0.9224
vn -0.1054 -0.0659 0.9922
vn 0.0182 -0.2401 -0.9706
vn -0.1565 -0.1087 0.9817
vn -0.1045 -0.0322 0.9940
vn -0.0815 -0.0250 -0.9964
vn 0.8130 0.2280 -0.5358
vn 0.0640 0.0190 0.9978
vn 0.3588 0.0960 -0.9284
vn -0.1231 -0.0374 0.9917
vn -0.0094 -0.0118 -0.9999
vn -0.1228 -0.0379 0.9917
vn -0.0731 -0.0257 -0.9970
vn 0.0560 -0.0277 0.9980
vn 0.1534 0.0464 -0.9871
vn 0.4255 0.0815 0.9013
vn 0.1802 0.0549 -0.9821
vn 0.6424 0.1323 0.7548
vn 0.0064 0.0020 -1.0000
vn 0.9319 0.2373 0.2743
vn 0.0522 0.0200 0.9984
vn 0.1256 0.0366 -0.9914
vn 0.4237 0.0223 0.9055
vn 0.1916 0.0033 -0.9815
vn 0.6281 0.0580 0.7759
vn 0.0100 -0.0076 -0.9999
vn 0.9289 0.1488 0.3390
vn -0.1088 -0.0103 0.9940
vn -0.0849 -0.0082 -0.9964
vn 0.8180 0.2381 -0.5237
vn 0.0622 0.0180 0.9979
vn 0.3210 0.2266 -0.9196
vn -0.1246 -0.0040 0.9922
vn -0.0962 0.1981 -0.9755
vn -0.1849 0.0030 0.9827
vn -0.2320 0.1329 -0.9636
vn -0.0962 -0.1981 -0.9755
vn 0.9348 -0.1465 0.3235
vn 0.8171 -0.2377 -0.5253
vn -0.0184 -0.1111 -0.9936
vn 0.7574 -0.4013 -0.5150
vn 0.0048 -0.0083 -1.0000
vn 0.8389 -0.4053 0.3633
vn -0.0753 0.0400 -0.9964
vn 0.8077 -0.3108 -0.5009
vn 0.0582 -0.0538 0.9968
vn 0.4357 -0.4837 0.7591
vn 0.6846 -0.6619 0.3054
vn -0.0540 0.0659 -0.9964
vn 0.0820 -0.1018 -0.9914
vn 0.0013 -0.0685 0.9977
vn 0.0138 -0.4424 0.8967
vn -0.2078 -0.9180 0.3377
vn -0.5481 -0.6468 -0.5303
vn -0.1056 -0.1239 -0.9867
vn -0.7957 -0.5316 0.2904
vn 0.0540 0.0659 -0.9964
vn -0.7992 -0.3538 -0.4860
vn -0.0895 0.0766 -0.9930
vn -0.3528 -0.2886 0.8901
vn 0.0660 0.0541 -0.9964
vn -0.7763 -0.5160 0.3621
vn 0.0753 0.0400 -0.9964
vn -0.1356 -0.0549 -0.9892
vn -0.8799 -0.3027 0.3661
vn 0.1045 0.0321 0.9940
vn -0.9316 -0.0587 0.3586
vn -0.6382 -0.0695 0.7668
vn -0.6432 0.0676 0.7627
vn -0.9350 0.0923 0.3423
vn -0.0603 0.0032 -0.9982
vn 0.1045 -0.0321 0.9940
vn 0.0816 -0.0250 -0.9964
vn 0.0242 -0.0957 -0.9951
vn 0.0753 -0.0400 -0.9964
vn -0.0515 0.0473 0.9976
vn 0.0660 -0.0541 -0.9964
vn 0.0540 -0.0659 -0.9964
vn -0.4762 0.0867 -0.8750
vn -0.1470 -0.1693 -0.9745
vn -0.0331 -0.2726 -0.9616
vn 0.0441 -0.1164 0.9922
vn 0.0366 -0.0965 0.9947
vn 0.3201 0.2267 -0.9199
vn 0.1871 0.3862 0.9032
vn -0.0540 -0.0659 -0.9964
vn -0.0825 -0.0991 0.9916
vn -0.0660 -0.0541 -0.9964
vn 0.5587 0.3209 0.7647
vn 0.8797 0.3825 0.2824
vn -0.0753 -0.0400 -0.9964
vn 0.3588 0.0960 -0.9285
vn 0.9319 0.2373 0.2742
vn -0.1088 -0.0104 0.9940
vn 0.8180 0.2381 -0.5236
vn 0.0622 -0.0181 0.9979
vn 0.0064 -0.0017 -1.0000
vn -0.0815 0.0249 -0.9964
vn 0.8389 -0.4052 0.3633
vn 0.2056 -0.3388 -0.9181
vn -0.0798 -0.1094 -0.9908
vn 0.3576 -0.1918 -0.9140
vn 0.2159 -0.9131 0.3459
vn 0.1362 -0.4008 0.9060
vn 0.3149 -0.8151 -0.4864
vn -0.1812 -0.5964 0.7819
vn 0.0934 0.2101 0.9732
vn 0.0492 0.1126 0.9924
vn -0.5147 -0.0278 -0.8569
vn -0.7107 -0.5833 0.3934
vn 0.0138 -0.1235 -0.9923
vn 0.0816 0.0249 -0.9964
vn -0.9317 -0.0587 0.3586
vn 0.0849 0.0083 -0.9964
vn -0.0674 0.0001 0.9977
vn -0.1880 -0.0271 -0.9818
vn -0.1039 0.0153 0.9945
vn 0.0849 -0.0083 -0.9964
vn -0.0685 0.0067 0.9976
vn 0.0816 -0.0249 -0.9964
vn 0.0048 0.0727 0.9973
vn 0.0097 0.0063 -0.9999
vn -0.0540 -0.0660 -0.9964
vn -0.0815 -0.0249 -0.9964
vn 0.0622 0.0181 0.9979
vn -0.1849 -0.0029 0.9827
vn 0.4356 -0.4837 0.7591
vn -0.3236 -0.3018 0.8968
vn -0.1056 0.1247 -0.9866
vn 0.0424 -0.0942 0.9946
vn 0.0564 0.1106 0.9923
vn -0.2239 0.4075 -0.8854
vn -0.0515 -0.0965 0.9940
vn 0.1580 0.1087 -0.9814
vn 0.0182 -0.2402 -0.9706
vt 25.817778 -21.972523
vt 29.844364 -23.891453
vt 29.855732 14.132346
vt -31.551739 -22.030283
vt -32.664215 10.046622
vt -36.301010 12.389422
vt 8.634141 -33.232807
vt 10.571884 -36.533615
vt -4.682774 30.963020
vt 31.878586 14.205474
vt -4.386652 34.784122
vt 30.872116 33.067810
vt 29.665592 27.177345
vt 0.870409 45.395805
vt -18.462849 49.054531
vt -1.488444 44.423195
vt -21.045628 -46.116730
vt -19.621494 -46.846962
vt -6.655332 -45.008553
vt 18.723925 -32.458366
vt 19.139229 -29.226892
vt -8.169612 -43.921906
vt -39.611469 -9.668564
vt -38.489281 -30.377117
vt -35.297672 -30.865158
vt -38.306099 34.076347
vt -39.363525 16.241596
vt -35.595490 16.562849
vt -36.309223 34.637863
vt -32.598946 39.561462
vt -36.509132 -36.200172
vt -35.363052 -37.615646
vt -36.564404 -9.338859
vt -34.833717 -23.802458
vt -16.571077 49.611908
vt -35.055294 37.834034
vt -37.537872 -34.859077
vt -38.665627 -32.994598
vt -35.548191 37.127388
vt -37.522278 34.797573
vt 37.373802 6.218333
vt 46.013344 -12.664863
vt 30.717688 -7.086760
vt 31.667358 -41.540401
vt 41.537525 -32.011684
vt 34.660690 -36.209496
vt 9.420874 -28.934036
vt 22.822155 18.813457
vt 7.455131 -44.097061
vt -6.878747 47.657169
vt -25.859823 112.579750
vt 17.804752 45.864220
vt -18.796415 -34.566113
vt 24.688873 -41.494602
vt -44.979698 -18.237780
vt -7.241300 -42.207958
vt 21.537594 -38.034561
vt -29.756254 -39.513653
vt -6.903766 -49.984985
vt -21.758327 -46.672153
vt -30.916122 22.904778
vt -15.064316 39.601654
vt -32.027107 34.989452
vt -26.864624 16.553246
vt 28.075455 17.432758
vt -30.628248 35.298321
vt 9.917140 38.312004
vt -24.236870 44.010490
vt -33.509525 12.804893
vt -8.724682 -8.260843
vt 13.353133 -38.870407
vt -28.987648 -35.752159
vt -24.359583 -42.956085
vt -33.040474 -13.599758
vt -36.209484 -27.823345
vt 115.035004 -37.378384
vt 15.224083 -6.421247
vt 20.916271 -44.359886
vt 41.983635 29.324518
vt 35.236019 -35.259598
vt -16.530670 -46.918125
vt 2.017627 -51.096230
vt 14.017792 -44.200111
vt 32.285412 25.178833
vt -24.881216 19.830708
vt -7.606739 -32.179863
vt 7.926386 -28.313202
vt -7.606731 33.179863
vt -38.924221 29.260742
vt -41.044682 -19.468821
vt -33.398903 23.491886
vt -27.009790 -36.256428
vt -18.195023 52.807430
vt -15.324466 -41.157227
vt -75.157387 65.864594
vt -2.182335 -42.242420
vt 8.241617 -42.239243
vt 40.736435 -22.273899
vt -11.312778 -40.894726
vt -23.011309 -32.088810
vt -19.022800 -29.879238
vt -13.392783 -33.153057
vt -1.355662 -39.627743
vt -23.264404 29.520262
vt -27.295998 -41.422737
vt -27.296000 42.422745
vt 17.429985 -38.126942
vt -112.564972 18.718044
vt 12.473876 -41.111420
vt -9.636484 -42.040611
vt 1.654459 45.740593
vt -9.770320 42.410488
vt -10.912535 -38.733437
vt -11.055241 39.825745
vt -7.590629 -35.510082
vt -38.868546 -29.950684
vt -37.176476 -33.403374
vt 9.102714 32.445690
vt -4.988984 -34.891865
vt 12.093070 -36.532135
vt 4.357410 -32.953499
vt 42.603065 63.698311
vt -18.984255 -29.887394
vt -59.945862 -56.470406
vt -30.662455 -2.070002
vt -46.156181 108.656952
vt -0.719515 41.412949
vt -16.764194 -35.382946
vt -4.742763 -39.464951
vt 5.617180 32.665581
vt -27.000546 25.272234
vt 4.175224 47.605698
vt -15.194120 44.677902
vt 1.689025 -44.911247
vt -41.434891 -22.658920
vt 62.004185 -84.488625
vt -17.811615 35.276306
vt -19.671318 31.220966
vt -24.750763 28.510635
vt -17.189224 36.757816
vt -25.314899 -27.679512
vt -19.910904 -30.449657
vt -17.803251 -34.352486
vt -10.635602 32.766350
vt -18.040472 40.213516
vt -32.213112 -12.106225
vt 15.082008 16.496122
vt 37.779346 6.031713
vt 31.601099 -9.174625
vt 31.950977 6.228206
vt 38.597214 -10.232311
vt 28.744207 -30.586971
vt 37.498627 -31.667519
vt 2.262853 -46.565254
vt 2.984985 31.095898
vt 8.384093 -37.865379
vt 37.753036 30.111191
vt -30.953476 -37.883297
vt -34.196365 -11.673933
vt -27.418285 -32.635239
vt -41.222153 -12.351337
vt -32.596172 6.195909
vt -40.314095 7.024140
vt -29.947315 29.484404
vt -39.076706 30.192085
vt 2.242788 47.608871
vt -0.879358 36.651505
vt 2.769052 -24.643188
vt 39.342251 5.061389
vt 32.010284 -10.047835
vt 32.722900 6.302881
vt 39.239792 -11.530691
vt 29.345753 -31.439861
vt 37.649185 -31.849957
vt 4.867629 -46.156799
vt 10.894140 27.789577
vt 12.365143 -36.675453
vt 35.005257 29.766121
vt 5.522514 43.706871
vt 42.783508 25.771288
vt -17.841850 -29.612425
vt -27.521931 -34.722660
vt 4.000843 -38.522800
vt -38.031113 -31.336231
vt -30.006224 -9.320593
vt -37.622124 -9.004745
vt -30.626986 8.729387
vt -38.608433 8.502372
vt -32.447586 36.492523
vt -41.146988 28.921743
vt 6.330350 31.381010
vt -40.881256 44.572201
vt 2.707434 -42.223820
vt -35.430065 -19.895704
vt -42.369171 -25.388260
vt -43.154816 25.172632
vt 4.653906 41.664261
vt 38.577003 31.265135
vt 0.537465 47.657135
vt -35.614475 23.059448
vt 43.466232 -25.560993
vt -0.215174 -46.644276
vt 35.406837 -31.849335
vt 44.990120 22.467541
vt 18.000845 34.374142
vt 23.770000 22.583527
vt 26.352482 29.322144
vt 38.648682 20.671055
vt 34.677315 23.159676
vt 38.786469 19.737072
vt 29.028185 -25.621124
vt 43.274483 -8.271587
vt 23.289190 -43.782269
vt -21.899847 -32.631512
vt -27.343315 -34.573444
vt -24.051323 -37.542732
vt 13.068377 46.493523
vt -7.425148 34.226364
vt -4.911873 47.642609
vt 27.797716 29.436428
vt 14.606757 31.760326
vt 14.370474 33.310959
vt 8.625010 32.196808
vt 30.032600 32.650852
vt 19.955631 34.461571
vt 20.179573 -36.645493
vt 19.305157 -34.149429
vt 19.039795 -37.360271
vt 21.069937 -24.829664
vt 27.931238 -23.985455
vt 12.975537 34.329739
vt 1.643445 36.886890
vt 6.578936 32.914085
vt 20.088367 -32.829994
vt 19.193233 -27.051319
vt 40.459698 -14.606455
vt 42.938835 -12.774150
vt -0.452863 31.933689
vt -1.720866 31.372721
vt -31.601479 -26.530704
vt -24.256542 -29.186205
vt 25.985218 39.014038
vt 19.014841 -38.574848
vt -35.563473 -19.771751
vt -33.431904 -23.856155
vt -27.804392 -21.031023
vt -26.754871 -25.270878
vt 30.966539 -10.599941
vt -30.469574 -6.134755
vt -35.867149 -3.921581
vt -35.585381 -5.483049
vt 10.381165 -33.444908
vt 26.141161 20.322142
vt 22.376087 23.574907
vt 40.113655 2.731614
vt 41.871716 6.796671
vt 16.280949 33.897789
vt 13.190659 35.772762
vt 25.545345 -29.211666
vt 29.308979 34.085102
vt 17.099291 31.288864
vt 12.888723 -39.272522
vt -46.321045 -7.976294
vt -44.162300 -6.424567
vt -45.545258 -17.332027
vt -35.438198 -17.110096
vt -28.788183 -16.546082
vt -30.124361 -1.245875
vt -41.416054 5.973237
vt -29.988274 3.054916
vt 16.128483 35.220642
vt -38.502674 -28.431118
vt 42.368649 24.328859
vt 36.771744 12.878849
vt 31.712944 13.843342
vt -29.339365 -11.709023
vt 34.235336 13.620556
vt 29.167143 16.600821
vt -34.991634 6.647803
vt -36.710873 3.575912
vt -36.066025 -13.864927
vt 7.021237 -29.920971
vt 20.064295 -26.055420
vt 30.912209 5.811213
vt 32.382610 9.964746
vt 21.369246 -36.891273
vt 26.928818 -29.279432
vt 5.287817 -33.445557
vt 8.958953 -34.507397
vt -32.384338 -25.184311
vt 18.988903 35.900471
vt -23.631393 -33.175453
vt -30.950996 -33.943569
vt 40.543205 0.156828
vt 30.521486 -8.662665
vt 37.658184 4.601198
vt 40.849098 10.384392
vt -35.511417 -6.977000
vt 29.347727 -26.934988
vt 35.094151 23.794300
vt 21.761808 -23.870304
vt 1.712839 38.345833
vt -21.982244 27.646887
vt -27.009750 32.037331
vt -29.981739 25.779446
vt -31.744448 17.388420
vt -30.659328 8.236288
vt -31.778677 8.334639
vt -14.544349 -31.344168
vt -15.519129 -26.669554
vt -23.375401 22.314810
vt -31.851503 14.008123
vt -31.657581 19.787106
vt -7.572213 32.757538
vt 29.096325 40.733829
vt -30.380102 -88.255791
vt 39.427612 26.301550
vt -15.853094 -32.891735
vt -16.947168 -42.729950
vt -23.289185 -43.403545
vt -35.717823 19.596436
vt -33.790287 26.160528
vt -32.221382 -36.707546
vt -41.046982 -15.323811
vt -5.495635 -32.368317
vt -10.975452 -41.431942
vt -6.920536 -30.547171
vt -36.193783 12.845699
vt -35.270905 6.634516
vt -16.080225 -44.512367
vt 1.512406 42.285671
vt -29.785170 34.070045
vt -37.064110 24.407129
vt -42.170204 24.814856
vt -18.786730 27.603537
vt -29.278065 28.605766
vt 45.534355 18.739822
vt -20.619909 28.653564
vt -21.660103 25.619442
vt -38.693840 12.037431
vt -17.058014 -22.766569
vt -10.895581 -29.255400
vt -23.920912 33.317383
vt -30.865713 32.412224
vt -10.033121 -36.393768
vt -18.710623 35.279911
vt 19.930300 43.912304
vt 21.103493 46.996017
vt -22.650383 35.101395
vt 41.063297 30.659216
vt 37.550850 -8.323654
vt 45.788212 -7.015744
vt 33.491627 35.700920
vt -18.834730 6.088651
vt 20.717421 38.681881
vt -58.034805 107.794724
vt 5.217772 39.243706
vt 84.076546 65.733482
vt -32.470612 -36.766224
vt -15.214067 -45.116585
vt 1.189454 -41.230659
vt -10.579043 39.242565
vt -28.665497 -8.884208
vt -25.371132 37.794399
vt -40.660297 -7.841034
vt 3.967266 -98.005539
vt -92.261620 -48.347023
vt -37.673523 -20.195900
vt -36.241348 33.857731
vt -25.414064 14.380868
vt -25.413433 -13.464326
vt -89.155891 -48.544083
vt -89.468559 46.210419
vt -0.535324 -16.373886
vt 3.138348 33.351532
vt -49.899601 31.079006
vt -44.303055 28.895220
vt -0.646124 18.070042
vt 3.182013 -31.651829
vt 16.361712 31.983124
vt 28.869028 27.673996
vt 25.528069 31.971945
vt -20.631046 24.153833
vt -18.410713 28.116043
vt 15.947439 -42.698547
vt -5.481260 36.741478
vt 12.298363 47.320847
vt -15.631950 37.070385
vt -48.235828 -111.727722
vt -16.821499 35.827824
vt -16.044580 -38.790047
vt 10.757232 37.621132
vt -19.560406 -39.334854
vt 15.609093 -38.718063
vt 4.642037 -45.372631
vt -0.722570 -35.640434
vt 5.785349 -41.987396
vt 2.711273 27.165899
vt 88.943863 -55.905960
vt -95.298981 59.908817
vt 9.527782 100.764633
vt 89.576942 54.408592
vt 2.729681 -27.673719
vt 12.465214 -100.855186
vt -92.453423 -62.284889
vt 76.413139 39.609825
vt 78.070984 40.819359
vt 70.604866 -37.294369
vt 76.430443 -37.659416
vt -46.488251 -29.563099
vt -44.525291 -28.260296
vt -30.163624 -36.623814
vt -16.777542 -43.230820
vt -4.483736 -39.607151
vt 1.390502 4.470366
vt -16.985735 -13.967232
vt -33.723160 -24.146980
vt 63.217018 -54.621414
vt 66.296638 -54.792175
vt 63.976814 -50.274975
vt 60.760529 -49.838120
vt 69.376274 -54.962963
vt 67.193085 -50.711823
vt 72.455887 -55.133736
vt 70.409363 -51.148663
vt 79.290909 -52.961021
vt 76.405754 -51.378986
vt 63.159107 -45.222717
vt 59.894684 -44.488255
vt 66.423538 -45.957153
vt 69.688004 -46.691586
vt 74.481186 -46.998165
vt 63.874996 -39.829563
vt 60.652740 -38.777443
vt 67.097260 -40.881687
vt 70.319534 -41.933811
vt 78.156853 -39.491364
vt 69.937859 -27.757259
vt 63.005634 -32.925102
vt 73.819237 -27.605488
vt 77.965103 -28.599770
vt 81.933136 -31.510534
vt 67.169800 -58.654297
vt 70.029549 -58.600731
vt 72.889290 -58.547165
vt 75.749039 -58.493603
vt 81.764992 -56.729824
vt 71.017761 -63.088272
vt 73.641342 -62.655777
vt 77.105530 -61.809395
vt 79.225243 -60.745316
vt 81.933136 -59.069283
vt 6.549779 -0.735720
vt 6.906323 -1.014673
vt 7.355030 -0.303727
vt 6.966094 -0.192281
vt -1.829492 3.750791
vt -1.913372 3.589065
vt -1.532953 3.335817
vt -1.288754 3.472246
vt 6.239442 -0.492857
vt 6.542562 -0.072890
vt -1.672335 4.043338
vt -0.967346 3.706649
vt 5.819298 -0.164208
vt 6.038027 0.179727
vt -1.376518 4.567031
vt -0.594861 4.090870
vt 5.311000 0.233353
vt 5.461443 0.470434
vt -1.236930 -3.259287
vt -1.675975 -3.431608
vt -1.518881 -4.271070
vt -1.169344 -4.218215
vt 4.758034 0.665934
vt 4.834838 0.786713
vt -0.963447 -3.219348
vt -0.965870 -4.179320
vt -2.631563 2.243585
vt -3.009938 1.525742
vt -2.499640 2.155913
vt 4.182445 1.116257
vt 7.178348 -1.227401
vt 7.288616 -1.313521
vt 7.729472 -0.418585
vt 7.618305 -0.396991
vt -2.185966 3.071197
vt -1.900532 2.880780
vt -2.387551 2.044022
vt -1.657736 2.638869
vt 7.732149 0.004929
vt 7.494843 0.092731
vt -1.209400 3.013196
vt 7.143638 0.238872
vt -1.028512 3.246821
vt 6.729266 0.408186
vt -0.771896 3.587986
vt 6.185180 0.559862
vt -0.443310 3.880551
vt 5.562945 0.732167
vt -1.527084 -4.530995
vt -1.210938 -4.538542
vt 4.886489 0.920218
vt -1.005693 -4.567973
vt -0.859586 -4.183321
vt -0.901101 -4.598229
vt -0.413947 2.923924
vt 0.042269 3.152002
vt 6.255160 0.961554
vt 5.611155 1.008847
vt -1.548163 -5.407706
vt -1.167563 -5.450414
vt 4.911198 1.061165
vt -0.927877 -5.464589
vt -2.299373 1.912532
vt -0.808762 -5.454261
vt -1.467285 2.354166
vt 7.923645 0.837375
vt 7.629837 0.858503
vt -0.955328 2.633432
vt 7.219368 0.889324
vt -0.748923 2.746395
vt 6.799765 0.921165
vt 7.858622 1.690504
vt 7.610513 1.637496
vt -1.335867 2.037385
vt -0.780237 2.211405
vt 7.241593 1.544979
vt -0.487060 2.235699
vt 6.806660 1.439331
vt -0.086318 2.318327
vt 6.245701 1.369016
vt 0.375147 2.425468
vt 5.604580 1.289561
vt -1.626565 -6.195212
vt -1.325744 -6.311424
vt 4.907775 1.204327
vt -1.128338 -6.322188
vt -2.238744 1.766147
vt -1.018435 -6.276521
vt 6.156930 1.766788
vt 5.543414 1.563567
vt -1.665333 -6.422891
vt -1.343495 -6.610245
vt 4.876639 1.343975
vt -1.142354 -6.695733
vt -2.207756 1.610875
vt -1.033193 -6.673378
vt -1.268937 1.701343
vt 7.806328 2.103789
vt 7.531713 2.049098
vt -0.690948 1.763356
vt 7.130179 1.997113
vt -0.444237 1.894864
vt 6.693567 1.942800
vt -0.063568 2.106398
vt 0.435236 2.189891
vt 7.193663 2.816607
vt 6.799218 2.594571
vt -0.690951 1.306248
vt -0.512656 1.290992
vt 6.456462 2.402794
vt -0.181644 1.258331
vt 5.992078 2.139723
vt 0.434063 1.186043
vt 5.429917 1.820405
vt -1.942701 -7.246314
vt -1.533622 -7.506612
vt 4.818728 1.474950
vt -1.267439 -7.574582
vt -2.207800 1.452350
vt 7.919003 2.108781
vt 7.616969 3.060571
vt 7.494643 2.988611
vt -1.269095 1.358804
vt 5.268592 2.050092
vt 4.736561 1.591988
vt -2.618488 -7.398201
vt -2.344535 -7.340727
vt -2.424503 -6.357124
vt -2.636120 -6.437112
vt -2.238646 1.297039
vt -2.791140 -7.338444
vt -2.767088 -6.442437
vt -1.335798 1.022165
vt 6.895941 3.715265
vt 6.708648 3.505990
vt -0.780073 0.857888
vt 6.456905 3.189139
vt -0.563322 0.684743
vt 6.184561 2.843910
vt -0.230970 0.396824
vt 5.757948 2.473112
vt 0.237586 0.199015
vt -1.942702 -7.140747
vt -2.108655 -6.214348
vt -0.955037 0.435151
vt -0.659283 0.278464
vt 6.097826 3.569118
vt 5.811613 3.202015
vt -0.267658 0.071825
vt 5.463051 2.754536
vt 0.045047 -0.102804
vt 5.065521 2.243896
vt -2.114527 -5.855906
vt -2.351355 -5.883699
vt 4.632944 1.690860
vt -2.532490 -5.898011
vt -2.299367 1.150469
vt -2.647101 -5.896079
vt -1.466967 0.705104
vt 6.440623 4.010596
vt 6.310395 3.841993
vt -2.512110 -5.489680
vt -2.741428 -5.430071
vt -2.387494 1.018486
vt 4.512033 1.767634
vt -2.878434 -5.409209
vt -1.657650 0.419941
vt 6.088178 4.375818
vt 5.920760 4.133760
vt -1.209253 0.054747
vt 5.656275 3.811065
vt -0.941454 -0.001957
vt 5.374463 3.477309
vt -0.503167 -0.087061
vt 5.118904 2.973037
vt -0.056573 -0.390014
vt 4.828536 2.394347
vt -2.162679 -5.562144
vt 4.982752 3.991771
vt 4.879774 3.628814
vt -1.436207 -0.385329
vt -1.240131 -0.623829
vt 4.738806 3.120158
vt -0.812692 -1.147357
vt 4.566692 2.495706
vt -2.138918 -4.511536
vt -2.595704 -4.405288
vt 4.378673 1.819206
vt -2.894553 -4.387239
vt -2.499533 0.906407
vt -3.070603 -4.440892
vt -1.900454 0.177495
vt 5.208756 4.806824
vt 5.109846 4.446737
vt -1.532639 -0.268845
vt -2.631413 0.818057
vt 4.237597 1.843898
vt 5.248159 4.959495
vt 4.196614 5.013988
vt 4.228146 4.892912
vt -2.185511 -0.013827
vt 4.249124 4.598483
vt -1.912986 -0.523523
vt 4.308786 4.185526
vt -1.908563 -0.796602
vt 4.376889 3.754572
vt -1.910166 -1.243105
vt 4.337310 3.190277
vt -1.702137 -1.742388
vt 4.290154 2.543992
vt -0.531569 -1.492704
vt -1.497668 -2.005221
vt -2.383839 -3.433563
vt -2.618749 -3.462048
vt -2.238630 -1.019390
vt -2.117587 -1.446465
vt 3.860164 3.744467
vt 3.929886 3.180676
vt -2.007377 -1.786224
vt 4.009489 2.537399
vt -1.935024 -1.996163
vt 4.094573 1.840495
vt -2.183242 -3.189392
vt -2.361063 -3.151066
vt -2.777859 0.757265
vt 3.723811 4.835534
vt 3.733814 4.763052
vt -2.502381 -0.145716
vt 3.760773 4.550684
vt -2.335466 -0.699201
vt 3.803123 4.207003
vt -2.478989 -3.201773
vt -2.206131 -2.627580
vt -2.326997 -2.688543
vt -2.933432 0.725971
vt -2.838870 -0.213327
vt 3.031605 4.606129
vt 3.099139 4.402998
vt -2.784107 -0.789158
vt 3.207787 4.073997
vt -2.751923 -1.122321
vt 3.353804 3.631408
vt -2.702122 -1.563450
vt 3.532073 3.091822
vt -2.664315 -1.917101
vt 3.735428 2.476228
vt -2.640391 -2.137479
vt 3.954792 1.809361
vt -2.031254 -2.676163
vt 2.880625 3.421202
vt 3.159080 2.927182
vt -3.155226 -1.514342
vt -3.165899 -1.953576
vt 3.478498 2.362831
vt -3.209894 -2.219960
vt 3.823932 1.751457
vt -1.942702 -2.290769
vt -2.127342 -2.219964
vt -3.091953 0.725820
vt 3.007682 4.675663
vt 2.415148 4.498428
vt 2.446795 4.407396
vt -3.182159 -0.213925
vt 2.553480 4.180041
vt -3.241700 -0.790018
vt 2.701365 3.833252
vt -3.214146 -1.085146
vt 1.738019 3.956277
vt 1.926271 3.737820
vt -3.518693 -0.147244
vt -3.690362 -0.701500
vt 2.190213 3.431099
vt -3.762425 -0.934108
vt 2.466889 3.109413
vt -3.873480 -1.305183
vt 2.825495 2.692892
vt -4.008662 -1.787472
vt 3.248876 2.201327
vt -4.091005 -2.098540
vt 3.706790 1.669184
vt 0.238080 -8.349536
vt 0.435236 -8.302890
vt 0.050546 -7.782424
vt -0.170388 -7.844952
vt -3.247491 0.756408
vt 1.663736 4.042014
vt 3.054956 1.998255
vt 3.608040 1.565575
vt -0.172101 -7.076254
vt -0.359116 -7.132857
vt -3.393930 0.816913
vt 1.100228 3.366775
vt 1.186026 3.322334
vt -3.835669 -0.016878
vt 1.395233 3.183211
vt -4.112922 -0.527272
vt 1.716120 2.985396
vt -4.302374 -0.757148
vt 2.096890 2.746777
vt -4.551206 -1.096119
vt 2.544276 2.397837
vt -4.771478 -1.488165
vt 0.377574 -7.558992
vt 0.119157 -6.938208
vt 1.442780 2.554161
vt 1.819755 2.310514
vt -4.634154 -0.535393
vt -4.822864 -0.922440
vt 2.325625 2.053840
vt -5.069096 -1.284192
vt 2.904550 1.761148
vt 0.037301 -6.618664
vt -0.270553 -6.699077
vt 3.531244 1.444792
vt -0.475402 -6.701763
vt -3.525843 0.904591
vt 0.835321 2.952382
vt 0.911964 2.892629
vt -4.120912 0.173242
vt 1.127144 2.761507
vt -4.493315 -0.274054
vt -3.637940 1.016483
vt 3.479588 1.311293
vt 0.461530 2.152709
vt 0.571121 2.121202
vt -4.363770 0.415242
vt 0.850201 2.043049
vt -4.816870 0.048570
vt 1.241249 1.934333
vt -5.005835 -0.104135
vt 1.649509 1.821068
vt -5.302378 -0.350268
vt 2.178432 1.673736
vt -5.677153 -0.676508
vt 2.803023 1.499434
vt -0.089845 -5.796360
vt -0.461278 -5.861214
vt -0.694903 -5.879824
vt -5.356884 0.343239
vt -5.772481 0.231760
vt 1.542805 1.314299
vt 2.108443 1.272055
vt -6.156703 0.039831
vt 2.754820 1.222749
vt -0.135831 -4.937735
vt -0.449613 -4.966911
vt 3.454882 1.170341
vt -0.651558 -4.997661
vt -3.726115 1.147969
vt -0.808763 -5.857944
vt -0.751632 -5.015930
vt -4.554225 0.699964
vt 0.465044 1.285552
vt 0.716795 1.285747
vt -5.070942 0.428329
vt 1.094106 1.300210
vt -0.529389 -4.395380
vt -0.624987 -4.409586
vt -3.786737 1.294356
vt -4.685468 1.016448
vt 0.535090 0.674235
vt 0.747641 0.699102
vt -5.245965 0.850246
vt 1.091378 0.740674
vt -5.568378 0.753250
vt 1.554012 0.796593
vt -5.985874 0.616931
vt 2.117954 0.864549
vt -6.313863 0.508412
vt 2.761409 0.942021
vt -0.093783 -4.449349
vt -0.348788 -4.408154
vt 3.458308 1.027179
vt 1.668359 0.292271
vt 2.206702 0.466797
vt -5.961825 0.947261
vt -6.445030 0.840227
vt 2.822566 0.668024
vt -0.087723 -4.093294
vt -0.427440 -3.938791
vt 3.489429 0.887541
vt -0.634550 -3.862705
vt -3.817738 1.449613
vt -0.738598 -3.874425
vt -4.752574 1.352765
vt 0.552064 0.134903
vt 0.829939 0.187582
vt -5.335346 1.298420
vt 1.232469 0.238804
vt -5.582988 1.168969
vt -3.817689 1.608147
vt -4.752791 1.695923
vt 0.867329 -0.756124
vt 1.172419 -0.585102
vt -5.335391 1.755605
vt 1.567382 -0.361517
vt -5.514349 1.775079
vt 1.906524 -0.168046
vt -5.842580 1.806163
vt 2.371413 0.093980
vt -6.445030 1.851176
vt 2.936003 0.411238
vt 0.131632 -3.196603
vt -0.301555 -2.981109
vt 3.547351 0.756556
vt -0.572813 -2.928510
vt 0.435241 0.133119
vt 0.739752 -0.824947
vt -5.792455 2.668688
vt -6.247729 2.843346
vt 2.605684 -0.239529
vt 3.097400 0.181494
vt 0.435236 -2.408761
vt 0.101806 -2.234008
vt 3.629506 0.639532
vt -0.124495 -2.219961
vt -3.786846 1.763452
vt 1.401751 -1.577713
vt 1.465571 -1.482096
vt -4.685708 2.031951
vt 1.655407 -1.273581
vt -5.246218 2.203883
vt 1.906900 -0.955268
vt -5.463634 2.381794
vt 2.177379 -0.608863
vt 1.916942 -1.771868
vt 2.049182 -1.604968
vt -4.554335 2.348673
vt -5.071111 2.626403
vt 2.262837 -1.333016
vt -5.368293 2.785378
vt 2.550219 -0.966908
vt -5.754218 2.987832
vt 2.900595 -0.520965
vt -6.055819 3.142899
vt 3.300468 -0.012310
vt -3.858020 -2.308439
vt -4.156308 -2.548908
vt -4.102032 -2.861534
vt -3.868263 -2.747750
vt 3.733128 0.540656
vt -3.659569 -2.219961
vt -3.690642 -2.709730
vt -3.726125 1.910025
vt -3.534531 -2.274691
vt -3.579758 -2.750011
vt 3.244728 -0.739453
vt 3.537456 -0.162762
vt -4.001739 -3.186484
vt -3.672806 -3.119366
vt 3.854033 0.463886
vt -3.452891 -3.135409
vt -3.637998 2.042005
vt 1.871228 -1.827317
vt 2.264211 -2.224201
vt 2.338854 -2.144627
vt -4.363862 2.634184
vt 2.489389 -1.917769
vt -4.817041 3.007022
vt 2.725309 -1.598666
vt -5.083707 3.107515
vt 2.987640 -1.242973
vt -5.495615 3.240857
vt -5.881853 3.500326
vt 3.256418 -2.215387
vt 3.373666 -1.791671
vt -4.493705 3.330696
vt -4.620357 3.485055
vt 3.480013 -1.404323
vt -4.840162 3.752099
vt 3.624683 -0.886453
vt -5.198257 4.184545
vt 3.799225 -0.264062
vt -3.899126 -4.115451
vt -3.482128 -4.049494
vt 3.987407 0.412301
vt -3.215444 -4.034119
vt -3.525956 2.154090
vt 3.128559 -2.660705
vt 3.166413 -2.533079
vt -4.121448 2.877257
vt 4.075824 -0.312399
vt 4.128470 0.387618
vt -3.539266 -5.036237
vt -3.326216 -4.999805
vt -3.394079 2.242433
vt -3.070602 -4.060094
vt -3.206675 -4.971786
vt -3.836006 3.067945
vt 4.072933 -2.626702
vt 4.063501 -2.355382
vt -4.113307 3.585298
vt 4.026145 -1.960174
vt -4.160069 3.866456
vt 3.984488 -1.520041
vt -4.234220 4.277330
vt 4.026323 -0.956692
vt -4.425404 4.716216
vt -3.868830 -5.048935
vt -3.690748 3.760876
vt -3.869031 3.977754
vt 4.466366 -1.946112
vt 4.499726 -1.507677
vt -4.063594 4.306324
vt 4.433766 -0.947111
vt -4.256063 4.823437
vt 4.356498 -0.305816
vt -3.861578 -5.249005
vt -3.519025 -5.285311
vt 4.271511 0.391011
vt -3.317138 -5.323594
vt -3.247623 2.303239
vt -3.198824 -5.333016
vt -3.519048 3.199691
vt 4.435037 -2.633052
vt 4.438115 -2.351196
vt -3.527714 -6.284081
vt -3.252509 -6.320142
vt -3.092056 2.334527
vt 4.411285 0.422148
vt -3.104306 -6.258912
vt -3.182681 3.267523
vt 5.375661 -2.511096
vt 5.263889 -2.168903
vt -3.242130 3.850865
vt 5.121060 -1.736147
vt -3.260800 4.029192
vt 4.997475 -1.363370
vt -3.289117 4.316825
vt 4.831505 -0.858191
vt -3.344499 4.954810
vt 4.630528 -0.244618
vt -3.998672 -6.110701
vt 5.770781 -1.516829
vt 5.483075 -1.183995
vt -2.654029 4.099404
vt -2.540660 4.458105
vt 5.204569 -0.693613
vt -2.439675 5.013987
vt 4.887488 -0.131245
vt -4.156308 -6.931649
vt -3.842152 -7.120072
vt 4.542144 0.480055
vt -3.637996 -7.132152
vt -2.933535 2.334687
vt 5.423398 -2.660705
vt 6.284065 -2.132686
vt 6.202498 -2.051310
vt -2.839290 3.267945
vt 6.034116 -1.826162
vt -2.784561 3.851775
vt -2.777993 2.304098
vt 4.659294 0.562318
vt 6.524525 -1.956990
vt 6.478345 -1.854163
vt -2.502857 3.201437
vt 6.324386 -1.621163
vt -2.335927 3.763290
vt 6.122604 -1.270483
vt -2.361614 4.043399
vt 5.904801 -0.888116
vt -2.386651 4.460212
vt 5.538116 -0.459292
vt -2.269863 4.950476
vt 5.117099 0.030270
vt -1.619897 -2.269899
vt -1.942700 -2.454466
vt -1.899647 -2.604153
vt -1.569265 -2.444227
vt -1.435046 -2.219960
vt -1.348963 -2.438422
s 0
g old.mainIsland.ice.mesh_ice.mat
usemtl ice.mat
f 4/1/1 10/2/1 9/3/1
f 6/4/2 1/5/2 7/6/2
f 5/7/3 11/8/3 10/2/3
f 2/9/4 3/10/4 9/3/4
f 2/9/5 8/11/5 7/6/5
f 8/12/6 14/13/6 13/14/6
f 12/15/7 7/16/7 13/14/7
f 11/17/8 17/18/8 16/19/8
f 8/12/9 9/20/9 15/21/9
f 10/22/10 16/19/10 15/21/10
f 15/23/11 16/24/11 22/25/11
f 13/26/12 14/27/12 20/28/12
f 13/26/13 19/29/13 24/30/13
f 16/24/14 17/31/14 23/32/14
f 15/23/15 21/33/15 20/28/15
f 4/1/16 9/3/16 3/10/16
f 6/4/17 7/6/17 12/34/17
f 5/7/18 10/2/18 4/1/18
f 2/9/19 9/3/19 8/11/19
f 2/9/20 7/6/20 1/5/20
f 8/12/21 13/14/21 7/16/21
f 12/15/22 13/14/22 18/35/22
f 11/17/23 16/19/23 10/22/23
f 8/12/24 15/21/24 14/13/24
f 10/22/25 15/21/25 9/20/25
f 15/23/11 22/25/11 21/33/11
f 13/26/26 20/28/26 19/29/26
f 13/26/13 24/30/13 18/36/13
f 16/24/27 23/32/27 22/25/27
f 15/23/28 20/28/28 14/27/28
f 11/37/29 5/38/29 17/31/29
f 17/31/30 5/38/30 23/32/30
f 18/36/31 24/30/31 12/39/31
f 12/39/31 24/30/31 6/40/31
f 35/41/32 33/42/33 36/43/34
f 52/44/35 37/45/36 53/46/37
f 27/47/38 91/48/39 88/49/40
f 25/50/41 90/51/42 26/52/43
f 32/53/44 93/54/45 27/47/46
f 90/51/47 31/55/48 307/56/49
f 33/42/50 306/57/51 36/43/52
f 306/57/53 37/45/54 36/43/55
f 307/56/56 31/55/57 37/58/58
f 309/59/59 37/58/60 30/60/61
f 35/61/62 31/62/63 25/63/64
f 31/62/65 36/64/66 37/65/67
f 43/66/68 38/67/69 62/68/70
f 38/67/71 67/69/72 69/70/73
f 46/71/74 45/72/75 81/73/76
f 46/71/77 82/74/78 45/72/79
f 48/75/80 84/76/81 46/77/82
f 310/78/83 53/46/84 306/57/85
f 35/41/86 89/79/87 33/42/88
f 52/44/89 30/80/90 37/45/91
f 89/81/92 26/82/93 90/83/94
f 25/50/95 31/55/96 90/51/97
f 90/83/98 307/84/99 306/85/100
f 306/86/101 53/87/102 37/88/103
f 309/59/104 307/56/105 37/58/106
f 35/61/107 36/64/108 31/62/109
f 40/77/110 65/89/111 63/90/112
f 85/70/113 82/74/114 84/91/115
f 44/67/116 83/69/117 85/70/118
f 86/92/119 85/93/120 84/76/121
f 310/78/122 52/44/123 53/46/124
f 71/94/125 38/95/126 69/93/127
f 56/66/128 61/67/129 55/68/130
f 78/92/131 77/93/132 76/76/133
f 77/70/134 74/74/135 76/91/136
f 59/77/137 73/89/138 54/90/139
f 59/71/140 60/72/141 73/73/142
f 79/94/143 61/95/144 77/93/145
f 42/75/146 68/76/147 40/77/148
f 38/95/149 41/96/150 64/97/151
f 40/71/152 39/72/153 65/73/154
f 42/75/155 40/77/156 63/90/157
f 70/92/158 69/93/159 68/76/160
f 40/71/161 66/74/162 39/72/163
f 69/70/164 66/74/165 68/91/166
f 38/67/167 43/66/168 67/69/169
f 46/77/170 81/89/171 51/90/172
f 44/95/173 47/96/174 80/97/175
f 44/67/176 49/66/177 83/69/178
f 87/94/179 44/95/180 85/93/181
f 48/75/182 46/77/183 51/90/184
f 49/66/185 44/67/186 50/68/187
f 71/94/188 41/96/189 38/95/190
f 57/75/191 59/77/192 54/90/193
f 57/75/194 76/76/195 59/77/196
f 59/71/197 74/74/198 60/72/199
f 61/67/200 56/66/201 75/69/202
f 61/67/203 75/69/204 77/70/205
f 61/95/206 58/96/207 72/97/208
f 42/75/209 70/92/210 68/76/211
f 38/95/212 64/97/213 62/98/214
f 70/92/215 71/94/216 69/93/217
f 40/71/218 68/91/219 66/74/220
f 69/70/221 67/69/222 66/74/223
f 79/94/224 58/96/225 61/95/226
f 57/75/227 78/92/228 76/76/229
f 61/95/230 72/97/231 55/98/232
f 78/92/233 79/94/234 77/93/235
f 59/71/236 76/91/237 74/74/238
f 77/70/239 75/69/240 74/74/241
f 87/94/242 47/96/243 44/95/244
f 48/75/245 86/92/246 84/76/247
f 44/95/248 80/97/249 50/98/250
f 86/92/251 87/94/252 85/93/253
f 46/71/254 84/91/255 82/74/256
f 85/70/257 83/69/258 82/74/259
f 27/99/260 33/100/261 89/81/262
f 34/101/263 33/100/264 88/102/265
f 32/103/266 89/81/267 90/83/268
f 34/101/269 90/83/270 306/85/271
f 34/104/272 92/105/273 32/53/274
f 34/104/275 91/48/276 94/106/277
f 97/107/278 96/108/279 309/109/280
f 98/110/281 99/111/282 97/112/283
f 310/113/284 97/112/285 309/114/286
f 95/115/287 98/116/287 310/117/287
f 309/118/288 95/119/289 310/120/290
f 104/121/291 110/122/291 109/123/291
f 105/124/292 107/125/292 106/126/292
f 96/127/293 103/128/293 95/119/294
f 109/123/295 95/115/295 104/121/295
f 107/125/296 103/129/296 106/126/296
f 96/130/297 108/131/298 105/124/299
f 27/47/300 93/54/301 91/48/302
f 32/53/303 92/105/304 93/54/305
f 27/99/306 88/102/307 33/100/308
f 34/101/309 306/85/310 33/100/311
f 32/103/312 27/99/313 89/81/314
f 34/101/315 32/103/316 90/83/317
f 34/104/318 94/106/319 92/105/320
f 34/104/321 88/49/322 91/48/323
f 97/132/324 99/133/325 96/130/326
f 98/110/327 100/134/328 99/111/329
f 310/113/330 98/110/331 97/112/332
f 95/115/333 100/135/333 98/116/333
f 309/118/334 96/127/335 95/119/336
f 104/121/337 103/136/337 110/122/337
f 105/124/338 108/131/338 107/125/338
f 96/137/339 105/138/340 106/139/341
f 106/140/342 103/128/343 96/127/344
f 103/141/345 104/142/345 95/143/345
f 109/123/346 100/135/346 95/115/346
f 107/144/347 110/122/347 103/136/347
f 96/145/348 99/146/349 108/147/350
f 122/148/351 121/149/351 123/150/351
f 120/151/352 119/152/352 121/149/352
f 118/153/353 117/154/353 119/152/353
f 115/155/354 116/156/354 118/153/354
f 122/148/351 120/151/351 121/149/351
f 120/151/352 118/153/352 119/152/352
f 118/153/353 116/156/353 117/154/353
f 118/153/354 120/151/354 115/155/354
f 120/151/354 122/148/354 115/155/354
f 122/148/354 114/157/354 115/155/354
f 114/157/355 122/148/355 123/150/355
f 133/158/351 132/159/351 134/160/351
f 131/161/352 130/162/352 132/159/352
f 129/163/353 128/164/353 130/162/353
f 127/165/356 126/166/356 128/164/356
f 125/167/354 127/165/354 129/163/354
f 133/158/351 131/161/351 132/159/351
f 131/161/352 129/163/352 130/162/352
f 129/163/353 127/165/353 128/164/353
f 127/165/356 125/167/356 126/166/356
f 129/163/354 131/161/354 125/167/354
f 131/161/354 133/158/354 125/167/354
f 133/158/354 124/168/354 125/167/354
f 145/169/351 144/170/351 146/171/351
f 143/172/352 142/173/352 144/170/352
f 141/174/353 140/175/353 142/173/353
f 137/176/354 139/177/354 141/174/354
f 137/176/357 136/178/357 138/179/357
f 135/180/355 146/171/355 136/178/355
f 145/169/351 143/172/351 144/170/351
f 143/172/352 141/174/352 142/173/352
f 141/174/353 139/177/353 140/175/353
f 141/174/354 143/172/354 137/176/354
f 143/172/354 145/169/354 137/176/354
f 145/169/354 135/180/354 137/176/354
f 137/176/357 135/180/357 136/178/357
f 135/180/355 145/169/355 146/171/355
f 157/181/351 156/182/351 158/183/351
f 155/184/352 154/185/352 156/182/352
f 153/186/353 152/187/353 154/185/353
f 151/188/356 150/189/356 152/187/356
f 149/190/354 151/188/354 153/186/354
f 149/190/357 148/191/357 150/189/357
f 147/192/355 158/183/355 148/191/355
f 157/181/351 155/184/351 156/182/351
f 155/184/352 153/186/352 154/185/352
f 153/186/353 151/188/353 152/187/353
f 151/188/356 149/190/356 150/189/356
f 153/186/354 155/184/354 149/190/354
f 155/184/354 157/181/354 149/190/354
f 157/181/354 147/192/354 149/190/354
f 149/190/357 147/192/357 148/191/357
f 147/192/355 157/181/355 158/183/355
f 167/193/352 160/194/352 159/195/352
f 160/194/353 161/196/353 159/195/353
f 164/197/357 165/198/357 163/199/357
f 160/194/353 162/200/353 161/196/353
f 169/201/351 168/202/351 170/203/351
f 162/200/356 163/199/356 161/196/356
f 167/193/352 159/195/352 168/202/352
f 169/201/351 167/193/351 168/202/351
f 164/197/354 162/200/354 160/194/354
f 162/200/356 164/197/356 163/199/356
f 160/194/354 167/193/354 164/197/354
f 167/193/354 169/201/354 164/197/354
f 169/201/354 166/204/354 164/197/354
f 164/197/357 166/204/357 165/198/357
f 173/71/358 172/72/359 180/73/360
f 173/71/361 181/74/362 172/72/363
f 175/75/364 183/76/365 173/77/366
f 184/70/367 181/74/368 183/91/369
f 171/67/370 182/69/371 184/70/372
f 185/92/373 184/93/374 183/76/375
f 173/77/376 180/89/377 178/90/378
f 171/95/379 174/96/380 179/97/381
f 171/67/382 176/66/383 182/69/384
f 186/94/385 171/95/386 184/93/387
f 175/75/388 173/77/389 178/90/390
f 176/66/391 171/67/392 177/68/393
f 186/94/394 174/96/395 171/95/396
f 175/75/397 185/92/398 183/76/399
f 171/95/400 179/97/401 177/98/402
f 185/92/403 186/94/404 184/93/405
f 173/71/406 183/91/407 181/74/408
f 184/70/409 182/69/410 181/74/411
f 189/71/412 188/72/413 196/73/414
f 189/71/415 197/74/416 188/72/417
f 191/75/418 199/76/419 189/77/420
f 200/70/421 197/74/422 199/91/423
f 187/67/424 198/69/425 200/70/426
f 201/92/427 200/93/428 199/76/429
f 189/77/430 196/89/431 194/90/432
f 187/95/433 190/96/434 195/97/435
f 187/67/436 192/66/437 198/69/438
f 202/94/439 187/95/440 200/93/441
f 191/75/442 189/77/443 194/90/444
f 192/66/445 187/67/446 193/68/447
f 202/94/448 190/96/449 187/95/450
f 191/75/451 201/92/452 199/76/453
f 187/95/454 195/97/455 193/98/456
f 201/92/457 202/94/458 200/93/459
f 189/71/460 199/91/461 197/74/462
f 200/70/463 198/69/464 197/74/465
f 226/205/466 242/206/466 222/207/466
f 244/208/467 221/209/467 243/210/467
f 209/211/468 206/212/468 239/213/468
f 246/214/469 216/215/469 244/216/469
f 240/217/470 243/218/470 245/219/470
f 221/209/471 215/220/471 222/207/471
f 205/221/472 235/222/472 219/223/472
f 203/224/473 225/225/473 215/220/473
f 223/226/474 207/227/475 224/228/476
f 247/229/477 212/230/477 209/211/477
f 234/231/478 238/232/478 218/233/478
f 234/231/479 219/223/480 235/222/481
f 222/207/482 225/225/483 226/205/484
f 242/206/485 221/209/485 222/207/485
f 214/234/477 208/235/477 207/227/477
f 209/211/477 211/236/477 210/237/477
f 218/233/486 220/238/486 219/223/486
f 238/232/487 217/239/487 218/233/487
f 203/240/488 216/215/488 228/241/488
f 262/242/489 205/221/489 240/217/489
f 205/221/490 220/238/490 240/217/490
f 256/243/491 223/226/491 224/228/491
f 213/244/492 204/245/492 227/246/492
f 252/247/493 203/240/493 228/241/493
f 212/230/494 237/248/494 211/236/494
f 257/249/495 238/250/495 261/251/495
f 208/235/496 241/252/496 207/227/496
f 253/253/497 242/206/497 254/254/497
f 210/237/498 233/255/499 236/256/500
f 260/257/501 234/231/501 235/222/501
f 211/236/502 237/248/502 233/255/502
f 259/258/503 238/232/503 234/231/503
f 214/234/504 223/226/504 204/259/504
f 251/260/505 225/225/505 203/224/505
f 210/237/506 236/256/506 206/212/506
f 260/257/507 205/221/507 258/261/507
f 209/211/508 249/262/508 247/229/508
f 279/263/509 264/264/509 263/265/509
f 248/266/510 227/246/510 250/267/510
f 230/268/511 269/269/512 246/270/513
f 224/228/514 207/227/514 241/252/514
f 254/254/515 226/205/515 256/271/515
f 257/249/516 271/272/517 263/265/518
f 278/273/519 266/274/519 282/275/519
f 250/267/520 271/272/520 229/276/520
f 245/277/521 221/209/521 232/278/521
f 230/268/522 244/279/522 217/280/522
f 217/239/523 243/218/523 220/238/523
f 257/249/524 264/264/525 230/268/526
f 212/281/527 250/267/527 229/276/527
f 247/229/528 231/282/528 208/235/528
f 213/283/477 247/229/477 208/235/477
f 282/275/529 269/284/529 289/285/529
f 241/252/530 256/243/530 224/228/530
f 204/259/531 255/286/531 251/287/531
f 241/252/497 253/288/497 254/289/497
f 227/246/532 251/290/532 252/247/532
f 226/205/491 255/291/491 256/271/491
f 250/267/533 273/292/533 270/293/533
f 236/256/534 258/294/534 206/212/534
f 233/255/535 261/295/535 259/296/535
f 236/256/501 259/296/501 260/297/501
f 237/298/495 257/249/495 261/251/495
f 206/212/536 262/299/536 239/213/536
f 244/208/537 216/300/537 221/209/537
f 209/211/538 210/237/538 206/212/538
f 246/214/539 228/241/539 216/215/539
f 240/217/540 220/238/540 243/218/540
f 221/209/541 216/300/541 215/220/541
f 223/226/476 214/234/542 207/227/543
f 247/229/477 248/301/477 212/230/477
f 234/231/544 218/233/480 219/223/545
f 222/207/546 215/220/547 225/225/548
f 242/206/549 232/278/549 221/209/549
f 214/234/477 213/283/477 208/235/477
f 209/211/477 212/230/477 211/236/477
f 218/233/550 217/239/550 220/238/550
f 238/250/551 230/268/551 217/280/551
f 203/224/552 215/220/552 216/300/552
f 262/242/553 258/261/553 205/221/553
f 205/221/554 219/223/554 220/238/554
f 256/243/491 255/286/491 223/226/491
f 213/283/494 214/234/494 204/259/494
f 252/247/555 251/290/555 203/240/555
f 212/281/556 229/276/556 237/298/556
f 257/249/557 230/268/557 238/250/557
f 208/235/558 231/282/558 241/252/558
f 253/253/559 232/278/559 242/206/559
f 210/237/560 211/236/561 233/255/562
f 260/257/501 259/258/501 234/231/501
f 259/258/563 261/302/563 238/232/563
f 251/260/564 255/291/564 225/225/564
f 260/257/565 235/222/565 205/221/565
f 209/211/566 239/213/566 249/262/566
f 275/303/567 263/304/567 272/305/567
f 248/266/568 213/244/568 227/246/568
f 285/306/569 265/307/569 278/308/569
f 254/254/570 242/206/570 226/205/570
f 228/241/571 269/309/572 266/310/573
f 277/311/574 268/312/574 285/306/574
f 277/311/575 272/305/575 267/313/575
f 245/277/576 243/210/576 221/209/576
f 230/268/577 246/270/577 244/279/577
f 217/239/578 244/314/578 243/218/578
f 252/247/579 273/292/580 227/246/581
f 212/281/582 248/266/582 250/267/582
f 247/229/583 249/262/583 231/282/583
f 213/283/477 248/301/477 247/229/477
f 288/315/584 269/316/584 264/317/584
f 241/252/585 254/289/585 256/243/585
f 204/259/586 223/226/586 255/286/586
f 241/252/587 231/282/587 253/288/587
f 227/246/588 204/245/588 251/290/588
f 226/205/491 225/225/491 255/291/491
f 252/247/589 266/310/590 265/318/591
f 236/256/592 260/297/592 258/294/592
f 233/255/593 237/248/593 261/295/593
f 236/256/501 233/255/501 259/296/501
f 237/298/594 229/276/594 257/249/594
f 206/212/553 258/294/553 262/299/553
f 270/293/595 287/319/595 283/320/595
f 272/305/596 280/321/596 267/313/596
f 263/304/597 286/322/597 272/305/597
f 263/265/598 284/323/599 274/324/600
f 270/293/601 284/323/601 271/272/601
f 231/282/602 278/325/602 253/288/602
f 231/282/603 277/326/603 285/327/603
f 265/307/604 281/328/604 276/329/604
f 267/313/605 281/328/605 268/312/605
f 265/318/606 287/319/607 273/292/608
f 249/262/609 275/330/609 277/326/609
f 240/217/610 289/331/610 288/315/610
f 280/332/611 287/333/611 281/334/611
f 286/335/612 283/336/612 280/332/612
f 262/242/613 288/315/613 279/337/613
f 274/338/614 284/339/614 286/335/614
f 276/340/615 281/334/615 287/333/615
f 280/332/611 283/336/611 287/333/611
f 253/253/616 282/275/616 232/278/616
f 286/335/612 284/339/612 283/336/612
f 232/278/617 289/285/617 245/277/617
f 239/213/618 279/341/618 275/330/618
f 279/337/619 288/315/619 264/317/619
f 230/268/620 264/264/621 269/269/622
f 257/249/623 229/276/624 271/272/625
f 278/342/626 265/318/626 266/310/626
f 250/267/627 270/293/627 271/272/627
f 257/249/628 263/265/629 264/264/630
f 282/275/631 266/274/631 269/284/631
f 250/267/632 227/246/632 273/292/632
f 275/303/633 279/343/633 263/304/633
f 285/306/634 268/312/634 265/307/634
f 228/241/635 246/214/636 269/309/637
f 277/311/638 267/313/638 268/312/638
f 277/311/639 275/303/639 272/305/639
f 252/247/640 265/318/641 273/292/642
f 288/315/643 289/331/643 269/316/643
f 252/247/644 228/241/645 266/310/646
f 270/293/595 273/292/595 287/319/595
f 272/305/596 286/322/596 280/321/596
f 263/304/597 274/344/597 286/322/597
f 263/265/647 271/272/648 284/323/649
f 270/293/601 283/320/601 284/323/601
f 231/282/650 285/327/650 278/325/650
f 231/282/651 249/262/651 277/326/651
f 265/307/604 268/312/604 281/328/604
f 267/313/605 280/321/605 281/328/605
f 265/318/652 276/345/653 287/319/654
f 249/262/655 239/213/655 275/330/655
f 240/217/656 245/219/656 289/331/656
f 262/242/657 240/217/657 288/315/657
f 253/253/658 278/273/658 282/275/658
f 232/278/659 282/275/659 289/285/659
f 239/213/660 262/299/660 279/341/660
f 292/66/661 297/67/662 291/68/663
f 304/92/664 303/93/665 302/76/666
f 303/70/667 300/74/668 302/91/669
f 295/77/670 299/89/671 290/90/672
f 295/71/673 296/72/674 299/73/675
f 305/94/676 297/95/677 303/93/678
f 293/75/679 295/77/680 290/90/681
f 293/75/682 302/76/683 295/77/684
f 295/71/685 300/74/686 296/72/687
f 297/67/688 292/66/689 301/69/690
f 297/67/691 301/69/692 303/70/693
f 297/95/694 294/96/695 298/97/696
f 305/94/697 294/96/698 297/95/699
f 293/75/700 304/92/701 302/76/702
f 297/95/703 298/97/704 291/98/705
f 304/92/706 305/94/707 303/93/708
f 295/71/709 302/91/710 300/74/711
f 303/70/712 301/69/713 300/74/714
f 28/346/715 29/347/716 309/348/717 310/349/718
f 312/66/719 317/67/720 311/68/721
f 324/92/722 323/93/723 322/76/724
f 323/70/725 320/74/726 322/91/727
f 315/77/728 319/89/729 308/90/730
f 315/71/731 316/72/732 319/73/733
f 325/94/734 317/95/735 323/93/736
f 313/75/737 315/77/738 308/90/739
f 313/75/740 322/76/741 315/77/742
f 315/71/743 320/74/744 316/72/745
f 317/67/746 312/66/747 321/69/748
f 317/67/749 321/69/750 323/70/751
f 317/95/752 314/96/753 318/97/754
f 325/94/755 314/96/756 317/95/757
f 313/75/758 324/92/759 322/76/760
f 317/95/761 318/97/762 311/98/763
f 324/92/764 325/94/765 323/93/766
f 315/71/767 322/91/768 320/74/769
f 323/70/770 321/69/771 320/74/772
f 328/71/773 327/72/774 335/73/775
f 328/71/776 336/74/777 327/72/778
f 330/75/779 338/76/780 328/77/781
f 339/70/782 336/74/783 338/91/784
f 326/67/785 337/69/786 339/70/787
f 340/92/788 339/93/789 338/76/790
f 328/77/791 335/89/792 333/90/793
f 326/95/794 329/96/795 334/97/796
f 326/67/797 331/66/798 337/69/799
f 341/94/800 326/95/801 339/93/802
f 330/75/803 328/77/804 333/90/805
f 331/66/806 326/67/807 332/68/808
f 341/94/809 329/96/810 326/95/811
f 330/75/812 340/92/813 338/76/814
f 326/95/815 334/97/816 332/98/817
f 340/92/818 341/94/819 339/93/820
f 328/71/821 338/91/822 336/74/823
f 339/70/824 337/69/825 336/74/826
f 344/71/827 343/72/828 351/73/829
f 344/71/830 352/74/831 343/72/832
f 346/75/833 354/76/834 344/77/835
f 355/70/836 352/74/837 354/91/838
f 342/67/839 353/69/840 355/70/841
f 356/92/842 355/93/843 354/76/844
f 344/77/845 351/89/846 349/90/847
f 342/95/848 345/96/849 350/97/850
f 342/67/851 347/66/852 353/69/853
f 357/94/854 342/95/855 355/93/856
f 346/75/857 344/77/858 349/90/859
f 347/66/860 342/67/861 348/68/862
f 357/94/863 345/96/864 342/95/865
f 346/75/866 356/92/867 354/76/868
f 342/95/869 350/97/870 348/98/871
f 356/92/872 357/94/873 355/93/874
f 344/71/875 354/91/876 352/74/877
f 355/70/878 353/69/879 352/74/880
f 360/71/827 359/72/828 367/73/829
f 360/71/830 368/74/831 359/72/832
f 362/75/833 370/76/834 360/77/835
f 371/70/836 368/74/837 370/91/838
f 358/67/839 369/69/840 371/70/841
f 372/92/842 371/93/843 370/76/844
f 360/77/845 367/89/846 365/90/847
f 358/95/848 361/96/849 366/97/850
f 358/67/851 363/66/852 369/69/853
f 373/94/854 358/95/855 371/93/856
f 362/75/857 360/77/858 365/90/859
f 363/66/860 358/67/861 364/68/862
f 373/94/863 361/96/864 358/95/865
f 362/75/866 372/92/867 370/76/868
f 358/95/869 366/97/870 364/98/871
f 372/92/872 373/94/873 371/93/874
f 360/71/875 370/91/876 368/74/877
f 371/70/878 369/69/879 368/74/880
f 384/350/351 383/351/351 385/352/351
f 382/353/352 381/354/352 383/351/352
f 380/355/353 379/356/353 381/354/353
f 378/357/356 377/358/356 379/356/356
f 376/359/354 378/360/354 380/361/354
f 376/362/357 375/363/357 377/358/357
f 374/364/355 385/365/355 375/363/355
f 384/350/351 382/353/351 383/351/351
f 382/353/352 380/355/352 381/354/352
f 380/355/353 378/357/353 379/356/353
f 378/357/356 376/362/356 377/358/356
f 380/361/354 382/366/354 376/359/354
f 382/366/354 384/367/354 376/359/354
f 384/367/354 374/368/354 376/359/354
f 376/362/357 374/364/357 375/363/357
f 374/364/355 384/369/355 385/365/355
f 396/350/351 395/351/351 397/352/351
f 394/353/352 393/354/352 395/351/352
f 392/355/353 391/356/353 393/354/353
f 390/357/356 389/358/356 391/356/356
f 388/359/354 390/360/354 392/361/354
f 388/362/357 387/363/357 389/358/357
f 386/364/355 397/365/355 387/363/355
f 396/350/351 394/353/351 395/351/351
f 394/353/352 392/355/352 393/354/352
f 392/355/353 390/357/353 391/356/353
f 390/357/356 388/362/356 389/358/356
f 392/361/354 394/366/354 388/359/354
f 394/366/354 396/367/354 388/359/354
f 396/367/354 386/368/354 388/359/354
f 388/362/357 386/364/357 387/363/357
f 386/364/355 396/369/355 397/365/355
f 408/350/351 407/351/351 409/352/351
f 406/353/352 405/354/352 407/351/352
f 404/355/353 403/356/353 405/354/353
f 402/357/356 401/358/356 403/356/356
f 400/359/354 402/360/354 404/361/354
f 400/362/357 399/363/357 401/358/357
f 398/364/355 409/365/355 399/363/355
f 408/350/351 406/353/351 407/351/351
f 406/353/352 404/355/352 405/354/352
f 404/355/353 402/357/353 403/356/353
f 402/357/356 400/362/356 401/358/356
f 404/361/354 406/366/354 400/359/354
f 406/366/354 408/367/354 400/359/354
f 408/367/354 398/368/354 400/359/354
f 400/362/357 398/364/357 399/363/357
f 398/364/355 408/369/355 409/365/355
f 420/350/351 419/351/351 421/352/351
f 418/353/352 417/354/352 419/351/352
f 416/355/353 415/356/353 417/354/353
f 414/357/356 413/358/356 415/356/356
f 412/359/354 414/360/354 416/361/354
f 412/362/357 411/363/357 413/358/357
f 410/364/355 421/365/355 411/363/355
f 420/350/351 418/353/351 419/351/351
f 418/353/352 416/355/352 417/354/352
f 416/355/353 414/357/353 415/356/353
f 414/357/356 412/362/356 413/358/356
f 416/361/354 418/366/354 412/359/354
f 418/366/354 420/367/354 412/359/354
f 420/367/354 410/368/354 412/359/354
f 412/362/357 410/364/357 411/363/357
f 410/364/355 420/369/355 421/365/355
f 432/350/351 431/351/351 433/352/351
f 430/353/352 429/354/352 431/351/352
f 428/355/353 427/356/353 429/354/353
f 426/357/356 425/358/356 427/356/356
f 424/359/354 426/360/354 428/361/354
f 424/362/357 423/363/357 425/358/357
f 422/364/355 433/365/355 423/363/355
f 432/350/351 430/353/351 431/351/351
f 430/353/352 428/355/352 429/354/352
f 428/355/353 426/357/353 427/356/353
f 426/357/356 424/362/356 425/358/356
f 428/361/354 430/366/354 424/359/354
f 430/366/354 432/367/354 424/359/354
f 432/367/354 422/368/354 424/359/354
f 424/362/357 422/364/357 423/363/357
f 422/364/355 432/369/355 433/365/355
f 444/350/351 443/351/351 445/352/351
f 442/353/352 441/354/352 443/351/352
f 440/355/353 439/356/353 441/354/353
f 438/357/356 437/358/356 439/356/356
f 440/370/881 442/371/881 472/372/881 471/373/881
f 436/362/357 435/363/357 437/358/357
f 434/364/355 445/365/355 435/363/355
f 444/350/351 442/353/351 443/351/351
f 442/353/352 440/355/352 441/354/352
f 440/355/353 438/357/353 439/356/353
f 438/357/356 436/362/356 437/358/356
f 442/371/882 444/374/882 470/375/882 472/372/882
f 444/374/883 434/376/883 469/377/883 470/375/883
f 438/378/884 440/370/884 471/373/884 468/379/884
f 436/362/357 434/364/357 435/363/357
f 434/364/355 444/369/355 445/365/355
f 446/380/885 447/381/885 448/382/885
f 449/383/886 447/381/886 446/380/886 450/384/886
f 28/346/887 450/384/887 446/380/887
f 447/381/888 449/383/888 306/85/888 307/84/888
f 28/346/889 446/380/889 448/382/889 29/347/889
f 29/347/890 448/382/890 447/381/890 307/84/890 309/348/890
f 449/383/891 450/384/891 28/346/891 310/349/891 306/85/891
f 453/71/892 452/72/893 460/73/894
f 453/71/895 461/74/896 452/72/897
f 455/75/898 463/76/899 453/77/900
f 464/70/901 461/74/902 463/91/903
f 451/67/904 462/69/905 464/70/906
f 465/92/907 464/93/908 463/76/909
f 453/77/910 460/89/911 458/90/912
f 451/95/913 454/96/914 459/97/915
f 451/67/916 456/66/917 462/69/918
f 466/94/919 451/95/920 464/93/921
f 455/75/922 453/77/923 458/90/924
f 456/66/925 451/67/926 457/68/927
f 466/94/928 454/96/929 451/95/930
f 455/75/931 465/92/932 463/76/933
f 451/95/934 459/97/935 457/98/936
f 465/92/937 466/94/938 464/93/939
f 453/71/940 463/91/941 461/74/942
f 464/70/943 462/69/944 461/74/945
f 102/385/946 108/147/947 99/146/948
f 108/386/949 102/387/950 107/388/951
f 109/389/952 110/390/952 100/391/952
f 102/387/953 101/392/954 107/388/955
f 107/388/956 101/392/957 110/393/958
f 101/392/959 111/394/960 110/393/961
f 112/395/962 110/393/963 111/394/964
f 100/396/965 110/393/965 113/397/966
f 113/397/967 110/393/968 112/395/969
f 468/398/970 471/399/970 477/400/970 474/401/970
f 472/402/971 470/403/971 476/404/971 478/405/971
f 467/406/972 468/398/972 474/401/972 473/407/972
f 470/403/973 469/408/973 475/409/973 476/404/973
f 436/410/974 438/378/974 468/379/974 467/411/974
f 434/376/975 436/410/975 467/411/975 469/377/975
f 473/412/354 474/413/354 477/414/354
f 477/414/354 478/415/354 473/412/354
f 478/415/354 476/416/354 473/412/354
f 476/416/354 475/417/354 473/412/354
f 469/408/976 467/406/976 473/407/976 475/409/976
f 471/399/977 472/402/977 478/405/977 477/400/977
f 509/418/354 510/419/354 492/420/354 493/421/354
f 510/419/354 511/422/354 491/423/354 492/420/354
f 511/422/354 512/424/354 490/425/354 491/423/354
f 512/424/354 513/426/354 489/427/354 490/425/354
f 493/421/354 492/420/354 487/428/354 488/429/354
f 492/420/354 491/423/354 486/430/354 487/428/354
f 491/423/354 490/425/354 485/431/354 486/430/354
f 490/425/354 489/427/354 484/432/354 485/431/354
f 488/429/354 487/428/354 482/433/354 483/434/354
f 487/428/354 486/430/354 481/435/354 482/433/354
f 486/430/354 485/431/354 480/436/354 481/435/354
f 485/431/354 484/432/354 479/437/354 480/436/354
f 483/434/354 482/433/354 497/438/354 498/439/354
f 482/433/354 481/435/354 496/440/354 497/438/354
f 481/435/354 480/436/354 495/441/354 496/440/354
f 480/436/354 479/437/354 494/442/354 495/441/354
f 508/443/354 507/444/354 510/419/354 509/418/354
f 507/444/354 506/445/354 511/422/354 510/419/354
f 506/445/354 505/446/354 512/424/354 511/422/354
f 505/446/354 504/447/354 513/426/354 512/424/354
f 503/448/354 502/449/354 507/444/354 508/443/354
f 502/449/354 501/450/354 506/445/354 507/444/354
f 501/450/354 500/451/354 505/446/354 506/445/354
f 500/451/354 499/452/354 504/447/354 505/446/354
f 520/453/978 991/454/978 531/455/978 532/456/978
f 989/457/979 515/458/979 524/459/979 525/460/979
f 992/461/980 520/453/980 532/456/980 533/462/980
f 516/463/981 989/457/981 525/460/981 526/464/981
f 993/465/982 992/461/982 533/462/982 534/466/982
f 990/467/983 516/463/983 526/464/983 527/468/983
f 994/469/984 993/465/984 534/466/984 535/470/984
f 517/471/985 990/472/985 527/473/985 528/474/985
f 995/475/986 994/469/986 535/470/986 536/476/986
f 518/477/987 517/471/987 528/474/987 529/478/987
f 987/479/988 514/480/988 522/481/988
f 521/482/989 995/475/989 536/476/989
f 519/483/990 518/484/990 529/485/990 530/486/990
f 988/487/991 987/479/991 522/481/991 523/488/991
f 991/454/992 519/483/992 530/486/992 531/455/992
f 515/458/993 988/487/993 523/488/993 524/459/993
f 523/488/994 522/481/994 537/489/994 538/490/994
f 531/455/995 530/486/995 545/491/995 546/492/995
f 524/459/996 523/488/996 538/490/996 539/493/996
f 532/456/997 531/455/997 546/492/997 547/494/997
f 525/460/998 524/459/998 539/493/998 540/495/998
f 533/462/999 532/456/999 547/494/999 548/496/999
f 526/464/1000 525/460/1000 540/495/1000 541/497/1000
f 534/466/1001 533/462/1001 548/496/1001 549/498/1001
f 527/468/1002 526/464/1002 541/497/1002 542/499/1002
f 535/470/1003 534/466/1003 549/498/1003 550/500/1003
f 528/474/1004 527/473/1004 542/501/1004 543/502/1004
f 536/476/1005 535/470/1005 550/500/1005 551/503/1005
f 529/478/1006 528/474/1006 543/502/1006 544/504/1006
f 522/481/1007 514/480/1007 537/489/1007
f 521/482/1008 536/476/1008 551/503/1008
f 530/505/1009 529/478/1009 544/504/1009 545/506/1009
f 542/499/1010 541/497/1010 556/507/1010 557/508/1010
f 550/500/1011 549/498/1011 564/509/1011 565/510/1011
f 543/502/1012 542/501/1012 557/511/1012 558/512/1012
f 551/503/1013 550/500/1013 565/510/1013 566/513/1013
f 544/504/1014 543/502/1014 558/512/1014 559/514/1014
f 537/489/1015 514/480/1015 552/515/1015
f 521/482/1016 551/503/1016 566/513/1016
f 545/506/1017 544/504/1017 559/514/1017 560/516/1017
f 538/490/1018 537/489/1018 552/515/1018 553/517/1018
f 546/492/1019 545/491/1019 560/518/1019 561/519/1019
f 539/493/1020 538/490/1020 553/517/1020 554/520/1020
f 547/494/1021 546/492/1021 561/519/1021 562/521/1021
f 540/495/1022 539/493/1022 554/520/1022 555/522/1022
f 548/496/1023 547/494/1023 562/521/1023 563/523/1023
f 541/497/1024 540/495/1024 555/522/1024 556/507/1024
f 549/498/1025 548/496/1025 563/523/1025 564/509/1025
f 561/519/1026 560/518/1026 575/524/1026 576/525/1026
f 554/520/1027 553/517/1027 568/526/1027 569/527/1027
f 562/521/1028 561/519/1028 576/525/1028 577/528/1028
f 555/522/1029 554/520/1029 569/527/1029 570/529/1029
f 563/523/1030 562/521/1030 577/528/1030 578/530/1030
f 556/507/1031 555/522/1031 570/529/1031 571/531/1031
f 564/509/1032 563/523/1032 578/530/1032 579/532/1032
f 557/508/1033 556/507/1033 571/531/1033 572/533/1033
f 565/510/1034 564/509/1034 579/532/1034 580/534/1034
f 558/512/1035 557/511/1035 572/535/1035 573/536/1035
f 566/513/1036 565/510/1036 580/534/1036 581/537/1036
f 559/514/1037 558/512/1037 573/536/1037 574/538/1037
f 552/515/1038 514/480/1038 567/539/1038
f 521/482/1039 566/513/1039 581/537/1039
f 560/516/1040 559/514/1040 574/538/1040 575/540/1040
f 553/517/1041 552/515/1041 567/539/1041 568/526/1041
f 580/534/1042 579/532/1042 594/541/1042 595/542/1042
f 573/536/1043 572/535/1043 587/543/1043 588/544/1043
f 581/537/1044 580/534/1044 595/542/1044 596/545/1044
f 574/538/1045 573/536/1045 588/544/1045 589/546/1045
f 567/539/1046 514/480/1046 582/547/1046
f 521/482/1047 581/537/1047 596/545/1047
f 575/540/1048 574/538/1048 589/546/1048 590/548/1048
f 568/526/1049 567/539/1049 582/547/1049 583/549/1049
f 576/525/1050 575/524/1050 590/550/1050 591/551/1050
f 569/527/1051 568/526/1051 583/549/1051 584/552/1051
f 577/528/1052 576/525/1052 591/551/1052 592/553/1052
f 570/529/1053 569/527/1053 584/552/1053 585/554/1053
f 578/530/1054 577/528/1054 592/553/1054 593/555/1054
f 571/531/1055 570/529/1055 585/554/1055 586/556/1055
f 579/532/1056 578/530/1056 593/555/1056 594/541/1056
f 572/533/1057 571/531/1057 586/556/1057 587/557/1057
f 592/553/1058 591/551/1058 606/558/1058 607/559/1058
f 585/554/1059 584/552/1059 599/560/1059 600/561/1059
f 593/555/1060 592/553/1060 607/559/1060 608/562/1060
f 586/556/1061 585/554/1061 600/561/1061 601/563/1061
f 594/541/1062 593/555/1062 608/562/1062 609/564/1062
f 587/557/1063 586/556/1063 601/563/1063 602/565/1063
f 595/542/1064 594/541/1064 609/564/1064 610/566/1064
f 588/544/1065 587/543/1065 602/567/1065 603/568/1065
f 596/545/1066 595/542/1066 610/566/1066 611/569/1066
f 589/546/1067 588/544/1067 603/568/1067 604/570/1067
f 582/547/1068 514/480/1068 597/571/1068
f 521/482/1069 596/545/1069 611/569/1069
f 590/550/1070 589/572/1070 604/573/1070 605/574/1070
f 583/549/1071 582/547/1071 597/571/1071 598/575/1071
f 591/551/1072 590/550/1072 605/574/1072 606/558/1072
f 584/552/1073 583/549/1073 598/575/1073 599/560/1073
f 611/569/1074 610/566/1074 625/576/1074 626/577/1074
f 604/578/1075 603/579/1075 618/580/1075 619/581/1075
f 597/571/1076 514/480/1076 612/582/1076
f 521/482/1077 611/569/1077 626/577/1077
f 605/583/1078 604/578/1078 619/581/1078 620/584/1078
f 598/575/1079 597/571/1079 612/582/1079 613/585/1079
f 606/558/1080 605/574/1080 620/586/1080 621/587/1080
f 599/560/1081 598/575/1081 613/585/1081 614/588/1081
f 607/559/1082 606/558/1082 621/587/1082 622/589/1082
f 600/561/1083 599/560/1083 614/588/1083 615/590/1083
f 608/562/1084 607/559/1084 622/589/1084 623/591/1084
f 601/563/1085 600/561/1085 615/590/1085 616/592/1085
f 609/564/1086 608/562/1086 623/591/1086 624/593/1086
f 602/565/1087 601/563/1087 616/592/1087 617/594/1087
f 610/566/1088 609/564/1088 624/593/1088 625/576/1088
f 603/579/1089 602/595/1089 617/596/1089 618/580/1089
f 615/590/1090 614/588/1090 629/597/1090 630/598/1090
f 623/591/1091 622/589/1091 637/599/1091 638/600/1091
f 616/592/1092 615/590/1092 630/598/1092 631/601/1092
f 624/593/1093 623/591/1093 638/600/1093 639/602/1093
f 617/594/1094 616/592/1094 631/601/1094 632/603/1094
f 625/576/1095 624/593/1095 639/602/1095 640/604/1095
f 618/580/1096 617/596/1096 632/605/1096 633/606/1096
f 626/577/1097 625/576/1097 640/604/1097 641/607/1097
f 619/581/1098 618/580/1098 633/606/1098 634/608/1098
f 612/582/1099 514/480/1099 627/609/1099
f 521/482/1100 626/577/1100 641/607/1100
f 620/584/1101 619/581/1101 634/608/1101 635/610/1101
f 613/585/1102 612/582/1102 627/609/1102 628/611/1102
f 621/587/1103 620/586/1103 635/612/1103 636/613/1103
f 614/588/1104 613/585/1104 628/611/1104 629/597/1104
f 622/589/1105 621/587/1105 636/613/1105 637/599/1105
f 634/608/1106 633/606/1106 648/614/1106 649/615/1106
f 627/609/1107 514/480/1107 642/616/1107
f 521/482/1108 641/607/1108 656/617/1108
f 635/610/1109 634/608/1109 649/615/1109 650/618/1109
f 628/611/1110 627/609/1110 642/616/1110 643/619/1110
f 636/613/1111 635/612/1111 650/620/1111 651/621/1111
f 629/597/1112 628/611/1112 643/619/1112 644/622/1112
f 637/599/1113 636/613/1113 651/621/1113 652/623/1113
f 630/598/1114 629/597/1114 644/622/1114 645/624/1114
f 638/600/1115 637/599/1115 652/623/1115 653/625/1115
f 631/601/1116 630/598/1116 645/624/1116 646/626/1116
f 639/602/1117 638/600/1117 653/625/1117 654/627/1117
f 632/603/1118 631/601/1118 646/626/1118 647/628/1118
f 640/604/1119 639/602/1119 654/627/1119 655/629/1119
f 633/606/1120 632/605/1120 647/630/1120 648/614/1120
f 641/607/1121 640/604/1121 655/629/1121 656/617/1121
f 653/625/1122 652/623/1122 667/631/1122 668/632/1122
f 646/626/1123 645/624/1123 660/633/1123 661/634/1123
f 654/627/1124 653/625/1124 668/632/1124 669/635/1124
f 647/628/1125 646/626/1125 661/634/1125 662/636/1125
f 655/629/1126 654/627/1126 669/635/1126 670/637/1126
f 648/614/1127 647/630/1127 662/638/1127 663/639/1127
f 656/617/1128 655/629/1128 670/637/1128 671/640/1128
f 649/615/1129 648/614/1129 663/639/1129 664/641/1129
f 642/616/1130 514/480/1130 657/642/1130
f 521/482/1131 656/617/1131 671/640/1131
f 650/618/1132 649/615/1132 664/641/1132 665/643/1132
f 643/619/1133 642/616/1133 657/642/1133 658/644/1133
f 651/621/1134 650/620/1134 665/645/1134 666/646/1134
f 644/622/1135 643/619/1135 658/644/1135 659/647/1135
f 652/623/1136 651/621/1136 666/646/1136 667/631/1136
f 645/624/1137 644/622/1137 659/647/1137 660/633/1137
f 657/642/1138 514/480/1138 672/648/1138
f 521/482/1139 671/640/1139 686/649/1139
f 665/645/1140 664/650/1140 679/651/1140 680/652/1140
f 658/644/1141 657/642/1141 672/648/1141 673/653/1141
f 666/646/1142 665/645/1142 680/652/1142 681/654/1142
f 659/647/1143 658/644/1143 673/653/1143 674/655/1143
f 667/631/1144 666/646/1144 681/654/1144 682/656/1144
f 660/633/1145 659/647/1145 674/655/1145 675/657/1145
f 668/632/1146 667/631/1146 682/656/1146 683/658/1146
f 661/634/1147 660/633/1147 675/657/1147 676/659/1147
f 669/635/1148 668/632/1148 683/658/1148 684/660/1148
f 662/636/1149 661/634/1149 676/659/1149 677/661/1149
f 670/637/1150 669/635/1150 684/660/1150 685/662/1150
f 663/663/1151 662/636/1151 677/661/1151 678/664/1151
f 671/640/1152 670/637/1152 685/662/1152 686/649/1152
f 664/641/1153 663/639/1153 678/665/1153 679/666/1153
f 676/659/1154 675/657/1154 690/667/1154 691/668/1154
f 684/660/1155 683/658/1155 698/669/1155 699/670/1155
f 677/661/1156 676/659/1156 691/668/1156 692/671/1156
f 685/662/1157 684/660/1157 699/670/1157 700/672/1157
f 678/664/1158 677/661/1158 692/671/1158 693/673/1158
f 686/649/1159 685/662/1159 700/672/1159 701/674/1159
f 679/666/1160 678/665/1160 693/675/1160 694/676/1160
f 672/648/1161 514/480/1161 687/677/1161
f 521/482/1162 686/649/1162 701/674/1162
f 680/652/1163 679/651/1163 694/678/1163 695/679/1163
f 673/653/1164 672/648/1164 687/677/1164 688/680/1164
f 681/654/1165 680/652/1165 695/679/1165 696/681/1165
f 674/655/1166 673/653/1166 688/680/1166 689/682/1166
f 682/656/1167 681/654/1167 696/681/1167 697/683/1167
f 675/657/1168 674/655/1168 689/682/1168 690/667/1168
f 683/658/1169 682/656/1169 697/683/1169 698/669/1169
f 695/684/1170 694/676/1170 709/685/1170 710/686/1170
f 688/680/1171 687/677/1171 702/687/1171 703/688/1171
f 696/681/1172 695/679/1172 710/689/1172 711/690/1172
f 689/682/1173 688/680/1173 703/688/1173 704/691/1173
f 697/683/1174 696/681/1174 711/690/1174 712/692/1174
f 690/667/1175 689/682/1175 704/691/1175 705/693/1175
f 698/669/1176 697/683/1176 712/692/1176 713/694/1176
f 691/668/1177 690/667/1177 705/693/1177 706/695/1177
f 699/670/1178 698/669/1178 713/694/1178 714/696/1178
f 692/671/1179 691/668/1179 706/695/1179 707/697/1179
f 700/672/1180 699/670/1180 714/696/1180 715/698/1180
f 693/673/1181 692/671/1181 707/697/1181 708/699/1181
f 701/674/1182 700/672/1182 715/698/1182 716/700/1182
f 694/676/1183 693/675/1183 708/701/1183 709/685/1183
f 687/677/1184 514/480/1184 702/687/1184
f 521/482/1185 701/674/1185 716/700/1185
f 714/696/1186 713/694/1186 728/702/1186 729/703/1186
f 707/697/1187 706/695/1187 721/704/1187 722/705/1187
f 715/698/1188 714/696/1188 729/703/1188 730/706/1188
f 708/699/1189 707/697/1189 722/705/1189 723/707/1189
f 716/700/1190 715/698/1190 730/706/1190 731/708/1190
f 709/685/1191 708/701/1191 723/709/1191 724/710/1191
f 702/687/1192 514/480/1192 717/711/1192
f 521/482/1193 716/700/1193 731/708/1193
f 710/689/1194 709/712/1194 724/713/1194 725/714/1194
f 703/688/1195 702/687/1195 717/711/1195 718/715/1195
f 711/690/1196 710/689/1196 725/714/1196 726/716/1196
f 704/691/1197 703/688/1197 718/715/1197 719/717/1197
f 712/692/1198 711/690/1198 726/716/1198 727/718/1198
f 705/693/1199 704/691/1199 719/717/1199 720/719/1199
f 713/694/1200 712/692/1200 727/718/1200 728/702/1200
f 706/695/1201 705/693/1201 720/719/1201 721/704/1201
f 726/716/1202 725/714/1202 740/720/1202 741/721/1202
f 719/717/1203 718/715/1203 733/722/1203 734/723/1203
f 727/718/1204 726/716/1204 741/721/1204 742/724/1204
f 720/719/1205 719/717/1205 734/723/1205 735/725/1205
f 728/702/1206 727/718/1206 742/724/1206 743/726/1206
f 721/704/1207 720/719/1207 735/725/1207 736/727/1207
f 729/703/1208 728/702/1208 743/726/1208 744/728/1208
f 722/705/1209 721/704/1209 736/727/1209 737/729/1209
f 730/706/1210 729/703/1210 744/728/1210 745/730/1210
f 723/707/1211 722/705/1211 737/729/1211 738/731/1211
f 731/708/1212 730/706/1212 745/730/1212 746/732/1212
f 724/733/1213 723/734/1213 738/735/1213 739/736/1213
f 717/711/1214 514/480/1214 732/737/1214
f 521/482/1215 731/708/1215 746/732/1215
f 725/714/1216 724/713/1216 739/738/1216 740/720/1216
f 718/715/1217 717/711/1217 732/737/1217 733/722/1217
f 746/732/1218 745/730/1218 760/739/1218 761/740/1218
f 739/736/1219 738/735/1219 753/741/1219 754/742/1219
f 732/737/1220 514/480/1220 747/743/1220
f 521/482/1221 746/732/1221 761/740/1221
f 740/720/1222 739/738/1222 754/744/1222 755/745/1222
f 733/722/1223 732/737/1223 747/743/1223 748/746/1223
f 741/721/1224 740/720/1224 755/745/1224 756/747/1224
f 734/723/1225 733/722/1225 748/746/1225 749/748/1225
f 742/724/1226 741/721/1226 756/747/1226 757/749/1226
f 735/725/1227 734/723/1227 749/748/1227 750/750/1227
f 743/726/1228 742/724/1228 757/749/1228 758/751/1228
f 736/727/1229 735/725/1229 750/750/1229 751/752/1229
f 744/728/1230 743/726/1230 758/751/1230 759/753/1230
f 737/729/1231 736/727/1231 751/752/1231 752/754/1231
f 745/730/1232 744/728/1232 759/753/1232 760/739/1232
f 738/735/1233 737/755/1233 752/756/1233 753/741/1233
f 758/751/1234 757/749/1234 772/757/1234 773/758/1234
f 751/752/1235 750/750/1235 765/759/1235 766/760/1235
f 759/753/1236 758/751/1236 773/758/1236 774/761/1236
f 752/754/1237 751/752/1237 766/760/1237 767/762/1237
f 760/739/1238 759/753/1238 774/761/1238 775/763/1238
f 753/741/1239 752/756/1239 767/764/1239 768/765/1239
f 761/740/1240 760/739/1240 775/763/1240 776/766/1240
f 754/742/1241 753/741/1241 768/765/1241 769/767/1241
f 747/743/1242 514/480/1242 762/768/1242
f 521/482/1243 761/740/1243 776/766/1243
f 755/745/1244 754/744/1244 769/769/1244 770/770/1244
f 748/746/1245 747/743/1245 762/768/1245 763/771/1245
f 756/747/1246 755/745/1246 770/770/1246 771/772/1246
f 749/748/1247 748/746/1247 763/771/1247 764/773/1247
f 757/749/1248 756/747/1248 771/772/1248 772/757/1248
f 750/750/1249 749/748/1249 764/773/1249 765/759/1249
f 762/768/1250 514/480/1250 777/774/1250
f 521/482/1251 776/766/1251 791/775/1251
f 770/770/1252 769/769/1252 784/776/1252 785/777/1252
f 763/771/1253 762/768/1253 777/774/1253 778/778/1253
f 771/772/1254 770/770/1254 785/777/1254 786/779/1254
f 764/773/1255 763/771/1255 778/778/1255 779/780/1255
f 772/757/1256 771/772/1256 786/779/1256 787/781/1256
f 765/759/1257 764/773/1257 779/780/1257 780/782/1257
f 773/758/1258 772/757/1258 787/781/1258 788/783/1258
f 766/760/1259 765/759/1259 780/782/1259 781/784/1259
f 774/761/1260 773/758/1260 788/783/1260 789/785/1260
f 767/762/1261 766/760/1261 781/784/1261 782/786/1261
f 775/763/1262 774/761/1262 789/785/1262 790/787/1262
f 768/765/1263 767/764/1263 782/788/1263 783/789/1263
f 776/766/1264 775/763/1264 790/787/1264 791/775/1264
f 769/767/1265 768/765/1265 783/789/1265 784/790/1265
f 781/784/1266 780/782/1266 795/791/1266 796/792/1266
f 789/785/1267 788/783/1267 803/793/1267 804/794/1267
f 782/786/1268 781/784/1268 796/792/1268 797/795/1268
f 790/787/1269 789/785/1269 804/794/1269 805/796/1269
f 783/789/1270 782/788/1270 797/797/1270 798/798/1270
f 791/775/1271 790/787/1271 805/796/1271 806/799/1271
f 784/790/1272 783/789/1272 798/798/1272 799/800/1272
f 777/774/1273 514/480/1273 792/801/1273
f 521/482/1274 791/775/1274 806/799/1274
f 785/802/1275 784/790/1275 799/800/1275 800/803/1275
f 778/778/1276 777/774/1276 792/801/1276 793/804/1276
f 786/779/1277 785/777/1277 800/805/1277 801/806/1277
f 779/780/1278 778/778/1278 793/804/1278 794/807/1278
f 787/781/1279 786/779/1279 801/806/1279 802/808/1279
f 780/782/1280 779/780/1280 794/807/1280 795/791/1280
f 788/783/1281 787/781/1281 802/808/1281 803/793/1281
f 800/803/1282 799/800/1282 814/809/1282 815/810/1282
f 793/804/1283 792/801/1283 807/811/1283 808/812/1283
f 801/806/1284 800/805/1284 815/813/1284 816/814/1284
f 794/807/1285 793/804/1285 808/812/1285 809/815/1285
f 802/808/1286 801/806/1286 816/814/1286 817/816/1286
f 795/791/1287 794/807/1287 809/815/1287 810/817/1287
f 803/793/1288 802/808/1288 817/816/1288 818/818/1288
f 796/792/1289 795/791/1289 810/817/1289 811/819/1289
f 804/794/1290 803/793/1290 818/818/1290 819/820/1290
f 797/795/1291 796/792/1291 811/819/1291 812/821/1291
f 805/796/1292 804/794/1292 819/820/1292 820/822/1292
f 798/798/1293 797/797/1293 812/823/1293 813/824/1293
f 806/799/1294 805/796/1294 820/822/1294 821/825/1294
f 799/800/1295 798/798/1295 813/824/1295 814/809/1295
f 792/801/1296 514/480/1296 807/811/1296
f 521/482/1297 806/799/1297 821/825/1297
f 819/820/1298 818/818/1298 833/826/1298 834/827/1298
f 812/821/1299 811/819/1299 826/828/1299 827/829/1299
f 820/822/1300 819/820/1300 834/827/1300 835/830/1300
f 813/824/1301 812/823/1301 827/831/1301 828/832/1301
f 821/825/1302 820/822/1302 835/830/1302 836/833/1302
f 814/809/1303 813/824/1303 828/832/1303 829/834/1303
f 807/811/1304 514/480/1304 822/835/1304
f 521/482/1305 821/825/1305 836/833/1305
f 815/810/1306 814/809/1306 829/834/1306 830/836/1306
f 808/812/1307 807/811/1307 822/835/1307 823/837/1307
f 816/814/1308 815/813/1308 830/838/1308 831/839/1308
f 809/815/1309 808/812/1309 823/837/1309 824/840/1309
f 817/816/1310 816/814/1310 831/839/1310 832/841/1310
f 810/817/1311 809/815/1311 824/840/1311 825/842/1311
f 818/818/1312 817/816/1312 832/841/1312 833/826/1312
f 811/819/1313 810/817/1313 825/842/1313 826/828/1313
f 823/837/1314 822/835/1314 837/843/1314 838/844/1314
f 831/839/1315 830/838/1315 845/845/1315 846/846/1315
f 824/840/1316 823/837/1316 838/844/1316 839/847/1316
f 832/841/1317 831/839/1317 846/846/1317 847/848/1317
f 825/842/1318 824/840/1318 839/847/1318 840/849/1318
f 833/826/1319 832/841/1319 847/848/1319 848/850/1319
f 826/828/1320 825/842/1320 840/849/1320 841/851/1320
f 834/827/1321 833/826/1321 848/850/1321 849/852/1321
f 827/829/1322 826/828/1322 841/851/1322 842/853/1322
f 835/830/1323 834/827/1323 849/852/1323 850/854/1323
f 828/832/1324 827/831/1324 842/855/1324 843/856/1324
f 836/833/1325 835/830/1325 850/854/1325 851/857/1325
f 829/834/1326 828/832/1326 843/856/1326 844/858/1326
f 822/835/1327 514/480/1327 837/843/1327
f 521/482/1328 836/833/1328 851/857/1328
f 830/838/1329 829/859/1329 844/860/1329 845/845/1329
f 842/853/1330 841/851/1330 856/861/1330 857/862/1330
f 850/854/1331 849/852/1331 864/863/1331 865/864/1331
f 843/856/1332 842/855/1332 857/865/1332 858/866/1332
f 851/857/1333 850/854/1333 865/864/1333 866/867/1333
f 844/858/1334 843/856/1334 858/866/1334 859/868/1334
f 837/843/1335 514/480/1335 852/869/1335
f 521/482/1336 851/857/1336 866/867/1336
f 845/845/1337 844/860/1337 859/870/1337 860/871/1337
f 838/844/1338 837/843/1338 852/869/1338 853/872/1338
f 846/846/1339 845/845/1339 860/871/1339 861/873/1339
f 839/847/1340 838/844/1340 853/872/1340 854/874/1340
f 847/848/1341 846/846/1341 861/873/1341 862/875/1341
f 840/849/1342 839/847/1342 854/874/1342 855/876/1342
f 848/850/1343 847/848/1343 862/875/1343 863/877/1343
f 841/851/1344 840/849/1344 855/876/1344 856/861/1344
f 849/852/1345 848/850/1345 863/877/1345 864/863/1345
f 861/873/1346 860/871/1346 875/878/1346 876/879/1346
f 854/874/1347 853/872/1347 868/880/1347 869/881/1347
f 862/875/1348 861/873/1348 876/879/1348 877/882/1348
f 855/876/1349 854/874/1349 869/881/1349 870/883/1349
f 863/877/1350 862/875/1350 877/882/1350 878/884/1350
f 856/861/1351 855/876/1351 870/883/1351 871/885/1351
f 864/863/1352 863/877/1352 878/884/1352 879/886/1352
f 857/862/1353 856/861/1353 871/885/1353 872/887/1353
f 865/864/1354 864/863/1354 879/886/1354 880/888/1354
f 858/889/1355 857/890/1355 872/891/1355 873/892/1355
f 866/867/1356 865/864/1356 880/888/1356 881/893/1356
f 859/894/1357 858/889/1357 873/892/1357 874/895/1357
f 852/869/1358 514/480/1358 867/896/1358
f 521/482/1359 866/867/1359 881/893/1359
f 860/897/1360 859/894/1360 874/895/1360 875/898/1360
f 853/872/1361 852/869/1361 867/896/1361 868/880/1361
f 880/888/1362 879/886/1362 894/899/1362 895/900/1362
f 873/892/1363 872/891/1363 887/901/1363 888/902/1363
f 881/893/1364 880/888/1364 895/900/1364 896/903/1364
f 874/895/1365 873/892/1365 888/902/1365 889/904/1365
f 867/896/1366 514/480/1366 882/905/1366
f 521/482/1367 881/893/1367 896/903/1367
f 875/878/1368 874/906/1368 889/907/1368 890/908/1368
f 868/880/1369 867/896/1369 882/905/1369 883/909/1369
f 876/879/1370 875/878/1370 890/908/1370 891/910/1370
f 869/881/1371 868/880/1371 883/909/1371 884/911/1371
f 877/882/1372 876/879/1372 891/910/1372 892/912/1372
f 870/883/1373 869/881/1373 884/911/1373 885/913/1373
f 878/884/1374 877/882/1374 892/912/1374 893/914/1374
f 871/885/1375 870/883/1375 885/913/1375 886/915/1375
f 879/886/1376 878/884/1376 893/914/1376 894/899/1376
f 872/887/1377 871/885/1377 886/915/1377 887/916/1377
f 892/912/1378 891/910/1378 906/917/1378 907/918/1378
f 885/913/1379 884/911/1379 899/919/1379 900/920/1379
f 893/914/1380 892/912/1380 907/918/1380 908/921/1380
f 886/915/1381 885/913/1381 900/920/1381 901/922/1381
f 894/899/1382 893/914/1382 908/921/1382 909/923/1382
f 887/916/1383 886/915/1383 901/922/1383 902/924/1383
f 895/900/1384 894/899/1384 909/923/1384 910/925/1384
f 888/902/1385 887/901/1385 902/926/1385 903/927/1385
f 896/903/1386 895/900/1386 910/925/1386 911/928/1386
f 889/904/1387 888/902/1387 903/927/1387 904/929/1387
f 882/905/1388 514/480/1388 897/930/1388
f 521/482/1389 896/903/1389 911/928/1389
f 890/908/1390 889/907/1390 904/931/1390 905/932/1390
f 883/909/1391 882/905/1391 897/930/1391 898/933/1391
f 891/910/1392 890/908/1392 905/932/1392 906/917/1392
f 884/911/1393 883/909/1393 898/933/1393 899/919/1393
f 911/928/1394 910/925/1394 925/934/1394 926/935/1394
f 904/929/1395 903/927/1395 918/936/1395 919/937/1395
f 897/930/1396 514/480/1396 912/938/1396
f 521/482/1397 911/928/1397 926/935/1397
f 905/939/1398 904/929/1398 919/937/1398 920/940/1398
f 898/933/1399 897/930/1399 912/938/1399 913/941/1399
f 906/917/1400 905/932/1400 920/942/1400 921/943/1400
f 899/919/1401 898/933/1401 913/941/1401 914/944/1401
f 907/918/1402 906/917/1402 921/943/1402 922/945/1402
f 900/920/1403 899/919/1403 914/944/1403 915/946/1403
f 908/921/1404 907/918/1404 922/945/1404 923/947/1404
f 901/922/1405 900/920/1405 915/946/1405 916/948/1405
f 909/923/1406 908/921/1406 923/947/1406 924/949/1406
f 902/924/1407 901/922/1407 916/948/1407 917/950/1407
f 910/925/1408 909/923/1408 924/949/1408 925/934/1408
f 903/927/1409 902/926/1409 917/951/1409 918/936/1409
f 915/946/1410 914/944/1410 929/952/1410 930/953/1410
f 923/947/1411 922/945/1411 937/954/1411 938/955/1411
f 916/948/1412 915/946/1412 930/953/1412 931/956/1412
f 924/949/1413 923/947/1413 938/955/1413 939/957/1413
f 917/950/1414 916/948/1414 931/956/1414 932/958/1414
f 925/934/1415 924/949/1415 939/957/1415 940/959/1415
f 918/936/1416 917/951/1416 932/960/1416 933/961/1416
f 926/935/1417 925/934/1417 940/959/1417 941/962/1417
f 919/937/1418 918/936/1418 933/961/1418 934/963/1418
f 912/938/1419 514/480/1419 927/964/1419
f 521/482/1420 926/935/1420 941/962/1420
f 920/940/1421 919/937/1421 934/963/1421 935/965/1421
f 913/941/1422 912/938/1422 927/964/1422 928/966/1422
f 921/943/1423 920/942/1423 935/967/1423 936/968/1423
f 914/944/1424 913/941/1424 928/966/1424 929/952/1424
f 922/945/1425 921/943/1425 936/968/1425 937/954/1425
f 934/963/1426 933/961/1426 948/969/1426 949/970/1426
f 927/964/1427 514/480/1427 942/971/1427
f 521/482/1428 941/962/1428 956/972/1428
f 935/965/1429 934/963/1429 949/970/1429 950/973/1429
f 928/966/1430 927/964/1430 942/971/1430 943/974/1430
f 936/968/1431 935/967/1431 950/975/1431 951/976/1431
f 929/952/1432 928/966/1432 943/974/1432 944/977/1432
f 937/954/1433 936/968/1433 951/976/1433 952/978/1433
f 930/953/1434 929/952/1434 944/977/1434 945/979/1434
f 938/955/1435 937/954/1435 952/978/1435 953/980/1435
f 931/956/1436 930/953/1436 945/979/1436 946/981/1436
f 939/957/1437 938/955/1437 953/980/1437 954/982/1437
f 932/958/1438 931/956/1438 946/981/1438 947/983/1438
f 940/959/1439 939/957/1439 954/982/1439 955/984/1439
f 933/961/1440 932/960/1440 947/985/1440 948/969/1440
f 941/962/1441 940/959/1441 955/984/1441 956/972/1441
f 953/980/1442 952/978/1442 967/986/1442 968/987/1442
f 946/981/1443 945/979/1443 960/988/1443 961/989/1443
f 954/982/1444 953/980/1444 968/987/1444 969/990/1444
f 947/983/1445 946/981/1445 961/989/1445 962/991/1445
f 955/984/1446 954/982/1446 969/990/1446 970/992/1446
f 948/969/1447 947/985/1447 962/993/1447 963/994/1447
f 956/972/1448 955/984/1448 970/992/1448 971/995/1448
f 949/970/1449 948/969/1449 963/994/1449 964/996/1449
f 942/971/1450 514/480/1450 957/997/1450
f 521/482/1451 956/972/1451 971/995/1451
f 950/975/1452 949/998/1452 964/999/1452 965/1000/1452
f 943/974/1453 942/971/1453 957/997/1453 958/1001/1453
f 951/976/1454 950/975/1454 965/1000/1454 966/1002/1454
f 944/977/1455 943/974/1455 958/1001/1455 959/1003/1455
f 952/978/1456 951/976/1456 966/1002/1456 967/986/1456
f 945/979/1457 944/977/1457 959/1003/1457 960/988/1457
f 957/997/1458 514/480/1458 972/1004/1458
f 521/482/1459 971/995/1459 986/1005/1459
f 965/1000/1460 964/999/1460 979/1006/1460 980/1007/1460
f 958/1001/1461 957/997/1461 972/1004/1461 973/1008/1461
f 966/1002/1462 965/1000/1462 980/1007/1462 981/1009/1462
f 959/1003/1463 958/1001/1463 973/1008/1463 974/1010/1463
f 967/986/1464 966/1002/1464 981/1009/1464 982/1011/1464
f 960/988/1465 959/1003/1465 974/1010/1465 975/1012/1465
f 968/987/1466 967/986/1466 982/1011/1466 983/1013/1466
f 961/989/1467 960/988/1467 975/1012/1467 976/1014/1467
f 969/990/1468 968/987/1468 983/1013/1468 984/1015/1468
f 962/991/1469 961/989/1469 976/1014/1469 977/1016/1469
f 970/992/1470 969/990/1470 984/1015/1470 985/1017/1470
f 963/1018/1471 962/1019/1471 977/1020/1471 978/1021/1471
f 971/995/1472 970/992/1472 985/1017/1472 986/1005/1472
f 964/1022/1473 963/1018/1473 978/1021/1473 979/1023/1473
f 976/1014/1474 975/1012/1474 989/457/1474 516/463/1474
f 984/1015/1475 983/1013/1475 992/461/1475 993/465/1475
f 977/1016/1476 976/1014/1476 516/463/1476 990/467/1476
f 985/1017/1477 984/1015/1477 993/465/1477 994/469/1477
f 978/1021/1478 977/1020/1478 990/472/1478 517/471/1478
f 986/1005/1479 985/1017/1479 994/469/1479 995/475/1479
f 979/1023/1480 978/1021/1480 517/471/1480 518/477/1480
f 972/1004/1481 514/480/1481 987/479/1481
f 521/482/1482 986/1005/1482 995/475/1482
f 980/1007/1483 979/1006/1483 518/484/1483 519/483/1483
f 973/1008/1484 972/1004/1484 987/479/1484 988/487/1484
f 981/1009/1485 980/1007/1485 519/483/1485 991/454/1485
f 974/1010/1486 973/1008/1486 988/487/1486 515/458/1486
f 982/1011/1487 981/1009/1487 991/454/1487 520/453/1487
f 975/1012/1488 974/1010/1488 515/458/1488 989/457/1488
f 983/1013/1489 982/1011/1489 520/453/1489 992/461/1489
f 1002/453/1490 1473/454/1490 1013/455/1490 1014/456/1490
f 1471/457/979 997/458/979 1006/459/979 1007/460/979
f 1474/461/980 1002/453/980 1014/456/980 1015/462/980
f 998/463/981 1471/457/981 1007/460/981 1008/464/981
f 1475/465/982 1474/461/982 1015/462/982 1016/466/982
f 1472/467/983 998/463/983 1008/464/983 1009/468/983
f 1476/469/984 1475/465/984 1016/466/984 1017/470/984
f 999/471/985 1472/472/985 1009/473/985 1010/474/985
f 1477/475/986 1476/469/986 1017/470/986 1018/476/986
f 1000/477/1491 999/471/1491 1010/474/1491 1011/478/1491
f 1469/479/988 996/480/988 1004/481/988
f 1003/482/989 1477/475/989 1018/476/989
f 1001/483/1492 1000/484/1492 1011/485/1492 1012/486/1492
f 1470/487/991 1469/479/991 1004/481/991 1005/488/991
f 1473/454/992 1001/483/992 1012/486/992 1013/455/992
f 997/458/993 1470/487/993 1005/488/993 1006/459/993
f 1005/488/994 1004/481/994 1019/489/994 1020/490/994
f 1013/455/995 1012/486/995 1027/491/995 1028/492/995
f 1006/459/996 1005/488/996 1020/490/996 1021/493/996
f 1014/456/1493 1013/455/1493 1028/492/1493 1029/494/1493
f 1007/460/998 1006/459/998 1021/493/998 1022/495/998
f 1015/462/999 1014/456/999 1029/494/999 1030/496/999
f 1008/464/1000 1007/460/1000 1022/495/1000 1023/497/1000
f 1016/466/1001 1015/462/1001 1030/496/1001 1031/498/1001
f 1009/468/1002 1008/464/1002 1023/497/1002 1024/499/1002
f 1017/470/1003 1016/466/1003 1031/498/1003 1032/500/1003
f 1010/474/1004 1009/473/1004 1024/501/1004 1025/502/1004
f 1018/476/1005 1017/470/1005 1032/500/1005 1033/503/1005
f 1011/478/1006 1010/474/1006 1025/502/1006 1026/504/1006
f 1004/481/1007 996/480/1007 1019/489/1007
f 1003/482/1008 1018/476/1008 1033/503/1008
f 1012/505/1494 1011/478/1494 1026/504/1494 1027/506/1494
f 1024/499/1010 1023/497/1010 1038/507/1010 1039/508/1010
f 1032/500/1011 1031/498/1011 1046/509/1011 1047/510/1011
f 1025/502/1012 1024/501/1012 1039/511/1012 1040/512/1012
f 1033/503/1495 1032/500/1495 1047/510/1495 1048/513/1495
f 1026/504/1496 1025/502/1496 1040/512/1496 1041/514/1496
f 1019/489/1015 996/480/1015 1034/515/1015
f 1003/482/1497 1033/503/1497 1048/513/1497
f 1027/506/1498 1026/504/1498 1041/514/1498 1042/516/1498
f 1020/490/1018 1019/489/1018 1034/515/1018 1035/517/1018
f 1028/492/1019 1027/491/1019 1042/518/1019 1043/519/1019
f 1021/493/1020 1020/490/1020 1035/517/1020 1036/520/1020
f 1029/494/1021 1028/492/1021 1043/519/1021 1044/521/1021
f 1022/495/1022 1021/493/1022 1036/520/1022 1037/522/1022
f 1030/496/1023 1029/494/1023 1044/521/1023 1045/523/1023
f 1023/497/1024 1022/495/1024 1037/522/1024 1038/507/1024
f 1031/498/1025 1030/496/1025 1045/523/1025 1046/509/1025
f 1043/519/1026 1042/518/1026 1057/524/1026 1058/525/1026
f 1036/520/1027 1035/517/1027 1050/526/1027 1051/527/1027
f 1044/521/1028 1043/519/1028 1058/525/1028 1059/528/1028
f 1037/522/1029 1036/520/1029 1051/527/1029 1052/529/1029
f 1045/523/1030 1044/521/1030 1059/528/1030 1060/530/1030
f 1038/507/1499 1037/522/1499 1052/529/1499 1053/531/1499
f 1046/509/1032 1045/523/1032 1060/530/1032 1061/532/1032
f 1039/508/1033 1038/507/1033 1053/531/1033 1054/533/1033
f 1047/510/1034 1046/509/1034 1061/532/1034 1062/534/1034
f 1040/512/1035 1039/511/1035 1054/535/1035 1055/536/1035
f 1048/513/1036 1047/510/1036 1062/534/1036 1063/537/1036
f 1041/514/1037 1040/512/1037 1055/536/1037 1056/538/1037
f 1034/515/1038 996/480/1038 1049/539/1038
f 1003/482/1039 1048/513/1039 1063/537/1039
f 1042/516/1040 1041/514/1040 1056/538/1040 1057/540/1040
f 1035/517/1041 1034/515/1041 1049/539/1041 1050/526/1041
f 1062/534/1042 1061/532/1042 1076/541/1042 1077/542/1042
f 1055/536/1500 1054/535/1500 1069/543/1500 1070/544/1500
f 1063/537/1044 1062/534/1044 1077/542/1044 1078/545/1044
f 1056/538/1501 1055/536/1501 1070/544/1501 1071/546/1501
f 1049/539/1046 996/480/1046 1064/547/1046
f 1003/482/1502 1063/537/1502 1078/545/1502
f 1057/540/1048 1056/538/1048 1071/546/1048 1072/548/1048
f 1050/526/1049 1049/539/1049 1064/547/1049 1065/549/1049
f 1058/525/1050 1057/524/1050 1072/550/1050 1073/551/1050
f 1051/527/1051 1050/526/1051 1065/549/1051 1066/552/1051
f 1059/528/1052 1058/525/1052 1073/551/1052 1074/553/1052
f 1052/529/1053 1051/527/1053 1066/552/1053 1067/554/1053
f 1060/530/1054 1059/528/1054 1074/553/1054 1075/555/1054
f 1053/531/1055 1052/529/1055 1067/554/1055 1068/556/1055
f 1061/532/1056 1060/530/1056 1075/555/1056 1076/541/1056
f 1054/533/1057 1053/531/1057 1068/556/1057 1069/557/1057
f 1074/553/1058 1073/551/1058 1088/558/1058 1089/559/1058
f 1067/554/1059 1066/552/1059 1081/560/1059 1082/561/1059
f 1075/555/1060 1074/553/1060 1089/559/1060 1090/562/1060
f 1068/556/1061 1067/554/1061 1082/561/1061 1083/563/1061
f 1076/541/1503 1075/555/1503 1090/562/1503 1091/564/1503
f 1069/557/1063 1068/556/1063 1083/563/1063 1084/565/1063
f 1077/542/1064 1076/541/1064 1091/564/1064 1092/566/1064
f 1070/544/1065 1069/543/1065 1084/567/1065 1085/568/1065
f 1078/545/1066 1077/542/1066 1092/566/1066 1093/569/1066
f 1071/546/1067 1070/544/1067 1085/568/1067 1086/570/1067
f 1064/547/1068 996/480/1068 1079/571/1068
f 1003/482/1069 1078/545/1069 1093/569/1069
f 1072/550/1070 1071/572/1070 1086/573/1070 1087/574/1070
f 1065/549/1071 1064/547/1071 1079/571/1071 1080/575/1071
f 1073/551/1072 1072/550/1072 1087/574/1072 1088/558/1072
f 1066/552/1073 1065/549/1073 1080/575/1073 1081/560/1073
f 1093/569/1074 1092/566/1074 1107/576/1074 1108/577/1074
f 1086/578/1075 1085/579/1075 1100/580/1075 1101/581/1075
f 1079/571/1076 996/480/1076 1094/582/1076
f 1003/482/1077 1093/569/1077 1108/577/1077
f 1087/583/1078 1086/578/1078 1101/581/1078 1102/584/1078
f 1080/575/1079 1079/571/1079 1094/582/1079 1095/585/1079
f 1088/558/1080 1087/574/1080 1102/586/1080 1103/587/1080
f 1081/560/1081 1080/575/1081 1095/585/1081 1096/588/1081
f 1089/559/1082 1088/558/1082 1103/587/1082 1104/589/1082
f 1082/561/1083 1081/560/1083 1096/588/1083 1097/590/1083
f 1090/562/1084 1089/559/1084 1104/589/1084 1105/591/1084
f 1083/563/1085 1082/561/1085 1097/590/1085 1098/592/1085
f 1091/564/1086 1090/562/1086 1105/591/1086 1106/593/1086
f 1084/565/1087 1083/563/1087 1098/592/1087 1099/594/1087
f 1092/566/1088 1091/564/1088 1106/593/1088 1107/576/1088
f 1085/579/1089 1084/595/1089 1099/596/1089 1100/580/1089
f 1097/590/1090 1096/588/1090 1111/597/1090 1112/598/1090
f 1105/591/1091 1104/589/1091 1119/599/1091 1120/600/1091
f 1098/592/1092 1097/590/1092 1112/598/1092 1113/601/1092
f 1106/593/1093 1105/591/1093 1120/600/1093 1121/602/1093
f 1099/594/1094 1098/592/1094 1113/601/1094 1114/603/1094
f 1107/576/1095 1106/593/1095 1121/602/1095 1122/604/1095
f 1100/580/1096 1099/596/1096 1114/605/1096 1115/606/1096
f 1108/577/1097 1107/576/1097 1122/604/1097 1123/607/1097
f 1101/581/1098 1100/580/1098 1115/606/1098 1116/608/1098
f 1094/582/1099 996/480/1099 1109/609/1099
f 1003/482/1100 1108/577/1100 1123/607/1100
f 1102/584/1101 1101/581/1101 1116/608/1101 1117/610/1101
f 1095/585/1504 1094/582/1504 1109/609/1504 1110/611/1504
f 1103/587/1103 1102/586/1103 1117/612/1103 1118/613/1103
f 1096/588/1104 1095/585/1104 1110/611/1104 1111/597/1104
f 1104/589/1105 1103/587/1105 1118/613/1105 1119/599/1105
f 1116/608/1106 1115/606/1106 1130/614/1106 1131/615/1106
f 1109/609/1107 996/480/1107 1124/616/1107
f 1003/482/1108 1123/607/1108 1138/617/1108
f 1117/610/1109 1116/608/1109 1131/615/1109 1132/618/1109
f 1110/611/1110 1109/609/1110 1124/616/1110 1125/619/1110
f 1118/613/1111 1117/612/1111 1132/620/1111 1133/621/1111
f 1111/597/1112 1110/611/1112 1125/619/1112 1126/622/1112
f 1119/599/1113 1118/613/1113 1133/621/1113 1134/623/1113
f 1112/598/1114 1111/597/1114 1126/622/1114 1127/624/1114
f 1120/600/1115 1119/599/1115 1134/623/1115 1135/625/1115
f 1113/601/1116 1112/598/1116 1127/624/1116 1128/626/1116
f 1121/602/1117 1120/600/1117 1135/625/1117 1136/627/1117
f 1114/603/1505 1113/601/1505 1128/626/1505 1129/628/1505
f 1122/604/1119 1121/602/1119 1136/627/1119 1137/629/1119
f 1115/606/1120 1114/605/1120 1129/630/1120 1130/614/1120
f 1123/607/1121 1122/604/1121 1137/629/1121 1138/617/1121
f 1135/625/1122 1134/623/1122 1149/631/1122 1150/632/1122
f 1128/626/1123 1127/624/1123 1142/633/1123 1143/634/1123
f 1136/627/1124 1135/625/1124 1150/632/1124 1151/635/1124
f 1129/628/1125 1128/626/1125 1143/634/1125 1144/636/1125
f 1137/629/1126 1136/627/1126 1151/635/1126 1152/637/1126
f 1130/614/1127 1129/630/1127 1144/638/1127 1145/639/1127
f 1138/617/1128 1137/629/1128 1152/637/1128 1153/640/1128
f 1131/615/1506 1130/614/1506 1145/639/1506 1146/641/1506
f 1124/616/1130 996/480/1130 1139/642/1130
f 1003/482/1131 1138/617/1131 1153/640/1131
f 1132/618/1132 1131/615/1132 1146/641/1132 1147/643/1132
f 1125/619/1133 1124/616/1133 1139/642/1133 1140/644/1133
f 1133/621/1134 1132/620/1134 1147/645/1134 1148/646/1134
f 1126/622/1135 1125/619/1135 1140/644/1135 1141/647/1135
f 1134/623/1136 1133/621/1136 1148/646/1136 1149/631/1136
f 1127/624/1137 1126/622/1137 1141/647/1137 1142/633/1137
f 1139/642/1138 996/480/1138 1154/648/1138
f 1003/482/1139 1153/640/1139 1168/649/1139
f 1147/645/1507 1146/650/1507 1161/651/1507 1162/652/1507
f 1140/644/1141 1139/642/1141 1154/648/1141 1155/653/1141
f 1148/646/1142 1147/645/1142 1162/652/1142 1163/654/1142
f 1141/647/1143 1140/644/1143 1155/653/1143 1156/655/1143
f 1149/631/1144 1148/646/1144 1163/654/1144 1164/656/1144
f 1142/633/1145 1141/647/1145 1156/655/1145 1157/657/1145
f 1150/632/1146 1149/631/1146 1164/656/1146 1165/658/1146
f 1143/634/1147 1142/633/1147 1157/657/1147 1158/659/1147
f 1151/635/1148 1150/632/1148 1165/658/1148 1166/660/1148
f 1144/636/1149 1143/634/1149 1158/659/1149 1159/661/1149
f 1152/637/1150 1151/635/1150 1166/660/1150 1167/662/1150
f 1145/663/1151 1144/636/1151 1159/661/1151 1160/664/1151
f 1153/640/1152 1152/637/1152 1167/662/1152 1168/649/1152
f 1146/641/1153 1145/639/1153 1160/665/1153 1161/666/1153
f 1158/659/1154 1157/657/1154 1172/667/1154 1173/668/1154
f 1166/660/1508 1165/658/1508 1180/669/1508 1181/670/1508
f 1159/661/1156 1158/659/1156 1173/668/1156 1174/671/1156
f 1167/662/1157 1166/660/1157 1181/670/1157 1182/672/1157
f 1160/664/1158 1159/661/1158 1174/671/1158 1175/673/1158
f 1168/649/1159 1167/662/1159 1182/672/1159 1183/674/1159
f 1161/666/1509 1160/665/1509 1175/675/1509 1176/676/1509
f 1154/648/1161 996/480/1161 1169/677/1161
f 1003/482/1510 1168/649/1510 1183/674/1510
f 1162/652/1511 1161/651/1511 1176/678/1511 1177/679/1511
f 1155/653/1164 1154/648/1164 1169/677/1164 1170/680/1164
f 1163/654/1165 1162/652/1165 1177/679/1165 1178/681/1165
f 1156/655/1166 1155/653/1166 1170/680/1166 1171/682/1166
f 1164/656/1167 1163/654/1167 1178/681/1167 1179/683/1167
f 1157/657/1168 1156/655/1168 1171/682/1168 1172/667/1168
f 1165/658/1512 1164/656/1512 1179/683/1512 1180/669/1512
f 1177/684/1170 1176/676/1170 1191/685/1170 1192/686/1170
f 1170/680/1171 1169/677/1171 1184/687/1171 1185/688/1171
f 1178/681/1172 1177/679/1172 1192/689/1172 1193/690/1172
f 1171/682/1173 1170/680/1173 1185/688/1173 1186/691/1173
f 1179/683/1174 1178/681/1174 1193/690/1174 1194/692/1174
f 1172/667/1175 1171/682/1175 1186/691/1175 1187/693/1175
f 1180/669/1176 1179/683/1176 1194/692/1176 1195/694/1176
f 1173/668/1177 1172/667/1177 1187/693/1177 1188/695/1177
f 1181/670/1178 1180/669/1178 1195/694/1178 1196/696/1178
f 1174/671/1513 1173/668/1513 1188/695/1513 1189/697/1513
f 1182/672/1180 1181/670/1180 1196/696/1180 1197/698/1180
f 1175/673/1181 1174/671/1181 1189/697/1181 1190/699/1181
f 1183/674/1182 1182/672/1182 1197/698/1182 1198/700/1182
f 1176/676/1183 1175/675/1183 1190/701/1183 1191/685/1183
f 1169/677/1184 996/480/1184 1184/687/1184
f 1003/482/1514 1183/674/1514 1198/700/1514
f 1196/696/1186 1195/694/1186 1210/702/1186 1211/703/1186
f 1189/697/1187 1188/695/1187 1203/704/1187 1204/705/1187
f 1197/698/1188 1196/696/1188 1211/703/1188 1212/706/1188
f 1190/699/1189 1189/697/1189 1204/705/1189 1205/707/1189
f 1198/700/1190 1197/698/1190 1212/706/1190 1213/708/1190
f 1191/685/1515 1190/701/1515 1205/709/1515 1206/710/1515
f 1184/687/1192 996/480/1192 1199/711/1192
f 1003/482/1516 1198/700/1516 1213/708/1516
f 1192/689/1194 1191/712/1194 1206/713/1194 1207/714/1194
f 1185/688/1195 1184/687/1195 1199/711/1195 1200/715/1195
f 1193/690/1196 1192/689/1196 1207/714/1196 1208/716/1196
f 1186/691/1197 1185/688/1197 1200/715/1197 1201/717/1197
f 1194/692/1198 1193/690/1198 1208/716/1198 1209/718/1198
f 1187/693/1199 1186/691/1199 1201/717/1199 1202/719/1199
f 1195/694/1200 1194/692/1200 1209/718/1200 1210/702/1200
f 1188/695/1201 1187/693/1201 1202/719/1201 1203/704/1201
f 1208/716/1202 1207/714/1202 1222/720/1202 1223/721/1202
f 1201/717/1203 1200/715/1203 1215/722/1203 1216/723/1203
f 1209/718/1204 1208/716/1204 1223/721/1204 1224/724/1204
f 1202/719/1205 1201/717/1205 1216/723/1205 1217/725/1205
f 1210/702/1206 1209/718/1206 1224/724/1206 1225/726/1206
f 1203/704/1207 1202/719/1207 1217/725/1207 1218/727/1207
f 1211/703/1517 1210/702/1517 1225/726/1517 1226/728/1517
f 1204/705/1209 1203/704/1209 1218/727/1209 1219/729/1209
f 1212/706/1210 1211/703/1210 1226/728/1210 1227/730/1210
f 1205/707/1211 1204/705/1211 1219/729/1211 1220/731/1211
f 1213/708/1212 1212/706/1212 1227/730/1212 1228/732/1212
f 1206/733/1518 1205/734/1518 1220/735/1518 1221/736/1518
f 1199/711/1519 996/480/1519 1214/737/1519
f 1003/482/1215 1213/708/1215 1228/732/1215
f 1207/714/1216 1206/713/1216 1221/738/1216 1222/720/1216
f 1200/715/1217 1199/711/1217 1214/737/1217 1215/722/1217
f 1228/732/1218 1227/730/1218 1242/739/1218 1243/740/1218
f 1221/736/1520 1220/735/1520 1235/741/1520 1236/742/1520
f 1214/737/1220 996/480/1220 1229/743/1220
f 1003/482/1221 1228/732/1221 1243/740/1221
f 1222/720/1222 1221/738/1222 1236/744/1222 1237/745/1222
f 1215/722/1223 1214/737/1223 1229/743/1223 1230/746/1223
f 1223/721/1224 1222/720/1224 1237/745/1224 1238/747/1224
f 1216/723/1225 1215/722/1225 1230/746/1225 1231/748/1225
f 1224/724/1226 1223/721/1226 1238/747/1226 1239/749/1226
f 1217/725/1227 1216/723/1227 1231/748/1227 1232/750/1227
f 1225/726/1228 1224/724/1228 1239/749/1228 1240/751/1228
f 1218/727/1229 1217/725/1229 1232/750/1229 1233/752/1229
f 1226/728/1230 1225/726/1230 1240/751/1230 1241/753/1230
f 1219/729/1231 1218/727/1231 1233/752/1231 1234/754/1231
f 1227/730/1232 1226/728/1232 1241/753/1232 1242/739/1232
f 1220/735/1521 1219/755/1521 1234/756/1521 1235/741/1521
f 1240/751/1234 1239/749/1234 1254/757/1234 1255/758/1234
f 1233/752/1235 1232/750/1235 1247/759/1235 1248/760/1235
f 1241/753/1236 1240/751/1236 1255/758/1236 1256/761/1236
f 1234/754/1237 1233/752/1237 1248/760/1237 1249/762/1237
f 1242/739/1238 1241/753/1238 1256/761/1238 1257/763/1238
f 1235/741/1522 1234/756/1522 1249/764/1522 1250/765/1522
f 1243/740/1240 1242/739/1240 1257/763/1240 1258/766/1240
f 1236/742/1523 1235/741/1523 1250/765/1523 1251/767/1523
f 1229/743/1242 996/480/1242 1244/768/1242
f 1003/482/1243 1243/740/1243 1258/766/1243
f 1237/745/1244 1236/744/1244 1251/769/1244 1252/770/1244
f 1230/746/1245 1229/743/1245 1244/768/1245 1245/771/1245
f 1238/747/1246 1237/745/1246 1252/770/1246 1253/772/1246
f 1231/748/1247 1230/746/1247 1245/771/1247 1246/773/1247
f 1239/749/1524 1238/747/1524 1253/772/1524 1254/757/1524
f 1232/750/1249 1231/748/1249 1246/773/1249 1247/759/1249
f 1244/768/1525 996/480/1525 1259/774/1525
f 1003/482/1526 1258/766/1526 1273/775/1526
f 1252/770/1252 1251/769/1252 1266/776/1252 1267/777/1252
f 1245/771/1253 1244/768/1253 1259/774/1253 1260/778/1253
f 1253/772/1254 1252/770/1254 1267/777/1254 1268/779/1254
f 1246/773/1255 1245/771/1255 1260/778/1255 1261/780/1255
f 1254/757/1256 1253/772/1256 1268/779/1256 1269/781/1256
f 1247/759/1257 1246/773/1257 1261/780/1257 1262/782/1257
f 1255/758/1527 1254/757/1527 1269/781/1527 1270/783/1527
f 1248/760/1259 1247/759/1259 1262/782/1259 1263/784/1259
f 1256/761/1260 1255/758/1260 1270/783/1260 1271/785/1260
f 1249/762/1261 1248/760/1261 1263/784/1261 1264/786/1261
f 1257/763/1262 1256/761/1262 1271/785/1262 1272/787/1262
f 1250/765/1263 1249/764/1263 1264/788/1263 1265/789/1263
f 1258/766/1264 1257/763/1264 1272/787/1264 1273/775/1264
f 1251/767/1265 1250/765/1265 1265/789/1265 1266/790/1265
f 1263/784/1266 1262/782/1266 1277/791/1266 1278/792/1266
f 1271/785/1267 1270/783/1267 1285/793/1267 1286/794/1267
f 1264/786/1268 1263/784/1268 1278/792/1268 1279/795/1268
f 1272/787/1269 1271/785/1269 1286/794/1269 1287/796/1269
f 1265/789/1270 1264/788/1270 1279/797/1270 1280/798/1270
f 1273/775/1271 1272/787/1271 1287/796/1271 1288/799/1271
f 1266/790/1272 1265/789/1272 1280/798/1272 1281/800/1272
f 1259/774/1273 996/480/1273 1274/801/1273
f 1003/482/1528 1273/775/1528 1288/799/1528
f 1267/802/1275 1266/790/1275 1281/800/1275 1282/803/1275
f 1260/778/1276 1259/774/1276 1274/801/1276 1275/804/1276
f 1268/779/1277 1267/777/1277 1282/805/1277 1283/806/1277
f 1261/780/1278 1260/778/1278 1275/804/1278 1276/807/1278
f 1269/781/1279 1268/779/1279 1283/806/1279 1284/808/1279
f 1262/782/1280 1261/780/1280 1276/807/1280 1277/791/1280
f 1270/783/1281 1269/781/1281 1284/808/1281 1285/793/1281
f 1282/803/1282 1281/800/1282 1296/809/1282 1297/810/1282
f 1275/804/1529 1274/801/1529 1289/811/1529 1290/812/1529
f 1283/806/1284 1282/805/1284 1297/813/1284 1298/814/1284
f 1276/807/1285 1275/804/1285 1290/812/1285 1291/815/1285
f 1284/808/1286 1283/806/1286 1298/814/1286 1299/816/1286
f 1277/791/1287 1276/807/1287 1291/815/1287 1292/817/1287
f 1285/793/1288 1284/808/1288 1299/816/1288 1300/818/1288
f 1278/792/1289 1277/791/1289 1292/817/1289 1293/819/1289
f 1286/794/1290 1285/793/1290 1300/818/1290 1301/820/1290
f 1279/795/1291 1278/792/1291 1293/819/1291 1294/821/1291
f 1287/796/1292 1286/794/1292 1301/820/1292 1302/822/1292
f 1280/798/1293 1279/797/1293 1294/823/1293 1295/824/1293
f 1288/799/1294 1287/796/1294 1302/822/1294 1303/825/1294
f 1281/800/1295 1280/798/1295 1295/824/1295 1296/809/1295
f 1274/801/1296 996/480/1296 1289/811/1296
f 1003/482/1530 1288/799/1530 1303/825/1530
f 1301/820/1298 1300/818/1298 1315/826/1298 1316/827/1298
f 1294/821/1299 1293/819/1299 1308/828/1299 1309/829/1299
f 1302/822/1300 1301/820/1300 1316/827/1300 1317/830/1300
f 1295/824/1301 1294/823/1301 1309/831/1301 1310/832/1301
f 1303/825/1302 1302/822/1302 1317/830/1302 1318/833/1302
f 1296/809/1303 1295/824/1303 1310/832/1303 1311/834/1303
f 1289/811/1304 996/480/1304 1304/835/1304
f 1003/482/1531 1303/825/1531 1318/833/1531
f 1297/810/1306 1296/809/1306 1311/834/1306 1312/836/1306
f 1290/812/1307 1289/811/1307 1304/835/1307 1305/837/1307
f 1298/814/1532 1297/813/1532 1312/838/1532 1313/839/1532
f 1291/815/1309 1290/812/1309 1305/837/1309 1306/840/1309
f 1299/816/1310 1298/814/1310 1313/839/1310 1314/841/1310
f 1292/817/1311 1291/815/1311 1306/840/1311 1307/842/1311
f 1300/818/1312 1299/816/1312 1314/841/1312 1315/826/1312
f 1293/819/1313 1292/817/1313 1307/842/1313 1308/828/1313
f 1305/837/1314 1304/835/1314 1319/843/1314 1320/844/1314
f 1313/839/1315 1312/838/1315 1327/845/1315 1328/846/1315
f 1306/840/1316 1305/837/1316 1320/844/1316 1321/847/1316
f 1314/841/1533 1313/839/1533 1328/846/1533 1329/848/1533
f 1307/842/1318 1306/840/1318 1321/847/1318 1322/849/1318
f 1315/826/1534 1314/841/1534 1329/848/1534 1330/850/1534
f 1308/828/1320 1307/842/1320 1322/849/1320 1323/851/1320
f 1316/827/1321 1315/826/1321 1330/850/1321 1331/852/1321
f 1309/829/1322 1308/828/1322 1323/851/1322 1324/853/1322
f 1317/830/1323 1316/827/1323 1331/852/1323 1332/854/1323
f 1310/832/1324 1309/831/1324 1324/855/1324 1325/856/1324
f 1318/833/1325 1317/830/1325 1332/854/1325 1333/857/1325
f 1311/834/1326 1310/832/1326 1325/856/1326 1326/858/1326
f 1304/835/1327 996/480/1327 1319/843/1327
f 1003/482/1328 1318/833/1328 1333/857/1328
f 1312/838/1329 1311/859/1329 1326/860/1329 1327/845/1329
f 1324/853/1330 1323/851/1330 1338/861/1330 1339/862/1330
f 1332/854/1331 1331/852/1331 1346/863/1331 1347/864/1331
f 1325/856/1332 1324/855/1332 1339/865/1332 1340/866/1332
f 1333/857/1333 1332/854/1333 1347/864/1333 1348/867/1333
f 1326/858/1334 1325/856/1334 1340/866/1334 1341/868/1334
f 1319/843/1335 996/480/1335 1334/869/1335
f 1003/482/1336 1333/857/1336 1348/867/1336
f 1327/845/1337 1326/860/1337 1341/870/1337 1342/871/1337
f 1320/844/1338 1319/843/1338 1334/869/1338 1335/872/1338
f 1328/846/1339 1327/845/1339 1342/871/1339 1343/873/1339
f 1321/847/1535 1320/844/1535 1335/872/1535 1336/874/1535
f 1329/848/1341 1328/846/1341 1343/873/1341 1344/875/1341
f 1322/849/1342 1321/847/1342 1336/874/1342 1337/876/1342
f 1330/850/1343 1329/848/1343 1344/875/1343 1345/877/1343
f 1323/851/1344 1322/849/1344 1337/876/1344 1338/861/1344
f 1331/852/1345 1330/850/1345 1345/877/1345 1346/863/1345
f 1343/873/1346 1342/871/1346 1357/878/1346 1358/879/1346
f 1336/874/1347 1335/872/1347 1350/880/1347 1351/881/1347
f 1344/875/1348 1343/873/1348 1358/879/1348 1359/882/1348
f 1337/876/1536 1336/874/1536 1351/881/1536 1352/883/1536
f 1345/877/1350 1344/875/1350 1359/882/1350 1360/884/1350
f 1338/861/1351 1337/876/1351 1352/883/1351 1353/885/1351
f 1346/863/1352 1345/877/1352 1360/884/1352 1361/886/1352
f 1339/862/1353 1338/861/1353 1353/885/1353 1354/887/1353
f 1347/864/1354 1346/863/1354 1361/886/1354 1362/888/1354
f 1340/889/1355 1339/890/1355 1354/891/1355 1355/892/1355
f 1348/867/1356 1347/864/1356 1362/888/1356 1363/893/1356
f 1341/894/1357 1340/889/1357 1355/892/1357 1356/895/1357
f 1334/869/1358 996/480/1358 1349/896/1358
f 1003/482/1359 1348/867/1359 1363/893/1359
f 1342/897/1360 1341/894/1360 1356/895/1360 1357/898/1360
f 1335/872/1361 1334/869/1361 1349/896/1361 1350/880/1361
f 1362/888/1362 1361/886/1362 1376/899/1362 1377/900/1362
f 1355/892/1363 1354/891/1363 1369/901/1363 1370/902/1363
f 1363/893/1364 1362/888/1364 1377/900/1364 1378/903/1364
f 1356/895/1365 1355/892/1365 1370/902/1365 1371/904/1365
f 1349/896/1366 996/480/1366 1364/905/1366
f 1003/482/1367 1363/893/1367 1378/903/1367
f 1357/878/1368 1356/906/1368 1371/907/1368 1372/908/1368
f 1350/880/1369 1349/896/1369 1364/905/1369 1365/909/1369
f 1358/879/1370 1357/878/1370 1372/908/1370 1373/910/1370
f 1351/881/1371 1350/880/1371 1365/909/1371 1366/911/1371
f 1359/882/1372 1358/879/1372 1373/910/1372 1374/912/1372
f 1352/883/1373 1351/881/1373 1366/911/1373 1367/913/1373
f 1360/884/1374 1359/882/1374 1374/912/1374 1375/914/1374
f 1353/885/1375 1352/883/1375 1367/913/1375 1368/915/1375
f 1361/886/1376 1360/884/1376 1375/914/1376 1376/899/1376
f 1354/887/1377 1353/885/1377 1368/915/1377 1369/916/1377
f 1374/912/1378 1373/910/1378 1388/917/1378 1389/918/1378
f 1367/913/1379 1366/911/1379 1381/919/1379 1382/920/1379
f 1375/914/1380 1374/912/1380 1389/918/1380 1390/921/1380
f 1368/915/1381 1367/913/1381 1382/920/1381 1383/922/1381
f 1376/899/1382 1375/914/1382 1390/921/1382 1391/923/1382
f 1369/916/1383 1368/915/1383 1383/922/1383 1384/924/1383
f 1377/900/1384 1376/899/1384 1391/923/1384 1392/925/1384
f 1370/902/1385 1369/901/1385 1384/926/1385 1385/927/1385
f 1378/903/1386 1377/900/1386 1392/925/1386 1393/928/1386
f 1371/904/1387 1370/902/1387 1385/927/1387 1386/929/1387
f 1364/905/1388 996/480/1388 1379/930/1388
f 1003/482/1389 1378/903/1389 1393/928/1389
f 1372/908/1390 1371/907/1390 1386/931/1390 1387/932/1390
f 1365/909/1391 1364/905/1391 1379/930/1391 1380/933/1391
f 1373/910/1392 1372/908/1392 1387/932/1392 1388/917/1392
f 1366/911/1393 1365/909/1393 1380/933/1393 1381/919/1393
f 1393/928/1394 1392/925/1394 1407/934/1394 1408/935/1394
f 1386/929/1395 1385/927/1395 1400/936/1395 1401/937/1395
f 1379/930/1396 996/480/1396 1394/938/1396
f 1003/482/1397 1393/928/1397 1408/935/1397
f 1387/939/1398 1386/929/1398 1401/937/1398 1402/940/1398
f 1380/933/1399 1379/930/1399 1394/938/1399 1395/941/1399
f 1388/917/1537 1387/932/1537 1402/942/1537 1403/943/1537
f 1381/919/1401 1380/933/1401 1395/941/1401 1396/944/1401
f 1389/918/1402 1388/917/1402 1403/943/1402 1404/945/1402
f 1382/920/1403 1381/919/1403 1396/944/1403 1397/946/1403
f 1390/921/1404 1389/918/1404 1404/945/1404 1405/947/1404
f 1383/922/1405 1382/920/1405 1397/946/1405 1398/948/1405
f 1391/923/1406 1390/921/1406 1405/947/1406 1406/949/1406
f 1384/924/1538 1383/922/1538 1398/948/1538 1399/950/1538
f 1392/925/1408 1391/923/1408 1406/949/1408 1407/934/1408
f 1385/927/1409 1384/926/1409 1399/951/1409 1400/936/1409
f 1397/946/1410 1396/944/1410 1411/952/1410 1412/953/1410
f 1405/947/1411 1404/945/1411 1419/954/1411 1420/955/1411
f 1398/948/1412 1397/946/1412 1412/953/1412 1413/956/1412
f 1406/949/1413 1405/947/1413 1420/955/1413 1421/957/1413
f 1399/950/1414 1398/948/1414 1413/956/1414 1414/958/1414
f 1407/934/1415 1406/949/1415 1421/957/1415 1422/959/1415
f 1400/936/1416 1399/951/1416 1414/960/1416 1415/961/1416
f 1408/935/1417 1407/934/1417 1422/959/1417 1423/962/1417
f 1401/937/1418 1400/936/1418 1415/961/1418 1416/963/1418
f 1394/938/1419 996/480/1419 1409/964/1419
f 1003/482/1539 1408/935/1539 1423/962/1539
f 1402/940/1421 1401/937/1421 1416/963/1421 1417/965/1421
f 1395/941/1422 1394/938/1422 1409/964/1422 1410/966/1422
f 1403/943/1423 1402/942/1423 1417/967/1423 1418/968/1423
f 1396/944/1540 1395/941/1540 1410/966/1540 1411/952/1540
f 1404/945/1425 1403/943/1425 1418/968/1425 1419/954/1425
f 1416/963/1426 1415/961/1426 1430/969/1426 1431/970/1426
f 1409/964/1427 996/480/1427 1424/971/1427
f 1003/482/1541 1423/962/1541 1438/972/1541
f 1417/965/1429 1416/963/1429 1431/970/1429 1432/973/1429
f 1410/966/1430 1409/964/1430 1424/971/1430 1425/974/1430
f 1418/968/1431 1417/967/1431 1432/975/1431 1433/976/1431
f 1411/952/1432 1410/966/1432 1425/974/1432 1426/977/1432
f 1419/954/1433 1418/968/1433 1433/976/1433 1434/978/1433
f 1412/953/1434 1411/952/1434 1426/977/1434 1427/979/1434
f 1420/955/1435 1419/954/1435 1434/978/1435 1435/980/1435
f 1413/956/1436 1412/953/1436 1427/979/1436 1428/981/1436
f 1421/957/1437 1420/955/1437 1435/980/1437 1436/982/1437
f 1414/958/1438 1413/956/1438 1428/981/1438 1429/983/1438
f 1422/959/1439 1421/957/1439 1436/982/1439 1437/984/1439
f 1415/961/1440 1414/960/1440 1429/985/1440 1430/969/1440
f 1423/962/1441 1422/959/1441 1437/984/1441 1438/972/1441
f 1435/980/1442 1434/978/1442 1449/986/1442 1450/987/1442
f 1428/981/1443 1427/979/1443 1442/988/1443 1443/989/1443
f 1436/982/1444 1435/980/1444 1450/987/1444 1451/990/1444
f 1429/983/1445 1428/981/1445 1443/989/1445 1444/991/1445
f 1437/984/1446 1436/982/1446 1451/990/1446 1452/992/1446
f 1430/969/1542 1429/985/1542 1444/993/1542 1445/994/1542
f 1438/972/1448 1437/984/1448 1452/992/1448 1453/995/1448
f 1431/970/1543 1430/969/1543 1445/994/1543 1446/996/1543
f 1424/971/1450 996/480/1450 1439/997/1450
f 1003/482/1544 1438/972/1544 1453/995/1544
f 1432/975/1452 1431/998/1452 1446/999/1452 1447/1000/1452
f 1425/974/1453 1424/971/1453 1439/997/1453 1440/1001/1453
f 1433/976/1454 1432/975/1454 1447/1000/1454 1448/1002/1454
f 1426/977/1455 1425/974/1455 1440/1001/1455 1441/1003/1455
f 1434/978/1456 1433/976/1456 1448/1002/1456 1449/986/1456
f 1427/979/1457 1426/977/1457 1441/1003/1457 1442/988/1457
f 1439/997/1458 996/480/1458 1454/1004/1458
f 1003/482/1459 1453/995/1459 1468/1005/1459
f 1447/1000/1460 1446/999/1460 1461/1006/1460 1462/1007/1460
f 1440/1001/1461 1439/997/1461 1454/1004/1461 1455/1008/1461
f 1448/1002/1545 1447/1000/1545 1462/1007/1545 1463/1009/1545
f 1441/1003/1463 1440/1001/1463 1455/1008/1463 1456/1010/1463
f 1449/986/1464 1448/1002/1464 1463/1009/1464 1464/1011/1464
f 1442/988/1465 1441/1003/1465 1456/1010/1465 1457/1012/1465
f 1450/987/1466 1449/986/1466 1464/1011/1466 1465/1013/1466
f 1443/989/1467 1442/988/1467 1457/1012/1467 1458/1014/1467
f 1451/990/1468 1450/987/1468 1465/1013/1468 1466/1015/1468
f 1444/991/1469 1443/989/1469 1458/1014/1469 1459/1016/1469
f 1452/992/1470 1451/990/1470 1466/1015/1470 1467/1017/1470
f 1445/1018/1471 1444/1019/1471 1459/1020/1471 1460/1021/1471
f 1453/995/1472 1452/992/1472 1467/1017/1472 1468/1005/1472
f 1446/1022/1546 1445/1018/1546 1460/1021/1546 1461/1023/1546
f 1458/1014/1474 1457/1012/1474 1471/457/1474 998/463/1474
f 1466/1015/1475 1465/1013/1475 1474/461/1475 1475/465/1475
f 1459/1016/1476 1458/1014/1476 998/463/1476 1472/467/1476
f 1467/1017/1477 1466/1015/1477 1475/465/1477 1476/469/1477
f 1460/1021/1478 1459/1020/1478 1472/472/1478 999/471/1478
f 1468/1005/1479 1467/1017/1479 1476/469/1479 1477/475/1479
f 1461/1023/1480 1460/1021/1480 999/471/1480 1000/477/1480
f 1454/1004/1547 996/480/1547 1469/479/1547
f 1003/482/1482 1468/1005/1482 1477/475/1482
f 1462/1007/1548 1461/1006/1548 1000/484/1548 1001/483/1548
f 1455/1008/1484 1454/1004/1484 1469/479/1484 1470/487/1484
f 1463/1009/1485 1462/1007/1485 1001/483/1485 1473/454/1485
f 1456/1010/1486 1455/1008/1486 1470/487/1486 997/458/1486
f 1464/1011/1487 1463/1009/1487 1473/454/1487 1002/453/1487
f 1457/1012/1488 1456/1010/1488 997/458/1488 1471/457/1488
f 1465/1013/1489 1464/1011/1489 1002/453/1489 1474/461/1489
f 1484/453/1490 1955/454/1490 1495/455/1490 1496/456/1490
f 1953/457/979 1479/458/979 1488/459/979 1489/460/979
f 1956/461/980 1484/453/980 1496/456/980 1497/462/980
f 1480/463/981 1953/457/981 1489/460/981 1490/464/981
f 1957/465/982 1956/461/982 1497/462/982 1498/466/982
f 1954/467/983 1480/463/983 1490/464/983 1491/468/983
f 1958/469/984 1957/465/984 1498/466/984 1499/470/984
f 1481/471/985 1954/472/985 1491/473/985 1492/474/985
f 1959/475/986 1958/469/986 1499/470/986 1500/476/986
f 1482/477/987 1481/471/987 1492/474/987 1493/478/987
f 1951/479/988 1478/480/988 1486/481/988
f 1485/482/989 1959/475/989 1500/476/989
f 1483/483/1492 1482/484/1492 1493/485/1492 1494/486/1492
f 1952/487/1549 1951/479/1549 1486/481/1549 1487/488/1549
f 1955/454/992 1483/483/992 1494/486/992 1495/455/992
f 1479/458/993 1952/487/993 1487/488/993 1488/459/993
f 1487/488/994 1486/481/994 1501/489/994 1502/490/994
f 1495/455/995 1494/486/995 1509/491/995 1510/492/995
f 1488/459/996 1487/488/996 1502/490/996 1503/493/996
f 1496/456/1493 1495/455/1493 1510/492/1493 1511/494/1493
f 1489/460/998 1488/459/998 1503/493/998 1504/495/998
f 1497/462/999 1496/456/999 1511/494/999 1512/496/999
f 1490/464/1000 1489/460/1000 1504/495/1000 1505/497/1000
f 1498/466/1001 1497/462/1001 1512/496/1001 1513/498/1001
f 1491/468/1002 1490/464/1002 1505/497/1002 1506/499/1002
f 1499/470/1003 1498/466/1003 1513/498/1003 1514/500/1003
f 1492/474/1004 1491/473/1004 1506/501/1004 1507/502/1004
f 1500/476/1550 1499/470/1550 1514/500/1550 1515/503/1550
f 1493/478/1006 1492/474/1006 1507/502/1006 1508/504/1006
f 1486/481/1007 1478/480/1007 1501/489/1007
f 1485/482/1551 1500/476/1551 1515/503/1551
f 1494/505/1494 1493/478/1494 1508/504/1494 1509/506/1494
f 1506/499/1010 1505/497/1010 1520/507/1010 1521/508/1010
f 1514/500/1011 1513/498/1011 1528/509/1011 1529/510/1011
f 1507/502/1012 1506/501/1012 1521/511/1012 1522/512/1012
f 1515/503/1013 1514/500/1013 1529/510/1013 1530/513/1013
f 1508/504/1552 1507/502/1552 1522/512/1552 1523/514/1552
f 1501/489/1015 1478/480/1015 1516/515/1015
f 1485/482/1016 1515/503/1016 1530/513/1016
f 1509/506/1017 1508/504/1017 1523/514/1017 1524/516/1017
f 1502/490/1018 1501/489/1018 1516/515/1018 1517/517/1018
f 1510/492/1019 1509/491/1019 1524/518/1019 1525/519/1019
f 1503/493/1020 1502/490/1020 1517/517/1020 1518/520/1020
f 1511/494/1021 1510/492/1021 1525/519/1021 1526/521/1021
f 1504/495/1022 1503/493/1022 1518/520/1022 1519/522/1022
f 1512/496/1023 1511/494/1023 1526/521/1023 1527/523/1023
f 1505/497/1024 1504/495/1024 1519/522/1024 1520/507/1024
f 1513/498/1025 1512/496/1025 1527/523/1025 1528/509/1025
f 1525/519/1553 1524/518/1553 1539/524/1553 1540/525/1553
f 1518/520/1027 1517/517/1027 1532/526/1027 1533/527/1027
f 1526/521/1554 1525/519/1554 1540/525/1554 1541/528/1554
f 1519/522/1029 1518/520/1029 1533/527/1029 1534/529/1029
f 1527/523/1030 1526/521/1030 1541/528/1030 1542/530/1030
f 1520/507/1031 1519/522/1031 1534/529/1031 1535/531/1031
f 1528/509/1032 1527/523/1032 1542/530/1032 1543/532/1032
f 1521/508/1033 1520/507/1033 1535/531/1033 1536/533/1033
f 1529/510/1034 1528/509/1034 1543/532/1034 1544/534/1034
f 1522/512/1035 1521/511/1035 1536/535/1035 1537/536/1035
f 1530/513/1036 1529/510/1036 1544/534/1036 1545/537/1036
f 1523/514/1037 1522/512/1037 1537/536/1037 1538/538/1037
f 1516/515/1038 1478/480/1038 1531/539/1038
f 1485/482/1039 1530/513/1039 1545/537/1039
f 1524/516/1040 1523/514/1040 1538/538/1040 1539/540/1040
f 1517/517/1041 1516/515/1041 1531/539/1041 1532/526/1041
f 1544/534/1042 1543/532/1042 1558/541/1042 1559/542/1042
f 1537/536/1500 1536/535/1500 1551/543/1500 1552/544/1500
f 1545/537/1044 1544/534/1044 1559/542/1044 1560/545/1044
f 1538/538/1501 1537/536/1501 1552/544/1501 1553/546/1501
f 1531/539/1046 1478/480/1046 1546/547/1046
f 1485/482/1047 1545/537/1047 1560/545/1047
f 1539/540/1048 1538/538/1048 1553/546/1048 1554/548/1048
f 1532/526/1049 1531/539/1049 1546/547/1049 1547/549/1049
f 1540/525/1555 1539/524/1555 1554/550/1555 1555/551/1555
f 1533/527/1051 1532/526/1051 1547/549/1051 1548/552/1051
f 1541/528/1052 1540/525/1052 1555/551/1052 1556/553/1052
f 1534/529/1053 1533/527/1053 1548/552/1053 1549/554/1053
f 1542/530/1054 1541/528/1054 1556/553/1054 1557/555/1054
f 1535/531/1055 1534/529/1055 1549/554/1055 1550/556/1055
f 1543/532/1056 1542/530/1056 1557/555/1056 1558/541/1056
f 1536/533/1057 1535/531/1057 1550/556/1057 1551/557/1057
f 1556/553/1058 1555/551/1058 1570/558/1058 1571/559/1058
f 1549/554/1059 1548/552/1059 1563/560/1059 1564/561/1059
f 1557/555/1060 1556/553/1060 1571/559/1060 1572/562/1060
f 1550/556/1061 1549/554/1061 1564/561/1061 1565/563/1061
f 1558/541/1062 1557/555/1062 1572/562/1062 1573/564/1062
f 1551/557/1063 1550/556/1063 1565/563/1063 1566/565/1063
f 1559/542/1064 1558/541/1064 1573/564/1064 1574/566/1064
f 1552/544/1065 1551/543/1065 1566/567/1065 1567/568/1065
f 1560/545/1066 1559/542/1066 1574/566/1066 1575/569/1066
f 1553/546/1067 1552/544/1067 1567/568/1067 1568/570/1067
f 1546/547/1068 1478/480/1068 1561/571/1068
f 1485/482/1069 1560/545/1069 1575/569/1069
f 1554/550/1070 1553/572/1070 1568/573/1070 1569/574/1070
f 1547/549/1071 1546/547/1071 1561/571/1071 1562/575/1071
f 1555/551/1072 1554/550/1072 1569/574/1072 1570/558/1072
f 1548/552/1073 1547/549/1073 1562/575/1073 1563/560/1073
f 1575/569/1074 1574/566/1074 1589/576/1074 1590/577/1074
f 1568/578/1556 1567/579/1556 1582/580/1556 1583/581/1556
f 1561/571/1076 1478/480/1076 1576/582/1076
f 1485/482/1077 1575/569/1077 1590/577/1077
f 1569/583/1078 1568/578/1078 1583/581/1078 1584/584/1078
f 1562/575/1079 1561/571/1079 1576/582/1079 1577/585/1079
f 1570/558/1080 1569/574/1080 1584/586/1080 1585/587/1080
f 1563/560/1081 1562/575/1081 1577/585/1081 1578/588/1081
f 1571/559/1082 1570/558/1082 1585/587/1082 1586/589/1082
f 1564/561/1083 1563/560/1083 1578/588/1083 1579/590/1083
f 1572/562/1084 1571/559/1084 1586/589/1084 1587/591/1084
f 1565/563/1085 1564/561/1085 1579/590/1085 1580/592/1085
f 1573/564/1086 1572/562/1086 1587/591/1086 1588/593/1086
f 1566/565/1557 1565/563/1557 1580/592/1557 1581/594/1557
f 1574/566/1088 1573/564/1088 1588/593/1088 1589/576/1088
f 1567/579/1089 1566/595/1089 1581/596/1089 1582/580/1089
f 1579/590/1090 1578/588/1090 1593/597/1090 1594/598/1090
f 1587/591/1091 1586/589/1091 1601/599/1091 1602/600/1091
f 1580/592/1092 1579/590/1092 1594/598/1092 1595/601/1092
f 1588/593/1093 1587/591/1093 1602/600/1093 1603/602/1093
f 1581/594/1094 1580/592/1094 1595/601/1094 1596/603/1094
f 1589/576/1095 1588/593/1095 1603/602/1095 1604/604/1095
f 1582/580/1096 1581/596/1096 1596/605/1096 1597/606/1096
f 1590/577/1097 1589/576/1097 1604/604/1097 1605/607/1097
f 1583/581/1098 1582/580/1098 1597/606/1098 1598/608/1098
f 1576/582/1099 1478/480/1099 1591/609/1099
f 1485/482/1100 1590/577/1100 1605/607/1100
f 1584/584/1101 1583/581/1101 1598/608/1101 1599/610/1101
f 1577/585/1504 1576/582/1504 1591/609/1504 1592/611/1504
f 1585/587/1103 1584/586/1103 1599/612/1103 1600/613/1103
f 1578/588/1104 1577/585/1104 1592/611/1104 1593/597/1104
f 1586/589/1105 1585/587/1105 1600/613/1105 1601/599/1105
f 1598/608/1106 1597/606/1106 1612/614/1106 1613/615/1106
f 1591/609/1107 1478/480/1107 1606/616/1107
f 1485/482/1108 1605/607/1108 1620/617/1108
f 1599/610/1558 1598/608/1558 1613/615/1558 1614/618/1558
f 1592/611/1110 1591/609/1110 1606/616/1110 1607/619/1110
f 1600/613/1111 1599/612/1111 1614/620/1111 1615/621/1111
f 1593/597/1112 1592/611/1112 1607/619/1112 1608/622/1112
f 1601/599/1113 1600/613/1113 1615/621/1113 1616/623/1113
f 1594/598/1114 1593/597/1114 1608/622/1114 1609/624/1114
f 1602/600/1115 1601/599/1115 1616/623/1115 1617/625/1115
f 1595/601/1116 1594/598/1116 1609/624/1116 1610/626/1116
f 1603/602/1117 1602/600/1117 1617/625/1117 1618/627/1117
f 1596/603/1118 1595/601/1118 1610/626/1118 1611/628/1118
f 1604/604/1119 1603/602/1119 1618/627/1119 1619/629/1119
f 1597/606/1120 1596/605/1120 1611/630/1120 1612/614/1120
f 1605/607/1121 1604/604/1121 1619/629/1121 1620/617/1121
f 1617/625/1122 1616/623/1122 1631/631/1122 1632/632/1122
f 1610/626/1123 1609/624/1123 1624/633/1123 1625/634/1123
f 1618/627/1124 1617/625/1124 1632/632/1124 1633/635/1124
f 1611/628/1125 1610/626/1125 1625/634/1125 1626/636/1125
f 1619/629/1126 1618/627/1126 1633/635/1126 1634/637/1126
f 1612/614/1559 1611/630/1559 1626/638/1559 1627/639/1559
f 1620/617/1128 1619/629/1128 1634/637/1128 1635/640/1128
f 1613/615/1129 1612/614/1129 1627/639/1129 1628/641/1129
f 1606/616/1130 1478/480/1130 1621/642/1130
f 1485/482/1131 1620/617/1131 1635/640/1131
f 1614/618/1132 1613/615/1132 1628/641/1132 1629/643/1132
f 1607/619/1133 1606/616/1133 1621/642/1133 1622/644/1133
f 1615/621/1134 1614/620/1134 1629/645/1134 1630/646/1134
f 1608/622/1135 1607/619/1135 1622/644/1135 1623/647/1135
f 1616/623/1136 1615/621/1136 1630/646/1136 1631/631/1136
f 1609/624/1560 1608/622/1560 1623/647/1560 1624/633/1560
f 1621/642/1138 1478/480/1138 1636/648/1138
f 1485/482/1139 1635/640/1139 1650/649/1139
f 1629/645/1140 1628/650/1140 1643/651/1140 1644/652/1140
f 1622/644/1141 1621/642/1141 1636/648/1141 1637/653/1141
f 1630/646/1142 1629/645/1142 1644/652/1142 1645/654/1142
f 1623/647/1561 1622/644/1561 1637/653/1561 1638/655/1561
f 1631/631/1144 1630/646/1144 1645/654/1144 1646/656/1144
f 1624/633/1145 1623/647/1145 1638/655/1145 1639/657/1145
f 1632/632/1146 1631/631/1146 1646/656/1146 1647/658/1146
f 1625/634/1147 1624/633/1147 1639/657/1147 1640/659/1147
f 1633/635/1148 1632/632/1148 1647/658/1148 1648/660/1148
f 1626/636/1149 1625/634/1149 1640/659/1149 1641/661/1149
f 1634/637/1150 1633/635/1150 1648/660/1150 1649/662/1150
f 1627/663/1151 1626/636/1151 1641/661/1151 1642/664/1151
f 1635/640/1152 1634/637/1152 1649/662/1152 1650/649/1152
f 1628/641/1153 1627/639/1153 1642/665/1153 1643/666/1153
f 1640/659/1154 1639/657/1154 1654/667/1154 1655/668/1154
f 1648/660/1508 1647/658/1508 1662/669/1508 1663/670/1508
f 1641/661/1156 1640/659/1156 1655/668/1156 1656/671/1156
f 1649/662/1157 1648/660/1157 1663/670/1157 1664/672/1157
f 1642/664/1158 1641/661/1158 1656/671/1158 1657/673/1158
f 1650/649/1159 1649/662/1159 1664/672/1159 1665/674/1159
f 1643/666/1509 1642/665/1509 1657/675/1509 1658/676/1509
f 1636/648/1161 1478/480/1161 1651/677/1161
f 1485/482/1162 1650/649/1162 1665/674/1162
f 1644/652/1163 1643/651/1163 1658/678/1163 1659/679/1163
f 1637/653/1164 1636/648/1164 1651/677/1164 1652/680/1164
f 1645/654/1562 1644/652/1562 1659/679/1562 1660/681/1562
f 1638/655/1166 1637/653/1166 1652/680/1166 1653/682/1166
f 1646/656/1167 1645/654/1167 1660/681/1167 1661/683/1167
f 1639/657/1168 1638/655/1168 1653/682/1168 1654/667/1168
f 1647/658/1169 1646/656/1169 1661/683/1169 1662/669/1169
f 1659/684/1170 1658/676/1170 1673/685/1170 1674/686/1170
f 1652/680/1171 1651/677/1171 1666/687/1171 1667/688/1171
f 1660/681/1172 1659/679/1172 1674/689/1172 1675/690/1172
f 1653/682/1173 1652/680/1173 1667/688/1173 1668/691/1173
f 1661/683/1174 1660/681/1174 1675/690/1174 1676/692/1174
f 1654/667/1175 1653/682/1175 1668/691/1175 1669/693/1175
f 1662/669/1176 1661/683/1176 1676/692/1176 1677/694/1176
f 1655/668/1177 1654/667/1177 1669/693/1177 1670/695/1177
f 1663/670/1178 1662/669/1178 1677/694/1178 1678/696/1178
f 1656/671/1179 1655/668/1179 1670/695/1179 1671/697/1179
f 1664/672/1180 1663/670/1180 1678/696/1180 1679/698/1180
f 1657/673/1181 1656/671/1181 1671/697/1181 1672/699/1181
f 1665/674/1182 1664/672/1182 1679/698/1182 1680/700/1182
f 1658/676/1563 1657/675/1563 1672/701/1563 1673/685/1563
f 1651/677/1184 1478/480/1184 1666/687/1184
f 1485/482/1185 1665/674/1185 1680/700/1185
f 1678/696/1186 1677/694/1186 1692/702/1186 1693/703/1186
f 1671/697/1187 1670/695/1187 1685/704/1187 1686/705/1187
f 1679/698/1188 1678/696/1188 1693/703/1188 1694/706/1188
f 1672/699/1189 1671/697/1189 1686/705/1189 1687/707/1189
f 1680/700/1190 1679/698/1190 1694/706/1190 1695/708/1190
f 1673/685/1515 1672/701/1515 1687/709/1515 1688/710/1515
f 1666/687/1192 1478/480/1192 1681/711/1192
f 1485/482/1193 1680/700/1193 1695/708/1193
f 1674/689/1194 1673/712/1194 1688/713/1194 1689/714/1194
f 1667/688/1195 1666/687/1195 1681/711/1195 1682/715/1195
f 1675/690/1196 1674/689/1196 1689/714/1196 1690/716/1196
f 1668/691/1197 1667/688/1197 1682/715/1197 1683/717/1197
f 1676/692/1198 1675/690/1198 1690/716/1198 1691/718/1198
f 1669/693/1199 1668/691/1199 1683/717/1199 1684/719/1199
f 1677/694/1200 1676/692/1200 1691/718/1200 1692/702/1200
f 1670/695/1201 1669/693/1201 1684/719/1201 1685/704/1201
f 1690/716/1202 1689/714/1202 1704/720/1202 1705/721/1202
f 1683/717/1203 1682/715/1203 1697/722/1203 1698/723/1203
f 1691/718/1564 1690/716/1564 1705/721/1564 1706/724/1564
f 1684/719/1205 1683/717/1205 1698/723/1205 1699/725/1205
f 1692/702/1206 1691/718/1206 1706/724/1206 1707/726/1206
f 1685/704/1207 1684/719/1207 1699/725/1207 1700/727/1207
f 1693/703/1208 1692/702/1208 1707/726/1208 1708/728/1208
f 1686/705/1209 1685/704/1209 1700/727/1209 1701/729/1209
f 1694/706/1210 1693/703/1210 1708/728/1210 1709/730/1210
f 1687/707/1211 1686/705/1211 1701/729/1211 1702/731/1211
f 1695/708/1212 1694/706/1212 1709/730/1212 1710/732/1212
f 1688/733/1518 1687/734/1518 1702/735/1518 1703/736/1518
f 1681/711/1214 1478/480/1214 1696/737/1214
f 1485/482/1565 1695/708/1565 1710/732/1565
f 1689/714/1216 1688/713/1216 1703/738/1216 1704/720/1216
f 1682/715/1217 1681/711/1217 1696/737/1217 1697/722/1217
f 1710/732/1218 1709/730/1218 1724/739/1218 1725/740/1218
f 1703/736/1566 1702/735/1566 1717/741/1566 1718/742/1566
f 1696/737/1220 1478/480/1220 1711/743/1220
f 1485/482/1567 1710/732/1567 1725/740/1567
f 1704/720/1222 1703/738/1222 1718/744/1222 1719/745/1222
f 1697/722/1568 1696/737/1568 1711/743/1568 1712/746/1568
f 1705/721/1224 1704/720/1224 1719/745/1224 1720/747/1224
f 1698/723/1225 1697/722/1225 1712/746/1225 1713/748/1225
f 1706/724/1226 1705/721/1226 1720/747/1226 1721/749/1226
f 1699/725/1227 1698/723/1227 1713/748/1227 1714/750/1227
f 1707/726/1228 1706/724/1228 1721/749/1228 1722/751/1228
f 1700/727/1229 1699/725/1229 1714/750/1229 1715/752/1229
f 1708/728/1230 1707/726/1230 1722/751/1230 1723/753/1230
f 1701/729/1231 1700/727/1231 1715/752/1231 1716/754/1231
f 1709/730/1569 1708/728/1569 1723/753/1569 1724/739/1569
f 1702/735/1521 1701/755/1521 1716/756/1521 1717/741/1521
f 1722/751/1234 1721/749/1234 1736/757/1234 1737/758/1234
f 1715/752/1570 1714/750/1570 1729/759/1570 1730/760/1570
f 1723/753/1236 1722/751/1236 1737/758/1236 1738/761/1236
f 1716/754/1237 1715/752/1237 1730/760/1237 1731/762/1237
f 1724/739/1238 1723/753/1238 1738/761/1238 1739/763/1238
f 1717/741/1522 1716/756/1522 1731/764/1522 1732/765/1522
f 1725/740/1240 1724/739/1240 1739/763/1240 1740/766/1240
f 1718/742/1523 1717/741/1523 1732/765/1523 1733/767/1523
f 1711/743/1242 1478/480/1242 1726/768/1242
f 1485/482/1571 1725/740/1571 1740/766/1571
f 1719/745/1244 1718/744/1244 1733/769/1244 1734/770/1244
f 1712/746/1572 1711/743/1572 1726/768/1572 1727/771/1572
f 1720/747/1246 1719/745/1246 1734/770/1246 1735/772/1246
f 1713/748/1247 1712/746/1247 1727/771/1247 1728/773/1247
f 1721/749/1248 1720/747/1248 1735/772/1248 1736/757/1248
f 1714/750/1249 1713/748/1249 1728/773/1249 1729/759/1249
f 1726/768/1250 1478/480/1250 1741/774/1250
f 1485/482/1573 1740/766/1573 1755/775/1573
f 1734/770/1252 1733/769/1252 1748/776/1252 1749/777/1252
f 1727/771/1253 1726/768/1253 1741/774/1253 1742/778/1253
f 1735/772/1254 1734/770/1254 1749/777/1254 1750/779/1254
f 1728/773/1255 1727/771/1255 1742/778/1255 1743/780/1255
f 1736/757/1256 1735/772/1256 1750/779/1256 1751/781/1256
f 1729/759/1257 1728/773/1257 1743/780/1257 1744/782/1257
f 1737/758/1258 1736/757/1258 1751/781/1258 1752/783/1258
f 1730/760/1259 1729/759/1259 1744/782/1259 1745/784/1259
f 1738/761/1260 1737/758/1260 1752/783/1260 1753/785/1260
f 1731/762/1261 1730/760/1261 1745/784/1261 1746/786/1261
f 1739/763/1262 1738/761/1262 1753/785/1262 1754/787/1262
f 1732/765/1263 1731/764/1263 1746/788/1263 1747/789/1263
f 1740/766/1264 1739/763/1264 1754/787/1264 1755/775/1264
f 1733/767/1265 1732/765/1265 1747/789/1265 1748/790/1265
f 1745/784/1266 1744/782/1266 1759/791/1266 1760/792/1266
f 1753/785/1267 1752/783/1267 1767/793/1267 1768/794/1267
f 1746/786/1268 1745/784/1268 1760/792/1268 1761/795/1268
f 1754/787/1269 1753/785/1269 1768/794/1269 1769/796/1269
f 1747/789/1270 1746/788/1270 1761/797/1270 1762/798/1270
f 1755/775/1271 1754/787/1271 1769/796/1271 1770/799/1271
f 1748/790/1272 1747/789/1272 1762/798/1272 1763/800/1272
f 1741/774/1273 1478/480/1273 1756/801/1273
f 1485/482/1274 1755/775/1274 1770/799/1274
f 1749/802/1275 1748/790/1275 1763/800/1275 1764/803/1275
f 1742/778/1276 1741/774/1276 1756/801/1276 1757/804/1276
f 1750/779/1277 1749/777/1277 1764/805/1277 1765/806/1277
f 1743/780/1278 1742/778/1278 1757/804/1278 1758/807/1278
f 1751/781/1279 1750/779/1279 1765/806/1279 1766/808/1279
f 1744/782/1280 1743/780/1280 1758/807/1280 1759/791/1280
f 1752/783/1281 1751/781/1281 1766/808/1281 1767/793/1281
f 1764/803/1282 1763/800/1282 1778/809/1282 1779/810/1282
f 1757/804/1529 1756/801/1529 1771/811/1529 1772/812/1529
f 1765/806/1284 1764/805/1284 1779/813/1284 1780/814/1284
f 1758/807/1285 1757/804/1285 1772/812/1285 1773/815/1285
f 1766/808/1286 1765/806/1286 1780/814/1286 1781/816/1286
f 1759/791/1287 1758/807/1287 1773/815/1287 1774/817/1287
f 1767/793/1288 1766/808/1288 1781/816/1288 1782/818/1288
f 1760/792/1289 1759/791/1289 1774/817/1289 1775/819/1289
f 1768/794/1290 1767/793/1290 1782/818/1290 1783/820/1290
f 1761/795/1291 1760/792/1291 1775/819/1291 1776/821/1291
f 1769/796/1292 1768/794/1292 1783/820/1292 1784/822/1292
f 1762/798/1293 1761/797/1293 1776/823/1293 1777/824/1293
f 1770/799/1294 1769/796/1294 1784/822/1294 1785/825/1294
f 1763/800/1295 1762/798/1295 1777/824/1295 1778/809/1295
f 1756/801/1296 1478/480/1296 1771/811/1296
f 1485/482/1297 1770/799/1297 1785/825/1297
f 1783/820/1298 1782/818/1298 1797/826/1298 1798/827/1298
f 1776/821/1299 1775/819/1299 1790/828/1299 1791/829/1299
f 1784/822/1300 1783/820/1300 1798/827/1300 1799/830/1300
f 1777/824/1301 1776/823/1301 1791/831/1301 1792/832/1301
f 1785/825/1302 1784/822/1302 1799/830/1302 1800/833/1302
f 1778/809/1303 1777/824/1303 1792/832/1303 1793/834/1303
f 1771/811/1304 1478/480/1304 1786/835/1304
f 1485/482/1305 1785/825/1305 1800/833/1305
f 1779/810/1306 1778/809/1306 1793/834/1306 1794/836/1306
f 1772/812/1307 1771/811/1307 1786/835/1307 1787/837/1307
f 1780/814/1308 1779/813/1308 1794/838/1308 1795/839/1308
f 1773/815/1309 1772/812/1309 1787/837/1309 1788/840/1309
f 1781/816/1310 1780/814/1310 1795/839/1310 1796/841/1310
f 1774/817/1311 1773/815/1311 1788/840/1311 1789/842/1311
f 1782/818/1312 1781/816/1312 1796/841/1312 1797/826/1312
f 1775/819/1313 1774/817/1313 1789/842/1313 1790/828/1313
f 1787/837/1314 1786/835/1314 1801/843/1314 1802/844/1314
f 1795/839/1315 1794/838/1315 1809/845/1315 1810/846/1315
f 1788/840/1316 1787/837/1316 1802/844/1316 1803/847/1316
f 1796/841/1317 1795/839/1317 1810/846/1317 1811/848/1317
f 1789/842/1318 1788/840/1318 1803/847/1318 1804/849/1318
f 1797/826/1319 1796/841/1319 1811/848/1319 1812/850/1319
f 1790/828/1320 1789/842/1320 1804/849/1320 1805/851/1320
f 1798/827/1321 1797/826/1321 1812/850/1321 1813/852/1321
f 1791/829/1322 1790/828/1322 1805/851/1322 1806/853/1322
f 1799/830/1323 1798/827/1323 1813/852/1323 1814/854/1323
f 1792/832/1324 1791/831/1324 1806/855/1324 1807/856/1324
f 1800/833/1325 1799/830/1325 1814/854/1325 1815/857/1325
f 1793/834/1326 1792/832/1326 1807/856/1326 1808/858/1326
f 1786/835/1327 1478/480/1327 1801/843/1327
f 1485/482/1328 1800/833/1328 1815/857/1328
f 1794/838/1329 1793/859/1329 1808/860/1329 1809/845/1329
f 1806/853/1330 1805/851/1330 1820/861/1330 1821/862/1330
f 1814/854/1331 1813/852/1331 1828/863/1331 1829/864/1331
f 1807/856/1332 1806/855/1332 1821/865/1332 1822/866/1332
f 1815/857/1333 1814/854/1333 1829/864/1333 1830/867/1333
f 1808/858/1334 1807/856/1334 1822/866/1334 1823/868/1334
f 1801/843/1335 1478/480/1335 1816/869/1335
f 1485/482/1336 1815/857/1336 1830/867/1336
f 1809/845/1337 1808/860/1337 1823/870/1337 1824/871/1337
f 1802/844/1338 1801/843/1338 1816/869/1338 1817/872/1338
f 1810/846/1339 1809/845/1339 1824/871/1339 1825/873/1339
f 1803/847/1340 1802/844/1340 1817/872/1340 1818/874/1340
f 1811/848/1341 1810/846/1341 1825/873/1341 1826/875/1341
f 1804/849/1342 1803/847/1342 1818/874/1342 1819/876/1342
f 1812/850/1343 1811/848/1343 1826/875/1343 1827/877/1343
f 1805/851/1344 1804/849/1344 1819/876/1344 1820/861/1344
f 1813/852/1345 1812/850/1345 1827/877/1345 1828/863/1345
f 1825/873/1346 1824/871/1346 1839/878/1346 1840/879/1346
f 1818/874/1347 1817/872/1347 1832/880/1347 1833/881/1347
f 1826/875/1348 1825/873/1348 1840/879/1348 1841/882/1348
f 1819/876/1349 1818/874/1349 1833/881/1349 1834/883/1349
f 1827/877/1350 1826/875/1350 1841/882/1350 1842/884/1350
f 1820/861/1351 1819/876/1351 1834/883/1351 1835/885/1351
f 1828/863/1352 1827/877/1352 1842/884/1352 1843/886/1352
f 1821/862/1353 1820/861/1353 1835/885/1353 1836/887/1353
f 1829/864/1354 1828/863/1354 1843/886/1354 1844/888/1354
f 1822/889/1355 1821/890/1355 1836/891/1355 1837/892/1355
f 1830/867/1356 1829/864/1356 1844/888/1356 1845/893/1356
f 1823/894/1357 1822/889/1357 1837/892/1357 1838/895/1357
f 1816/869/1358 1478/480/1358 1831/896/1358
f 1485/482/1359 1830/867/1359 1845/893/1359
f 1824/897/1360 1823/894/1360 1838/895/1360 1839/898/1360
f 1817/872/1361 1816/869/1361 1831/896/1361 1832/880/1361
f 1844/888/1362 1843/886/1362 1858/899/1362 1859/900/1362
f 1837/892/1363 1836/891/1363 1851/901/1363 1852/902/1363
f 1845/893/1364 1844/888/1364 1859/900/1364 1860/903/1364
f 1838/895/1365 1837/892/1365 1852/902/1365 1853/904/1365
f 1831/896/1366 1478/480/1366 1846/905/1366
f 1485/482/1367 1845/893/1367 1860/903/1367
f 1839/878/1368 1838/906/1368 1853/907/1368 1854/908/1368
f 1832/880/1369 1831/896/1369 1846/905/1369 1847/909/1369
f 1840/879/1370 1839/878/1370 1854/908/1370 1855/910/1370
f 1833/881/1371 1832/880/1371 1847/909/1371 1848/911/1371
f 1841/882/1372 1840/879/1372 1855/910/1372 1856/912/1372
f 1834/883/1373 1833/881/1373 1848/911/1373 1849/913/1373
f 1842/884/1374 1841/882/1374 1856/912/1374 1857/914/1374
f 1835/885/1375 1834/883/1375 1849/913/1375 1850/915/1375
f 1843/886/1376 1842/884/1376 1857/914/1376 1858/899/1376
f 1836/887/1377 1835/885/1377 1850/915/1377 1851/916/1377
f 1856/912/1378 1855/910/1378 1870/917/1378 1871/918/1378
f 1849/913/1379 1848/911/1379 1863/919/1379 1864/920/1379
f 1857/914/1380 1856/912/1380 1871/918/1380 1872/921/1380
f 1850/915/1574 1849/913/1574 1864/920/1574 1865/922/1574
f 1858/899/1382 1857/914/1382 1872/921/1382 1873/923/1382
f 1851/916/1383 1850/915/1383 1865/922/1383 1866/924/1383
f 1859/900/1384 1858/899/1384 1873/923/1384 1874/925/1384
f 1852/902/1385 1851/901/1385 1866/926/1385 1867/927/1385
f 1860/903/1575 1859/900/1575 1874/925/1575 1875/928/1575
f 1853/904/1387 1852/902/1387 1867/927/1387 1868/929/1387
f 1846/905/1388 1478/480/1388 1861/930/1388
f 1485/482/1389 1860/903/1389 1875/928/1389
f 1854/908/1390 1853/907/1390 1868/931/1390 1869/932/1390
f 1847/909/1391 1846/905/1391 1861/930/1391 1862/933/1391
f 1855/910/1392 1854/908/1392 1869/932/1392 1870/917/1392
f 1848/911/1393 1847/909/1393 1862/933/1393 1863/919/1393
f 1875/928/1394 1874/925/1394 1889/934/1394 1890/935/1394
f 1868/929/1395 1867/927/1395 1882/936/1395 1883/937/1395
f 1861/930/1396 1478/480/1396 1876/938/1396
f 1485/482/1397 1875/928/1397 1890/935/1397
f 1869/939/1398 1868/929/1398 1883/937/1398 1884/940/1398
f 1862/933/1399 1861/930/1399 1876/938/1399 1877/941/1399
f 1870/917/1537 1869/932/1537 1884/942/1537 1885/943/1537
f 1863/919/1401 1862/933/1401 1877/941/1401 1878/944/1401
f 1871/918/1402 1870/917/1402 1885/943/1402 1886/945/1402
f 1864/920/1403 1863/919/1403 1878/944/1403 1879/946/1403
f 1872/921/1404 1871/918/1404 1886/945/1404 1887/947/1404
f 1865/922/1405 1864/920/1405 1879/946/1405 1880/948/1405
f 1873/923/1406 1872/921/1406 1887/947/1406 1888/949/1406
f 1866/924/1538 1865/922/1538 1880/948/1538 1881/950/1538
f 1874/925/1408 1873/923/1408 1888/949/1408 1889/934/1408
f 1867/927/1409 1866/926/1409 1881/951/1409 1882/936/1409
f 1879/946/1410 1878/944/1410 1893/952/1410 1894/953/1410
f 1887/947/1411 1886/945/1411 1901/954/1411 1902/955/1411
f 1880/948/1412 1879/946/1412 1894/953/1412 1895/956/1412
f 1888/949/1413 1887/947/1413 1902/955/1413 1903/957/1413
f 1881/950/1414 1880/948/1414 1895/956/1414 1896/958/1414
f 1889/934/1415 1888/949/1415 1903/957/1415 1904/959/1415
f 1882/936/1416 1881/951/1416 1896/960/1416 1897/961/1416
f 1890/935/1417 1889/934/1417 1904/959/1417 1905/962/1417
f 1883/937/1418 1882/936/1418 1897/961/1418 1898/963/1418
f 1876/938/1419 1478/480/1419 1891/964/1419
f 1485/482/1576 1890/935/1576 1905/962/1576
f 1884/940/1421 1883/937/1421 1898/963/1421 1899/965/1421
f 1877/941/1422 1876/938/1422 1891/964/1422 1892/966/1422
f 1885/943/1423 1884/942/1423 1899/967/1423 1900/968/1423
f 1878/944/1540 1877/941/1540 1892/966/1540 1893/952/1540
f 1886/945/1425 1885/943/1425 1900/968/1425 1901/954/1425
f 1898/963/1426 1897/961/1426 1912/969/1426 1913/970/1426
f 1891/964/1427 1478/480/1427 1906/971/1427
f 1485/482/1428 1905/962/1428 1920/972/1428
f 1899/965/1429 1898/963/1429 1913/970/1429 1914/973/1429
f 1892/966/1430 1891/964/1430 1906/971/1430 1907/974/1430
f 1900/968/1431 1899/967/1431 1914/975/1431 1915/976/1431
f 1893/952/1432 1892/966/1432 1907/974/1432 1908/977/1432
f 1901/954/1433 1900/968/1433 1915/976/1433 1916/978/1433
f 1894/953/1434 1893/952/1434 1908/977/1434 1909/979/1434
f 1902/955/1435 1901/954/1435 1916/978/1435 1917/980/1435
f 1895/956/1436 1894/953/1436 1909/979/1436 1910/981/1436
f 1903/957/1437 1902/955/1437 1917/980/1437 1918/982/1437
f 1896/958/1438 1895/956/1438 1910/981/1438 1911/983/1438
f 1904/959/1439 1903/957/1439 1918/982/1439 1919/984/1439
f 1897/961/1440 1896/960/1440 1911/985/1440 1912/969/1440
f 1905/962/1441 1904/959/1441 1919/984/1441 1920/972/1441
f 1917/980/1442 1916/978/1442 1931/986/1442 1932/987/1442
f 1910/981/1443 1909/979/1443 1924/988/1443 1925/989/1443
f 1918/982/1444 1917/980/1444 1932/987/1444 1933/990/1444
f 1911/983/1445 1910/981/1445 1925/989/1445 1926/991/1445
f 1919/984/1446 1918/982/1446 1933/990/1446 1934/992/1446
f 1912/969/1447 1911/985/1447 1926/993/1447 1927/994/1447
f 1920/972/1448 1919/984/1448 1934/992/1448 1935/995/1448
f 1913/970/1449 1912/969/1449 1927/994/1449 1928/996/1449
f 1906/971/1450 1478/480/1450 1921/997/1450
f 1485/482/1451 1920/972/1451 1935/995/1451
f 1914/975/1452 1913/998/1452 1928/999/1452 1929/1000/1452
f 1907/974/1453 1906/971/1453 1921/997/1453 1922/1001/1453
f 1915/976/1454 1914/975/1454 1929/1000/1454 1930/1002/1454
f 1908/977/1455 1907/974/1455 1922/1001/1455 1923/1003/1455
f 1916/978/1456 1915/976/1456 1930/1002/1456 1931/986/1456
f 1909/979/1457 1908/977/1457 1923/1003/1457 1924/988/1457
f 1921/997/1458 1478/480/1458 1936/1004/1458
f 1485/482/1577 1935/995/1577 1950/1005/1577
f 1929/1000/1460 1928/999/1460 1943/1006/1460 1944/1007/1460
f 1922/1001/1461 1921/997/1461 1936/1004/1461 1937/1008/1461
f 1930/1002/1545 1929/1000/1545 1944/1007/1545 1945/1009/1545
f 1923/1003/1463 1922/1001/1463 1937/1008/1463 1938/1010/1463
f 1931/986/1464 1930/1002/1464 1945/1009/1464 1946/1011/1464
f 1924/988/1465 1923/1003/1465 1938/1010/1465 1939/1012/1465
f 1932/987/1466 1931/986/1466 1946/1011/1466 1947/1013/1466
f 1925/989/1467 1924/988/1467 1939/1012/1467 1940/1014/1467
f 1933/990/1468 1932/987/1468 1947/1013/1468 1948/1015/1468
f 1926/991/1469 1925/989/1469 1940/1014/1469 1941/1016/1469
f 1934/992/1470 1933/990/1470 1948/1015/1470 1949/1017/1470
f 1927/1018/1471 1926/1019/1471 1941/1020/1471 1942/1021/1471
f 1935/995/1472 1934/992/1472 1949/1017/1472 1950/1005/1472
f 1928/1022/1546 1927/1018/1546 1942/1021/1546 1943/1023/1546
f 1940/1014/1474 1939/1012/1474 1953/457/1474 1480/463/1474
f 1948/1015/1475 1947/1013/1475 1956/461/1475 1957/465/1475
f 1941/1016/1476 1940/1014/1476 1480/463/1476 1954/467/1476
f 1949/1017/1477 1948/1015/1477 1957/465/1477 1958/469/1477
f 1942/1021/1478 1941/1020/1478 1954/472/1478 1481/471/1478
f 1950/1005/1479 1949/1017/1479 1958/469/1479 1959/475/1479
f 1943/1023/1480 1942/1021/1480 1481/471/1480 1482/477/1480
f 1936/1004/1481 1478/480/1481 1951/479/1481
f 1485/482/1482 1950/1005/1482 1959/475/1482
f 1944/1007/1548 1943/1006/1548 1482/484/1548 1483/483/1548
f 1937/1008/1578 1936/1004/1578 1951/479/1578 1952/487/1578
f 1945/1009/1485 1944/1007/1485 1483/483/1485 1955/454/1485
f 1938/1010/1486 1937/1008/1486 1952/487/1486 1479/458/1486
f 1946/1011/1487 1945/1009/1487 1955/454/1487 1484/453/1487
f 1939/1012/1488 1938/1010/1488 1479/458/1488 1953/457/1488
f 1947/1013/1489 1946/1011/1489 1484/453/1489 1956/461/1489
f 1966/453/1490 2437/454/1490 1977/455/1490 1978/456/1490
f 2435/457/1579 1961/458/1579 1970/459/1579 1971/460/1579
f 2438/461/980 1966/453/980 1978/456/980 1979/462/980
f 1962/463/981 2435/457/981 1971/460/981 1972/464/981
f 2439/465/982 2438/461/982 1979/462/982 1980/466/982
f 2436/467/983 1962/463/983 1972/464/983 1973/468/983
f 2440/469/984 2439/465/984 1980/466/984 1981/470/984
f 1963/471/985 2436/472/985 1973/473/985 1974/474/985
f 2441/475/986 2440/469/986 1981/470/986 1982/476/986
f 1964/477/1491 1963/471/1491 1974/474/1491 1975/478/1491
f 2433/479/988 1960/480/988 1968/481/988
f 1967/482/989 2441/475/989 1982/476/989
f 1965/483/1492 1964/484/1492 1975/485/1492 1976/486/1492
f 2434/487/991 2433/479/991 1968/481/991 1969/488/991
f 2437/454/992 1965/483/992 1976/486/992 1977/455/992
f 1961/458/993 2434/487/993 1969/488/993 1970/459/993
f 1969/488/994 1968/481/994 1983/489/994 1984/490/994
f 1977/455/995 1976/486/995 1991/491/995 1992/492/995
f 1970/459/996 1969/488/996 1984/490/996 1985/493/996
f 1978/456/997 1977/455/997 1992/492/997 1993/494/997
f 1971/460/998 1970/459/998 1985/493/998 1986/495/998
f 1979/462/999 1978/456/999 1993/494/999 1994/496/999
f 1972/464/1000 1971/460/1000 1986/495/1000 1987/497/1000
f 1980/466/1001 1979/462/1001 1994/496/1001 1995/498/1001
f 1973/468/1002 1972/464/1002 1987/497/1002 1988/499/1002
f 1981/470/1003 1980/466/1003 1995/498/1003 1996/500/1003
f 1974/474/1004 1973/473/1004 1988/501/1004 1989/502/1004
f 1982/476/1005 1981/470/1005 1996/500/1005 1997/503/1005
f 1975/478/1006 1974/474/1006 1989/502/1006 1990/504/1006
f 1968/481/1007 1960/480/1007 1983/489/1007
f 1967/482/1008 1982/476/1008 1997/503/1008
f 1976/505/1494 1975/478/1494 1990/504/1494 1991/506/1494
f 1988/499/1010 1987/497/1010 2002/507/1010 2003/508/1010
f 1996/500/1011 1995/498/1011 2010/509/1011 2011/510/1011
f 1989/502/1012 1988/501/1012 2003/511/1012 2004/512/1012
f 1997/503/1013 1996/500/1013 2011/510/1013 2012/513/1013
f 1990/504/1552 1989/502/1552 2004/512/1552 2005/514/1552
f 1983/489/1015 1960/480/1015 1998/515/1015
f 1967/482/1016 1997/503/1016 2012/513/1016
f 1991/506/1498 1990/504/1498 2005/514/1498 2006/516/1498
f 1984/490/1018 1983/489/1018 1998/515/1018 1999/517/1018
f 1992/492/1019 1991/491/1019 2006/518/1019 2007/519/1019
f 1985/493/1020 1984/490/1020 1999/517/1020 2000/520/1020
f 1993/494/1021 1992/492/1021 2007/519/1021 2008/521/1021
f 1986/495/1022 1985/493/1022 2000/520/1022 2001/522/1022
f 1994/496/1023 1993/494/1023 2008/521/1023 2009/523/1023
f 1987/497/1024 1986/495/1024 2001/522/1024 2002/507/1024
f 1995/498/1025 1994/496/1025 2009/523/1025 2010/509/1025
f 2007/519/1553 2006/518/1553 2021/524/1553 2022/525/1553
f 2000/520/1027 1999/517/1027 2014/526/1027 2015/527/1027
f 2008/521/1554 2007/519/1554 2022/525/1554 2023/528/1554
f 2001/522/1029 2000/520/1029 2015/527/1029 2016/529/1029
f 2009/523/1030 2008/521/1030 2023/528/1030 2024/530/1030
f 2002/507/1499 2001/522/1499 2016/529/1499 2017/531/1499
f 2010/509/1032 2009/523/1032 2024/530/1032 2025/532/1032
f 2003/508/1033 2002/507/1033 2017/531/1033 2018/533/1033
f 2011/510/1034 2010/509/1034 2025/532/1034 2026/534/1034
f 2004/512/1035 2003/511/1035 2018/535/1035 2019/536/1035
f 2012/513/1036 2011/510/1036 2026/534/1036 2027/537/1036
f 2005/514/1037 2004/512/1037 2019/536/1037 2020/538/1037
f 1998/515/1038 1960/480/1038 2013/539/1038
f 1967/482/1039 2012/513/1039 2027/537/1039
f 2006/516/1040 2005/514/1040 2020/538/1040 2021/540/1040
f 1999/517/1041 1998/515/1041 2013/539/1041 2014/526/1041
f 2026/534/1042 2025/532/1042 2040/541/1042 2041/542/1042
f 2019/536/1580 2018/535/1580 2033/543/1580 2034/544/1580
f 2027/537/1044 2026/534/1044 2041/542/1044 2042/545/1044
f 2020/538/1501 2019/536/1501 2034/544/1501 2035/546/1501
f 2013/539/1046 1960/480/1046 2028/547/1046
f 1967/482/1047 2027/537/1047 2042/545/1047
f 2021/540/1048 2020/538/1048 2035/546/1048 2036/548/1048
f 2014/526/1049 2013/539/1049 2028/547/1049 2029/549/1049
f 2022/525/1050 2021/524/1050 2036/550/1050 2037/551/1050
f 2015/527/1051 2014/526/1051 2029/549/1051 2030/552/1051
f 2023/528/1052 2022/525/1052 2037/551/1052 2038/553/1052
f 2016/529/1053 2015/527/1053 2030/552/1053 2031/554/1053
f 2024/530/1054 2023/528/1054 2038/553/1054 2039/555/1054
f 2017/531/1055 2016/529/1055 2031/554/1055 2032/556/1055
f 2025/532/1056 2024/530/1056 2039/555/1056 2040/541/1056
f 2018/533/1057 2017/531/1057 2032/556/1057 2033/557/1057
f 2038/553/1058 2037/551/1058 2052/558/1058 2053/559/1058
f 2031/554/1059 2030/552/1059 2045/560/1059 2046/561/1059
f 2039/555/1060 2038/553/1060 2053/559/1060 2054/562/1060
f 2032/556/1061 2031/554/1061 2046/561/1061 2047/563/1061
f 2040/541/1062 2039/555/1062 2054/562/1062 2055/564/1062
f 2033/557/1063 2032/556/1063 2047/563/1063 2048/565/1063
f 2041/542/1064 2040/541/1064 2055/564/1064 2056/566/1064
f 2034/544/1065 2033/543/1065 2048/567/1065 2049/568/1065
f 2042/545/1066 2041/542/1066 2056/566/1066 2057/569/1066
f 2035/546/1067 2034/544/1067 2049/568/1067 2050/570/1067
f 2028/547/1068 1960/480/1068 2043/571/1068
f 1967/482/1069 2042/545/1069 2057/569/1069
f 2036/550/1070 2035/572/1070 2050/573/1070 2051/574/1070
f 2029/549/1071 2028/547/1071 2043/571/1071 2044/575/1071
f 2037/551/1072 2036/550/1072 2051/574/1072 2052/558/1072
f 2030/552/1073 2029/549/1073 2044/575/1073 2045/560/1073
f 2057/569/1074 2056/566/1074 2071/576/1074 2072/577/1074
f 2050/578/1075 2049/579/1075 2064/580/1075 2065/581/1075
f 2043/571/1076 1960/480/1076 2058/582/1076
f 1967/482/1077 2057/569/1077 2072/577/1077
f 2051/583/1078 2050/578/1078 2065/581/1078 2066/584/1078
f 2044/575/1079 2043/571/1079 2058/582/1079 2059/585/1079
f 2052/558/1080 2051/574/1080 2066/586/1080 2067/587/1080
f 2045/560/1081 2044/575/1081 2059/585/1081 2060/588/1081
f 2053/559/1082 2052/558/1082 2067/587/1082 2068/589/1082
f 2046/561/1083 2045/560/1083 2060/588/1083 2061/590/1083
f 2054/562/1084 2053/559/1084 2068/589/1084 2069/591/1084
f 2047/563/1085 2046/561/1085 2061/590/1085 2062/592/1085
f 2055/564/1086 2054/562/1086 2069/591/1086 2070/593/1086
f 2048/565/1087 2047/563/1087 2062/592/1087 2063/594/1087
f 2056/566/1088 2055/564/1088 2070/593/1088 2071/576/1088
f 2049/579/1089 2048/595/1089 2063/596/1089 2064/580/1089
f 2061/590/1090 2060/588/1090 2075/597/1090 2076/598/1090
f 2069/591/1091 2068/589/1091 2083/599/1091 2084/600/1091
f 2062/592/1092 2061/590/1092 2076/598/1092 2077/601/1092
f 2070/593/1093 2069/591/1093 2084/600/1093 2085/602/1093
f 2063/594/1094 2062/592/1094 2077/601/1094 2078/603/1094
f 2071/576/1095 2070/593/1095 2085/602/1095 2086/604/1095
f 2064/580/1096 2063/596/1096 2078/605/1096 2079/606/1096
f 2072/577/1097 2071/576/1097 2086/604/1097 2087/607/1097
f 2065/581/1098 2064/580/1098 2079/606/1098 2080/608/1098
f 2058/582/1099 1960/480/1099 2073/609/1099
f 1967/482/1100 2072/577/1100 2087/607/1100
f 2066/584/1101 2065/581/1101 2080/608/1101 2081/610/1101
f 2059/585/1504 2058/582/1504 2073/609/1504 2074/611/1504
f 2067/587/1103 2066/586/1103 2081/612/1103 2082/613/1103
f 2060/588/1104 2059/585/1104 2074/611/1104 2075/597/1104
f 2068/589/1105 2067/587/1105 2082/613/1105 2083/599/1105
f 2080/608/1106 2079/606/1106 2094/614/1106 2095/615/1106
f 2073/609/1107 1960/480/1107 2088/616/1107
f 1967/482/1108 2087/607/1108 2102/617/1108
f 2081/610/1109 2080/608/1109 2095/615/1109 2096/618/1109
f 2074/611/1110 2073/609/1110 2088/616/1110 2089/619/1110
f 2082/613/1111 2081/612/1111 2096/620/1111 2097/621/1111
f 2075/597/1112 2074/611/1112 2089/619/1112 2090/622/1112
f 2083/599/1113 2082/613/1113 2097/621/1113 2098/623/1113
f 2076/598/1114 2075/597/1114 2090/622/1114 2091/624/1114
f 2084/600/1115 2083/599/1115 2098/623/1115 2099/625/1115
f 2077/601/1116 2076/598/1116 2091/624/1116 2092/626/1116
f 2085/602/1117 2084/600/1117 2099/625/1117 2100/627/1117
f 2078/603/1118 2077/601/1118 2092/626/1118 2093/628/1118
f 2086/604/1119 2085/602/1119 2100/627/1119 2101/629/1119
f 2079/606/1120 2078/605/1120 2093/630/1120 2094/614/1120
f 2087/607/1121 2086/604/1121 2101/629/1121 2102/617/1121
f 2099/625/1122 2098/623/1122 2113/631/1122 2114/632/1122
f 2092/626/1123 2091/624/1123 2106/633/1123 2107/634/1123
f 2100/627/1124 2099/625/1124 2114/632/1124 2115/635/1124
f 2093/628/1125 2092/626/1125 2107/634/1125 2108/636/1125
f 2101/629/1126 2100/627/1126 2115/635/1126 2116/637/1126
f 2094/614/1127 2093/630/1127 2108/638/1127 2109/639/1127
f 2102/617/1128 2101/629/1128 2116/637/1128 2117/640/1128
f 2095/615/1506 2094/614/1506 2109/639/1506 2110/641/1506
f 2088/616/1130 1960/480/1130 2103/642/1130
f 1967/482/1131 2102/617/1131 2117/640/1131
f 2096/618/1132 2095/615/1132 2110/641/1132 2111/643/1132
f 2089/619/1133 2088/616/1133 2103/642/1133 2104/644/1133
f 2097/621/1134 2096/620/1134 2111/645/1134 2112/646/1134
f 2090/622/1135 2089/619/1135 2104/644/1135 2105/647/1135
f 2098/623/1136 2097/621/1136 2112/646/1136 2113/631/1136
f 2091/624/1137 2090/622/1137 2105/647/1137 2106/633/1137
f 2103/642/1138 1960/480/1138 2118/648/1138
f 1967/482/1139 2117/640/1139 2132/649/1139
f 2111/645/1507 2110/650/1507 2125/651/1507 2126/652/1507
f 2104/644/1141 2103/642/1141 2118/648/1141 2119/653/1141
f 2112/646/1142 2111/645/1142 2126/652/1142 2127/654/1142
f 2105/647/1143 2104/644/1143 2119/653/1143 2120/655/1143
f 2113/631/1144 2112/646/1144 2127/654/1144 2128/656/1144
f 2106/633/1145 2105/647/1145 2120/655/1145 2121/657/1145
f 2114/632/1146 2113/631/1146 2128/656/1146 2129/658/1146
f 2107/634/1147 2106/633/1147 2121/657/1147 2122/659/1147
f 2115/635/1148 2114/632/1148 2129/658/1148 2130/660/1148
f 2108/636/1149 2107/634/1149 2122/659/1149 2123/661/1149
f 2116/637/1150 2115/635/1150 2130/660/1150 2131/662/1150
f 2109/663/1151 2108/636/1151 2123/661/1151 2124/664/1151
f 2117/640/1152 2116/637/1152 2131/662/1152 2132/649/1152
f 2110/641/1153 2109/639/1153 2124/665/1153 2125/666/1153
f 2122/659/1154 2121/657/1154 2136/667/1154 2137/668/1154
f 2130/660/1508 2129/658/1508 2144/669/1508 2145/670/1508
f 2123/661/1581 2122/659/1581 2137/668/1581 2138/671/1581
f 2131/662/1157 2130/660/1157 2145/670/1157 2146/672/1157
f 2124/664/1158 2123/661/1158 2138/671/1158 2139/673/1158
f 2132/649/1159 2131/662/1159 2146/672/1159 2147/674/1159
f 2125/666/1509 2124/665/1509 2139/675/1509 2140/676/1509
f 2118/648/1161 1960/480/1161 2133/677/1161
f 1967/482/1162 2132/649/1162 2147/674/1162
f 2126/652/1511 2125/651/1511 2140/678/1511 2141/679/1511
f 2119/653/1164 2118/648/1164 2133/677/1164 2134/680/1164
f 2127/654/1165 2126/652/1165 2141/679/1165 2142/681/1165
f 2120/655/1166 2119/653/1166 2134/680/1166 2135/682/1166
f 2128/656/1167 2127/654/1167 2142/681/1167 2143/683/1167
f 2121/657/1168 2120/655/1168 2135/682/1168 2136/667/1168
f 2129/658/1512 2128/656/1512 2143/683/1512 2144/669/1512
f 2141/684/1170 2140/676/1170 2155/685/1170 2156/686/1170
f 2134/680/1171 2133/677/1171 2148/687/1171 2149/688/1171
f 2142/681/1172 2141/679/1172 2156/689/1172 2157/690/1172
f 2135/682/1173 2134/680/1173 2149/688/1173 2150/691/1173
f 2143/683/1174 2142/681/1174 2157/690/1174 2158/692/1174
f 2136/667/1175 2135/682/1175 2150/691/1175 2151/693/1175
f 2144/669/1176 2143/683/1176 2158/692/1176 2159/694/1176
f 2137/668/1177 2136/667/1177 2151/693/1177 2152/695/1177
f 2145/670/1178 2144/669/1178 2159/694/1178 2160/696/1178
f 2138/671/1513 2137/668/1513 2152/695/1513 2153/697/1513
f 2146/672/1180 2145/670/1180 2160/696/1180 2161/698/1180
f 2139/673/1181 2138/671/1181 2153/697/1181 2154/699/1181
f 2147/674/1182 2146/672/1182 2161/698/1182 2162/700/1182
f 2140/676/1183 2139/675/1183 2154/701/1183 2155/685/1183
f 2133/677/1184 1960/480/1184 2148/687/1184
f 1967/482/1514 2147/674/1514 2162/700/1514
f 2160/696/1186 2159/694/1186 2174/702/1186 2175/703/1186
f 2153/697/1187 2152/695/1187 2167/704/1187 2168/705/1187
f 2161/698/1188 2160/696/1188 2175/703/1188 2176/706/1188
f 2154/699/1189 2153/697/1189 2168/705/1189 2169/707/1189
f 2162/700/1190 2161/698/1190 2176/706/1190 2177/708/1190
f 2155/685/1515 2154/701/1515 2169/709/1515 2170/710/1515
f 2148/687/1192 1960/480/1192 2163/711/1192
f 1967/482/1193 2162/700/1193 2177/708/1193
f 2156/689/1194 2155/712/1194 2170/713/1194 2171/714/1194
f 2149/688/1195 2148/687/1195 2163/711/1195 2164/715/1195
f 2157/690/1196 2156/689/1196 2171/714/1196 2172/716/1196
f 2150/691/1197 2149/688/1197 2164/715/1197 2165/717/1197
f 2158/692/1198 2157/690/1198 2172/716/1198 2173/718/1198
f 2151/693/1199 2150/691/1199 2165/717/1199 2166/719/1199
f 2159/694/1200 2158/692/1200 2173/718/1200 2174/702/1200
f 2152/695/1201 2151/693/1201 2166/719/1201 2167/704/1201
f 2172/716/1202 2171/714/1202 2186/720/1202 2187/721/1202
f 2165/717/1203 2164/715/1203 2179/722/1203 2180/723/1203
f 2173/718/1204 2172/716/1204 2187/721/1204 2188/724/1204
f 2166/719/1205 2165/717/1205 2180/723/1205 2181/725/1205
f 2174/702/1206 2173/718/1206 2188/724/1206 2189/726/1206
f 2167/704/1207 2166/719/1207 2181/725/1207 2182/727/1207
f 2175/703/1517 2174/702/1517 2189/726/1517 2190/728/1517
f 2168/705/1209 2167/704/1209 2182/727/1209 2183/729/1209
f 2176/706/1210 2175/703/1210 2190/728/1210 2191/730/1210
f 2169/707/1211 2168/705/1211 2183/729/1211 2184/731/1211
f 2177/708/1212 2176/706/1212 2191/730/1212 2192/732/1212
f 2170/733/1518 2169/734/1518 2184/735/1518 2185/736/1518
f 2163/711/1519 1960/480/1519 2178/737/1519
f 1967/482/1215 2177/708/1215 2192/732/1215
f 2171/714/1216 2170/713/1216 2185/738/1216 2186/720/1216
f 2164/715/1217 2163/711/1217 2178/737/1217 2179/722/1217
f 2192/732/1218 2191/730/1218 2206/739/1218 2207/740/1218
f 2185/736/1520 2184/735/1520 2199/741/1520 2200/742/1520
f 2178/737/1220 1960/480/1220 2193/743/1220
f 1967/482/1221 2192/732/1221 2207/740/1221
f 2186/720/1222 2185/738/1222 2200/744/1222 2201/745/1222
f 2179/722/1223 2178/737/1223 2193/743/1223 2194/746/1223
f 2187/721/1224 2186/720/1224 2201/745/1224 2202/747/1224
f 2180/723/1225 2179/722/1225 2194/746/1225 2195/748/1225
f 2188/724/1226 2187/721/1226 2202/747/1226 2203/749/1226
f 2181/725/1227 2180/723/1227 2195/748/1227 2196/750/1227
f 2189/726/1228 2188/724/1228 2203/749/1228 2204/751/1228
f 2182/727/1229 2181/725/1229 2196/750/1229 2197/752/1229
f 2190/728/1230 2189/726/1230 2204/751/1230 2205/753/1230
f 2183/729/1231 2182/727/1231 2197/752/1231 2198/754/1231
f 2191/730/1232 2190/728/1232 2205/753/1232 2206/739/1232
f 2184/735/1521 2183/755/1521 2198/756/1521 2199/741/1521
f 2204/751/1234 2203/749/1234 2218/757/1234 2219/758/1234
f 2197/752/1235 2196/750/1235 2211/759/1235 2212/760/1235
f 2205/753/1236 2204/751/1236 2219/758/1236 2220/761/1236
f 2198/754/1237 2197/752/1237 2212/760/1237 2213/762/1237
f 2206/739/1238 2205/753/1238 2220/761/1238 2221/763/1238
f 2199/741/1522 2198/756/1522 2213/764/1522 2214/765/1522
f 2207/740/1240 2206/739/1240 2221/763/1240 2222/766/1240
f 2200/742/1523 2199/741/1523 2214/765/1523 2215/767/1523
f 2193/743/1242 1960/480/1242 2208/768/1242
f 1967/482/1243 2207/740/1243 2222/766/1243
f 2201/745/1244 2200/744/1244 2215/769/1244 2216/770/1244
f 2194/746/1245 2193/743/1245 2208/768/1245 2209/771/1245
f 2202/747/1246 2201/745/1246 2216/770/1246 2217/772/1246
f 2195/748/1247 2194/746/1247 2209/771/1247 2210/773/1247
f 2203/749/1524 2202/747/1524 2217/772/1524 2218/757/1524
f 2196/750/1249 2195/748/1249 2210/773/1249 2211/759/1249
f 2208/768/1250 1960/480/1250 2223/774/1250
f 1967/482/1526 2222/766/1526 2237/775/1526
f 2216/770/1252 2215/769/1252 2230/776/1252 2231/777/1252
f 2209/771/1253 2208/768/1253 2223/774/1253 2224/778/1253
f 2217/772/1254 2216/770/1254 2231/777/1254 2232/779/1254
f 2210/773/1255 2209/771/1255 2224/778/1255 2225/780/1255
f 2218/757/1256 2217/772/1256 2232/779/1256 2233/781/1256
f 2211/759/1257 2210/773/1257 2225/780/1257 2226/782/1257
f 2219/758/1258 2218/757/1258 2233/781/1258 2234/783/1258
f 2212/760/1259 2211/759/1259 2226/782/1259 2227/784/1259
f 2220/761/1260 2219/758/1260 2234/783/1260 2235/785/1260
f 2213/762/1261 2212/760/1261 2227/784/1261 2228/786/1261
f 2221/763/1262 2220/761/1262 2235/785/1262 2236/787/1262
f 2214/765/1263 2213/764/1263 2228/788/1263 2229/789/1263
f 2222/766/1264 2221/763/1264 2236/787/1264 2237/775/1264
f 2215/767/1265 2214/765/1265 2229/789/1265 2230/790/1265
f 2227/784/1266 2226/782/1266 2241/791/1266 2242/792/1266
f 2235/785/1267 2234/783/1267 2249/793/1267 2250/794/1267
f 2228/786/1268 2227/784/1268 2242/792/1268 2243/795/1268
f 2236/787/1269 2235/785/1269 2250/794/1269 2251/796/1269
f 2229/789/1270 2228/788/1270 2243/797/1270 2244/798/1270
f 2237/775/1271 2236/787/1271 2251/796/1271 2252/799/1271
f 2230/790/1272 2229/789/1272 2244/798/1272 2245/800/1272
f 2223/774/1273 1960/480/1273 2238/801/1273
f 1967/482/1274 2237/775/1274 2252/799/1274
f 2231/802/1275 2230/790/1275 2245/800/1275 2246/803/1275
f 2224/778/1276 2223/774/1276 2238/801/1276 2239/804/1276
f 2232/779/1277 2231/777/1277 2246/805/1277 2247/806/1277
f 2225/780/1278 2224/778/1278 2239/804/1278 2240/807/1278
f 2233/781/1279 2232/779/1279 2247/806/1279 2248/808/1279
f 2226/782/1280 2225/780/1280 2240/807/1280 2241/791/1280
f 2234/783/1281 2233/781/1281 2248/808/1281 2249/793/1281
f 2246/803/1282 2245/800/1282 2260/809/1282 2261/810/1282
f 2239/804/1529 2238/801/1529 2253/811/1529 2254/812/1529
f 2247/806/1284 2246/805/1284 2261/813/1284 2262/814/1284
f 2240/807/1285 2239/804/1285 2254/812/1285 2255/815/1285
f 2248/808/1286 2247/806/1286 2262/814/1286 2263/816/1286
f 2241/791/1287 2240/807/1287 2255/815/1287 2256/817/1287
f 2249/793/1288 2248/808/1288 2263/816/1288 2264/818/1288
f 2242/792/1289 2241/791/1289 2256/817/1289 2257/819/1289
f 2250/794/1290 2249/793/1290 2264/818/1290 2265/820/1290
f 2243/795/1291 2242/792/1291 2257/819/1291 2258/821/1291
f 2251/796/1292 2250/794/1292 2265/820/1292 2266/822/1292
f 2244/798/1293 2243/797/1293 2258/823/1293 2259/824/1293
f 2252/799/1294 2251/796/1294 2266/822/1294 2267/825/1294
f 2245/800/1295 2244/798/1295 2259/824/1295 2260/809/1295
f 2238/801/1296 1960/480/1296 2253/811/1296
f 1967/482/1530 2252/799/1530 2267/825/1530
f 2265/820/1582 2264/818/1582 2279/826/1582 2280/827/1582
f 2258/821/1299 2257/819/1299 2272/828/1299 2273/829/1299
f 2266/822/1300 2265/820/1300 2280/827/1300 2281/830/1300
f 2259/824/1301 2258/823/1301 2273/831/1301 2274/832/1301
f 2267/825/1302 2266/822/1302 2281/830/1302 2282/833/1302
f 2260/809/1303 2259/824/1303 2274/832/1303 2275/834/1303
f 2253/811/1304 1960/480/1304 2268/835/1304
f 1967/482/1305 2267/825/1305 2282/833/1305
f 2261/810/1306 2260/809/1306 2275/834/1306 2276/836/1306
f 2254/812/1307 2253/811/1307 2268/835/1307 2269/837/1307
f 2262/814/1532 2261/813/1532 2276/838/1532 2277/839/1532
f 2255/815/1309 2254/812/1309 2269/837/1309 2270/840/1309
f 2263/816/1310 2262/814/1310 2277/839/1310 2278/841/1310
f 2256/817/1583 2255/815/1583 2270/840/1583 2271/842/1583
f 2264/818/1312 2263/816/1312 2278/841/1312 2279/826/1312
f 2257/819/1313 2256/817/1313 2271/842/1313 2272/828/1313
f 2269/837/1314 2268/835/1314 2283/843/1314 2284/844/1314
f 2277/839/1315 2276/838/1315 2291/845/1315 2292/846/1315
f 2270/840/1316 2269/837/1316 2284/844/1316 2285/847/1316
f 2278/841/1317 2277/839/1317 2292/846/1317 2293/848/1317
f 2271/842/1318 2270/840/1318 2285/847/1318 2286/849/1318
f 2279/826/1534 2278/841/1534 2293/848/1534 2294/850/1534
f 2272/828/1320 2271/842/1320 2286/849/1320 2287/851/1320
f 2280/827/1321 2279/826/1321 2294/850/1321 2295/852/1321
f 2273/829/1322 2272/828/1322 2287/851/1322 2288/853/1322
f 2281/830/1323 2280/827/1323 2295/852/1323 2296/854/1323
f 2274/832/1324 2273/831/1324 2288/855/1324 2289/856/1324
f 2282/833/1325 2281/830/1325 2296/854/1325 2297/857/1325
f 2275/834/1326 2274/832/1326 2289/856/1326 2290/858/1326
f 2268/835/1327 1960/480/1327 2283/843/1327
f 1967/482/1328 2282/833/1328 2297/857/1328
f 2276/838/1329 2275/859/1329 2290/860/1329 2291/845/1329
f 2288/853/1330 2287/851/1330 2302/861/1330 2303/862/1330
f 2296/854/1331 2295/852/1331 2310/863/1331 2311/864/1331
f 2289/856/1332 2288/855/1332 2303/865/1332 2304/866/1332
f 2297/857/1333 2296/854/1333 2311/864/1333 2312/867/1333
f 2290/858/1334 2289/856/1334 2304/866/1334 2305/868/1334
f 2283/843/1335 1960/480/1335 2298/869/1335
f 1967/482/1336 2297/857/1336 2312/867/1336
f 2291/845/1337 2290/860/1337 2305/870/1337 2306/871/1337
f 2284/844/1338 2283/843/1338 2298/869/1338 2299/872/1338
f 2292/846/1339 2291/845/1339 2306/871/1339 2307/873/1339
f 2285/847/1535 2284/844/1535 2299/872/1535 2300/874/1535
f 2293/848/1341 2292/846/1341 2307/873/1341 2308/875/1341
f 2286/849/1342 2285/847/1342 2300/874/1342 2301/876/1342
f 2294/850/1343 2293/848/1343 2308/875/1343 2309/877/1343
f 2287/851/1344 2286/849/1344 2301/876/1344 2302/861/1344
f 2295/852/1345 2294/850/1345 2309/877/1345 2310/863/1345
f 2307/873/1346 2306/871/1346 2321/878/1346 2322/879/1346
f 2300/874/1347 2299/872/1347 2314/880/1347 2315/881/1347
f 2308/875/1348 2307/873/1348 2322/879/1348 2323/882/1348
f 2301/876/1536 2300/874/1536 2315/881/1536 2316/883/1536
f 2309/877/1350 2308/875/1350 2323/882/1350 2324/884/1350
f 2302/861/1584 2301/876/1584 2316/883/1584 2317/885/1584
f 2310/863/1352 2309/877/1352 2324/884/1352 2325/886/1352
f 2303/862/1353 2302/861/1353 2317/885/1353 2318/887/1353
f 2311/864/1354 2310/863/1354 2325/886/1354 2326/888/1354
f 2304/889/1355 2303/890/1355 2318/891/1355 2319/892/1355
f 2312/867/1356 2311/864/1356 2326/888/1356 2327/893/1356
f 2305/894/1357 2304/889/1357 2319/892/1357 2320/895/1357
f 2298/869/1358 1960/480/1358 2313/896/1358
f 1967/482/1359 2312/867/1359 2327/893/1359
f 2306/897/1360 2305/894/1360 2320/895/1360 2321/898/1360
f 2299/872/1361 2298/869/1361 2313/896/1361 2314/880/1361
f 2326/888/1362 2325/886/1362 2340/899/1362 2341/900/1362
f 2319/892/1363 2318/891/1363 2333/901/1363 2334/902/1363
f 2327/893/1364 2326/888/1364 2341/900/1364 2342/903/1364
f 2320/895/1365 2319/892/1365 2334/902/1365 2335/904/1365
f 2313/896/1366 1960/480/1366 2328/905/1366
f 1967/482/1367 2327/893/1367 2342/903/1367
f 2321/878/1368 2320/906/1368 2335/907/1368 2336/908/1368
f 2314/880/1369 2313/896/1369 2328/905/1369 2329/909/1369
f 2322/879/1585 2321/878/1585 2336/908/1585 2337/910/1585
f 2315/881/1371 2314/880/1371 2329/909/1371 2330/911/1371
f 2323/882/1372 2322/879/1372 2337/910/1372 2338/912/1372
f 2316/883/1373 2315/881/1373 2330/911/1373 2331/913/1373
f 2324/884/1374 2323/882/1374 2338/912/1374 2339/914/1374
f 2317/885/1375 2316/883/1375 2331/913/1375 2332/915/1375
f 2325/886/1376 2324/884/1376 2339/914/1376 2340/899/1376
f 2318/887/1377 2317/885/1377 2332/915/1377 2333/916/1377
f 2338/912/1378 2337/910/1378 2352/917/1378 2353/918/1378
f 2331/913/1379 2330/911/1379 2345/919/1379 2346/920/1379
f 2339/914/1380 2338/912/1380 2353/918/1380 2354/921/1380
f 2332/915/1381 2331/913/1381 2346/920/1381 2347/922/1381
f 2340/899/1382 2339/914/1382 2354/921/1382 2355/923/1382
f 2333/916/1383 2332/915/1383 2347/922/1383 2348/924/1383
f 2341/900/1384 2340/899/1384 2355/923/1384 2356/925/1384
f 2334/902/1385 2333/901/1385 2348/926/1385 2349/927/1385
f 2342/903/1386 2341/900/1386 2356/925/1386 2357/928/1386
f 2335/904/1387 2334/902/1387 2349/927/1387 2350/929/1387
f 2328/905/1388 1960/480/1388 2343/930/1388
f 1967/482/1389 2342/903/1389 2357/928/1389
f 2336/908/1390 2335/907/1390 2350/931/1390 2351/932/1390
f 2329/909/1391 2328/905/1391 2343/930/1391 2344/933/1391
f 2337/910/1392 2336/908/1392 2351/932/1392 2352/917/1392
f 2330/911/1393 2329/909/1393 2344/933/1393 2345/919/1393
f 2357/928/1394 2356/925/1394 2371/934/1394 2372/935/1394
f 2350/929/1395 2349/927/1395 2364/936/1395 2365/937/1395
f 2343/930/1586 1960/480/1586 2358/938/1586
f 1967/482/1397 2357/928/1397 2372/935/1397
f 2351/939/1398 2350/929/1398 2365/937/1398 2366/940/1398
f 2344/933/1399 2343/930/1399 2358/938/1399 2359/941/1399
f 2352/917/1400 2351/932/1400 2366/942/1400 2367/943/1400
f 2345/919/1401 2344/933/1401 2359/941/1401 2360/944/1401
f 2353/918/1402 2352/917/1402 2367/943/1402 2368/945/1402
f 2346/920/1403 2345/919/1403 2360/944/1403 2361/946/1403
f 2354/921/1404 2353/918/1404 2368/945/1404 2369/947/1404
f 2347/922/1405 2346/920/1405 2361/946/1405 2362/948/1405
f 2355/923/1406 2354/921/1406 2369/947/1406 2370/949/1406
f 2348/924/1538 2347/922/1538 2362/948/1538 2363/950/1538
f 2356/925/1408 2355/923/1408 2370/949/1408 2371/934/1408
f 2349/927/1409 2348/926/1409 2363/951/1409 2364/936/1409
f 2361/946/1410 2360/944/1410 2375/952/1410 2376/953/1410
f 2369/947/1411 2368/945/1411 2383/954/1411 2384/955/1411
f 2362/948/1412 2361/946/1412 2376/953/1412 2377/956/1412
f 2370/949/1413 2369/947/1413 2384/955/1413 2385/957/1413
f 2363/950/1414 2362/948/1414 2377/956/1414 2378/958/1414
f 2371/934/1415 2370/949/1415 2385/957/1415 2386/959/1415
f 2364/936/1416 2363/951/1416 2378/960/1416 2379/961/1416
f 2372/935/1417 2371/934/1417 2386/959/1417 2387/962/1417
f 2365/937/1418 2364/936/1418 2379/961/1418 2380/963/1418
f 2358/938/1419 1960/480/1419 2373/964/1419
f 1967/482/1576 2372/935/1576 2387/962/1576
f 2366/940/1421 2365/937/1421 2380/963/1421 2381/965/1421
f 2359/941/1422 2358/938/1422 2373/964/1422 2374/966/1422
f 2367/943/1423 2366/942/1423 2381/967/1423 2382/968/1423
f 2360/944/1540 2359/941/1540 2374/966/1540 2375/952/1540
f 2368/945/1425 2367/943/1425 2382/968/1425 2383/954/1425
f 2380/963/1426 2379/961/1426 2394/969/1426 2395/970/1426
f 2373/964/1427 1960/480/1427 2388/971/1427
f 1967/482/1541 2387/962/1541 2402/972/1541
f 2381/965/1429 2380/963/1429 2395/970/1429 2396/973/1429
f 2374/966/1430 2373/964/1430 2388/971/1430 2389/974/1430
f 2382/968/1431 2381/967/1431 2396/975/1431 2397/976/1431
f 2375/952/1432 2374/966/1432 2389/974/1432 2390/977/1432
f 2383/954/1433 2382/968/1433 2397/976/1433 2398/978/1433
f 2376/953/1434 2375/952/1434 2390/977/1434 2391/979/1434
f 2384/955/1435 2383/954/1435 2398/978/1435 2399/980/1435
f 2377/956/1436 2376/953/1436 2391/979/1436 2392/981/1436
f 2385/957/1437 2384/955/1437 2399/980/1437 2400/982/1437
f 2378/958/1438 2377/956/1438 2392/981/1438 2393/983/1438
f 2386/959/1587 2385/957/1587 2400/982/1587 2401/984/1587
f 2379/961/1440 2378/960/1440 2393/985/1440 2394/969/1440
f 2387/962/1441 2386/959/1441 2401/984/1441 2402/972/1441
f 2399/980/1442 2398/978/1442 2413/986/1442 2414/987/1442
f 2392/981/1443 2391/979/1443 2406/988/1443 2407/989/1443
f 2400/982/1444 2399/980/1444 2414/987/1444 2415/990/1444
f 2393/983/1445 2392/981/1445 2407/989/1445 2408/991/1445
f 2401/984/1446 2400/982/1446 2415/990/1446 2416/992/1446
f 2394/969/1542 2393/985/1542 2408/993/1542 2409/994/1542
f 2402/972/1448 2401/984/1448 2416/992/1448 2417/995/1448
f 2395/970/1543 2394/969/1543 2409/994/1543 2410/996/1543
f 2388/971/1450 1960/480/1450 2403/997/1450
f 1967/482/1544 2402/972/1544 2417/995/1544
f 2396/975/1452 2395/998/1452 2410/999/1452 2411/1000/1452
f 2389/974/1453 2388/971/1453 2403/997/1453 2404/1001/1453
f 2397/976/1454 2396/975/1454 2411/1000/1454 2412/1002/1454
f 2390/977/1455 2389/974/1455 2404/1001/1455 2405/1003/1455
f 2398/978/1588 2397/976/1588 2412/1002/1588 2413/986/1588
f 2391/979/1457 2390/977/1457 2405/1003/1457 2406/988/1457
f 2403/997/1458 1960/480/1458 2418/1004/1458
f 1967/482/1459 2417/995/1459 2432/1005/1459
f 2411/1000/1460 2410/999/1460 2425/1006/1460 2426/1007/1460
f 2404/1001/1461 2403/997/1461 2418/1004/1461 2419/1008/1461
f 2412/1002/1545 2411/1000/1545 2426/1007/1545 2427/1009/1545
f 2405/1003/1463 2404/1001/1463 2419/1008/1463 2420/1010/1463
f 2413/986/1464 2412/1002/1464 2427/1009/1464 2428/1011/1464
f 2406/988/1465 2405/1003/1465 2420/1010/1465 2421/1012/1465
f 2414/987/1466 2413/986/1466 2428/1011/1466 2429/1013/1466
f 2407/989/1467 2406/988/1467 2421/1012/1467 2422/1014/1467
f 2415/990/1468 2414/987/1468 2429/1013/1468 2430/1015/1468
f 2408/991/1469 2407/989/1469 2422/1014/1469 2423/1016/1469
f 2416/992/1470 2415/990/1470 2430/1015/1470 2431/1017/1470
f 2409/1018/1471 2408/1019/1471 2423/1020/1471 2424/1021/1471
f 2417/995/1472 2416/992/1472 2431/1017/1472 2432/1005/1472
f 2410/1022/1546 2409/1018/1546 2424/1021/1546 2425/1023/1546
f 2422/1014/1474 2421/1012/1474 2435/457/1474 1962/463/1474
f 2430/1015/1475 2429/1013/1475 2438/461/1475 2439/465/1475
f 2423/1016/1476 2422/1014/1476 1962/463/1476 2436/467/1476
f 2431/1017/1477 2430/1015/1477 2439/465/1477 2440/469/1477
f 2424/1021/1478 2423/1020/1478 2436/472/1478 1963/471/1478
f 2432/1005/1479 2431/1017/1479 2440/469/1479 2441/475/1479
f 2425/1023/1480 2424/1021/1480 1963/471/1480 1964/477/1480
f 2418/1004/1547 1960/480/1547 2433/479/1547
f 1967/482/1482 2432/1005/1482 2441/475/1482
f 2426/1007/1548 2425/1006/1548 1964/484/1548 1965/483/1548
f 2419/1008/1484 2418/1004/1484 2433/479/1484 2434/487/1484
f 2427/1009/1485 2426/1007/1485 1965/483/1485 2437/454/1485
f 2420/1010/1486 2419/1008/1486 2434/487/1486 1961/458/1486
f 2428/1011/1487 2427/1009/1487 2437/454/1487 1966/453/1487
f 2421/1012/1488 2420/1010/1488 1961/458/1488 2435/457/1488
f 2429/1013/1489 2428/1011/1489 1966/453/1489 2438/461/1489
