# Blender 5.0.1
# www.blender.org
mtllib model.mtl
o old.mainIsland.wood.mesh
v -1.643242 -0.000746 8.951702
v -1.677444 -0.157087 8.868172
v -1.745850 -0.157087 8.701107
v -1.780052 -0.000746 8.617577
v -1.745850 0.155594 8.701107
v -1.677444 0.155594 8.868172
v -2.905289 -0.157087 9.370926
v -2.871086 -0.000746 9.454460
v -2.973701 -0.157087 9.203865
v -3.007904 -0.000746 9.120331
v -2.973701 0.155594 9.203865
v -2.905289 0.155594 9.370926
v -5.068985 0.005783 8.951702
v -5.034237 0.162002 8.868172
v -4.965828 0.161763 8.701107
v -4.932175 0.005304 8.617577
v -4.966923 -0.150915 8.701107
v -5.035328 -0.150676 8.868172
v -3.806393 0.157708 9.370926
v -3.841145 0.001488 9.454460
v -3.737988 0.157468 9.203865
v -3.704334 0.001010 9.120331
v -3.739082 -0.155210 9.203865
v -3.807487 -0.154970 9.370926
v -3.360573 -1.711548 8.951702
v -3.516788 -1.676798 8.868172
v -3.516552 -1.608392 8.701107
v -3.360100 -1.574736 8.617577
v -3.203880 -1.609485 8.701107
v -3.204117 -1.677891 8.868172
v -3.512497 -0.448957 9.370926
v -3.356277 -0.483706 9.454460
v -3.512257 -0.380551 9.203865
v -3.355804 -0.346895 9.120331
v -3.199585 -0.381644 9.203865
v -3.199821 -0.450050 9.370926
v -3.351662 1.714197 8.951702
v -3.195442 1.679447 8.868172
v -3.195679 1.611041 8.701107
v -3.352135 1.577386 8.617577
v -3.508354 1.612135 8.701107
v -3.508114 1.680541 8.868172
v -3.199738 0.451607 9.370926
v -3.355957 0.486356 9.454460
v -3.199974 0.383201 9.203865
v -3.356430 0.349545 9.120331
v -3.512646 0.384294 9.203865
v -3.512409 0.452700 9.370926
v -2.092827 1.158061 8.951702
v -2.012299 1.019755 8.868172
v -2.062698 0.973499 8.701107
v -2.193611 1.065547 8.617577
v -2.274132 1.203853 8.701107
v -2.223740 1.250110 8.868172
v -2.916870 0.189473 9.370926
v -2.997391 0.327779 9.454460
v -2.967262 0.143217 9.203865
v -3.098183 0.235265 9.120331
v -3.178703 0.373571 9.203865
v -3.128304 0.419828 9.370926
v -4.621017 -1.153651 8.951702
v -4.701054 -1.015064 8.868172
v -4.650497 -0.968983 8.701107
v -4.519905 -1.061490 8.617577
v -4.439869 -1.200076 8.701107
v -4.490425 -1.246157 8.868172
v -3.793587 -0.187951 9.370926
v -3.713551 -0.326537 9.454460
v -3.743031 -0.141870 9.203865
v -3.612438 -0.234377 9.120331
v -3.532398 -0.372963 9.203865
v -3.582958 -0.419043 9.370926
v -2.201141 -1.263580 8.951702
v -2.339729 -1.343616 8.868172
v -2.385811 -1.293059 8.701107
v -2.293304 -1.162466 8.617577
v -2.154716 -1.082430 8.701107
v -2.108635 -1.132986 8.868172
v -3.166840 -0.436150 9.370926
v -3.028252 -0.356113 9.454460
v -3.212921 -0.385592 9.203865
v -3.120415 -0.254999 9.120331
v -2.981827 -0.174962 9.203865
v -2.935745 -0.225519 9.370926
v -4.511089 1.266229 8.951702
v -4.372501 1.346266 8.868172
v -4.326420 1.295709 8.701107
v -4.418926 1.165115 8.617577
v -4.557514 1.085079 8.701107
v -4.603596 1.135636 8.868172
v -3.545387 0.438799 9.370926
v -3.683975 0.358763 9.454460
v -3.499310 0.388242 9.203865
v -3.591816 0.257649 9.120331
v -3.730400 0.177612 9.203865
v -3.776482 0.228169 9.370926
v -7.182774 5.682757 8.281937
v -7.026272 4.681396 8.248688
v -7.815022 4.044205 8.262394
v -8.760281 4.408381 8.309353
v -8.916771 5.409744 8.342606
v -8.128021 6.046935 8.328896
v -7.368351 4.801560 9.056915
v -7.461895 5.400087 9.076790
v -7.839794 4.420704 9.065105
v -8.404785 4.638378 9.093178
v -8.498325 5.236901 9.113049
v -8.026875 5.617759 9.104858
v -3.467186 6.654999 8.281937
v -3.879074 5.728954 8.248688
v -4.887363 5.621718 8.262394
v -5.483749 6.440533 8.309353
v -5.071842 7.366570 8.342606
v -4.063557 7.473808 8.328896
v -4.101212 6.015508 9.056915
v -3.855015 6.569016 9.076790
v -4.703873 5.951411 9.065105
v -5.060341 6.440827 9.093178
v -4.814140 6.994329 9.113049
v -4.211475 7.058427 9.104858
v 0.407661 5.542441 8.281937
v -0.388718 4.915549 8.248688
v -1.330566 5.291136 8.262394
v -1.476028 6.293622 8.309353
v -0.679642 6.920504 8.342606
v 0.262207 6.544917 8.328896
v -0.451500 5.272642 9.056919
v 0.024513 5.647344 9.076790
v -1.014450 5.497134 9.065105
v -1.101395 6.096332 9.093178
v -0.625381 6.471026 9.113049
v -0.062431 6.246534 9.104858
v 1.954895 -5.029430 8.281937
v 1.702583 -6.011040 8.248688
v 0.715057 -6.277905 8.257072
v -0.009094 -5.569560 8.304031
v 0.254311 -4.594359 8.342606
v 1.230766 -4.321089 8.328896
v 1.435928 -5.765377 9.056915
v 1.586739 -5.178656 9.076790
v 0.852287 -5.928713 9.065105
v 0.419456 -5.505326 9.093178
v 0.570274 -4.918611 9.113049
v 1.153915 -4.755273 9.104858
v -6.988087 4.655058 9.221611
v -7.144588 5.656420 9.254856
v -7.776836 4.017867 9.235313
v -8.722095 4.382044 9.282272
v -8.878586 5.383405 9.315521
v -8.089832 6.020598 9.301815
v -3.861290 5.686110 9.221611
v -3.449394 6.612155 9.254856
v -4.869579 5.578873 9.235313
v -5.465965 6.397688 9.282272
v -5.054058 7.323727 9.315521
v -4.045773 7.430964 9.301815
v -0.392982 4.869356 9.221611
v 0.403404 5.496249 9.254856
v -1.334824 5.244943 9.235313
v -1.480286 6.247429 9.282272
v -0.683899 6.874311 9.315521
v 0.257950 6.498725 9.301815
v 1.727242 -6.050333 9.221611
v 1.979553 -5.068724 9.254856
v 0.739708 -6.317200 9.229988
v 0.026642 -5.615258 9.282272
v 0.278961 -4.633654 9.315521
v 1.255417 -4.360381 9.301815
v -79.551109 -8.463552 37.361023
v -67.705490 -9.586563 37.944637
v -79.551109 -11.942434 37.361023
v -67.705490 -11.242580 37.944637
v -79.523293 -2.367313 38.788010
v -68.383369 -1.857061 38.951748
v -79.523293 -5.846195 38.788010
v -68.383369 -5.120117 38.951748
v -79.832047 4.102166 39.909698
v -68.687317 6.307024 40.095558
v -79.832047 0.623284 39.909698
v -68.687317 2.919528 40.095558
v -79.538574 16.085405 40.963280
v -70.079491 18.281330 40.342014
v -79.538574 12.606524 40.786118
v -70.079491 14.732561 40.342014
v -79.330116 22.305965 41.920013
v -71.291962 25.445311 41.950668
v -78.890312 18.854994 41.920013
v -69.838287 22.126965 41.648235
v -84.286545 25.375071 43.006821
v -78.075272 32.091034 43.207912
v -81.778122 23.144714 43.006821
v -74.739037 28.822027 42.970104
v -79.551109 -8.319693 38.593674
v -67.505417 -9.713356 38.593674
v -67.505417 -11.506334 38.593674
v -79.551109 -12.086294 38.593674
v -79.523293 -2.231266 39.846436
v -67.694389 -1.729454 39.846436
v -67.694389 -5.247725 39.846436
v -79.523293 -5.982243 39.846436
v -79.832047 4.232699 40.621315
v -68.102921 6.124830 40.621315
v -68.102921 2.483126 40.621315
v -79.832047 0.492751 40.621315
v -79.538574 16.282505 41.105583
v -69.434769 18.490473 41.105583
v -69.434769 14.090998 41.105583
v -79.538574 11.969666 41.105583
v -79.343018 22.407213 42.267971
v -70.921875 25.469946 42.267971
v -69.292854 21.751335 42.267971
v -78.850166 18.539984 42.267971
v -84.232231 25.326773 43.952454
v -77.571083 32.961163 43.947079
v -73.894791 29.358988 43.947079
v -81.468147 22.869097 43.952454
v -67.724823 -10.192680 36.779255
v -67.977135 -11.174290 36.624073
v -68.953590 -11.447559 36.688030
v -69.677734 -10.739214 36.907192
v -69.425407 -9.757610 37.062389
v -68.448952 -9.484339 36.998417
v -68.243790 -10.928627 38.751740
v -68.092979 -10.341906 38.844479
v -68.827431 -11.091963 38.789967
v -69.260262 -10.668575 38.920982
v -69.109444 -10.081861 39.013721
v -68.525803 -9.918522 38.975479
v -67.952477 -11.213583 39.017342
v -67.700165 -10.231974 39.172501
v -68.928932 -11.486855 39.081291
v -69.653076 -10.778507 39.300476
v -69.400757 -9.796904 39.455654
v -68.424301 -9.523632 39.391685
v -77.737419 -10.069029 35.197304
v -78.537941 -10.744324 34.986565
v -79.468323 -10.366594 35.106079
v -79.640465 -9.368341 35.325241
v -78.861076 -8.720449 35.480438
v -77.909546 -9.070789 35.416470
v -78.589073 -10.361643 39.317303
v -78.123230 -9.974382 39.410042
v -79.157814 -10.152239 39.355530
v -79.260704 -9.555571 39.486546
v -78.794853 -9.168320 39.579285
v -78.226112 -9.377722 39.541042
v -78.540962 -10.790613 39.527344
v -77.761581 -10.142708 39.682503
v -79.471352 -10.412886 39.646854
v -79.643494 -9.414633 39.866039
v -78.864105 -8.766737 40.021217
v -77.912575 -9.117075 39.957249
v -77.737419 -4.524955 37.538086
v -78.516800 -5.172861 37.382908
v -79.468323 -4.822520 37.446861
v -79.640465 -3.824269 37.666023
v -78.861076 -3.176377 37.821220
v -77.909546 -3.526717 37.757252
v -78.589073 -4.817570 41.658085
v -78.123230 -4.430308 41.750824
v -79.157814 -4.608166 41.696312
v -79.260704 -4.011497 41.827328
v -78.794853 -3.624246 41.920067
v -78.226112 -3.833648 41.881824
v -78.519821 -5.219152 41.923687
v -77.740440 -4.571245 42.078846
v -79.471352 -4.868812 41.987637
v -79.643494 -3.870560 42.206821
v -78.864105 -3.222664 42.362000
v -77.912575 -3.573003 42.298031
v -68.286064 -3.577879 38.698284
v -69.065437 -4.225784 38.543106
v -70.016960 -3.875444 38.607059
v -70.189110 -2.877192 38.826221
v -69.862389 -2.526512 38.848301
v -68.458183 -2.579640 38.917450
v -69.137718 -3.870494 40.500706
v -68.671867 -3.483232 40.593445
v -69.706459 -3.661090 40.538933
v -69.809349 -3.064421 40.669949
v -69.343498 -2.677170 40.762688
v -68.774757 -2.886572 40.724445
v -69.068459 -4.272075 40.766308
v -68.289085 -3.624169 40.921467
v -70.019997 -3.921736 40.830257
v -70.192131 -2.923484 41.049442
v -69.412743 -2.275587 41.204620
v -68.461220 -2.625926 41.140652
v -69.229668 4.093326 39.904282
v -70.009048 3.445420 39.749107
v -70.960571 3.795760 39.813057
v -71.132713 4.794012 40.032219
v -70.353325 5.441904 40.187416
v -69.401794 5.091564 40.123451
v -70.081322 3.800711 41.706703
v -69.615479 4.187972 41.799446
v -70.650063 4.010115 41.744934
v -70.752953 4.606783 41.875946
v -70.287102 4.994035 41.968689
v -69.718361 4.784633 41.930443
v -70.012070 3.399129 41.972305
v -69.232689 4.047035 42.127464
v -70.963600 3.749469 42.036255
v -71.135742 4.747721 42.255440
v -70.356354 5.395617 42.410622
v -69.404823 5.045279 42.346649
v -77.092316 2.152073 39.479099
v -77.871696 1.504167 39.323925
v -78.823219 1.854508 39.387875
v -78.995361 2.852760 39.607037
v -78.215973 3.500652 39.762234
v -77.264442 3.150312 39.698269
v -77.943970 1.859458 41.281521
v -77.478127 2.246720 41.374264
v -78.512711 2.068862 41.319752
v -78.615601 2.665530 41.450764
v -78.149750 3.052782 41.543507
v -77.581009 2.843380 41.505260
v -77.874718 1.457876 41.547123
v -77.095337 2.105783 41.702282
v -78.826248 1.808216 41.611073
v -78.998390 2.806468 41.830257
v -78.219002 3.454365 41.985439
v -77.267471 3.104026 41.921467
v -76.899445 14.281313 40.388802
v -77.678825 13.633408 40.233627
v -78.630348 13.983747 40.297577
v -78.802490 14.982000 40.516739
v -78.023102 15.629892 40.671936
v -77.071571 15.279552 40.607971
v -77.751099 13.988699 42.191223
v -77.285255 14.375959 42.283966
v -78.319839 14.198103 42.229454
v -78.422729 14.794771 42.360466
v -77.956879 15.182022 42.453209
v -77.388138 14.972620 42.414963
v -77.681847 13.587116 42.456825
v -76.902466 14.235023 42.611984
v -78.633377 13.937456 42.520775
v -78.805519 14.935709 42.739960
v -78.026131 15.583605 42.895142
v -77.074600 15.233267 42.831169
v -70.400696 15.441914 39.353790
v -71.180077 14.794006 39.353790
v -72.131599 15.144348 39.353790
v -72.303741 16.142599 39.353790
v -71.524353 16.790491 39.353790
v -70.572823 16.440151 39.353790
v -71.252350 15.149298 41.092236
v -70.786507 15.536560 41.184978
v -71.821091 15.358702 41.130466
v -71.923981 15.955370 41.261478
v -71.458130 16.342623 41.354221
v -70.889389 16.133221 41.315975
v -71.183098 14.747717 41.357838
v -70.403717 15.395622 41.512997
v -72.134628 15.098057 41.421787
v -72.306770 16.096308 41.640972
v -71.527382 16.744205 41.796154
v -70.575851 16.393866 41.732182
v -76.782951 20.687796 41.491112
v -77.474167 19.946558 41.491112
v -78.462349 20.173796 41.491112
v -78.759308 21.142277 41.491112
v -78.068077 21.883501 41.491112
v -77.079895 21.656263 41.491112
v -77.590782 20.289862 43.229557
v -77.177628 20.732908 43.322300
v -78.181427 20.425684 43.267788
v -78.358925 21.004559 43.398800
v -77.945770 21.447596 43.491543
v -77.355118 21.311775 43.453297
v -77.471313 19.900255 43.495159
v -76.780098 20.641495 43.650318
v -78.459503 20.127493 43.559109
v -78.756462 21.095972 43.778294
v -78.065231 21.837202 43.933475
v -77.077049 21.609966 43.869503
v -82.431755 25.823586 42.584431
v -81.542130 26.309156 42.584431
v -80.675957 25.782019 42.584431
v -80.699409 24.769302 42.584431
v -81.589043 24.283745 42.584431
v -82.455231 24.810890 42.584431
v -81.539680 25.946596 44.322876
v -82.071419 25.656361 44.415619
v -81.021950 25.631517 44.361107
v -81.035973 25.026201 44.492119
v -81.567719 24.735989 44.584862
v -82.085449 25.051060 44.546616
v -81.530243 26.353998 44.588478
v -82.419876 25.868427 44.743637
v -80.664062 25.826853 44.652428
v -80.687515 24.814144 44.871613
v -81.577148 24.328581 45.026794
v -82.443336 24.855724 44.962822
v -31.643925 1.625537 13.662701
v -22.664692 0.829578 13.876411
v -31.599148 -1.853057 13.662090
v -22.643375 -0.826302 13.876122
v -30.832405 5.934841 13.758308
v -22.609108 3.389141 13.793606
v -31.477879 2.516394 13.772781
v -22.892452 1.888543 13.799961
v -22.639660 3.824260 13.984116
v -30.868286 6.840161 14.168144
v -22.010197 7.245690 13.998589
v -30.772453 7.361046 14.170349
v -30.210033 11.993059 13.610561
v -21.754509 10.697870 13.836231
v -31.297367 8.688504 13.625034
v -22.577488 8.196717 13.847187
v -31.950623 1.765299 14.577698
v -22.532761 0.899616 14.707779
v -22.509682 -0.893214 14.707466
v -31.902142 -2.000990 14.577038
v -30.955418 6.100515 14.701958
v -22.417339 3.417488 14.686371
v -22.722843 1.799522 14.693222
v -31.651371 2.414698 14.717567
v -22.554012 3.672838 14.678841
v -31.129135 6.865388 14.772194
v -31.026112 7.425363 14.774559
v -21.877300 7.351021 14.694397
v -30.277428 12.226467 14.462769
v -20.784237 10.945573 14.575344
v -21.804504 7.844846 14.588924
v -31.625423 8.129741 14.480713
v -22.490143 0.420942 13.904224
v -22.667812 -0.562997 13.677071
v -23.610817 -0.848384 13.429024
v -24.376163 -0.149828 13.408157
v -24.198486 0.834105 13.635338
v -23.255474 1.119493 13.883366
v -23.596462 -0.329607 15.611378
v -23.490261 0.258506 15.747139
v -24.160110 -0.500187 15.463120
v -24.617573 -0.082650 15.450665
v -24.511368 0.505456 15.586430
v -23.947716 0.676039 15.734673
v -23.400394 -0.612122 15.955399
v -23.222721 0.371816 16.182533
v -24.343399 -0.897512 15.707348
v -25.108753 -0.198955 15.686504
v -24.931076 0.784976 15.913658
v -23.988068 1.070367 16.161694
v -29.218792 0.051404 12.182991
v -29.900757 -0.605263 11.789284
v -30.828136 -0.266791 11.549225
v -31.073563 0.728359 11.702908
v -30.391598 1.385014 12.096638
v -29.464207 1.046540 12.336681
v -31.325222 -0.268988 15.822445
v -30.917603 0.123510 16.057755
v -31.879536 -0.066678 15.678963
v -32.026230 0.528136 15.770836
v -31.618603 0.920625 16.006153
v -31.064289 0.718315 16.149620
v -31.338314 -0.670821 16.096249
v -30.656342 -0.014151 16.489941
v -32.265697 -0.332348 15.856186
v -32.511127 0.662802 16.009888
v -31.829159 1.319461 16.403603
v -30.901768 0.980990 16.643646
v -19.848763 22.496737 13.662701
v -28.827999 23.292696 13.876411
v -19.893543 25.975332 13.662090
v -28.849316 24.948576 13.876122
v -20.660282 18.187431 13.758308
v -28.883579 20.733133 13.793606
v -20.014812 21.605881 13.772781
v -28.600239 22.233730 13.799961
v -28.853031 20.298014 13.984116
v -20.624401 17.282112 14.168144
v -29.482494 16.876581 13.998589
v -20.720234 16.761227 14.170349
v -21.282658 12.129213 13.610561
v -29.738178 13.424400 13.836231
v -20.195320 15.433769 13.625034
v -28.915195 15.925554 13.847183
v -19.542065 22.356976 14.577698
v -28.959927 23.222658 14.707779
v -28.983006 25.015488 14.707466
v -19.590549 26.123264 14.577034
v -20.537273 18.021759 14.701958
v -29.075352 20.704786 14.686371
v -28.769840 22.322752 14.693222
v -19.841316 21.707577 14.717567
v -28.938679 20.449436 14.678841
v -20.363552 17.256884 14.772194
v -20.466579 16.696909 14.774559
v -29.615391 16.771252 14.694397
v -21.215260 11.895805 14.462769
v -30.708454 13.176699 14.575344
v -29.688183 16.277426 14.588924
v -19.867268 15.992533 14.480713
v -28.943256 29.485825 13.562996
v -19.964661 28.667547 13.708500
v -28.904812 26.009581 13.432987
v -19.946362 27.012785 13.646614
v -28.123493 33.787243 13.815117
v -19.904766 31.228325 13.720589
v -28.775120 30.371696 13.705376
v -20.190811 29.728998 13.672417
v -19.933723 31.656116 13.927254
v -28.155994 34.676769 14.258446
v -19.297977 35.073593 14.066101
v -28.059204 35.197052 14.279587
v -27.490719 39.845726 13.889828
v -19.036694 38.528992 14.030987
v -28.584000 36.544724 13.786209
v -19.864170 36.030529 13.952560
v -29.245831 29.592005 14.483860
v -19.829094 28.706432 14.541325
v -19.809280 26.914816 14.474319
v -29.204205 25.828264 14.343098
v -28.242214 33.917950 14.764790
v -19.709179 31.223162 14.612957
v -20.017601 29.606569 14.561016
v -28.944813 30.235260 14.646465
v -19.845417 31.478846 14.615501
v -28.414242 34.679974 14.864128
v -28.310192 35.239304 14.886852
v -19.161953 35.152779 14.764767
v -27.554092 40.047421 14.750397
v -18.062859 38.747452 14.774624
v -19.088703 35.650059 14.677399
v -28.909454 35.955105 14.621941
v -79.119804 9.802824 38.788010
v -68.151840 11.818291 38.951748
v -78.648270 6.356047 38.788010
v -67.709564 8.585349 38.951748
v -79.138245 9.937617 39.846436
v -67.486519 12.038107 39.846436
v -67.009644 8.552304 39.846436
v -78.629829 6.221255 39.846436
v -77.057961 7.907154 37.538086
v -77.742332 7.159589 37.382908
v -78.732559 7.377726 37.446861
v -79.038422 8.343433 37.666023
v -78.354034 9.090985 37.821220
v -77.363800 8.872851 37.757252
v -77.862099 7.501805 41.658085
v -77.453041 7.948634 41.750824
v -78.453964 7.632189 41.696312
v -78.636780 8.209406 41.827328
v -78.227722 8.656225 41.920067
v -77.635849 8.525844 41.881824
v -77.739052 7.113317 41.923687
v -77.054680 7.860882 42.078846
v -78.729286 7.331450 41.987637
v -79.035141 8.297158 42.206821
v -78.350761 9.044716 42.362000
v -77.360527 8.826582 42.298031
v -67.822197 10.126544 38.698284
v -68.506554 9.378980 38.543106
v -69.496780 9.597116 38.607059
v -69.802650 10.562822 38.826221
v -69.526474 10.954551 38.848301
v -68.128029 11.092241 38.917450
v -68.626328 9.721195 40.500706
v -68.217262 10.168025 40.593445
v -69.218208 9.851579 40.538933
v -69.401016 10.428795 40.669949
v -68.991959 10.875615 40.762688
v -68.400078 10.745234 40.724445
v -68.503273 9.332707 40.766308
v -67.818916 10.080272 40.921467
v -69.493515 9.550840 40.830257
v -69.799370 10.516549 41.049442
v -69.114990 11.264105 41.204620
v -68.124763 11.045971 41.140652
v -17.425152 10.539213 23.061615
v -16.724804 9.890958 21.420376
v -17.731354 8.865095 23.061615
v -16.795429 9.504827 21.420376
v -15.482159 11.163651 23.061615
v -16.276661 10.034982 21.420376
v -15.420704 8.218503 23.061615
v -16.262486 9.355694 21.420376
v -12.232548 10.369508 24.810957
v -11.085037 11.924017 24.810957
v -14.525566 10.702089 24.810957
v -13.118862 13.736235 24.810957
v -12.889515 12.491636 21.420376
v -13.443542 11.296648 21.420376
v -12.088505 11.777901 21.420376
v -12.540447 11.165663 21.420376
v -12.978668 15.057076 26.827145
v -11.831158 16.611586 26.827145
v -15.271687 15.389658 26.827145
v -13.864983 18.423803 26.827145
v -13.574596 16.847950 21.420376
v -13.901680 16.142460 21.420376
v -13.101700 16.426579 21.420376
v -13.368515 16.065128 21.420376
v -8.277809 20.861803 28.283165
v -10.083813 21.548553 28.283165
v -7.980927 18.563887 28.283165
v -11.281727 19.102013 28.283165
v -9.901096 19.777035 21.420376
v -9.029942 19.635010 21.420376
v -9.584942 20.422731 21.420376
v -9.108295 20.241482 21.420376
v -11.253361 23.543446 28.283165
v -11.443920 25.466198 28.283165
v -13.177834 22.253117 28.283165
v -14.167927 25.447578 28.283165
v -12.913193 24.485992 21.420376
v -12.672756 23.710239 21.420376
v -12.251686 24.490513 21.420376
v -12.205410 24.023586 21.420376
v -16.724804 9.890958 6.142334
v -16.795429 9.504827 6.142334
v -16.276661 10.034982 6.142334
v -16.262486 9.355694 6.142334
v -12.889515 12.491636 6.142334
v -13.443546 11.296648 6.142334
v -12.088505 11.777901 6.142334
v -12.540447 11.165663 6.142334
v -13.574596 16.847950 6.142334
v -13.901684 16.142460 6.142334
v -13.101696 16.426579 6.142334
v -13.368511 16.065128 6.142334
v -9.901096 19.777035 6.142334
v -9.029942 19.635010 6.142334
v -9.584942 20.422729 6.142334
v -9.108295 20.241482 6.142334
v -12.913189 24.485992 6.142334
v -12.672756 23.710239 6.142334
v -12.251690 24.490513 6.142334
v -12.205410 24.023586 6.142334
v -34.437374 -41.930782 12.136829
v -33.947350 -41.266956 12.136829
v -35.416565 -41.788761 12.136829
v -34.815857 -40.493084 12.136829
v -34.734287 -40.935738 6.142334
v -35.031731 -41.577301 6.142334
v -34.304241 -41.318924 6.142334
v -34.546879 -41.647621 6.142334
v -44.071312 -50.493114 15.875454
v -43.514801 -49.739216 15.875454
v -45.183365 -50.331821 15.875454
v -44.501152 -48.860340 15.875454
v -44.403694 -49.389252 6.142334
v -44.723549 -50.079159 6.142334
v -43.941238 -49.801311 6.142334
v -44.202164 -50.154781 6.142334
v -57.483212 -50.810886 21.470314
v -56.993183 -50.147064 21.470314
v -58.462399 -50.668861 21.470314
v -57.861691 -49.373188 21.470314
v -57.792545 -49.748436 6.142334
v -58.136166 -50.489605 6.142334
v -57.295727 -50.191116 6.142334
v -57.576038 -50.570847 6.142334
v -67.359421 -39.337471 29.079102
v -66.869400 -38.673649 29.079102
v -68.338615 -39.195450 29.079102
v -67.737907 -37.899773 29.079102
v -67.076408 -40.358326 21.035580
v -67.586807 -41.032429 21.238480
v -66.654778 -40.862766 21.299011
v -67.024162 -41.193012 21.381844
v -62.476284 -26.997959 33.070190
v -61.986263 -26.334133 33.070190
v -63.455479 -26.855938 33.070190
v -62.854771 -25.560265 33.070190
v -64.896431 -27.740555 28.034088
v -65.358574 -28.305939 28.492811
v -64.476570 -28.288475 28.164043
v -64.816689 -28.546925 28.420454
v -32.761536 -36.163216 11.766209
v -32.271507 -35.499390 11.766209
v -33.740723 -36.021191 11.766209
v -33.140015 -34.725517 11.766209
v -33.059204 -35.164082 6.142334
v -33.359447 -35.811684 6.142334
v -32.625107 -35.550877 6.142334
v -32.870029 -35.882671 6.142334
v -38.202057 -47.289883 13.175179
v -37.645546 -46.535984 13.175179
v -39.314110 -47.128582 13.175179
v -38.631897 -45.657108 13.175179
v -38.534203 -46.187222 6.142334
v -38.853233 -46.875343 6.142334
v -38.072952 -46.598221 6.142334
v -38.333199 -46.950771 6.142334
v -50.779770 -52.150539 18.770039
v -50.289749 -51.486717 18.770039
v -51.758965 -52.008514 18.770039
v -51.158257 -50.712841 18.770039
v -51.072678 -51.177273 6.142334
v -51.355202 -51.786655 6.142334
v -50.664200 -51.541241 6.142334
v -50.894669 -51.853455 6.142334
v -62.674847 -45.768402 25.193840
v -62.184826 -45.104576 25.193840
v -63.654041 -45.626381 25.193840
v -63.053333 -44.330704 25.193840
v -63.645088 -43.824249 18.390419
v -64.035408 -44.666134 18.390419
v -63.080769 -44.327087 18.390419
v -63.399162 -44.758411 18.390419
v -66.077621 -32.790009 31.076973
v -65.587593 -32.126179 31.076973
v -67.056808 -32.647987 31.076973
v -66.456100 -31.352306 31.076973
v -66.566521 -34.291313 24.075270
v -67.048462 -34.809666 24.480406
v -66.168221 -34.733063 24.371014
v -66.517029 -34.979012 24.570595
v -79.130730 58.644810 44.758526
v -78.325066 59.736240 44.758526
v -80.740692 58.878311 44.758526
v -79.753036 61.008606 44.758526
v -86.488907 50.092930 6.142334
v -87.271332 48.405258 6.142334
v -85.357605 49.084927 6.142334
v -85.995895 48.220257 6.142334
v -90.595802 74.046127 48.212086
v -91.947884 74.156509 48.212086
v -89.946747 72.554413 48.212086
v -92.277885 72.272598 48.212086
v -98.545921 68.651024 0.533150
v -96.699150 68.874298 0.533150
v -98.284500 70.143532 0.533150
v -97.213326 70.056076 0.533150
v -84.200562 67.504990 46.689816
v -85.552643 67.615372 46.689816
v -83.551506 66.013275 46.689816
v -85.882645 65.731461 46.689816
v -91.757843 57.966389 2.798504
v -89.911072 58.189663 2.798504
v -91.496422 59.458897 2.798504
v -90.425247 59.371441 2.798504
v -66.382233 -33.431824 25.834356
v -66.731468 -33.859074 26.181005
v -66.064949 -33.845879 25.932562
v -66.321976 -34.041183 26.126326
v -67.144073 -40.320427 21.330345
v -67.626015 -40.838779 21.735481
v -66.745773 -40.762177 21.626091
v -67.094582 -41.008125 21.825668
v -65.569611 -42.049248 18.257202
v -66.177956 -42.400650 18.655777
v -65.306717 -42.347858 18.781197
v -65.711395 -42.514721 18.942932
v -63.231087 -44.422073 17.047035
v -64.052963 -44.677441 17.369980
v -63.212711 -44.323212 17.788979
v -63.709408 -44.491379 17.872894
v -62.930843 -44.357635 12.202736
v -63.757908 -45.797066 12.782982
v -62.154839 -44.871197 13.291714
v -62.767159 -45.660069 13.478745
v -61.530010 -45.232952 7.499939
v -63.706554 -49.021023 7.499939
v -59.487846 -46.584465 7.499939
v -61.099251 -48.660500 7.499939
v -20.268135 37.491932 13.620121
v -20.523197 38.484718 13.595284
v -19.784817 39.182510 13.584560
v -18.791367 38.887508 13.598694
v -18.536316 37.894718 13.623547
v -19.274700 37.196930 13.634258
v -19.793026 38.214970 15.608368
v -19.640575 37.621571 15.623199
v -19.351688 38.632053 15.601959
v -18.757885 38.455723 15.610424
v -18.605442 37.862328 15.625259
v -19.046783 37.445244 15.631653
v -20.128513 38.303505 15.949276
v -19.873459 37.310719 15.974091
v -19.390137 39.001293 15.938545
v -18.396683 38.706287 15.952698
v -18.141632 37.713505 15.977531
v -18.880009 37.015717 15.988251
v -26.170677 39.517982 13.620121
v -25.263363 39.041054 13.595284
v -25.241310 38.025360 13.584560
v -26.126575 37.486595 13.598694
v -27.033886 37.963539 13.623547
v -27.055935 38.979233 13.634254
v -25.953270 38.680580 15.608368
v -26.495579 38.965649 15.623199
v -25.940083 38.073483 15.601959
v -26.469227 37.751457 15.610420
v -27.011532 38.036530 15.625259
v -27.024715 38.643627 15.631653
v -25.662537 38.869961 15.949276
v -26.569847 39.346893 15.974091
v -25.640484 37.854271 15.938545
v -26.525757 37.315506 15.952698
v -27.433064 37.792442 15.977531
v -27.455112 38.808132 15.988251
v -140.846146 16.977972 88.988792
v -152.201202 17.337082 89.174652
v -140.063446 20.367661 88.988792
v -151.439056 20.637730 89.174652
v -140.875534 16.850780 89.700409
v -152.729645 17.646093 89.700409
v -151.910294 21.194429 89.700409
v -140.034073 20.494844 89.700409
v -78.132790 -10.134624 77.012077
v -78.132790 -11.321653 77.012077
v -78.041664 -10.081068 84.911789
v -78.041664 -11.225168 84.911789
v -78.223907 -10.188181 84.911789
v -78.223907 -11.418137 84.911789
v -77.997452 -8.180761 77.012077
v -77.997452 -9.356215 77.012077
v -77.906326 -7.022881 84.217415
v -77.906326 -8.155823 84.376808
v -78.088570 -7.128948 84.232338
v -78.088570 -8.346909 84.403694
v -77.797958 -6.520521 77.012077
v -77.797958 -7.618981 77.012077
v -77.706833 -3.465101 83.114960
v -77.706833 -4.523836 83.548599
v -77.889076 -3.564222 83.155556
v -77.889076 -4.702406 83.621742
v -77.237473 -3.994603 77.370590
v -77.237473 -5.130811 77.038803
v -77.146347 -5.380021 80.174934
v -77.146347 -6.450988 79.772446
v -77.328590 -5.480288 80.137253
v -77.328590 -6.631620 79.704559
v -78.046593 7.292521 76.365387
v -78.046593 6.164158 76.115242
v -77.955467 8.026512 81.650398
v -77.955467 6.882492 81.663986
v -78.137711 7.919407 81.651665
v -78.137711 6.689538 81.666283
v -77.817078 -13.260585 77.665047
v -77.461983 -14.324973 78.052368
v -85.395508 -15.337783 78.740578
v -85.053253 -16.363678 79.113892
v -85.368050 -15.497481 78.604813
v -85.000114 -16.600361 79.006142
v -83.663193 -9.944653 77.257706
v -82.490257 -10.105385 77.171486
v -84.707687 -17.736052 78.309952
v -83.577171 -17.890968 78.226845
v -84.617859 -17.770641 78.121742
v -83.402512 -17.937181 78.032394
v -79.541344 -16.658449 78.323990
v -78.448944 -16.187378 78.011673
v -79.406441 -16.616394 78.099297
v -78.390297 -16.178205 77.808777
v -82.753937 -9.443930 77.588905
v -81.699661 -8.989294 77.287498
v -69.449905 0.464143 77.807480
v -80.746651 -0.487027 77.046104
v -69.048981 3.914882 77.622383
v -80.356255 2.873068 76.865860
v -69.528160 0.379946 78.521782
v -81.350533 -0.208660 77.503258
v -80.930840 3.403585 77.309486
v -69.097137 4.089643 78.322792
v -139.981476 20.469713 88.988792
v -151.268173 21.764595 89.174652
v -138.921738 23.783253 88.988792
v -150.236267 24.991095 89.174652
v -140.021255 20.345381 89.700409
v -151.769318 22.116159 89.700409
v -150.659958 25.584782 89.700409
v -138.881973 23.907579 89.700409
v -138.573318 25.203220 90.091560
v -149.878342 26.339495 90.169182
v -137.639084 27.587103 92.446709
v -148.968628 28.660767 92.462463
v -138.665512 24.626699 90.518837
v -150.432617 26.249973 90.748772
v -149.454590 28.745441 93.214165
v -137.661118 27.189499 93.050743
v -144.598557 28.500330 93.838287
v -143.946945 20.393002 85.904343
v -148.039841 28.965824 94.046753
v -147.297836 20.846272 86.107338
v -144.507812 27.976044 94.328522
v -144.235214 19.640211 85.867310
v -147.837555 20.127512 86.085541
v -148.207352 28.476488 94.552643
v -138.413422 27.729530 93.838287
v -140.611343 19.898661 85.904343
v -141.480240 29.358582 94.046753
v -143.597595 21.484924 86.107338
v -138.509964 27.206280 94.328522
v -141.142593 19.292389 85.867310
v -144.352936 20.997704 86.085541
v -141.806915 28.957602 94.552643
v -140.161011 21.031982 130.808578
v -128.577118 18.763226 131.891647
v -127.261475 22.151995 131.792953
v -138.809875 24.512194 130.707230
v -140.139679 21.195257 130.506958
v -128.912262 19.355145 130.774429
v -127.703094 22.518288 130.861938
v -138.897888 24.443729 130.596817
v -127.029709 19.955275 133.212463
v -135.911453 27.000546 132.451096
v -124.373871 22.194654 133.027374
v -133.325378 29.181101 132.270844
v -127.144394 19.947531 133.319321
v -136.160736 27.617004 133.319321
v -133.380585 29.961187 133.319321
v -124.289246 22.354973 133.319321
v -116.816925 30.730139 133.991440
v -105.741821 28.308695 133.230072
v -118.217331 27.550959 133.806351
v -107.105438 25.213030 133.049820
v -116.717331 30.787531 134.098297
v -105.246841 27.864679 134.098297
v -106.712799 24.536707 134.098297
v -118.222824 27.369761 134.098297
v -94.184952 22.782921 133.991440
v -86.151764 11.746502 133.230072
v -97.987938 21.040977 133.806351
v -89.854843 10.050317 133.049820
v -94.049408 22.754940 134.098297
v -86.061256 10.950969 134.098297
v -90.042252 9.127505 134.098297
v -98.137787 20.882257 134.098297
v -90.531799 -5.740891 133.619385
v -92.326118 -16.960503 133.580765
v -93.789917 -4.535522 133.434189
v -95.498672 -15.786801 133.400406
v -90.466347 -5.830412 133.730453
v -92.721092 -17.425985 134.488129
v -96.127335 -16.152399 134.487610
v -93.964500 -4.522493 133.729919
v -107.879089 -22.857182 133.991440
v -117.437561 -28.952791 133.230072
v -109.128906 -19.615847 133.806351
v -118.654572 -25.796604 133.049820
v -107.909195 -22.968107 134.098297
v -118.101639 -28.987206 134.098297
v -119.409943 -25.594156 134.098297
v -109.252838 -19.483526 134.098297
v -134.739914 -37.881325 116.596886
v -133.758255 -37.748913 113.262032
v -134.708939 -37.779804 116.712517
v -127.427292 -38.603374 116.596886
v -134.317490 -38.417515 116.641083
v -127.041824 -37.690903 113.262032
v -133.942154 -37.529041 113.393799
v -127.498932 -38.525055 116.712517
v -134.868729 -37.473392 116.668457
v -134.453629 -36.335079 113.239700
v -127.072662 -37.356037 113.191231
v -120.400848 -42.307892 118.045349
v -118.434235 -35.742786 117.308319
v -117.201675 -43.673477 117.991104
v -115.319092 -37.072506 117.255463
v -120.460312 -42.200863 118.143555
v -118.002899 -35.173576 118.136520
v -114.655289 -36.587555 118.272858
v -117.022369 -43.652985 118.283554
v -118.989685 -39.237164 114.419922
v -119.215744 -38.864998 117.664124
v -117.501083 -39.953644 114.422768
v -117.766235 -39.562649 117.666893
v -119.052231 -39.259426 114.453796
v -119.323837 -39.263870 117.978645
v -117.809799 -40.094501 117.984802
v -117.497330 -40.112465 114.460121
v -118.975189 -30.581856 133.427338
v -109.250626 -24.767900 132.571915
v -117.810181 -33.701847 134.432831
v -108.116211 -27.805939 133.550964
v -118.960724 -30.443520 133.500031
v -108.746414 -24.461626 133.492752
v -107.560501 -27.670071 134.727234
v -117.742783 -33.738518 134.767792
v -89.118820 -18.095098 135.862564
v -86.412727 -7.060863 135.709244
v -92.085228 -18.088017 134.045166
v -89.301262 -7.053942 133.939606
v -88.975372 -18.050924 135.816635
v -86.029480 -6.633427 134.778442
v -89.027336 -6.667900 132.720245
v -92.054123 -18.086285 133.702927
v -85.068497 14.643812 136.211304
v -90.962593 23.029490 136.641525
v -86.466049 13.034168 133.904327
v -92.323479 21.462114 134.395157
v -85.008461 14.772083 136.206207
v -90.875183 23.701008 135.922913
v -92.221931 22.088911 133.399384
v -86.391594 13.116514 133.614563
v -138.242096 13.869398 127.813492
v -139.664337 25.139183 128.078629
v -136.286072 24.904814 127.991104
v -134.772705 13.628708 127.723633
v -138.333252 13.933624 127.923904
v -139.442719 25.668407 129.009644
v -135.817596 25.397991 129.108337
v -134.610306 13.655912 128.025269
v -158.244461 23.288845 83.337502
v -146.885498 23.221273 87.923363
v -147.560760 19.902889 87.835838
v -158.937943 19.880966 83.247643
v -158.168839 23.370794 83.447914
v -146.389893 22.932177 88.854378
v -147.133255 19.373804 88.953072
v -158.932266 19.716400 83.549278
v -162.058975 12.853315 83.533867
v -160.797867 24.142260 83.799004
v -157.568832 23.121950 83.711479
v -158.742859 11.805483 83.444008
v -162.132523 12.937132 83.644279
v -160.458282 24.604733 84.730019
v -156.997742 23.491476 84.828712
v -158.578613 11.793831 83.745644
v -159.564468 5.607404 80.856865
v -162.667542 14.009007 82.506721
v -160.092148 16.168720 82.084381
v -156.919617 7.825349 80.423157
v -159.633926 5.562254 80.990143
v -162.523972 14.293880 83.552773
v -159.686661 16.550610 83.267860
v -156.720032 7.879866 80.697548
v -149.816711 14.664448 102.012482
v -138.514023 15.773060 101.664314
v -138.863586 12.441444 101.160866
v -150.175720 11.242971 101.495483
v -149.742340 14.738907 102.128883
v -137.931381 15.419628 102.519653
v -138.312515 11.819939 102.171280
v -150.133759 11.042082 101.771126
v -147.197021 18.228411 102.385033
v -144.332123 7.347669 100.802994
v -147.709961 7.171791 100.616951
v -150.665970 18.047827 102.194008
v -147.100464 18.157942 102.486687
v -144.501297 6.642285 101.621414
v -148.132126 6.438808 101.614647
v -150.829285 17.948961 102.479759
v -142.592346 24.695971 101.955750
v -133.317459 18.172146 101.236603
v -135.769958 15.835894 101.186356
v -145.111023 22.296732 101.904190
v -142.476273 24.714268 102.059738
v -133.014191 17.602282 102.119354
v -135.646851 15.097494 102.258965
v -145.179962 22.141878 102.203125
v -132.665375 27.147842 103.639832
v -128.602783 21.168613 103.181381
v -130.591492 20.327490 103.149353
v -134.707748 26.284063 103.606964
v -132.592026 27.132622 103.706123
v -128.550217 20.760458 103.744133
v -130.684341 19.859386 103.833130
v -134.783737 26.207230 103.797531
v -115.645569 33.525909 107.493057
v -114.762451 22.220882 106.773911
v -118.125748 22.622026 106.723663
v -119.099594 33.937935 107.441498
v -115.557495 33.448120 107.597046
v -115.008347 21.624008 107.656662
v -118.616348 22.056595 107.796272
v -119.262863 33.892376 107.740433
v -106.269424 28.772242 108.607491
v -111.252731 18.586456 107.888344
v -113.945740 20.640814 107.838097
v -109.035065 30.882071 108.555931
v -106.233093 28.660490 108.711479
v -111.767792 18.197300 108.771095
v -114.655594 20.403070 108.910706
v -109.198837 30.925787 108.854866
v -100.404526 23.274153 109.757881
v -109.884293 17.051817 109.038734
v -111.153778 20.192053 108.988487
v -101.708206 26.499134 109.706322
v -100.430222 23.159489 109.861870
v -110.525772 16.979597 109.921486
v -111.885651 20.349398 110.061096
v -101.826813 26.620234 110.005257
v -97.054955 22.803707 111.300453
v -98.028343 11.506100 110.581306
v -101.281097 12.450661 110.531059
v -100.395447 23.773821 111.248894
v -96.980736 22.712593 111.404442
v -98.368324 10.957348 111.464058
v -101.857376 11.972862 111.603668
v -100.563965 23.755514 111.547829
v -89.989754 17.571629 112.279343
v -97.948067 9.493971 111.560196
v -99.849869 12.296791 111.509949
v -91.942802 20.450111 112.227783
v -89.990746 17.454117 112.383331
v -98.559990 9.288388 112.442947
v -100.598465 12.296619 112.582558
v -92.084236 20.543545 112.526718
v -88.643135 9.660387 113.041618
v -99.644638 6.912614 112.322472
v -99.807449 10.295830 112.272224
v -88.810272 13.134882 112.990059
v -88.705215 9.560606 113.145607
v -100.274048 7.055988 113.205223
v -100.446487 10.685741 113.344833
v -88.882301 13.288324 113.288994
v -89.324570 -18.269087 112.184204
v -91.707405 10.718016 111.889740
v -91.707405 10.718016 112.478676
v -92.293839 10.663826 111.889740
v -92.293839 10.663826 112.478676
v -91.883667 6.225011 111.889740
v -91.473503 1.786197 111.889740
v -91.063332 -2.652618 111.889740
v -90.653160 -7.091433 111.889740
v -90.242989 -11.530249 111.889740
v -89.832817 -15.969062 111.889740
v -89.832817 -15.969062 112.478676
v -90.242989 -11.530249 112.478676
v -90.653160 -7.091433 112.478676
v -91.063332 -2.652618 112.478676
v -91.473503 1.786197 112.478676
v -91.883667 6.225011 112.478676
v -89.246384 -15.914874 111.889740
v -89.656555 -11.476059 111.889740
v -90.066719 -7.037243 111.889740
v -90.476891 -2.598428 111.889740
v -90.887062 1.840387 111.889740
v -91.297234 6.279201 111.889740
v -91.297234 6.279201 112.478676
v -90.887062 1.840387 112.478676
v -90.476891 -2.598428 112.478676
v -90.066719 -7.037243 112.478676
v -89.656555 -11.476059 112.478676
v -89.246384 -15.914874 112.478676
v -111.605026 9.920862 111.034821
v -83.955101 18.943701 110.740356
v -83.955101 18.943701 111.329285
v -84.143463 19.501699 110.740356
v -84.143463 19.501699 111.329285
v -88.367043 18.075966 110.740356
v -92.590614 16.650244 110.740356
v -96.814194 15.224510 110.740356
v -101.037766 13.798779 110.740356
v -105.261353 12.373047 110.740356
v -109.484924 10.947316 110.740356
v -109.484924 10.947316 111.329285
v -105.261353 12.373047 111.329285
v -101.037766 13.798779 111.329285
v -96.814194 15.224510 111.329285
v -92.590614 16.650244 111.329285
v -88.367043 18.075966 111.329285
v -109.296570 10.389318 110.740356
v -105.072983 11.815050 110.740356
v -100.849411 13.240774 110.740356
v -96.625832 14.666506 110.740356
v -92.402252 16.092237 110.740356
v -88.178680 17.517969 110.740356
v -88.178680 17.517969 111.329285
v -92.402252 16.092237 111.329285
v -96.625832 14.666506 111.329285
v -100.849411 13.240774 111.329285
v -105.072983 11.815050 111.329285
v -109.296570 10.389318 111.329285
v -115.349747 32.747620 105.414398
v -92.154060 16.091793 110.942474
v -92.271881 16.129223 111.518280
v -91.821953 16.576794 110.978912
v -91.939774 16.614223 111.554703
v -95.393677 19.089663 110.084679
v -98.965401 21.602530 109.190445
v -102.537109 24.115398 108.296219
v -106.108826 26.628263 107.401985
v -109.680557 29.141130 106.507751
v -113.252274 31.653997 105.613518
v -113.370087 31.691433 106.189331
v -109.798370 29.178562 107.083565
v -106.226639 26.665693 107.977798
v -102.654938 24.152826 108.872017
v -99.083221 21.639959 109.766243
v -95.511513 19.127092 110.660477
v -113.584366 31.169001 105.577087
v -110.012650 28.656132 106.471321
v -106.440918 26.143261 107.365555
v -102.869217 23.630392 108.259773
v -99.297485 21.117525 109.154015
v -95.725769 18.604660 110.048248
v -95.843605 18.642092 110.624046
v -99.415314 21.154955 109.729820
v -102.987045 23.667824 108.835594
v -106.558762 26.180689 107.941360
v -110.130463 28.693562 107.047134
v -113.702194 31.206427 106.152893
v -125.908707 31.104549 106.277565
v -122.079605 23.555292 105.740723
v -124.514633 22.874207 105.703217
v -128.409424 30.405136 106.239075
v -125.825775 31.075958 106.355186
v -122.079300 23.073400 106.399689
v -124.692123 22.344320 106.503906
v -128.509109 30.327198 106.462227
v -26.992733 -10.423687 122.032654
v -25.707935 -10.423687 122.032654
v -24.107861 -9.017733 6.294388
v -22.495125 -12.137377 21.946095
v -25.311466 -11.868898 34.264118
v -26.062691 -8.362310 42.940388
v -26.350754 -8.393213 50.172344
v -26.477314 -7.986740 58.180374
v -24.813366 -9.831768 64.469734
v -23.794277 -10.515533 69.735016
v -23.852245 -10.886806 77.622459
v -27.219753 -9.223158 84.877785
v -26.719414 -9.828749 92.411400
v -26.992733 -9.138889 100.408890
v -26.992733 -9.138889 107.758316
v -26.992733 -9.138889 115.107742
v -25.707935 -9.138889 115.107742
v -25.707935 -9.138889 107.758324
v -25.707935 -9.138889 100.408905
v -25.434612 -9.828749 92.411415
v -25.934956 -9.223158 84.877800
v -22.567448 -10.886806 77.622475
v -22.509476 -10.515533 69.735031
v -23.146832 -9.831768 64.469742
v -24.584370 -7.986740 58.180386
v -24.649036 -8.393213 50.172352
v -24.027927 -8.362310 42.940395
v -22.950031 -11.868898 34.264126
v -19.820438 -11.752932 21.946095
v -18.963078 -8.278246 6.294395
v -25.707935 -10.423687 115.107742
v -25.707935 -10.423687 107.758324
v -25.707935 -10.423687 100.408905
v -25.434612 -11.113546 92.411415
v -25.934956 -10.507956 84.877800
v -22.567448 -12.171604 77.622475
v -22.509476 -11.800331 69.735031
v -23.146832 -11.498301 64.469742
v -24.584370 -9.879679 58.180386
v -24.649036 -10.094929 50.172352
v -24.027927 -10.397070 42.940395
v -22.950031 -14.230329 34.264126
v -19.435993 -14.427611 21.946095
v -18.223595 -13.423015 6.294395
v -26.992733 -10.423687 115.107742
v -26.992733 -10.423687 107.758324
v -26.992733 -10.423687 100.408905
v -26.719414 -11.113546 92.411415
v -27.219753 -10.507956 84.877800
v -23.852245 -12.171604 77.622475
v -23.794277 -11.800331 69.735031
v -24.813366 -11.498301 64.469742
v -26.477314 -9.879679 58.180386
v -26.350754 -10.094929 50.172352
v -26.062691 -10.397070 42.940395
v -25.311466 -14.230329 34.264126
v -22.110676 -14.812058 21.946095
v -23.368374 -14.162501 6.294395
v -25.707935 -9.138889 122.032654
v -26.992733 -9.138889 122.032654
v -157.795563 -22.521616 111.046867
v -154.270142 -34.514343 114.547157
v -154.300278 -34.446716 114.799347
v -154.019638 -34.435268 114.555893
v -154.049759 -34.367649 114.808075
v -154.576889 -32.608334 113.999397
v -155.134125 -30.781410 113.442894
v -155.691376 -28.954477 112.886391
v -156.248596 -27.127550 112.329895
v -156.805878 -25.300615 111.773392
v -157.363098 -23.473692 111.216888
v -157.393234 -23.406061 111.469078
v -156.835968 -25.232992 112.025574
v -156.278732 -27.059923 112.582077
v -155.721497 -28.886854 113.138580
v -155.164276 -30.713779 113.695084
v -154.607010 -32.540722 114.251579
v -157.613602 -23.552752 111.208153
v -157.056366 -25.379686 111.764664
v -156.499115 -27.206617 112.321159
v -155.941864 -29.033554 112.877655
v -155.384628 -30.860485 113.434166
v -154.827377 -32.687412 113.990654
v -154.857529 -32.619778 114.242844
v -155.414764 -30.792858 113.686348
v -155.972015 -28.965921 113.129845
v -156.529251 -27.138987 112.573349
v -157.086502 -25.312059 112.016846
v -157.643738 -23.485132 111.460342
v -143.012085 -29.957432 117.695946
v -155.217010 -31.411022 113.520630
v -155.302490 -31.376373 113.766747
v -155.198059 -31.669621 113.563629
v -155.283569 -31.634975 113.809723
v -153.322281 -31.429657 114.181450
v -151.446472 -31.189701 114.799248
v -149.570679 -30.949730 115.417061
v -147.694885 -30.709789 116.034859
v -145.819077 -30.469803 116.652679
v -143.943298 -30.229862 117.270477
v -144.028778 -30.195217 117.516586
v -145.904587 -30.435188 116.898773
v -147.780396 -30.675144 116.280960
v -149.656189 -30.915100 115.663170
v -151.531952 -31.155037 115.045364
v -153.407776 -31.395023 114.427544
v -143.962219 -29.971260 117.227486
v -145.838028 -30.211220 116.609688
v -147.713806 -30.451187 115.991875
v -149.589600 -30.691143 115.374054
v -151.465424 -30.931095 114.756256
v -153.341202 -31.171062 114.138435
v -153.426697 -31.136406 114.384560
v -151.550903 -30.896450 115.002365
v -149.675095 -30.656483 115.620178
v -147.799316 -30.416527 116.237991
v -145.923508 -30.176571 116.855804
v -144.047714 -29.936615 117.473602
v -26.992733 -10.423687 128.210907
v -25.707935 -10.423687 128.210907
v -25.707935 -9.138889 128.210907
v -26.992733 -9.138889 128.210907
v -26.992733 -10.423687 136.387817
v -25.707935 -10.423687 136.387817
v -25.707935 -9.138889 136.387817
v -26.992733 -9.138889 136.387817
v 402.590454 -0.000746 5.292206
v 402.556274 -0.157087 5.208675
v 402.487854 -0.157087 5.041611
v 402.453674 -0.000746 4.958080
v 402.487854 0.155593 5.041611
v 402.556274 0.155593 5.208675
v 401.328430 -0.157087 5.711433
v 401.362610 -0.000746 5.794964
v 401.260010 -0.157087 5.544369
v 401.225830 -0.000746 5.460838
v 401.260010 0.155593 5.544369
v 401.328430 0.155593 5.711433
v 399.164734 0.005783 5.292206
v 399.199463 0.162002 5.208675
v 399.267883 0.161763 5.041611
v 399.301514 0.005304 4.958080
v 399.266785 -0.150915 5.041611
v 399.198364 -0.150676 5.208675
v 400.427307 0.157707 5.711433
v 400.392578 0.001488 5.794964
v 400.495728 0.157468 5.544369
v 400.529358 0.001010 5.460838
v 400.494629 -0.155210 5.544369
v 400.426208 -0.154971 5.711433
v 400.873169 -1.711547 5.292206
v 400.716919 -1.676798 5.208675
v 400.717163 -1.608392 5.041611
v 400.873596 -1.574736 4.958080
v 401.029846 -1.609485 5.041611
v 401.029602 -1.677891 5.208675
v 400.721191 -0.448957 5.711433
v 400.877441 -0.483706 5.794964
v 400.721436 -0.380551 5.544369
v 400.877930 -0.346895 5.460838
v 401.034119 -0.381644 5.544369
v 401.033875 -0.450050 5.711433
v 400.882080 1.714197 5.292206
v 401.038269 1.679447 5.208675
v 401.038025 1.611041 5.041611
v 400.881592 1.577386 4.958080
v 400.725342 1.612135 5.041611
v 400.725586 1.680541 5.208675
v 401.033997 0.451607 5.711433
v 400.877747 0.486356 5.794964
v 401.033752 0.383201 5.544369
v 400.877258 0.349545 5.460838
v 400.721069 0.384294 5.544369
v 400.721313 0.452700 5.711433
v 402.140869 1.158061 5.292206
v 402.221436 1.019755 5.208675
v 402.171021 0.973499 5.041611
v 402.040100 1.065547 4.958080
v 401.959595 1.203853 5.041611
v 402.010010 1.250110 5.208675
v 401.316833 0.189473 5.711433
v 401.236328 0.327779 5.794964
v 401.266479 0.143217 5.544369
v 401.135559 0.235265 5.460838
v 401.054993 0.373571 5.544369
v 401.105408 0.419828 5.711433
v 399.612671 -1.153650 5.292206
v 399.532654 -1.015064 5.208675
v 399.583191 -0.968983 5.041611
v 399.713806 -1.061490 4.958080
v 399.793823 -1.200076 5.041611
v 399.743286 -1.246157 5.208675
v 400.440125 -0.187951 5.711433
v 400.520142 -0.326537 5.794964
v 400.490662 -0.141871 5.544369
v 400.621277 -0.234377 5.460838
v 400.701294 -0.372963 5.544369
v 400.650757 -0.419043 5.711433
v 402.032593 -1.263580 5.292206
v 401.893982 -1.343616 5.208675
v 401.847900 -1.293059 5.041611
v 401.940430 -1.162466 4.958080
v 402.078979 -1.082429 5.041611
v 402.125061 -1.132986 5.208675
v 401.066895 -0.436150 5.711433
v 401.205444 -0.356113 5.794964
v 401.020813 -0.385593 5.544369
v 401.113281 -0.254999 5.460838
v 401.251892 -0.174963 5.544369
v 401.297974 -0.225519 5.711433
v 399.722656 1.266229 5.292206
v 399.861206 1.346266 5.208675
v 399.907288 1.295709 5.041611
v 399.814758 1.165115 4.958080
v 399.676208 1.085079 5.041611
v 399.630127 1.135636 5.208675
v 400.688354 0.438799 5.711433
v 400.549744 0.358763 5.794964
v 400.734436 0.388242 5.544369
v 400.641907 0.257649 5.460838
v 400.503296 0.177612 5.544369
v 400.457214 0.228169 5.711433
v 395.385254 -0.424112 4.622444
v 394.973389 -1.350157 4.589191
v 393.965088 -1.457393 4.602898
v 393.368713 -0.638578 4.649857
v 393.780640 0.287460 4.683109
v 394.788879 0.394698 4.669403
v 394.751221 -1.063603 5.397423
v 394.997437 -0.510095 5.417294
v 394.148560 -1.127700 5.405609
v 393.792114 -0.638284 5.433681
v 394.038330 -0.084781 5.453552
v 394.640991 -0.020684 5.445362
v 404.641357 5.542441 4.622444
v 403.844971 4.915549 4.589191
v 402.903137 5.291136 4.602898
v 402.757690 6.293622 4.649857
v 403.554077 6.920504 4.683109
v 404.495911 6.544917 4.669403
v 403.782227 5.272642 5.397423
v 404.258240 5.647344 5.417294
v 403.219299 5.497134 5.405609
v 403.132324 6.096332 5.433681
v 403.608337 6.471026 5.453552
v 404.171265 6.246534 5.445362
v 406.188599 -5.029430 4.622444
v 405.936279 -6.011040 4.589191
v 404.948792 -6.277905 4.597576
v 404.224609 -5.569560 4.644535
v 404.488037 -4.594359 4.683109
v 405.464478 -4.321089 4.669403
v 405.669617 -5.765376 5.397423
v 405.820435 -5.178656 5.417294
v 405.085999 -5.928713 5.405609
v 404.653198 -5.505326 5.433681
v 404.804016 -4.918611 5.453552
v 405.387634 -4.755273 5.445362
v 394.991150 -1.393000 5.562115
v 395.403076 -0.466955 5.595360
v 393.982910 -1.500238 5.575817
v 393.386475 -0.681422 5.622780
v 393.798401 0.244616 5.656025
v 394.806702 0.351854 5.642319
v 403.840759 4.869356 5.562115
v 404.637146 5.496249 5.595360
v 402.898865 5.244943 5.575817
v 402.753418 6.247429 5.622780
v 403.549805 6.874311 5.656025
v 404.491638 6.498725 5.642319
v 405.960938 -6.050333 5.562115
v 406.213257 -5.068723 5.595360
v 404.973450 -6.317200 5.570496
v 404.260376 -5.615258 5.622780
v 404.512695 -4.633654 5.656025
v 405.489136 -4.360381 5.642319
v 409.899292 0.888819 18.763981
v 410.402466 1.529108 18.631245
v 408.941345 1.073662 18.928852
v 409.573792 2.339107 18.733204
v 406.858337 1.020623 3.700554
v 406.496582 0.296746 3.812473
v 407.332336 0.557280 3.642231
v 407.044556 0.191011 3.718159
v -67.532112 -244.963898 15.875450
v -66.634285 -244.695602 15.875450
v -68.324181 -244.166855 15.875450
v -66.894753 -243.400436 15.875450
v -67.134605 -243.881805 6.142330
v -67.804817 -244.241135 6.142330
v -67.012482 -244.489029 6.142330
v -67.433441 -244.614838 6.142330
v -68.538246 -203.917526 15.875454
v -67.666138 -204.260284 15.875454
v -68.669823 -202.801559 15.875454
v -67.072021 -203.080307 15.875454
v -67.557777 -203.311172 6.142330
v -68.306923 -203.180450 6.142330
v -67.836334 -203.864395 6.142330
v -68.245216 -203.703705 6.142330
v -59.584476 -287.151978 9.205341
v -59.343388 -286.167511 9.172089
v -58.358967 -285.889435 9.180473
v -57.626781 -286.589478 9.227432
v -57.879032 -287.567596 9.266003
v -58.852306 -287.851990 9.252300
v -59.073940 -286.410126 9.980320
v -59.218044 -286.998535 10.000187
v -58.492191 -286.240143 9.988506
v -58.054577 -286.658569 10.016579
v -58.198673 -287.246979 10.036449
v -58.780422 -287.416962 10.028259
v -59.368481 -286.128540 10.145008
v -59.609585 -287.112946 10.178257
v -58.384052 -285.850403 10.153393
v -57.663036 -286.544159 10.205677
v -57.904140 -287.528564 10.238922
v -58.877415 -287.812988 10.225216
v -54.004887 -287.052307 9.205341
v -53.763798 -286.067871 9.172089
v -52.779369 -285.789795 9.180473
v -52.047184 -286.489807 9.227432
v -52.299442 -287.467957 9.266003
v -53.272732 -287.752350 9.252300
v -53.494350 -286.310486 9.980320
v -53.638447 -286.898895 10.000187
v -52.912617 -286.140503 9.988506
v -52.474987 -286.558899 10.016579
v -52.619099 -287.147339 10.036449
v -53.200832 -287.317291 10.028259
v -53.788883 -286.028870 10.145008
v -54.029987 -287.013306 10.178257
v -52.804478 -285.750763 10.153393
v -52.083439 -286.444519 10.205677
v -52.324543 -287.428925 10.238922
v -53.297832 -287.713348 10.225216
v -48.305553 -286.749298 9.205341
v -48.064449 -285.764832 9.172089
v -47.080040 -285.486755 9.180473
v -46.347855 -286.186768 9.227432
v -46.600109 -287.164917 9.266003
v -47.573399 -287.449310 9.252300
v -47.795017 -286.007446 9.980320
v -47.939114 -286.595856 10.000187
v -47.213284 -285.837463 9.988506
v -46.775650 -286.255890 10.016579
v -46.919765 -286.844299 10.036449
v -47.501499 -287.014282 10.028259
v -48.089554 -285.725861 10.145008
v -48.330658 -286.710266 10.178257
v -47.105145 -285.447723 10.153393
v -46.384109 -286.141479 10.205677
v -46.625214 -287.125885 10.238922
v -47.598503 -287.410309 10.225216
v -43.258377 -291.916321 12.732006
v -42.285103 -291.631927 12.745708
v -42.043999 -290.647491 12.712463
v -42.765018 -289.953735 12.660179
v -43.990547 -291.216278 12.685043
v -43.749443 -290.231873 12.651798
v -43.161385 -291.520294 12.535046
v -42.579639 -291.350311 12.543240
v -42.435539 -290.761902 12.523365
v -42.873158 -290.343506 12.495296
v -43.599007 -291.101898 12.506977
v -43.454903 -290.513489 12.487106
v -43.233269 -291.955353 11.759087
v -42.259995 -291.670929 11.772793
v -42.007744 -290.692810 11.734219
v -42.739929 -289.992767 11.687260
v -43.724335 -290.270874 11.678875
v -43.965439 -291.255310 11.712128
v -50.507042 -291.281464 11.712128
v -50.265938 -290.297028 11.678875
v -49.281532 -290.018921 11.687260
v -48.549347 -290.718964 11.734219
v -48.801598 -291.697083 11.772793
v -49.774872 -291.981506 11.759087
v -49.996506 -290.539642 12.487106
v -50.140610 -291.128052 12.506977
v -49.414761 -290.369659 12.495296
v -48.977142 -290.788055 12.523365
v -49.121243 -291.376465 12.543240
v -49.702988 -291.546448 12.535046
v -50.291046 -290.258026 12.651798
v -50.532150 -291.242432 12.685043
v -49.306622 -289.979889 12.660179
v -48.585602 -290.673645 12.712463
v -48.826706 -291.658081 12.745708
v -49.799980 -291.942474 12.732006
v -88.787292 -287.631958 9.205341
v -88.546204 -286.647522 9.172089
v -87.561783 -286.369446 9.180473
v -86.829613 -287.069458 9.227432
v -87.081863 -288.047607 9.266003
v -88.055122 -288.332001 9.252300
v -88.276756 -286.890137 9.980320
v -88.420876 -287.478546 10.000187
v -87.695023 -286.720154 9.988506
v -87.257393 -287.138550 10.016579
v -87.401505 -287.726990 10.036449
v -87.983238 -287.896942 10.028259
v -88.571312 -286.608551 10.145008
v -88.812401 -287.592957 10.178257
v -87.586884 -286.330414 10.153393
v -86.865852 -287.024170 10.205677
v -87.106956 -288.008575 10.238922
v -88.080223 -288.292999 10.225216
v -77.061073 -287.476257 9.205341
v -76.819977 -286.491821 9.172089
v -75.835556 -286.213715 9.180473
v -75.103386 -286.913757 9.227432
v -75.355637 -287.891907 9.266003
v -76.328918 -288.176300 9.252300
v -76.550537 -286.734436 9.980320
v -76.694649 -287.322845 10.000187
v -75.968803 -286.564453 9.988506
v -75.531166 -286.982849 10.016579
v -75.675285 -287.571259 10.036449
v -76.257034 -287.741241 10.028259
v -76.845085 -286.452820 10.145008
v -77.086174 -287.437256 10.178257
v -75.860664 -286.174713 10.153393
v -75.139626 -286.868469 10.205677
v -75.380730 -287.852875 10.238922
v -76.354019 -288.137268 10.225216
v -82.991417 -287.659210 9.205341
v -82.750328 -286.674774 9.172089
v -81.765907 -286.396667 9.180473
v -81.033737 -287.096710 9.227432
v -81.285988 -288.074860 9.266003
v -82.259262 -288.359253 9.252300
v -82.480881 -286.917389 9.980320
v -82.624992 -287.505798 10.000187
v -81.899147 -286.747406 9.988506
v -81.461517 -287.165802 10.016579
v -81.605629 -287.754211 10.036449
v -82.187363 -287.924194 10.028259
v -82.775436 -286.635773 10.145008
v -83.016525 -287.620209 10.178257
v -81.791008 -286.357666 10.153393
v -81.069977 -287.051422 10.205677
v -81.311081 -288.035828 10.238922
v -82.284370 -288.320221 10.225216
v -71.220856 -287.253021 9.205341
v -70.979767 -286.268585 9.172089
v -69.995346 -285.990479 9.180473
v -69.263168 -286.690521 9.227432
v -69.515427 -287.668640 9.266003
v -70.488686 -287.953064 9.252300
v -70.710320 -286.511200 9.980320
v -70.854431 -287.099609 10.000187
v -70.128571 -286.341217 9.988506
v -69.690956 -286.759613 10.016579
v -69.835052 -287.348022 10.036449
v -70.416801 -287.518005 10.028259
v -71.004875 -286.229584 10.145008
v -71.245964 -287.213989 10.178257
v -70.020432 -285.951447 10.153393
v -69.299416 -286.645203 10.205677
v -69.540520 -287.629639 10.238922
v -70.513794 -287.914032 10.225216
v -65.060410 -287.355438 9.205341
v -64.819305 -286.370972 9.172089
v -63.834892 -286.092896 9.180473
v -63.102707 -286.792938 9.227432
v -63.354965 -287.771057 9.266003
v -64.328255 -288.055481 9.252300
v -64.549873 -286.613586 9.980320
v -64.693970 -287.201996 10.000187
v -63.968140 -286.443604 9.988506
v -63.530502 -286.862030 10.016579
v -63.674622 -287.450439 10.036449
v -64.256355 -287.620422 10.028259
v -64.844406 -286.332001 10.145008
v -65.085510 -287.316406 10.178257
v -63.860001 -286.053864 10.153393
v -63.138962 -286.747620 10.205677
v -63.380066 -287.732025 10.238922
v -64.353355 -288.016449 10.225216
v -67.149178 -285.389709 8.735733
v -55.832672 -284.668457 8.735733
v -56.281872 -288.025635 8.735733
v -66.981628 -288.556061 8.735733
v -67.070137 -285.302734 9.325306
v -55.239357 -284.922852 9.325306
v -55.723518 -288.524261 9.325306
v -66.938408 -288.719971 9.325306
v -43.610615 -287.986816 8.735733
v -54.927113 -288.708069 8.735733
v -54.477913 -285.350891 8.735733
v -43.778160 -284.820435 8.735733
v -43.689655 -288.073761 9.325306
v -55.520428 -288.453674 9.325306
v -55.036270 -284.852234 9.325306
v -43.821381 -284.656555 9.325306
v -67.222176 -288.326508 8.735733
v -78.538681 -289.047760 8.735733
v -78.089485 -285.690613 8.735733
v -67.389725 -285.160156 8.735733
v -67.301216 -288.413452 9.325306
v -79.131996 -288.793396 9.325306
v -78.647842 -285.191956 9.325306
v -67.432945 -284.996246 9.325306
v -90.760742 -285.729401 8.735733
v -79.444244 -285.008148 8.735733
v -79.893440 -288.365356 8.735733
v -90.593193 -288.895782 8.735733
v -90.681702 -285.642456 9.325306
v -78.850922 -285.262543 9.325306
v -79.335083 -288.863983 9.325306
v -90.549973 -289.059692 9.325306
v -74.538071 -293.201965 11.245766
v -85.854576 -293.923218 11.245766
v -85.405373 -290.566040 11.245766
v -74.705620 -290.035614 11.245766
v -74.617111 -293.288940 11.835339
v -86.447891 -293.668823 11.835339
v -85.963730 -290.067413 11.835339
v -74.748840 -289.871704 11.835339
v -93.492210 -290.604858 11.245766
v -86.760139 -289.883606 11.245766
v -87.209335 -293.240784 11.245766
v -93.324661 -293.771240 11.245766
v -93.413170 -290.517914 11.835339
v -86.166817 -290.138000 11.835339
v -86.650978 -293.739441 11.835339
v -93.281441 -293.935120 11.835339
v -74.465073 -290.265167 11.245766
v -63.148567 -289.543915 11.245766
v -63.597763 -292.901062 11.245766
v -74.297523 -293.431519 11.245766
v -74.386032 -290.178223 11.835339
v -62.555252 -289.798279 11.835339
v -63.039406 -293.399719 11.835339
v -74.254303 -293.595428 11.835339
v -50.926506 -292.862274 11.245766
v -62.243004 -293.583527 11.245766
v -61.793808 -290.226318 11.245766
v -51.094055 -289.695892 11.245766
v -51.005547 -292.949219 11.835339
v -62.836327 -293.329132 11.835339
v -62.352165 -289.727692 11.835339
v -51.137276 -289.531982 11.835339
v -50.941673 -289.518890 11.245766
v -39.625175 -288.797638 11.245766
v -40.074371 -292.154846 11.245766
v -50.774124 -292.685272 11.245766
v -50.862633 -289.431946 11.835339
v -39.031853 -289.052032 11.835339
v -39.516014 -292.653473 11.835339
v -50.730904 -292.849182 11.835339
v -38.619469 -292.025726 5.371536
v -38.572319 -291.759979 13.097443
v -38.791767 -292.996826 12.540913
v -38.826435 -293.192230 5.371536
v -39.333000 -291.866058 5.371536
v -39.308167 -291.726074 13.832542
v -39.543579 -293.052917 13.232689
v -39.556370 -293.125000 5.371536
v -38.342373 -290.207825 13.251019
v -38.372303 -290.476074 5.371536
v -38.232998 -289.227631 5.371536
v -38.210987 -289.030426 13.043430
v -39.071930 -290.159180 13.153088
v -39.087700 -290.300476 5.371536
v -38.938251 -288.961212 5.371536
v -38.930134 -288.888458 12.989883
v -93.543503 -293.247711 5.371536
v -93.553604 -292.977997 13.097443
v -93.506615 -294.233276 12.540913
v -93.499191 -294.431610 5.371536
v -94.274666 -293.242493 5.371536
v -94.279984 -293.100433 13.832542
v -94.229576 -294.447052 13.232689
v -94.226837 -294.520203 5.371536
v -93.656990 -291.412323 13.251019
v -93.629524 -291.680817 5.371536
v -93.757301 -290.431152 5.371536
v -93.777466 -290.233734 13.043430
v -94.380333 -291.518982 13.153088
v -94.365875 -291.660431 5.371536
v -94.502930 -290.319855 5.371536
v -94.510376 -290.247009 12.989883
v -90.858200 -286.344513 10.687038
v -90.836624 -286.613556 5.371536
v -90.937073 -285.361420 5.371536
v -90.952942 -285.163605 10.479454
v -91.583710 -286.435394 10.589111
v -91.572342 -286.577087 5.371536
v -91.680107 -285.233856 5.371536
v -91.685959 -285.160889 10.425907
v -90.755806 -288.180573 5.371536
v -90.759995 -287.910706 10.533466
v -90.740433 -289.166718 9.976933
v -90.737328 -289.365143 5.371536
v -91.486664 -288.159424 5.371536
v -91.488884 -288.017242 11.268562
v -91.467880 -289.364655 10.668713
v -91.466743 -289.437866 5.371536
v -43.611996 -287.111938 10.687038
v -43.633572 -286.842896 5.371536
v -43.533123 -288.095032 5.371536
v -43.517254 -288.292847 10.479454
v -42.886486 -287.021057 10.589111
v -42.897854 -286.879364 5.371536
v -42.790089 -288.222595 5.371536
v -42.784237 -288.295563 10.425907
v -43.714390 -285.275879 5.371536
v -43.710201 -285.545746 10.533466
v -43.729763 -284.289734 9.976933
v -43.732868 -284.091309 5.371536
v -42.983532 -285.297028 5.371536
v -42.981312 -285.439209 11.268562
v -43.002316 -284.091797 10.668713
v -43.003452 -284.018585 5.371536
v -55.805695 -292.104706 12.732006
v -54.832420 -291.820312 12.745708
v -54.591316 -290.835876 12.712463
v -55.312340 -290.142120 12.660179
v -56.537865 -291.404663 12.685043
v -56.296761 -290.420258 12.651798
v -55.708702 -291.708679 12.535046
v -55.126961 -291.538696 12.543240
v -54.982857 -290.950287 12.523365
v -55.420479 -290.531891 12.495296
v -56.146324 -291.290283 12.506977
v -56.002220 -290.701874 12.487106
v -55.780586 -292.143738 11.759087
v -54.807312 -291.859314 11.772793
v -54.555061 -290.881195 11.734219
v -55.287247 -290.181152 11.687260
v -56.271652 -290.459259 11.678875
v -56.512756 -291.443695 11.712128
v -61.472713 -292.338318 12.732006
v -60.499439 -292.053925 12.745708
v -60.258335 -291.069489 12.712463
v -60.979359 -290.375732 12.660179
v -62.204884 -291.638275 12.685043
v -61.963779 -290.653870 12.651798
v -61.375721 -291.942291 12.535046
v -60.793980 -291.772308 12.543240
v -60.649876 -291.183899 12.523365
v -61.087498 -290.765503 12.495296
v -61.813343 -291.523895 12.506977
v -61.669239 -290.935486 12.487106
v -61.447605 -292.377350 11.759087
v -60.474331 -292.092926 11.772793
v -60.222080 -291.114807 11.734219
v -60.954266 -290.414764 11.687260
v -61.938671 -290.692871 11.678875
v -62.179775 -291.677307 11.712128
v -67.701157 -292.345856 12.732006
v -66.727882 -292.061462 12.745708
v -66.486778 -291.077026 12.712463
v -67.207802 -290.383270 12.660179
v -68.433327 -291.645813 12.685043
v -68.192223 -290.661407 12.651798
v -67.604164 -291.949829 12.535046
v -67.022423 -291.779846 12.543240
v -66.878319 -291.191437 12.523365
v -67.315941 -290.773041 12.495296
v -68.041786 -291.531433 12.506977
v -67.897682 -290.943024 12.487106
v -67.676048 -292.384888 11.759087
v -66.702774 -292.100464 11.772793
v -66.450523 -291.122345 11.734219
v -67.182709 -290.422302 11.687260
v -68.167114 -290.700409 11.678875
v -68.408218 -291.684845 11.712128
v -73.115723 -292.323242 12.732006
v -72.142448 -292.038849 12.745708
v -71.901344 -291.054413 12.712463
v -72.622368 -290.360657 12.660179
v -73.847893 -291.623199 12.685043
v -73.606789 -290.638794 12.651798
v -73.018730 -291.927216 12.535046
v -72.436989 -291.757233 12.543240
v -72.292885 -291.168823 12.523365
v -72.730507 -290.750427 12.495296
v -73.456352 -291.508820 12.506977
v -73.312248 -290.920410 12.487106
v -73.090614 -292.362274 11.759087
v -72.117340 -292.077850 11.772793
v -71.865089 -291.099731 11.734219
v -72.597275 -290.399689 11.687260
v -73.581680 -290.677795 11.678875
v -73.822784 -291.662231 11.712128
v -79.306488 -292.443817 12.732006
v -78.333214 -292.159424 12.745708
v -78.092110 -291.174988 12.712463
v -78.813133 -290.481232 12.660179
v -80.038658 -291.743774 12.685043
v -79.797554 -290.759369 12.651798
v -79.209496 -292.047791 12.535046
v -78.627754 -291.877808 12.543240
v -78.483650 -291.289398 12.523365
v -78.921272 -290.871002 12.495296
v -79.647118 -291.629395 12.506977
v -79.503014 -291.040985 12.487106
v -79.281380 -292.482849 11.759087
v -78.308105 -292.198425 11.772793
v -78.055855 -291.220306 11.734219
v -78.788040 -290.520264 11.687260
v -79.772446 -290.798370 11.678875
v -80.013550 -291.782806 11.712128
v -85.052635 -292.485260 12.732006
v -84.079361 -292.200867 12.745708
v -83.838257 -291.216431 12.712463
v -84.559280 -290.522675 12.660179
v -85.784805 -291.785217 12.685043
v -85.543701 -290.800812 12.651798
v -84.955643 -292.089233 12.535046
v -84.373901 -291.919250 12.543240
v -84.229797 -291.330841 12.523365
v -84.667419 -290.912445 12.495296
v -85.393265 -291.670837 12.506977
v -85.249161 -291.082428 12.487106
v -85.027527 -292.524292 11.759087
v -84.054253 -292.239868 11.772793
v -83.802002 -291.261749 11.734219
v -84.534187 -290.561707 11.687260
v -85.518593 -290.839813 11.678875
v -85.759697 -291.824249 11.712128
v -91.597588 -292.869598 12.732006
v -90.624313 -292.585205 12.745708
v -90.383209 -291.600769 12.712463
v -91.104233 -290.907013 12.660179
v -92.329758 -292.169556 12.685043
v -92.088654 -291.185150 12.651798
v -91.500595 -292.473572 12.535046
v -90.918854 -292.303589 12.543240
v -90.774750 -291.715179 12.523365
v -91.212372 -291.296783 12.495296
v -91.938217 -292.055176 12.506977
v -91.794113 -291.466766 12.487106
v -91.572479 -292.908630 11.759087
v -90.599205 -292.624207 11.772793
v -90.346954 -291.646088 11.734219
v -91.079140 -290.946045 11.687260
v -92.063545 -291.224152 11.678875
v -92.304649 -292.208588 11.712128
v 0.386391 -169.379547 11.906380
v 1.179863 -169.528122 12.076988
v 0.148697 -168.501846 11.516369
v 1.563721 -168.493378 11.709408
v 1.952812 -170.977020 6.248936
v 1.252136 -170.981216 6.153351
v 1.762741 -171.489365 6.430943
v 1.369850 -171.415802 6.346470
v 9.386459 -177.492859 15.528236
v 10.233902 -177.745224 15.217991
v 9.172607 -176.397110 15.655579
v 10.696953 -176.512360 15.113617
v 7.031067 -176.355072 6.082592
v 6.316376 -176.301025 6.336693
v 6.813965 -176.933090 6.131531
v 6.416641 -176.814774 6.276985
v -147.822586 -168.446518 18.134487
v -147.108337 -168.662048 18.486904
v -147.900726 -167.535736 17.755920
v -146.582443 -167.642380 18.294804
v -141.813416 -172.998901 4.742805
v -142.567490 -172.937897 4.434559
v -142.114227 -173.582214 4.852711
v -142.522781 -173.458923 4.651119
v -107.678543 -287.489410 29.079100
v -107.868958 -286.686584 29.079100
v -108.419281 -288.145355 29.079100
v -109.020691 -286.850037 29.079100
v -106.716316 -287.932526 21.035580
v -106.531181 -288.757538 21.238483
v -106.058846 -287.936340 21.299007
v -106.045250 -288.431641 21.381840
v -113.947083 -275.792694 33.070190
v -114.137558 -274.989868 33.070190
v -114.687874 -276.448639 33.070190
v -115.289261 -275.153290 33.070190
v -114.942894 -278.120117 28.034086
v -114.809616 -278.838074 28.492811
v -114.253410 -278.153351 28.164042
v -114.275711 -278.579926 28.420454
v -140.005600 -172.421371 11.863079
v -139.215546 -172.640411 11.956112
v -140.201859 -171.510681 11.529831
v -138.779709 -171.623947 11.595516
v -139.073654 -173.751511 6.378819
v -139.784485 -173.694885 6.345985
v -139.291519 -174.259567 6.559055
v -139.686386 -174.150085 6.512554
v -145.204315 -176.267670 12.985233
v -145.189987 -177.202362 13.049976
v -144.268402 -175.703217 13.246288
v -143.934311 -177.276733 13.453773
v -142.189041 -177.353912 6.620071
v -142.345337 -176.618057 6.523026
v -142.776230 -177.319122 6.431240
v -142.782974 -176.882034 6.400955
v 7.806740 -170.047577 16.772427
v 8.610565 -170.177780 16.639385
v 7.456390 -169.129684 16.655499
v 8.853912 -169.073395 16.366791
v 6.087860 -171.823380 4.347290
v 5.430557 -171.849869 4.483082
v 5.973389 -172.342819 4.475506
v 5.595345 -172.281570 4.538071
v -99.743141 -288.065277 25.193838
v -99.933601 -287.262451 25.193838
v -100.483879 -288.721222 25.193838
v -101.085297 -287.425873 25.193838
v -101.854118 -287.550690 18.390415
v -101.463364 -288.392334 18.390415
v -101.105789 -287.444458 18.390415
v -100.982048 -287.966125 18.390415
v -111.850113 -282.282684 31.076971
v -112.040565 -281.479858 31.076971
v -112.590881 -282.938629 31.076971
v -113.192299 -281.643280 31.076971
v -111.019531 -283.625427 24.075270
v -110.934929 -284.328186 24.480406
v -110.425026 -283.606598 24.371012
v -110.462440 -284.031738 24.570593
v -111.556770 -282.929718 25.834356
v -111.456062 -283.472290 26.181005
v -111.035759 -282.954834 25.932562
v -111.052582 -283.277191 26.126326
v -106.788940 -287.959717 21.330341
v -106.704376 -288.662445 21.735477
v -106.194412 -287.940887 21.626087
v -106.231888 -288.366028 21.825672
v -104.452187 -287.873932 18.257206
v -104.576721 -288.565369 18.655773
v -104.054420 -287.866028 18.781193
v -104.188339 -288.282776 18.942936
v -101.130341 -287.620605 17.047031
v -101.466057 -288.413025 17.369976
v -101.193932 -287.542755 17.788975
v -101.386299 -288.030579 17.872898
v -100.985626 -287.349731 12.202732
v -100.420639 -288.910767 12.782978
v -100.092415 -287.088867 13.291710
v -99.885445 -288.065796 13.478741
v -99.412712 -286.845367 7.499935
v -97.925835 -290.953400 7.499935
v -97.062042 -286.158783 7.499935
v -96.517426 -288.729797 7.499935
v -25.780148 -288.343262 29.079088
v -25.373264 -287.625488 29.079088
v -25.251858 -289.179871 29.079088
v -24.312897 -288.103821 29.079088
v -26.827797 -288.500275 21.035564
v -27.235794 -289.240875 21.238468
v -27.460220 -288.320465 21.299000
v -27.611485 -288.792297 21.381832
v -16.496613 -278.860443 33.070175
v -16.089668 -278.142670 33.070175
v -15.968288 -279.697052 33.070175
v -15.029312 -278.621002 33.070175
v -16.189827 -281.373322 28.034075
v -16.518169 -282.025543 28.492800
v -16.861198 -281.212830 28.164030
v -16.958824 -281.628662 28.420443
v -33.561012 -286.681885 25.193827
v -33.154072 -285.964111 25.193827
v -33.032745 -287.518463 25.193827
v -32.093742 -286.442413 25.193827
v -31.390297 -286.776794 18.390408
v -32.000385 -287.475983 18.390408
v -32.079250 -286.465973 18.390408
v -32.343636 -286.932404 18.390408
v -20.321320 -284.507477 31.076960
v -19.914406 -283.789703 31.076960
v -19.793022 -285.344086 31.076960
v -18.854042 -284.268005 31.076960
v -21.493622 -285.565094 24.075258
v -21.770966 -286.216339 24.480394
v -22.059235 -285.381134 24.371000
v -22.141956 -285.799805 24.570581
v -20.783581 -285.046936 25.834345
v -21.031700 -285.539856 26.180994
v -21.290905 -284.925659 25.932550
v -21.364685 -285.239929 26.126314
v -26.765640 -288.546661 21.330334
v -27.042938 -289.197876 21.735470
v -27.331284 -288.362671 21.626080
v -27.413944 -288.781372 21.825657
v -28.985619 -287.812225 18.257191
v -29.058990 -288.510925 18.655766
v -29.365383 -287.693634 18.781185
v -29.353085 -288.131195 18.942921
v -32.104824 -286.641968 17.047024
v -32.003571 -287.496613 17.369968
v -32.022026 -286.584961 17.788967
v -31.973442 -287.107086 17.872883
v -32.168205 -286.341461 12.202724
v -33.146351 -287.682831 12.782967
v -32.953136 -285.841736 13.291698
v -33.424511 -286.722076 13.478733
v -33.537876 -285.418243 7.499928
v -36.112064 -288.948151 7.499928
v -35.603584 -284.102966 7.499928
v -36.844009 -286.419861 7.499928
v -65.584381 -181.876221 5.701836
v -65.584381 -181.876221 17.018284
v -65.970306 -181.876221 17.018284
v -65.970306 -181.876221 5.701836
v -65.584381 -181.143448 5.701836
v -65.584381 -181.143448 17.018284
v -65.970306 -181.143448 17.018284
v -65.970306 -181.143448 5.701836
v -65.905891 -181.260620 16.809498
v -66.158203 -182.242218 16.776249
v -67.145729 -182.509094 16.784634
v -67.869881 -181.800751 16.831593
v -67.606476 -180.825546 16.870167
v -66.630020 -180.552277 16.856457
v -66.424858 -181.996567 17.584476
v -66.274048 -181.409836 17.604351
v -67.008499 -182.159897 17.592670
v -67.441330 -181.736511 17.620739
v -67.290512 -181.149796 17.640614
v -66.706871 -180.986465 17.632420
v -66.133545 -182.281525 17.749172
v -65.881233 -181.299911 17.782421
v -67.121078 -182.548386 17.757549
v -67.834145 -181.846451 17.809834
v -67.581825 -180.864838 17.843082
v -66.605370 -180.591568 17.829380
v -67.841621 -181.896912 5.701836
v -67.841621 -181.896912 17.018284
v -68.215965 -181.803085 17.018284
v -68.215965 -181.803085 5.701836
v -67.663467 -181.186127 5.701836
v -67.663467 -181.186127 17.018284
v -68.037811 -181.092300 17.018284
v -68.037811 -181.092300 5.701836
v -643.802979 -311.942383 43.082508
v -635.866882 -325.576080 43.082508
v -644.624939 -312.420837 43.773491
v -636.688782 -326.054535 43.773491
v -644.310974 -312.238068 44.891525
v -636.374817 -325.871765 44.891525
v -643.294983 -311.646667 44.891525
v -635.358887 -325.280396 44.891525
v -642.981079 -311.463928 43.773491
v -635.044922 -325.097626 43.773491
v -626.650391 -292.793884 43.082508
v -612.602783 -299.971954 43.082508
v -627.083130 -293.640808 43.773491
v -613.035522 -300.818848 43.773491
v -626.917847 -293.317322 44.891525
v -612.870239 -300.495361 44.891525
v -626.382935 -292.270508 44.891525
v -612.335327 -299.448547 44.891525
v -626.217651 -291.947021 43.773491
v -612.170044 -299.125061 43.773491
v -622.621094 -267.056427 43.082508
v -606.935486 -265.376221 43.082508
v -622.519775 -268.002075 43.773491
v -606.834167 -266.321869 43.773491
v -622.558472 -267.640869 44.891525
v -606.872925 -265.960663 44.891525
v -622.683655 -266.471985 44.891525
v -606.998108 -264.791809 44.891525
v -622.722351 -266.110779 43.773491
v -607.036804 -264.430573 43.773491
v -649.224487 -302.868927 64.249146
v -641.288330 -316.502625 64.249146
v -650.046448 -303.347382 64.940125
v -642.110291 -316.981079 64.940125
v -649.732483 -303.164612 66.058159
v -641.796326 -316.798309 66.058159
v -648.716492 -302.573212 66.058159
v -640.780334 -316.206909 66.058159
v -648.402527 -302.390472 64.940125
v -640.466370 -316.024170 64.940125
v -635.008545 -288.351288 64.249146
v -620.960876 -295.529358 64.249146
v -635.441284 -289.198212 64.940125
v -621.393616 -296.376251 64.940125
v -635.276001 -288.874695 66.058159
v -621.228333 -296.052765 66.058159
v -634.741089 -287.827881 66.058159
v -620.693420 -295.005920 66.058159
v -634.575745 -287.504395 64.940125
v -620.528137 -294.682434 64.940125
v -632.334595 -267.997681 64.249146
v -616.648987 -266.317444 64.249146
v -632.233276 -268.943329 64.940125
v -616.547668 -267.263123 64.940125
v -632.271973 -268.582092 66.058159
v -616.586365 -266.901886 66.058159
v -632.397156 -267.413239 66.058159
v -616.711609 -265.733032 66.058159
v -632.435852 -267.052032 64.940125
v -616.750305 -265.371826 64.940125
v -601.833435 -195.935379 34.492676
v -601.833496 -195.935410 50.267979
v -602.521240 -196.888779 34.492676
v -602.521240 -196.888809 50.267979
v -603.640503 -196.529282 34.492676
v -603.640503 -196.529343 50.267979
v -603.644470 -195.353745 34.492676
v -603.644470 -195.353775 50.267979
v -602.527649 -194.986679 34.492676
v -602.527710 -194.986710 50.267979
v -605.364441 -206.636887 39.744034
v -606.278076 -206.372696 40.435013
v -605.929077 -206.473602 41.553047
v -604.799805 -206.800156 41.553047
v -604.450806 -206.901062 40.435013
v -619.027100 -250.463577 40.435207
v -618.113464 -250.727768 39.744225
v -618.678101 -250.564484 41.553242
v -617.548828 -250.891022 41.553242
v -617.199829 -250.991943 40.435207
v -744.327759 -161.697769 54.821568
v -744.410706 -160.744781 55.504913
v -744.318848 -161.091476 56.624443
v -744.179138 -162.258636 56.633007
v -744.184631 -162.633362 55.518768
v -827.177979 -170.626541 59.236259
v -827.095032 -171.579483 58.552914
v -827.086121 -170.973221 60.355793
v -826.946411 -172.140396 60.364357
v -826.951843 -172.515106 59.250118
vn -0.0000 -1.0000 -0.0000
vn -0.3282 -0.5000 -0.8015
vn -0.3282 0.5000 -0.8015
vn -0.0000 1.0000 -0.0000
vn 0.3282 0.5000 0.8015
vn 0.9254 -0.0000 -0.3790
vn -0.9254 -0.0000 0.3789
vn 0.3282 -0.5000 0.8014
vn 0.0035 1.0000 -0.0000
vn 0.3299 0.4988 -0.8015
vn 0.3264 -0.5011 -0.8015
vn -0.0035 -1.0000 -0.0000
vn -0.3299 -0.4988 0.8015
vn -0.9254 0.0032 -0.3789
vn 0.9254 -0.0032 0.3789
vn -0.3264 0.5011 0.8014
vn -1.0000 0.0035 0.0001
vn -0.4989 0.3299 -0.8014
vn 0.5012 0.3264 -0.8014
vn 1.0000 -0.0035 -0.0000
vn 0.4988 -0.3299 0.8015
vn -0.0032 -0.9254 -0.3789
vn 0.0032 0.9254 0.3789
vn -0.5012 -0.3264 0.8014
vn 0.4989 -0.3299 -0.8014
vn -0.5011 -0.3264 -0.8015
vn -1.0000 0.0035 -0.0000
vn -0.4989 0.3299 0.8014
vn 0.0032 0.9254 -0.3789
vn -0.0032 -0.9254 0.3789
vn 0.5011 0.3264 0.8014
vn 0.6762 -0.7367 -0.0000
vn 0.0963 -0.5903 -0.8014
vn -0.5799 0.1464 -0.8014
vn -0.6762 0.7367 -0.0000
vn -0.0963 0.5902 0.8015
vn 0.6818 0.6258 -0.3789
vn -0.6818 -0.6258 0.3789
vn 0.5798 -0.1464 0.8015
vn -0.6736 0.7391 -0.0000
vn -0.0943 0.5906 -0.8015
vn 0.5793 -0.1485 -0.8014
vn 0.6736 -0.7391 -0.0000
vn 0.0943 -0.5906 0.8015
vn -0.6840 -0.6234 -0.3789
vn 0.6840 0.6234 0.3789
vn -0.5794 0.1485 0.8014
vn -0.7391 -0.6736 -0.0000
vn -0.5906 -0.0943 -0.8014
vn 0.1485 0.5793 -0.8015
vn 0.7391 0.6736 -0.0000
vn 0.5906 0.0943 0.8015
vn 0.6234 -0.6840 -0.3789
vn -0.6234 0.6840 0.3789
vn -0.1485 -0.5794 0.8014
vn 0.5906 0.0943 -0.8014
vn -0.1485 -0.5793 -0.8015
vn -0.5906 -0.0943 0.8015
vn -0.6234 0.6840 -0.3789
vn 0.6234 -0.6840 0.3789
vn 0.1485 0.5793 0.8015
vn 0.6273 -0.7775 -0.0457
vn -0.3600 -0.9329 -0.0111
vn -0.9872 -0.1554 0.0345
vn -0.6273 0.7775 0.0457
vn 0.3600 0.9329 0.0111
vn -0.0392 0.0270 -0.9989
vn 0.0392 -0.0270 0.9989
vn 0.9872 0.1554 -0.0345
vn 0.1050 -0.9934 -0.0457
vn -0.8086 -0.5883 -0.0111
vn -0.9136 0.4051 0.0345
vn -0.1050 0.9934 0.0457
vn 0.8086 0.5883 0.0111
vn -0.0183 0.0440 -0.9989
vn 0.0183 -0.0440 0.9989
vn 0.9136 -0.4051 -0.0345
vn -0.3706 -0.9277 -0.0457
vn -0.9896 -0.1431 -0.0111
vn -0.6190 0.7846 0.0345
vn 0.3706 0.9277 0.0457
vn 0.9896 0.1431 0.0111
vn 0.0044 0.0474 -0.9989
vn -0.0044 -0.0474 0.9989
vn 0.6190 -0.7846 -0.0345
vn 0.2602 -0.9645 -0.0455
vn -0.6996 -0.7145 -0.0111
vn -0.9652 0.2593 0.0349
vn -0.2686 0.9622 0.0457
vn 0.6996 0.7144 0.0111
vn -0.0207 0.0451 -0.9988
vn 0.0253 -0.0403 0.9989
vn 0.9682 -0.2477 -0.0346
vn -0.4267 -0.0965 0.8992
vn -0.2599 0.3411 0.9034
vn 0.2014 0.4078 0.8906
vn 0.4834 0.0465 0.8742
vn 0.3186 -0.3757 0.8703
vn -0.1302 -0.4518 0.8825
vn -0.4108 0.1504 0.8992
vn -0.0332 0.4275 0.9034
vn 0.3904 0.2333 0.8906
vn 0.4313 -0.2232 0.8742
vn 0.0638 -0.4885 0.8703
vn -0.3546 -0.3089 0.8825
vn -0.2931 0.3247 0.8992
vn 0.1701 0.3936 0.9034
vn 0.4541 0.0242 0.8906
vn 0.2773 -0.3986 0.8742
vn -0.1715 -0.4618 0.8703
vn -0.4578 -0.1078 0.8825
vn -0.4301 0.0801 0.8992
vn -0.1038 0.4161 0.9034
vn 0.3359 0.2838 0.8981
vn 0.4624 -0.1484 0.8742
vn 0.1441 -0.4711 0.8702
vn -0.2983 -0.3635 0.8825
vn -0.3282 -0.5000 -0.8014
vn -0.3282 0.5000 -0.8014
vn 0.3282 0.5000 0.8014
vn 0.9254 -0.0000 -0.3789
vn -0.9254 -0.0000 0.3790
vn -0.9255 -0.0000 0.3789
vn 0.3299 0.4989 -0.8014
vn 0.3264 -0.5012 -0.8014
vn -0.3299 -0.4989 0.8014
vn -0.9254 0.0032 -0.3790
vn -0.9254 0.0033 -0.3789
vn -1.0000 0.0035 -0.0001
vn 0.5011 0.3264 -0.8014
vn 1.0000 -0.0035 -0.0001
vn 0.4989 -0.3299 0.8014
vn -0.4988 0.3299 0.8015
vn -0.0032 -0.9254 0.3790
vn 0.5012 0.3264 0.8014
vn 0.0964 -0.5903 -0.8014
vn -0.5799 0.1465 -0.8015
vn -0.6762 0.7367 -0.0001
vn -0.0963 0.5903 0.8014
vn 0.6818 0.6258 -0.3790
vn -0.6818 -0.6258 0.3790
vn 0.5799 -0.1465 0.8014
vn -0.0943 0.5906 -0.8014
vn 0.5794 -0.1485 -0.8014
vn -0.6839 -0.6234 -0.3789
vn 0.6839 0.6234 0.3790
vn 0.6839 0.6234 0.3789
vn -0.5793 0.1485 0.8014
vn 0.1485 0.5794 -0.8014
vn 0.5906 0.0943 0.8014
vn -0.6234 0.6840 0.3790
vn -0.1485 -0.5794 -0.8014
vn -0.5906 -0.0943 0.8014
vn -0.6234 0.6839 -0.3790
vn 0.1485 0.5794 0.8014
vn -0.9872 -0.1554 0.0346
vn 0.0392 -0.0271 0.9989
vn 0.9896 0.1431 0.0112
vn 0.6191 -0.7846 -0.0345
vn -0.7018 -0.7123 -0.0076
vn -0.9678 0.2472 0.0469
vn 0.6996 0.7145 0.0111
vn -0.0253 0.0403 -0.9989
vn 0.0253 -0.0404 0.9989
vn 0.9682 -0.2477 -0.0345
vn 0.2013 0.4077 0.8906
vn 0.3186 -0.3757 0.8702
vn -0.1302 -0.4519 0.8825
vn 0.0638 -0.4885 0.8702
vn 0.2773 -0.3987 0.8742
vn -0.1715 -0.4618 0.8702
vn -0.4577 -0.1078 0.8825
vn -0.1042 0.4140 0.9043
vn 0.3488 0.2879 0.8919
vn 0.4624 -0.1485 0.8742
vn 0.1440 -0.4711 0.8703
vn -0.0420 0.9910 -0.1274
vn 0.6688 -0.0000 -0.7434
vn -0.2127 0.9732 -0.0870
vn 0.2412 -0.7212 -0.6494
vn -0.7513 0.6555 0.0766
vn 0.1142 0.9868 -0.1152
vn 0.0666 -0.9793 -0.1910
vn 0.0937 -0.4464 -0.8899
vn 0.6017 0.3299 -0.7274
vn 0.6234 -0.7736 -0.1135
vn -0.0000 -0.0000 1.0000
vn 0.9556 -0.0000 -0.2946
vn 0.0736 -0.9158 -0.3948
vn 0.7923 -0.0000 -0.6101
vn 0.1505 -0.6720 -0.7251
vn -0.1567 0.9714 -0.1782
vn 0.7641 -0.0000 -0.6451
vn -0.3286 0.9035 -0.2751
vn 0.0004 0.0004 1.0000
vn 0.3889 0.4551 -0.8010
vn -0.0439 0.9932 -0.1078
vn -0.1858 0.5752 -0.7966
vn 0.2373 -0.7064 -0.6669
vn -0.6973 0.6537 -0.2939
vn 0.0850 0.9825 0.1657
vn 0.0615 -0.9900 -0.1272
vn 0.1256 -0.7048 -0.6982
vn 0.7982 0.3497 -0.4906
vn 0.5966 -0.6965 -0.3986
vn 0.0478 -0.9921 -0.1158
vn 0.1646 -0.9702 -0.1780
vn -0.1769 0.8525 0.4920
vn -0.3441 0.8778 0.3332
vn 0.4955 0.5057 -0.7062
vn 0.0492 -0.0000 -0.9988
vn 0.0147 -0.0000 -0.9999
vn 0.0167 -0.0000 -0.9999
vn -0.0469 -0.0000 -0.9989
vn -0.0772 0.0507 -0.9957
vn -0.0270 0.0790 -0.9965
vn -0.0287 -0.0037 -0.9996
vn -0.0350 0.0369 -0.9987
vn 0.0146 0.0164 -0.9998
vn 0.2683 -0.9631 -0.0186
vn -0.7000 -0.7142 -0.0045
vn -0.9690 0.2469 0.0140
vn -0.2683 0.9631 0.0186
vn 0.7000 0.7142 0.0045
vn -0.1154 0.1840 -0.9761
vn 0.1155 -0.1840 0.9761
vn 0.9690 -0.2468 -0.0140
vn -0.6479 0.0464 0.7603
vn -0.1191 0.6091 0.7841
vn 0.5865 0.3778 0.7165
vn 0.7061 -0.2840 0.6486
vn 0.2465 -0.7323 0.6347
vn -0.3963 -0.6158 0.6809
vn -0.9690 0.2468 0.0140
vn 0.1154 -0.1840 0.9761
vn 0.5864 0.3778 0.7165
vn 0.2465 -0.7324 0.6347
vn -0.3963 -0.6158 0.6810
vn -0.3772 -0.9261 -0.0097
vn -0.9855 -0.1694 -0.0024
vn -0.6401 0.7682 0.0074
vn 0.3461 0.9382 0.0098
vn 0.9857 0.1682 0.0081
vn 0.0142 0.2167 -0.9761
vn -0.0142 -0.2168 0.9761
vn 0.6462 -0.7632 -0.0091
vn -0.4542 0.3502 0.8192
vn 0.2234 0.4487 0.8653
vn 0.6966 -0.0372 0.7165
vn 0.4060 -0.6438 0.6486
vn -0.2291 -0.7380 0.6347
vn -0.6730 -0.2822 0.6837
vn 0.9894 0.1451 0.0021
vn 0.0142 0.2168 -0.9761
vn 0.0490 0.2442 -0.9685
vn -0.0305 0.2323 -0.9722
vn -0.0142 -0.2167 0.9761
vn -0.0141 -0.2168 0.9761
vn 0.6401 -0.7682 -0.0074
vn 0.3120 0.5162 0.7976
vn -0.2290 -0.7380 0.6347
vn -0.6562 -0.2680 0.7054
vn -0.3461 -0.9382 -0.0098
vn 0.9855 0.1694 0.0024
vn -0.4980 0.4170 0.7603
vn 0.2602 0.5635 0.7841
vn -0.6819 -0.2671 0.6809
vn -0.6819 -0.2671 0.6810
vn -0.3466 -0.9378 -0.0200
vn -0.9856 -0.1689 -0.0049
vn -0.7321 0.6778 0.0675
vn 0.0432 0.9926 -0.1139
vn 0.9856 0.1689 0.0049
vn -0.1379 0.1896 -0.9721
vn 0.6410 -0.7674 -0.0151
vn -0.6410 0.7674 0.0151
vn 0.3466 0.9378 0.0200
vn 0.0564 0.2234 -0.9731
vn 0.0351 0.1926 -0.9806
vn -0.0013 0.1762 -0.9844
vn -0.3454 -0.9382 -0.0215
vn -0.9854 -0.1699 -0.0052
vn -0.6392 0.7689 0.0138
vn 0.3455 0.9383 0.0182
vn 0.9854 0.1699 0.0050
vn -0.0000 -0.0000 -1.0000
vn 0.6392 -0.7689 -0.0156
vn -0.3467 -0.9377 -0.0222
vn -0.9856 -0.1689 -0.0047
vn -0.6409 0.7675 0.0147
vn 0.3466 0.9378 0.0187
vn 0.9856 0.1690 0.0045
vn 0.6411 -0.7672 -0.0168
vn -0.2241 -0.9743 -0.0215
vn -0.9561 -0.2931 -0.0052
vn -0.7313 0.6819 0.0138
vn 0.2241 0.9744 0.0182
vn 0.9561 0.2931 0.0050
vn 0.0133 -0.2168 0.9761
vn 0.7313 -0.6819 -0.0156
vn -0.5467 0.3507 0.7603
vn 0.1868 0.5918 0.7841
vn 0.6957 0.0512 0.7165
vn 0.4841 -0.5873 0.6486
vn -0.1339 -0.7610 0.6347
vn -0.6427 -0.3512 0.6809
vn -0.2254 -0.9740 -0.0222
vn -0.9564 -0.2922 -0.0047
vn -0.7328 0.6803 0.0147
vn 0.2252 0.9741 0.0187
vn 0.9563 0.2922 0.0045
vn 0.0134 -0.2168 0.9761
vn 0.7330 -0.6800 -0.0168
vn -0.1339 -0.7611 0.6347
vn -0.6426 -0.3511 0.6810
vn 0.5198 0.8540 -0.0215
vn 0.9997 -0.0232 -0.0052
vn 0.4790 -0.8777 0.0138
vn -0.5198 -0.8541 0.0182
vn -0.9997 0.0232 0.0050
vn 0.0557 0.2100 0.9761
vn -0.4790 0.8777 -0.0156
vn 0.4083 -0.5051 0.7603
vn -0.3639 -0.5028 0.7841
vn -0.6764 0.1707 0.7165
vn -0.2743 0.7099 0.6486
vn 0.3670 0.6800 0.6347
vn 0.7206 0.1307 0.6809
vn 0.5209 0.8533 -0.0222
vn 0.9997 -0.0242 -0.0047
vn 0.4810 -0.8766 0.0147
vn -0.5208 -0.8535 0.0187
vn -0.9997 0.0241 0.0045
vn 0.0557 0.2099 0.9761
vn 0.0556 0.2100 0.9761
vn -0.4813 0.8764 -0.0168
vn 0.3670 0.6801 0.6347
vn 0.7206 0.1307 0.6810
vn 0.2971 0.9463 -0.1274
vn -0.9025 0.1677 -0.3967
vn 0.1242 0.8802 -0.4580
vn 0.0925 0.9885 -0.1200
vn -0.0724 -0.9937 -0.0853
vn -0.0181 -0.8340 -0.5515
vn -0.0138 -0.0004 0.9999
vn 0.9874 0.0127 -0.1578
vn 0.1157 -0.9884 -0.0982
vn 0.0030 0.0037 1.0000
vn 0.9624 -0.1826 -0.2009
vn 0.0087 -0.0058 0.9999
vn 0.0111 0.9948 -0.1012
vn -0.3460 -0.9247 -0.1589
vn -0.0108 0.0079 0.9999
vn 0.6258 -0.2092 -0.7514
vn 0.2948 0.9510 -0.0935
vn 0.1531 0.9561 -0.2498
vn 0.0902 0.9911 -0.0978
vn -0.0686 -0.9905 -0.1192
vn -0.0418 -0.9189 -0.3923
vn 0.1179 -0.9857 -0.1203
vn 0.0067 0.9885 -0.1509
vn -0.3442 -0.9325 -0.1097
vn 0.0238 0.0005 -0.9997
vn 0.0028 -0.0048 -1.0000
vn -0.0195 0.0078 -0.9998
vn 0.0248 -0.0125 -0.9996
vn 0.2728 -0.9597 0.0670
vn -0.6534 -0.7226 -0.2257
vn -0.9268 0.2350 -0.2929
vn -0.2728 0.9597 -0.0670
vn 0.6534 0.7226 0.2257
vn 0.1967 0.1867 -0.9625
vn -0.1966 -0.1867 0.9625
vn 0.9268 -0.2350 0.2929
vn -0.8555 0.0352 0.5165
vn -0.3687 0.6043 0.7064
vn 0.3250 0.3819 0.8652
vn 0.4685 -0.2782 0.8385
vn 0.0427 -0.7320 0.6800
vn -0.5833 -0.6235 0.5206
vn -0.1967 -0.1867 0.9625
vn -0.8555 0.0353 0.5165
vn -0.5833 -0.6235 0.5207
vn -0.3131 -0.9422 -0.1189
vn -0.9320 -0.1814 -0.3138
vn -0.6195 0.7604 -0.1952
vn 0.3131 0.9422 0.1189
vn 0.9320 0.1814 0.3138
vn 0.3192 0.2210 -0.9215
vn -0.3192 -0.2210 0.9216
vn 0.6195 -0.7604 0.1952
vn -0.7181 0.4077 0.5640
vn -0.0083 0.5633 0.8262
vn 0.4349 -0.0318 0.8999
vn 0.1884 -0.6415 0.7436
vn -0.4084 -0.7434 0.5296
vn -0.8587 -0.2782 0.4304
vn 0.3192 0.2211 -0.9215
vn 0.3192 0.2210 -0.9216
vn 0.4348 -0.0318 0.8999
vn -0.9381 0.3080 -0.1585
vn 0.9712 -0.1780 -0.1585
vn -0.9486 -0.0122 -0.3161
vn -0.9703 0.1825 -0.1585
vn -0.2971 -0.9463 -0.1274
vn 0.9025 -0.1677 -0.3967
vn -0.1242 -0.8802 -0.4580
vn -0.0925 -0.9885 -0.1200
vn 0.0724 0.9937 -0.0853
vn 0.0181 0.8340 -0.5515
vn 0.0138 0.0004 0.9999
vn -0.9874 -0.0127 -0.1578
vn -0.1157 0.9884 -0.0982
vn -0.0030 -0.0037 1.0000
vn -0.9624 0.1826 -0.2009
vn -0.0087 0.0058 0.9999
vn -0.0111 -0.9948 -0.1012
vn 0.3460 0.9247 -0.1589
vn 0.0108 -0.0079 0.9999
vn -0.6258 0.2092 -0.7514
vn -0.2948 -0.9510 -0.0935
vn -0.1531 -0.9561 -0.2498
vn -0.0902 -0.9911 -0.0978
vn 0.0686 0.9905 -0.1192
vn 0.0418 0.9189 -0.3923
vn -0.1179 0.9857 -0.1203
vn -0.0067 -0.9885 -0.1509
vn 0.3442 0.9325 -0.1097
vn -0.0238 -0.0005 -0.9997
vn -0.0028 0.0048 -1.0000
vn 0.0195 -0.0078 -0.9998
vn -0.0248 0.0125 -0.9996
vn 0.9381 -0.3080 -0.1585
vn -0.9712 0.1780 -0.1585
vn 0.9486 0.0122 -0.3161
vn 0.9703 -0.1825 -0.1585
vn 0.2983 0.9499 -0.0934
vn -0.9038 0.1838 -0.3864
vn 0.1239 0.8964 -0.4256
vn 0.0938 0.9921 -0.0836
vn -0.0746 -0.9897 -0.1218
vn -0.0220 -0.8129 -0.5820
vn -0.0096 -0.0375 0.9993
vn 0.9867 0.0169 -0.1614
vn 0.1134 -0.9843 -0.1353
vn 0.0072 -0.0335 0.9994
vn 0.9612 -0.1766 -0.2117
vn 0.0129 -0.0430 0.9990
vn 0.0125 0.9979 -0.0643
vn -0.3483 -0.9176 -0.1916
vn -0.0066 -0.0292 0.9996
vn 0.6222 -0.1822 -0.7613
vn 0.2961 0.9533 -0.0594
vn 0.1538 0.9645 -0.2147
vn 0.0916 0.9939 -0.0613
vn -0.0709 -0.9853 -0.1556
vn -0.0452 -0.9036 -0.4260
vn 0.1156 -0.9808 -0.1574
vn 0.0079 0.9934 -0.1141
vn -0.3464 -0.9272 -0.1428
vn 0.0196 0.0376 -0.9991
vn -0.0014 0.0324 -0.9995
vn -0.0237 0.0450 -0.9987
vn 0.0205 0.0246 -0.9995
vn -0.9382 0.3152 -0.1430
vn 0.9702 -0.1736 -0.1692
vn -0.9500 0.0012 -0.3123
vn -0.9707 0.1899 -0.1475
vn -0.1760 0.9761 -0.1274
vn 0.1988 -0.9613 -0.1910
vn 0.7850 0.1074 -0.6101
vn -0.1781 0.9781 -0.1078
vn 0.1951 -0.9725 -0.1272
vn 0.0146 0.0020 -0.9999
vn -0.2157 -0.9764 -0.0098
vn -0.9535 -0.3014 -0.0024
vn -0.7383 0.6744 0.0074
vn 0.2157 0.9764 0.0098
vn 0.9535 0.3014 0.0024
vn -0.0153 0.2167 -0.9761
vn 0.0153 -0.2167 0.9761
vn 0.7383 -0.6744 -0.0074
vn -0.5499 0.3456 0.7603
vn 0.1814 0.5935 0.7841
vn 0.6952 0.0576 0.7165
vn 0.4895 -0.5828 0.6486
vn -0.1269 -0.7622 0.6347
vn -0.6394 -0.3571 0.6810
vn 0.0153 -0.2166 0.9761
vn 0.0154 -0.2167 0.9761
vn -0.6394 -0.3570 0.6810
vn -0.2163 -0.9761 -0.0200
vn -0.9536 -0.3009 -0.0049
vn -0.8172 0.5724 0.0675
vn -0.0918 0.9892 -0.1139
vn 0.9536 0.3009 0.0049
vn -0.1623 0.1692 -0.9721
vn 0.7391 -0.6735 -0.0151
vn 0.6953 0.0576 0.7165
vn -0.6394 -0.3571 0.6809
vn -0.7391 0.6735 0.0151
vn 0.2163 0.9761 0.0200
vn 0.0256 0.2289 -0.9731
vn 0.0087 0.1956 -0.9806
vn -0.0252 0.1744 -0.9844
vn -0.2729 0.8493 -0.4519
vn 0.8948 0.0187 -0.4460
vn -0.2382 -0.8512 -0.4676
vn -0.8868 0.4112 -0.2109
vn 0.7870 -0.5809 -0.2079
vn -0.1402 -0.9667 -0.2143
vn 0.6485 0.7278 -0.2233
vn -0.8831 0.1615 -0.4406
vn -0.8830 0.1615 -0.4406
vn -0.8942 0.4146 -0.1689
vn 0.7933 -0.5856 -0.1664
vn -0.1414 -0.9750 -0.1716
vn 0.6545 0.7346 -0.1789
vn -0.1596 -0.9788 -0.1284
vn 0.3526 0.9272 -0.1265
vn 0.9833 0.1270 -0.1305
vn -0.8898 0.4357 -0.1361
vn -0.9468 -0.2935 -0.1320
vn 0.9867 0.0978 -0.1300
vn 0.5519 -0.8231 -0.1341
vn -0.0068 0.9901 -0.1400
vn 0.6653 0.7466 -0.0000
vn 0.9998 0.0209 -0.0000
vn 0.9918 0.1281 -0.0000
vn 0.9951 0.0986 -0.0000
vn 0.8045 -0.5939 -0.0000
vn -0.8981 0.4397 -0.0000
vn -0.9552 -0.2960 -0.0000
vn -0.9072 0.4206 -0.0000
vn -0.1435 -0.9896 -0.0000
vn 0.3554 0.9347 -0.0000
vn -0.3060 0.9520 -0.0000
vn -0.1609 -0.9870 -0.0000
vn -0.2695 -0.9630 -0.0000
vn 0.5569 -0.8306 -0.0000
vn -0.0068 1.0000 -0.0000
vn -0.9837 0.1799 -0.0000
vn -0.8981 0.4398 -0.0000
vn -0.9064 0.4202 -0.0434
vn 0.8038 -0.5933 -0.0427
vn -0.1434 -0.9887 -0.0441
vn 0.6646 0.7458 -0.0460
vn -0.9068 0.4204 -0.0319
vn 0.8041 -0.5936 -0.0314
vn -0.1435 -0.9891 -0.0325
vn 0.6649 0.7462 -0.0339
vn -0.9071 0.4206 -0.0144
vn 0.8045 -0.5938 -0.0142
vn -0.1435 -0.9895 -0.0146
vn 0.6652 0.7465 -0.0153
vn -0.8090 0.5504 -0.2065
vn 0.7905 -0.5835 0.1860
vn -0.3173 -0.9250 0.2092
vn 0.6555 0.7356 -0.1709
vn -0.7333 0.6737 0.0915
vn 0.0267 0.0175 -0.9995
vn -0.3155 -0.8413 0.4390
vn 0.5722 0.6422 -0.5100
vn -0.9063 0.4202 -0.0458
vn 0.8037 -0.5933 -0.0451
vn -0.1434 -0.9886 -0.0465
vn 0.6645 0.7457 -0.0486
vn -0.9063 0.4202 -0.0443
vn 0.8038 -0.5933 -0.0436
vn -0.1434 -0.9886 -0.0450
vn 0.6645 0.7458 -0.0470
vn -0.9070 0.4205 -0.0216
vn 0.8044 -0.5938 -0.0213
vn -0.1435 -0.9894 -0.0220
vn 0.6651 0.7464 -0.0229
vn -0.9018 0.4181 0.1096
vn 0.7927 -0.5851 -0.1713
vn -0.1423 -0.9812 -0.1305
vn 0.6653 0.7466 -0.0023
vn -0.7891 0.5834 -0.1922
vn 0.7943 -0.5863 0.1592
vn -0.3366 -0.8854 0.3206
vn 0.6329 0.7103 -0.3081
vn 0.8038 -0.5934 -0.0427
vn 0.6645 0.7458 -0.0460
vn 0.8042 -0.5936 -0.0314
vn -0.8891 0.4122 -0.1991
vn 0.6776 -0.7077 0.2001
vn -0.1402 -0.9669 0.2131
vn 0.7950 0.5893 -0.1439
vn -0.8920 0.4135 0.1826
vn 0.5909 -0.8062 -0.0288
vn -0.1345 -0.9272 0.3496
vn 0.7255 0.4281 -0.5388
vn -0.8955 0.4152 -0.1602
vn 0.6399 -0.7404 0.2059
vn -0.1365 -0.9414 0.3083
vn 0.7985 0.5345 -0.2769
vn -0.9065 0.4203 0.0393
vn 0.8044 -0.5938 0.0173
vn -0.1378 -0.9498 0.2809
vn 0.6323 0.7096 -0.3109
vn 0.1198 -0.9910 0.0595
vn 0.0810 0.9922 -0.0943
vn 0.9054 0.3939 -0.1586
vn -0.9784 0.1714 0.1156
vn 0.1185 -0.9804 0.1576
vn 0.0798 0.9780 -0.1926
vn 0.8985 0.3909 -0.1999
vn -0.9800 0.1717 0.1008
vn -0.9800 0.1716 0.1008
vn -0.8422 0.3711 -0.3912
vn 0.5094 0.1913 -0.8390
vn 0.7282 -0.4243 0.5383
vn -0.0431 -0.3749 0.9261
vn 0.6434 -0.3674 0.6716
vn -0.2705 -0.3773 0.8857
vn -0.7864 0.3168 -0.5303
vn 0.7291 0.2245 -0.6466
vn 0.4978 -0.6037 0.6226
vn -0.3833 -0.8827 0.2721
vn -0.7202 0.3683 -0.5880
vn 0.7621 0.6472 0.0195
vn -0.5375 -0.0256 -0.8429
vn 0.6781 0.7262 -0.1136
vn 0.2359 -0.2249 0.9454
vn -0.4174 -0.7217 0.5522
vn -0.8997 0.4171 -0.1287
vn 0.5587 0.8293 -0.0070
vn 0.7961 -0.5693 0.2053
vn -0.1417 -0.9767 0.1611
vn -0.8276 0.4755 -0.2982
vn 0.5455 0.8381 0.0065
vn 0.7445 -0.4640 0.4801
vn -0.1611 -0.8994 0.4064
vn 0.7291 0.2245 -0.6465
vn 0.6014 -0.5207 0.6059
vn -0.3309 -0.8965 0.2945
vn -0.6555 0.4328 -0.6189
vn 0.7454 0.6666 0.0059
vn -0.3875 0.0863 -0.9178
vn 0.6990 0.7130 0.0556
vn 0.4007 -0.0879 0.9120
vn -0.4803 -0.7261 0.4920
vn -0.8819 0.4500 -0.1406
vn 0.6647 0.7460 0.0411
vn 0.7870 -0.5809 0.2079
vn -0.0032 -0.9803 0.1976
vn -0.8702 0.3679 -0.3277
vn 0.5519 0.8339 0.0075
vn 0.6985 -0.5422 0.4670
vn 0.1171 -0.8472 0.5182
vn -0.6757 0.7176 0.1685
vn 0.2842 0.9584 0.0261
vn 0.9596 0.2430 -0.1422
vn 0.6757 -0.7176 -0.1685
vn -0.2842 -0.9584 -0.0261
vn 0.0074 -0.0231 -0.9997
vn -0.0074 0.0231 0.9997
vn -0.9596 -0.2430 0.1422
vn 0.7238 0.2024 0.6597
vn 0.5233 -0.5437 0.6562
vn -0.2093 -0.6706 0.7117
vn -0.6272 -0.1420 0.7658
vn -0.4332 0.4702 0.7690
vn 0.1886 0.6696 0.7184
vn 0.0073 -0.0231 -0.9997
vn -0.0073 0.0231 0.9997
vn -0.4332 0.4702 0.7689
vn 0.9855 0.0196 0.1685
vn 0.5200 -0.8538 0.0261
vn -0.4636 -0.8746 -0.1422
vn -0.9855 -0.0196 -0.1685
vn -0.5200 0.8538 -0.0261
vn -0.0221 0.0101 -0.9997
vn 0.0221 -0.0101 0.9997
vn 0.4636 0.8746 0.1422
vn -0.3355 -0.6725 0.6597
vn -0.7542 -0.0233 0.6562
vn -0.3569 0.6051 0.7117
vn 0.3155 0.5603 0.7658
vn 0.6393 0.0058 0.7690
vn 0.3700 -0.5891 0.7184
vn 0.0220 -0.0101 0.9997
vn 0.0221 -0.0100 0.9997
vn 0.3155 0.5604 0.7658
vn 0.6393 0.0058 0.7689
vn -0.6517 0.1505 -0.7434
vn 0.0045 0.6886 -0.7251
vn -0.0659 -0.9818 -0.1782
vn 0.0579 0.9823 -0.1780
vn -0.0195 -0.8704 0.4920
vn -0.0162 0.0038 -0.9999
vn 0.7270 -0.6866 -0.0000
vn 1.0000 -0.0016 -0.0001
vn 0.9999 0.0094 -0.0049
vn 1.0000 -0.0000 -0.0000
vn -0.5067 0.8621 -0.0000
vn -1.0000 0.0016 -0.0001
vn -0.9999 -0.0094 -0.0049
vn -1.0000 -0.0000 -0.0001
vn 0.7270 -0.6791 0.1017
vn 1.0000 -0.0000 -0.0009
vn 0.9999 0.0102 -0.0071
vn 1.0000 0.0017 -0.0010
vn -0.0000 0.1393 0.9902
vn -0.5067 0.8522 -0.1305
vn -1.0000 -0.0000 -0.0010
vn -1.0000 -0.0007 -0.0009
vn -1.0000 -0.0001 -0.0010
vn 0.7267 -0.6247 0.2857
vn 1.0000 0.0034 -0.0029
vn 0.9999 0.0113 -0.0118
vn 1.0000 0.0048 -0.0035
vn -0.0000 0.3790 0.9254
vn -0.5058 0.7744 -0.3801
vn -1.0000 -0.0000 -0.0021
vn -1.0000 -0.0011 -0.0016
vn -1.0000 -0.0005 -0.0018
vn 0.7245 -0.6110 -0.3192
vn 0.9998 0.0054 -0.0179
vn 0.9998 0.0075 -0.0171
vn 0.9998 0.0062 -0.0176
vn -0.0000 -0.3518 0.9361
vn -0.5042 0.7677 0.3956
vn -0.9998 0.0070 -0.0170
vn -0.9997 -0.0027 -0.0252
vn -0.9998 0.0030 -0.0183
vn 0.7253 -0.6841 0.0767
vn 1.0000 0.0029 -0.0054
vn 0.9998 0.0136 -0.0110
vn 1.0000 0.0051 -0.0055
vn -0.0000 0.0119 0.9999
vn -0.5042 0.8565 -0.1103
vn -1.0000 0.0012 -0.0058
vn -1.0000 -0.0005 -0.0057
vn -1.0000 0.0004 -0.0057
vn 0.2237 -0.3618 0.9050
vn 0.0257 0.3479 0.9372
vn 0.0270 0.3590 0.9330
vn 0.0252 0.3492 0.9367
vn -0.9539 -0.2720 0.1270
vn -0.9539 -0.2720 0.1271
vn -0.2707 0.5961 -0.7559
vn -0.0256 -0.3478 -0.9372
vn -0.0178 -0.3563 -0.9342
vn -0.0251 -0.3493 -0.9367
vn 0.7424 -0.0128 0.6699
vn 0.0894 0.1101 0.9899
vn 0.0792 0.1163 0.9901
vn 0.0879 0.1102 0.9900
vn -0.1260 -0.9846 0.1208
vn -0.8964 0.0609 -0.4390
vn -0.0895 -0.1099 -0.9899
vn -0.0780 -0.1067 -0.9912
vn -0.0879 -0.1102 -0.9900
vn 0.4136 -0.9071 0.0785
vn 0.2016 0.1755 0.9636
vn 0.1899 0.1755 0.9660
vn 0.2002 0.1748 0.9640
vn -0.2017 -0.1753 -0.9636
vn -0.1939 -0.1668 -0.9667
vn -0.2003 -0.1748 -0.9640
vn -0.7554 -0.3900 -0.5265
vn 0.4136 -0.9071 0.0786
vn 0.8672 0.4187 0.2696
vn 0.9744 -0.2250 -0.0000
vn -0.5957 0.0261 -0.8028
vn -0.0888 0.0636 0.9940
vn -0.0071 0.6369 -0.7709
vn 0.0589 -0.9921 -0.1105
vn -0.0353 0.9691 -0.2442
vn 0.0330 -0.8337 0.5513
vn 0.0723 -0.0618 -0.9955
vn 0.9894 -0.1098 0.0954
vn -0.6370 0.2037 -0.7434
vn 0.0613 0.6859 -0.7251
vn -0.1467 -0.9730 -0.1782
vn 0.1387 0.9742 -0.1780
vn -0.0912 -0.8658 0.4920
vn -0.0159 0.0051 -0.9999
vn 0.9525 -0.3046 -0.0000
vn -0.5823 0.6753 -0.4526
vn -0.0803 -0.6844 0.7246
vn 0.0942 0.9942 -0.0511
vn -0.0962 -0.5827 -0.8070
vn -0.5824 0.6753 -0.4525
vn 0.1168 0.8276 0.5490
vn -0.0987 -0.9649 -0.2434
vn 0.0642 0.6885 -0.7224
vn 0.9599 -0.2490 -0.1288
vn 0.9599 -0.2489 -0.1288
vn -0.0511 0.0686 -0.9963
vn -0.0539 -0.7122 0.6999
vn -0.6461 0.5026 -0.5744
vn 0.9919 0.1049 -0.0714
vn -0.9725 0.1431 -0.1836
vn 0.8408 -0.3426 0.4191
vn 0.0517 0.7006 -0.7117
vn 0.1363 0.6891 0.7117
vn -0.0242 0.0820 -0.9963
vn -0.2974 -0.6494 0.6999
vn -0.4319 0.6953 -0.5744
vn 0.9668 -0.2453 -0.0714
vn -0.8627 0.4712 -0.1836
vn 0.6700 -0.6127 0.4191
vn 0.2912 0.6393 -0.7117
vn 0.3667 0.5992 0.7117
vn 0.1550 0.9422 0.2972
vn -0.1253 -0.8687 -0.4791
vn 0.8373 -0.3376 -0.4300
vn 0.2118 0.7460 -0.6314
vn -0.1359 -0.8917 -0.4317
vn -0.0812 0.0605 0.9949
vn 0.8124 -0.2967 -0.5020
vn -0.5469 0.6004 -0.5834
vn 0.5668 0.6750 -0.4724
vn -0.5182 -0.6092 -0.6003
vn -0.5521 0.6548 -0.5162
vn 0.5485 0.6556 -0.5190
vn -0.6021 -0.7224 0.3400
vn 0.0103 -0.0945 -0.9955
vn 0.5586 -0.6166 0.5548
vn 0.6278 -0.7446 0.2269
vn 0.7553 -0.2987 -0.5834
vn -0.2122 -0.8555 -0.4724
vn 0.1975 0.7750 -0.6003
vn 0.7838 -0.3453 -0.5162
vn -0.2043 -0.8300 -0.5190
vn 0.2231 0.9136 0.3400
vn -0.0509 0.0804 -0.9955
vn -0.7728 0.3081 0.5548
vn -0.8913 0.3926 0.2269
vn 0.3411 -0.6751 -0.6541
vn -0.6928 -0.4754 -0.5422
vn 0.6144 0.4158 -0.6705
vn 0.3370 -0.7358 -0.5874
vn -0.6649 -0.4579 -0.5902
vn 0.7542 0.5214 0.3991
vn 0.0128 0.0781 -0.9969
vn -0.3497 0.6969 0.6261
vn -0.4009 0.8754 0.2701
vn -0.2677 -0.8050 -0.5295
vn 0.0226 0.0608 0.9979
vn -0.8768 0.1345 -0.4617
vn 0.7714 -0.1897 -0.6075
vn -0.3110 -0.8319 -0.4596
vn -0.8519 0.1253 -0.5084
vn 0.9324 -0.1502 0.3288
vn 0.0548 -0.0053 -0.9985
vn 0.2755 0.8213 0.4997
vn 0.3455 0.9241 0.1632
vn -0.7461 -0.3210 -0.5834
vn -0.4530 0.7560 -0.4724
vn 0.4067 -0.6887 -0.6003
vn -0.7991 -0.3081 -0.5162
vn -0.4406 0.7325 -0.5190
vn 0.4863 -0.8050 0.3400
vn 0.0927 -0.0211 -0.9955
vn 0.7652 0.3267 0.5548
vn 0.9087 0.3504 0.2269
vn 1.0000 0.0001 -0.0000
vn 1.0000 -0.0006 -0.0000
vn -1.0000 -0.0001 -0.0000
vn -1.0000 -0.0000 -0.0000
vn -1.0000 0.0006 -0.0000
vn 1.0000 0.0001 -0.0010
vn 1.0000 -0.0001 -0.0010
vn 1.0000 -0.0007 -0.0009
vn -1.0000 -0.0002 -0.0009
vn -1.0000 0.0016 -0.0009
vn -0.9999 0.0102 -0.0069
vn 1.0000 0.0001 -0.0021
vn 1.0000 -0.0005 -0.0018
vn 1.0000 -0.0011 -0.0016
vn -1.0000 0.0031 -0.0028
vn -1.0000 0.0046 -0.0033
vn -0.9999 0.0113 -0.0115
vn 0.9998 0.0072 -0.0169
vn 0.9998 0.0032 -0.0181
vn 0.9997 -0.0027 -0.0248
vn -0.9998 0.0050 -0.0182
vn -0.9998 0.0060 -0.0176
vn -0.9998 0.0075 -0.0171
vn 1.0000 0.0014 -0.0058
vn 1.0000 0.0004 -0.0057
vn 1.0000 -0.0005 -0.0057
vn -1.0000 0.0025 -0.0054
vn -1.0000 0.0048 -0.0053
vn -0.9999 0.0134 -0.0106
vn 0.0251 0.3493 0.9367
vn 0.0254 0.3487 0.9369
vn -0.0252 -0.3494 -0.9366
vn -0.0252 -0.3493 -0.9367
vn -0.0254 -0.3487 -0.9369
vn 0.0878 0.1102 0.9900
vn 0.0884 0.1101 0.9900
vn -0.0877 -0.1103 -0.9900
vn -0.0884 -0.1102 -0.9900
vn 0.2001 0.1747 0.9641
vn 0.2003 0.1748 0.9640
vn 0.2008 0.1750 0.9639
vn -0.2002 -0.1748 -0.9640
vn -0.2008 -0.1750 -0.9639
vn 0.8310 -0.5091 0.2244
vn -0.8432 -0.4857 -0.2303
vn 0.1316 0.9359 0.3267
vn 0.1316 0.9359 0.3266
vn -0.0221 -0.1373 -0.9903
vn -0.8802 -0.4083 -0.2421
vn -0.0354 -0.2099 -0.9771
vn 0.0057 -0.0256 0.9997
vn -0.0277 -0.9634 -0.2668
vn 0.8610 0.4564 0.2244
vn 0.9794 0.1240 0.1597
vn 0.2923 0.7103 -0.6404
vn -0.0351 0.0133 0.9993
vn 0.8587 -0.2918 -0.4212
vn 0.3380 0.7447 -0.5755
vn 0.8275 -0.2780 -0.4879
vn -0.9144 0.3039 0.2673
vn -0.0572 -0.0945 -0.9939
vn -0.3013 -0.7302 0.6133
vn -0.3819 -0.8757 0.2955
vn 0.2642 0.5520 0.7909
vn -0.4805 -0.8762 -0.0381
vn 0.9959 -0.0307 0.0851
vn 0.2598 0.4797 0.8381
vn 0.9951 0.0442 0.0880
vn -0.9769 0.1936 -0.0903
vn 0.4326 0.8986 -0.0729
vn -0.2521 -0.5269 -0.8117
vn -0.1222 -0.2300 -0.9655
vn 0.8452 0.1503 -0.5128
vn -0.1734 0.2972 0.9389
vn 0.5052 -0.8516 -0.1403
vn -0.2756 0.4695 -0.8388
vn 0.8854 0.1592 -0.4367
vn 0.5017 -0.8432 -0.1932
vn -0.5134 0.8581 -0.0043
vn 0.0819 -0.2779 -0.9571
vn -0.8592 -0.1647 0.4844
vn -0.9444 -0.2881 0.1585
vn -0.2047 0.9188 0.3376
vn 0.5543 -0.2161 -0.8038
vn -0.9605 0.2410 -0.1395
vn 0.3025 0.0086 0.9531
vn -0.1879 0.9477 0.2578
vn -0.9648 0.2483 -0.0864
vn 0.9330 -0.2249 0.2809
vn -0.5171 0.1386 0.8446
vn 0.1877 -0.9320 -0.3101
vn 0.0141 -0.9999 -0.0038
vn -0.8820 0.3931 0.2600
vn 0.6642 0.4167 -0.6207
vn -0.7641 -0.5079 -0.3976
vn 0.0071 0.0364 0.9993
vn -0.8781 0.4401 0.1875
vn -0.7823 -0.5167 -0.3479
vn 0.7082 0.4708 0.5261
vn -0.5901 -0.4492 0.6709
vn 0.8760 -0.4194 -0.2380
vn 0.7594 -0.6505 0.0103
vn 0.7929 -0.5853 -0.1693
vn 0.0469 0.8636 -0.5020
vn -0.0342 -0.0953 0.9949
vn 0.8926 0.1300 -0.4317
vn -0.7753 -0.0149 -0.6314
vn 0.0788 0.8994 -0.4300
vn 0.8676 0.1334 -0.4791
vn -0.9464 -0.1264 0.2972
vn -0.0245 0.0204 -0.9995
vn -0.0489 -0.8804 0.4718
vn -0.0773 -0.9884 0.1308
vn -0.8279 0.3034 0.4718
vn -0.9229 0.3621 0.1307
vn 0.8500 -0.1597 -0.5021
vn -0.4112 0.1110 0.9048
vn 0.1951 -0.8554 -0.4798
vn 0.3446 0.6253 -0.7001
vn 0.8813 -0.1960 -0.4300
vn 0.1916 -0.8601 -0.4728
vn -0.1402 0.9220 0.3609
vn 0.3736 -0.0516 -0.9262
vn -0.8663 0.1639 0.4718
vn -0.9697 0.2062 0.1307
vn 0.2482 0.8285 -0.5021
vn -0.0556 -0.0846 0.9949
vn 0.8982 -0.0830 -0.4317
vn -0.7571 0.1674 -0.6315
vn 0.2876 0.8558 -0.4300
vn 0.8746 -0.0738 -0.4791
vn -0.9497 0.0991 0.2972
vn -0.0190 0.0256 -0.9995
vn -0.2540 -0.8443 0.4718
vn -0.3070 -0.9427 0.1308
vn -0.6493 0.7517 -0.1156
vn 0.2506 -0.1953 0.9482
vn 0.8228 0.3944 -0.4092
vn -0.8581 -0.1390 -0.4943
vn -0.6244 0.7802 -0.0378
vn 0.6958 0.4124 -0.5881
vn -0.8986 -0.3762 0.2258
vn -0.2422 0.1001 -0.9651
vn 0.6482 -0.7571 0.0813
vn 0.5823 -0.7664 -0.2713
vn 0.8262 -0.0015 -0.5634
vn -0.0275 -0.0934 0.9952
vn 0.0718 -0.8316 -0.5507
vn -0.0317 0.8511 -0.5241
vn 0.8656 -0.0434 -0.4988
vn 0.0728 -0.8007 -0.5946
vn -0.0754 0.9024 0.4243
vn -0.0455 0.1539 -0.9870
vn -0.8449 0.0078 0.5348
vn -0.9744 0.0830 0.2088
vn 0.0751 -0.7630 -0.6421
vn 0.0023 -0.0744 0.9972
vn -0.8597 -0.1635 -0.4839
vn 0.7789 0.2199 -0.5874
vn 0.0467 -0.8143 -0.5785
vn -0.8335 -0.1555 -0.5302
vn 0.9161 0.1899 0.3530
vn 0.0462 0.1556 -0.9867
vn -0.0747 0.7849 0.6151
vn -0.0540 0.9528 0.2988
vn 0.5706 -0.5866 -0.5747
vn 0.0199 0.0348 0.9992
vn -0.5341 -0.7237 -0.4369
vn 0.4684 0.6179 -0.6316
vn 0.5803 -0.6382 -0.5059
vn -0.5180 -0.7049 -0.4846
vn 0.5640 0.7685 0.3023
vn -0.0358 0.0591 -0.9976
vn -0.0358 0.0590 -0.9976
vn -0.5838 0.6011 0.5458
vn -0.6671 0.7131 0.2156
vn 0.3266 -0.7503 -0.5747
vn 0.0309 0.0255 0.9992
vn 0.0309 0.0256 0.9992
vn -0.7553 -0.4884 -0.4369
vn 0.6564 0.4126 -0.6315
vn 0.3175 -0.8020 -0.5059
vn -0.7336 -0.4764 -0.4846
vn 0.7990 0.5197 0.3023
vn -0.0127 0.0679 -0.9976
vn -0.3338 0.7685 0.5459
vn -0.3722 0.9028 0.2156
vn -0.0884 -0.8136 -0.5747
vn 0.0395 0.0069 0.9992
vn -0.8981 -0.0496 -0.4369
vn 0.7746 0.0328 -0.6315
vn -0.1220 -0.8539 -0.5059
vn -0.8733 -0.0500 -0.4846
vn 0.9516 0.0551 0.3023
vn 0.0227 0.0652 -0.9976
vn 0.0912 0.8329 0.5458
vn 0.1245 0.9685 0.2156
vn -0.4895 -0.6558 -0.5747
vn 0.0375 -0.0141 0.9992
vn -0.7988 0.4136 -0.4369
vn 0.6838 -0.3653 -0.6316
vn -0.5389 -0.6735 -0.5059
vn -0.7776 0.4007 -0.4846
vn 0.8476 -0.4360 0.3023
vn 0.0527 0.0447 -0.9976
vn 0.5018 0.6711 0.5458
vn 0.5993 0.7709 0.2156
vn -0.7555 -0.3146 -0.5747
vn 0.0251 -0.0313 0.9992
vn -0.4763 0.7630 -0.4369
vn 0.4021 -0.6629 -0.6316
vn -0.8070 -0.3047 -0.5059
vn -0.4647 0.7411 -0.4846
vn 0.5069 -0.8072 0.3023
vn 0.0681 0.0116 -0.9976
vn 0.7738 0.3215 0.5458
vn 0.9086 0.3577 0.2156
vn -0.2200 -0.7882 -0.5747
vn 0.0401 0.0003 0.9992
vn -0.8942 0.0976 -0.4369
vn 0.7695 -0.0940 -0.6316
vn -0.2597 -0.8226 -0.5059
vn -0.8698 0.0932 -0.4846
vn 0.9478 -0.1009 0.3023
vn 0.0330 0.0607 -0.9976
vn 0.2259 0.8069 0.5458
vn 0.2808 0.9352 0.2156
vn -0.6724 -0.4665 -0.5747
vn 0.0311 -0.0253 0.9992
vn -0.6262 0.6457 -0.4369
vn 0.5325 -0.5634 -0.6316
vn -0.7248 -0.4677 -0.5059
vn -0.6102 0.6267 -0.4846
vn 0.6654 -0.6825 0.3023
vn 0.0641 0.0256 -0.9976
vn 0.6888 0.4772 0.5458
vn 0.8130 0.5409 0.2156
vn -0.8170 -0.0479 -0.5747
vn 0.0133 -0.0378 0.9992
vn -0.1980 0.8774 -0.4369
vn 0.1609 -0.7584 -0.6316
vn -0.8623 -0.0215 -0.5059
vn -0.1943 0.8529 -0.4846
vn 0.2123 -0.9293 0.3023
vn 0.0681 -0.0115 -0.9976
vn 0.8365 0.0483 0.5458
vn 0.9757 0.0381 0.2156
vn -0.9958 -0.0920 -0.0000
vn -0.0920 0.9958 -0.0000
vn 0.9995 0.0327 -0.0013
vn 0.9995 0.0327 0.0013
vn 0.9995 0.0328 -0.0000
vn 0.0042 -0.0592 0.9982
vn 0.0055 -0.0591 0.9982
vn 0.0067 -0.0590 0.9982
vn 0.0054 -0.0591 -0.9982
vn 0.0042 -0.0592 -0.9982
vn 0.0067 -0.0590 -0.9982
vn 0.9958 0.0920 -0.0000
vn -0.9885 -0.1509 -0.0000
vn -0.9885 -0.1510 0.0013
vn -0.9885 -0.1510 -0.0013
vn -0.3198 0.9475 -0.0000
vn 0.9475 0.3198 -0.0000
vn 0.2630 -0.9648 -0.0013
vn 0.2630 -0.9648 0.0013
vn 0.2630 -0.9648 -0.0000
vn -0.0566 -0.0178 0.9982
vn -0.0562 -0.0190 0.9982
vn -0.0558 -0.0202 0.9982
vn -0.0562 -0.0189 -0.9982
vn -0.0566 -0.0178 -0.9982
vn -0.0558 -0.0202 -0.9982
vn 0.3198 -0.9475 -0.0000
vn -0.3755 0.9268 -0.0000
vn -0.3755 0.9268 0.0013
vn -0.3755 0.9268 -0.0013
vn 0.5639 0.8235 0.0619
vn 0.8012 -0.5637 0.2006
vn -0.6102 -0.7887 -0.0749
vn -0.6107 -0.7885 -0.0724
vn -0.6104 -0.7886 -0.0737
vn 0.2001 -0.0636 -0.9777
vn -0.2466 0.0979 0.9642
vn -0.2473 0.0969 0.9641
vn -0.2480 0.0958 0.9640
vn -0.2001 0.0636 0.9777
vn -0.2001 0.0635 0.9777
vn 0.1522 -0.0300 -0.9879
vn 0.1529 -0.0289 -0.9878
vn 0.1514 -0.0310 -0.9880
vn 0.2001 -0.0635 -0.9777
vn -0.5639 -0.8235 -0.0619
vn 0.5154 0.8555 0.0499
vn 0.5151 0.8556 0.0511
vn 0.5156 0.8554 0.0486
vn 0.5639 0.8235 0.0618
vn 0.2286 -0.7858 -0.5747
vn 0.0339 0.0214 0.9992
vn -0.8113 -0.3885 -0.4369
vn 0.7035 0.3258 -0.6316
vn 0.2131 -0.8358 -0.5059
vn -0.7882 -0.3794 -0.4846
vn 0.8586 0.4140 0.3023
vn -0.0039 0.0690 -0.9976
vn -0.2335 0.8047 0.5458
vn -0.2545 0.9427 0.2156
vn -0.9872 -0.1419 0.0734
vn -0.9694 -0.0740 -0.2342
vn -0.9963 -0.0000 -0.0863
vn -0.9992 -0.0000 -0.0398
vn -0.9999 -0.0000 -0.0158
vn -0.9667 -0.0000 0.2558
vn -0.9818 -0.0000 0.1900
vn -1.0000 -0.0000 -0.0073
vn -0.9071 -0.0000 -0.4210
vn -0.9978 -0.0000 0.0663
vn -0.9994 -0.0000 -0.0342
vn 0.1421 -0.9885 -0.0524
vn 0.0760 -0.9957 0.0522
vn -0.0000 -0.9147 0.4041
vn -0.0000 -0.9991 0.0417
vn -0.0000 -0.9996 0.0269
vn -0.0000 -0.9684 -0.2492
vn -0.0000 -0.9984 -0.0573
vn -0.0000 -0.9989 -0.0470
vn -0.0000 -0.9747 0.2235
vn -0.0000 -0.9968 -0.0801
vn -0.0000 -0.9963 0.0859
vn 0.9862 0.1418 0.0855
vn 0.9630 0.0735 0.2594
vn 0.9924 -0.0000 0.1233
vn 0.9963 -0.0000 0.0856
vn 1.0000 -0.0000 -0.0081
vn 0.9749 -0.0000 -0.2228
vn 0.9928 -0.0000 -0.1202
vn 1.0000 -0.0000 0.0073
vn 0.9071 -0.0000 0.4210
vn 0.9978 -0.0000 -0.0663
vn 0.9994 -0.0000 0.0342
vn -0.1392 0.9683 0.2073
vn -0.0761 0.9968 -0.0245
vn -0.0000 0.9271 -0.3747
vn -0.0000 1.0000 0.0043
vn -0.0000 0.9987 -0.0507
vn -0.0000 0.9596 0.2815
vn -0.0000 0.9917 0.1288
vn -0.0000 0.9989 0.0470
vn -0.0000 0.9747 -0.2235
vn -0.0000 0.9968 0.0801
vn -0.0000 0.9963 -0.0859
vn 0.9531 0.3008 0.0332
vn 0.2801 -0.9183 0.2797
vn -0.9679 -0.2461 -0.0510
vn -0.9682 -0.2455 -0.0486
vn -0.9680 -0.2458 -0.0499
vn 0.1147 -0.2573 -0.9595
vn -0.1299 0.3117 0.9413
vn -0.1311 0.3113 0.9412
vn -0.1323 0.3110 0.9412
vn -0.1146 0.2573 0.9595
vn -0.1147 0.2573 0.9595
vn 0.0979 -0.2023 -0.9744
vn 0.0990 -0.2020 -0.9744
vn 0.0966 -0.2027 -0.9745
vn -0.9531 -0.3008 -0.0333
vn -0.9531 -0.3008 -0.0332
vn 0.9348 0.3548 0.0166
vn 0.9346 0.3551 0.0178
vn 0.9349 0.3545 0.0153
vn 0.9531 0.3008 0.0331
vn 0.0720 -0.9839 0.1635
vn -0.9429 -0.1207 -0.3106
vn -0.0155 0.9892 -0.1460
vn -0.0163 0.9895 -0.1436
vn -0.0159 0.9893 -0.1448
vn 0.3253 -0.1319 -0.9364
vn -0.2687 0.1375 0.9534
vn -0.2688 0.1388 0.9532
vn -0.2688 0.1400 0.9530
vn -0.3253 0.1318 0.9364
vn -0.3253 0.1319 0.9364
vn 0.3807 -0.1245 -0.9163
vn 0.3808 -0.1257 -0.9161
vn 0.3806 -0.1232 -0.9165
vn 0.3253 -0.1318 -0.9364
vn -0.0720 0.9839 -0.1635
vn -0.0720 0.9839 -0.1636
vn 0.1278 -0.9750 0.1817
vn 0.1274 -0.9748 0.1829
vn 0.1283 -0.9752 0.1805
vn 0.3282 0.4999 0.8015
vn 0.9252 -0.0000 -0.3794
vn -0.9255 -0.0000 0.3788
vn 0.3282 -0.4999 0.8015
vn -0.9254 0.0033 -0.3790
vn 0.9255 -0.0032 0.3788
vn -1.0000 0.0035 0.0003
vn -0.4988 0.3298 -0.8015
vn 0.5013 0.3265 -0.8013
vn 1.0000 -0.0034 -0.0000
vn 0.4990 -0.3300 0.8013
vn -0.0032 -0.9255 -0.3788
vn 0.0032 0.9254 0.3790
vn -0.5010 -0.3264 0.8015
vn 1.0000 -0.0035 -0.0004
vn 0.4990 -0.3300 -0.8013
vn 0.5013 0.3265 0.8013
vn -0.6762 0.7367 0.0001
vn -0.0964 0.5903 0.8014
vn 0.6817 0.6258 -0.3791
vn -0.6817 -0.6258 0.3790
vn -0.6737 0.7390 0.0003
vn 0.5793 -0.1485 -0.8015
vn 0.0943 -0.5905 0.8015
vn -0.6841 -0.6234 -0.3787
vn -0.5795 0.1485 0.8013
vn -0.7391 -0.6736 0.0004
vn 0.7391 0.6736 -0.0005
vn 0.5905 0.0943 0.8015
vn 0.6234 -0.6839 -0.3790
vn -0.6234 0.6839 0.3790
vn -0.1485 -0.5795 0.8014
vn 0.7391 0.6736 0.0001
vn 0.5905 0.0942 -0.8015
vn -0.7391 -0.6736 0.0003
vn -0.5906 -0.0942 0.8014
vn -0.6233 0.6840 -0.3790
vn 0.6234 -0.6840 0.3788
vn -0.9136 0.4052 0.0346
vn -0.1050 0.9934 0.0456
vn 0.9136 -0.4051 -0.0346
vn -0.9897 -0.1431 -0.0111
vn -0.6190 0.7846 0.0346
vn 0.9897 0.1431 0.0111
vn 0.6190 -0.7846 -0.0346
vn -0.6996 -0.7145 -0.0112
vn -0.1038 0.4160 0.9034
vn 0.3359 0.2839 0.8981
vn 0.9255 -0.0001 -0.3788
vn 0.9254 0.0001 -0.3790
vn -0.9254 0.0001 0.3790
vn -0.9254 -0.0001 0.3790
vn -0.9250 -0.0000 0.3799
vn 0.3282 -0.5000 0.8015
vn 0.3299 0.4988 -0.8014
vn -0.9254 0.0034 -0.3790
vn 0.9254 -0.0033 0.3790
vn 0.9256 -0.0032 0.3785
vn 0.9254 -0.0032 0.3790
vn -0.4989 0.3300 -0.8014
vn 0.5010 0.3263 -0.8015
vn 0.4987 -0.3299 0.8015
vn -0.0032 -0.9255 -0.3787
vn -0.0032 -0.9253 -0.3791
vn 0.0032 0.9255 0.3787
vn 0.0032 0.9254 0.3791
vn -0.5015 -0.3266 0.8012
vn 0.4988 -0.3299 -0.8015
vn -0.5008 -0.3262 -0.8017
vn -1.0000 0.0035 0.0002
vn -0.4985 0.3297 0.8017
vn 0.0032 0.9254 -0.3790
vn 0.5010 0.3264 0.8015
vn 0.6762 -0.7367 -0.0003
vn 0.0964 -0.5904 -0.8014
vn -0.5798 0.1464 -0.8015
vn -0.6762 0.7367 0.0003
vn 0.6819 0.6258 -0.3785
vn 0.6816 0.6256 -0.3794
vn 0.6819 0.6259 -0.3785
vn -0.6818 -0.6256 0.3790
vn -0.6736 0.7391 -0.0001
vn -0.0943 0.5905 -0.8015
vn 0.6736 -0.7391 0.0001
vn 0.0943 -0.5906 0.8014
vn -0.6839 -0.6234 -0.3791
vn -0.6840 -0.6234 -0.3788
vn -0.6838 -0.6235 -0.3789
vn 0.6840 0.6233 0.3790
vn 0.6839 0.6236 0.3788
vn 0.6840 0.6233 0.3789
vn -0.7391 -0.6736 -0.0003
vn -0.5907 -0.0943 -0.8014
vn 0.1484 0.5792 -0.8015
vn 0.7391 0.6736 0.0004
vn 0.6233 -0.6838 -0.3792
vn -0.6236 0.6841 0.3784
vn -0.1485 -0.5795 0.8013
vn 0.7391 0.6736 -0.0003
vn -0.6234 0.6840 -0.3788
vn -0.6233 0.6840 -0.3789
vn 0.6232 -0.6838 0.3794
vn 0.6235 -0.6841 0.3785
vn 0.6233 -0.6838 0.3792
vn 0.8086 0.5883 0.0112
vn 0.0182 -0.0440 0.9989
vn 0.2603 -0.9645 -0.0455
vn -0.0253 0.0404 -0.9989
vn -0.4107 0.1504 0.8993
vn 0.3903 0.2332 0.8906
vn 0.4313 -0.2232 0.8741
vn 0.0638 -0.4884 0.8703
vn -0.3546 -0.3089 0.8826
vn -0.2931 0.3247 0.8993
vn 0.4623 -0.1484 0.8742
vn -0.8807 0.4585 0.1189
vn 0.7690 -0.6285 -0.1168
vn -0.1758 -0.9813 0.0789
vn 0.6753 0.7141 -0.1846
vn -0.4723 0.8809 -0.0319
vn 0.2862 -0.9576 -0.0314
vn -0.7089 -0.7045 -0.0325
vn 0.9798 0.1970 -0.0339
vn 0.2861 -0.9577 -0.0314
vn 0.9798 0.1971 -0.0339
vn 0.1718 0.9846 -0.0319
vn -0.3656 -0.9302 -0.0314
vn -0.9926 -0.1171 -0.0325
vn 0.8927 -0.4494 -0.0339
vn -0.9926 -0.1170 -0.0325
vn 0.8927 -0.4495 -0.0339
vn -0.2712 0.9614 -0.0456
vn 0.6914 0.7224 -0.0112
vn 0.9681 -0.2483 0.0349
vn 0.2795 -0.9590 0.0457
vn -0.6914 -0.7224 0.0111
vn 0.0212 -0.0448 -0.9988
vn -0.0258 0.0400 0.9989
vn -0.9710 0.2366 -0.0346
vn 0.4309 -0.0752 0.8992
vn 0.1085 -0.4149 0.9034
vn -0.3326 -0.2877 0.8981
vn -0.4640 0.1432 0.8742
vn -0.1494 0.4694 0.8702
vn 0.2942 0.3669 0.8825
vn -0.2712 0.9615 -0.0455
vn 0.6937 0.7203 -0.0077
vn 0.9706 -0.2362 0.0469
vn 0.2796 -0.9590 0.0457
vn 0.0258 -0.0401 -0.9989
vn 0.0258 -0.0400 -0.9989
vn -0.0258 0.0401 0.9989
vn -0.9710 0.2366 -0.0345
vn 0.4309 -0.0752 0.8993
vn 0.1089 -0.4128 0.9043
vn -0.3455 -0.2918 0.8919
vn -0.1495 0.4694 0.8703
vn 0.6914 0.7224 -0.0111
vn 0.0212 -0.0449 -0.9988
vn 0.4310 -0.0752 0.8992
vn 0.1085 -0.4148 0.9034
vn -0.3327 -0.2877 0.8981
vn 0.2942 0.3668 0.8826
vn -0.2712 0.9614 -0.0455
vn 0.6936 0.7203 -0.0076
vn 0.9706 -0.2361 0.0469
vn -0.0257 0.0400 0.9989
vn -0.3455 -0.2919 0.8919
vn -0.1494 0.4694 0.8703
vn 0.2941 0.3669 0.8825
vn -0.6913 -0.7224 0.0111
vn -0.4641 0.1432 0.8742
vn 0.2941 0.3668 0.8826
vn -0.2713 0.9614 -0.0455
vn 0.1090 -0.4128 0.9043
vn -0.1495 0.4694 0.8702
vn 0.1089 -0.4127 0.9043
vn -0.3326 -0.2876 0.8981
vn -0.9710 0.2367 -0.0346
vn -0.2713 0.9614 -0.0456
vn -0.4640 0.1431 0.8742
vn 0.6936 0.7203 -0.0077
vn -0.9710 0.2367 -0.0345
vn -0.1493 0.4694 0.8703
vn 0.2941 0.3669 0.8826
vn 0.2942 0.3668 0.8825
vn -0.3454 -0.2918 0.8919
vn 0.6820 -0.0912 -0.7257
vn 0.0370 -0.7455 -0.6655
vn -0.0318 0.9894 -0.1417
vn 0.6831 -0.0918 -0.7246
vn 0.0168 -0.9630 -0.2690
vn -0.0570 0.8945 0.4433
vn -0.9887 -0.0523 0.1403
vn -0.9973 -0.0384 0.0624
vn -0.6820 0.0912 -0.7257
vn -0.0370 0.7455 -0.6655
vn 0.0318 -0.9894 -0.1416
vn -0.6831 0.0918 -0.7246
vn -0.0168 0.9630 -0.2689
vn 0.0570 -0.8945 0.4434
vn 0.9887 0.0523 0.1403
vn 0.9973 0.0384 0.0624
vn 0.0318 -0.9894 -0.1417
vn -0.0168 0.9630 -0.2690
vn 0.0570 -0.8946 0.4433
vn -0.6820 0.0913 -0.7257
vn 0.0570 -0.8945 0.4433
vn 0.0635 -0.7316 -0.6788
vn -0.0519 0.9889 -0.1389
vn 0.0284 -0.9625 -0.2696
vn -0.0939 0.8763 0.4726
vn -0.0570 0.8946 0.4433
vn -0.0570 0.8945 0.4434
vn 0.6359 -0.4077 0.6553
vn -0.9846 0.1747 -0.0000
vn 0.0986 -0.9948 0.0266
vn 0.2184 0.9757 -0.0168
vn 0.6342 -0.4091 0.6561
vn -0.0917 -0.9957 0.0093
vn 0.0116 0.9993 -0.0344
vn 0.9846 -0.1747 -0.0000
vn -0.9938 0.1109 -0.0000
vn 0.3533 0.9352 -0.0251
vn -0.0689 -0.9975 0.0183
vn 0.1943 0.9809 -0.0096
vn -0.2383 -0.9706 0.0339
vn 0.9938 -0.1109 -0.0000
vn -0.1186 0.1852 0.9755
vn -0.0476 0.1325 0.9900
vn 0.7077 -0.2640 0.6553
vn -0.9993 -0.0374 -0.0000
vn 0.3068 -0.9514 0.0266
vn 0.0072 0.9998 -0.0168
vn 0.7063 -0.2658 0.6561
vn 0.1209 -0.9926 0.0093
vn -0.1999 0.9792 -0.0344
vn 0.9993 0.0374 -0.0000
vn -0.9948 -0.1017 -0.0000
vn 0.1476 0.9887 -0.0251
vn 0.1435 -0.9895 0.0183
vn -0.0175 0.9998 -0.0096
vn -0.0277 -0.9990 0.0339
vn 0.9948 0.1017 -0.0000
vn -0.1551 0.1560 0.9755
vn -0.0745 0.1194 0.9900
vn -0.9968 -0.0800 -0.0000
vn 0.1691 0.9849 -0.0376
vn 0.1205 -0.9923 0.0272
vn 0.0047 0.9999 -0.0144
vn -0.0494 -0.9975 0.0503
vn 0.9968 0.0800 -0.0000
vn -0.1516 0.1593 0.9755
vn -0.0719 0.1210 0.9900
vn 0.7018 -0.2794 0.6553
vn -0.9999 -0.0156 -0.0000
vn 0.2987 -0.9535 0.0413
vn 0.0290 0.9993 -0.0241
vn 0.7004 -0.2811 0.6561
vn 0.0992 -0.9950 0.0138
vn -0.1949 0.9795 -0.0514
vn 0.9999 0.0156 -0.0000
vn -0.1690 -0.9849 -0.0376
vn -0.1207 0.9923 0.0272
vn -0.0049 -0.9999 -0.0144
vn 0.0495 0.9975 0.0503
vn 0.1516 -0.1593 0.9755
vn 0.0719 -0.1210 0.9900
vn -0.7018 0.2794 0.6553
vn -0.2987 0.9535 0.0413
vn -0.0289 -0.9993 -0.0241
vn -0.7004 0.2811 0.6560
vn -0.0992 0.9950 0.0138
vn 0.1950 -0.9795 -0.0514
vn -0.4641 0.1431 0.8742
vn 0.2797 -0.9590 0.0457
vn 0.0506 0.9105 -0.4105
vn -0.2371 -0.9250 0.2969
vn -0.9557 -0.2873 -0.0638
vn 0.9402 -0.2798 0.1943
vn 0.0714 0.9974 -0.0116
vn -0.2789 -0.9601 0.0192
vn -0.9343 -0.2154 0.2842
vn 0.8641 -0.3548 -0.3570
vn 0.1978 0.9334 -0.2993
vn -0.3694 -0.9091 0.1927
vn -0.9348 -0.2017 -0.2924
vn 0.8326 -0.3483 0.4307
vn -0.9426 -0.2623 -0.2065
vn 0.9560 0.2267 0.1860
vn 0.5014 -0.8395 0.2092
vn -0.1384 0.9755 -0.1709
vn -0.9879 -0.1249 0.0915
vn 0.4386 -0.7841 0.4390
vn -0.1209 0.8516 -0.5100
vn 0.0909 0.9203 -0.3805
vn -0.2869 -0.9164 0.2790
vn -0.9782 -0.2076 0.0087
vn 0.9267 -0.3633 0.0960
vn 0.9431 0.2318 0.2382
vn -0.9390 -0.0381 -0.3418
vn -0.4496 0.8588 -0.2455
vn -0.0580 -0.9983 -0.0035
vn -0.0816 0.9755 -0.2044
vn -0.1243 -0.9719 0.1999
vn -0.9195 -0.3223 0.2250
vn 0.9544 -0.2504 -0.1624
vn -0.9015 -0.4186 0.1096
vn 0.9586 0.2274 -0.1712
vn 0.6573 -0.7422 -0.1305
vn -0.1405 0.9901 -0.0023
vn -0.9550 -0.2258 -0.1922
vn 0.9606 0.2279 0.1591
vn 0.4587 -0.8287 0.3206
vn -0.1336 0.9419 -0.3081
vn 0.0505 0.9105 -0.4105
vn -0.2370 -0.9250 0.2969
vn -0.9557 -0.2872 -0.0639
vn 0.0713 0.9974 -0.0116
vn -0.2790 -0.9601 0.0192
vn -0.9343 -0.2154 0.2841
vn 0.8641 -0.3548 -0.3569
vn 0.1979 0.9334 -0.2993
vn 0.8326 -0.3482 0.4307
vn -0.8888 -0.4127 -0.1991
vn 0.9779 0.0603 0.2001
vn 0.6477 -0.7315 0.2131
vn 0.0634 0.9876 -0.1439
vn -0.8918 -0.4140 0.1826
vn 0.9972 -0.0695 -0.0288
vn 0.6211 -0.7014 0.3496
vn 0.1416 0.8304 -0.5388
vn 0.9432 0.2317 0.2383
vn -0.9390 -0.0382 -0.3418
vn -0.4495 0.8589 -0.2454
vn -0.0815 0.9755 -0.2044
vn -0.1242 -0.9719 0.1999
vn -0.9195 -0.3223 0.2251
vn -0.9016 -0.4186 0.1096
vn 0.9586 0.2274 -0.1713
vn 0.6573 -0.7423 -0.1305
vn -0.8953 -0.4157 -0.1601
vn 0.9785 0.0105 0.2059
vn 0.6307 -0.7122 0.3083
vn 0.1075 0.9549 -0.2769
vn -0.8272 -0.4035 -0.3912
vn 0.1829 0.5125 -0.8390
vn 0.7942 0.2820 0.5383
vn 0.2585 -0.2749 0.9261
vn 0.6960 0.2540 0.6716
vn 0.1134 -0.4502 0.8857
vn -0.7497 -0.3959 -0.5303
vn 0.2994 0.7017 -0.6465
vn 0.7825 -0.0098 0.6226
vn 0.4265 -0.8626 0.2721
vn -0.7463 -0.3121 -0.5880
vn -0.0020 0.9998 0.0195
vn -0.3275 -0.4269 -0.8429
vn -0.1166 0.9867 -0.1135
vn 0.3240 0.0349 0.9454
vn 0.2815 -0.7848 0.5521
vn -0.8995 -0.4176 -0.1287
vn -0.2725 0.9621 -0.0070
vn 0.9487 0.2403 0.2053
vn 0.6543 -0.7389 0.1611
vn -0.8975 -0.3248 -0.2982
vn -0.2877 0.9577 0.0065
vn 0.8350 0.2688 0.4801
vn 0.5827 -0.7037 0.4064
vn -0.8272 -0.4035 -0.3911
vn 0.1828 0.5125 -0.8390
vn 0.7942 0.2821 0.5383
vn 0.2584 -0.2750 0.9261
vn 0.6960 0.2540 0.6717
vn 0.7859 0.1229 0.6060
vn 0.4709 -0.8316 0.2944
vn -0.7538 -0.2210 -0.6189
vn -0.0277 0.9996 0.0059
vn -0.3161 -0.2402 -0.9178
vn -0.0930 0.9941 0.0556
vn 0.3258 0.2492 0.9120
vn 0.2443 -0.8356 0.4920
vn -0.9131 -0.3827 -0.1406
vn -0.1404 0.9892 0.0411
vn 0.9517 0.2258 0.2079
vn 0.7464 -0.6355 0.1976
vn -0.8429 -0.4269 -0.3277
vn -0.2803 0.9599 0.0075
vn 0.8651 0.1832 0.4670
vn 0.7225 -0.4577 0.5182
vn 0.9589 0.2275 -0.1693
vn 0.8320 -0.5149 -0.2065
vn -0.8548 0.4845 0.1860
vn -0.7157 -0.6663 0.2092
vn 0.4052 0.8981 -0.1709
vn 0.9138 -0.3957 0.0915
vn -0.6400 -0.6306 0.4390
vn 0.3537 0.7841 -0.5100
vn 0.7489 -0.6535 0.1096
vn -0.8571 0.4859 -0.1712
vn -0.8383 -0.5294 -0.1305
vn 0.4112 0.9115 -0.0023
vn 0.8541 -0.4833 -0.1922
vn -0.8588 0.4869 0.1591
vn -0.6718 -0.6677 0.3206
vn 0.3912 0.8672 -0.3081
vn 0.7384 -0.6443 -0.1991
vn -0.9223 0.3308 0.2001
vn -0.8261 -0.5216 0.2131
vn 0.2148 0.9660 -0.1439
vn 0.7408 -0.6464 0.1826
vn -0.9769 0.2115 -0.0288
vn -0.7921 -0.5003 0.3496
vn 0.0959 0.8370 -0.5388
vn -0.8571 0.4858 -0.1713
vn -0.8383 -0.5293 -0.1305
vn 0.4113 0.9115 -0.0023
vn 0.7437 -0.6490 -0.1602
vn -0.9367 0.2832 0.2059
vn -0.8043 -0.5079 0.3083
vn 0.1632 0.9469 -0.2769
vn 0.6817 -0.6183 -0.3912
vn -0.0325 0.5431 -0.8390
vn -0.6839 0.4925 0.5383
vn -0.3249 -0.1919 0.9261
vn -0.5975 0.4382 0.6716
vn -0.2346 -0.4007 0.8857
vn 0.6094 -0.5894 -0.5303
vn -0.0917 0.7574 -0.6465
vn -0.7541 0.2090 0.6226
vn -0.6503 -0.7093 0.2720
vn 0.6296 -0.5079 -0.5879
vn 0.2809 0.9595 0.0195
vn 0.1954 -0.5013 -0.8429
vn 0.3873 0.9149 -0.1135
vn -0.3014 0.1239 0.9454
vn -0.4893 -0.6750 0.5522
vn 0.7472 -0.6520 -0.1287
vn 0.5301 0.8479 -0.0070
vn -0.8440 0.4955 0.2053
vn -0.8345 -0.5269 0.1611
vn 0.7712 -0.5624 -0.2982
vn 0.5434 0.8394 0.0065
vn -0.7269 0.4912 0.4800
vn -0.7559 -0.5132 0.4064
vn 0.6817 -0.6183 -0.3911
vn -0.0326 0.5431 -0.8390
vn -0.6839 0.4924 0.5383
vn -0.5975 0.4381 0.6717
vn -0.2345 -0.4007 0.8857
vn -0.7204 0.3373 0.6059
vn -0.6843 -0.6671 0.2944
vn 0.6621 -0.4226 -0.6189
vn 0.3055 0.9522 0.0059
vn 0.2365 -0.3188 -0.9178
vn 0.3668 0.9286 0.0556
vn -0.2434 0.3303 0.9120
vn -0.4678 -0.7343 0.4920
vn 0.7700 -0.6224 -0.1406
vn 0.4109 0.9108 0.0411
vn -0.8510 0.4823 0.2079
vn -0.8941 -0.4019 0.1976
vn 0.6903 -0.6451 -0.3277
vn 0.5371 0.8435 0.0075
vn -0.7796 0.4174 0.4670
vn -0.8216 -0.2378 0.5182
vn -0.8573 0.4861 -0.1693
vn -0.6996 -0.7144 -0.0111
vn -0.4300 0.0801 0.8992
vn -0.1037 0.4161 0.9034
vn 0.1441 -0.4711 0.8703
vn 0.2602 -0.9645 -0.0456
vn -0.7018 -0.7124 -0.0076
vn 0.4623 -0.1485 0.8742
vn 0.2431 0.9700 -0.0000
vn -0.2431 -0.9700 -0.0000
vn -0.9700 0.2431 -0.0000
vn 0.9700 -0.2431 -0.0000
vn -0.2432 -0.9700 -0.0000
vn 0.2432 0.9700 -0.0000
vn -0.5080 -0.2957 -0.8090
vn -0.8219 -0.4785 0.3090
vn 0.5031 -0.8642 -0.0000
vn 0.8219 0.4785 0.3090
vn 0.5080 0.2957 -0.8090
vn -0.5031 0.8642 -0.0000
vn -0.2675 -0.5234 -0.8090
vn -0.4327 -0.8469 0.3090
vn 0.8905 -0.4550 -0.0000
vn 0.4327 0.8469 0.3090
vn 0.2675 0.5234 -0.8090
vn -0.8905 0.4550 -0.0000
vn 0.0626 -0.5844 -0.8090
vn 0.1013 -0.9456 0.3090
vn 0.9943 0.1065 -0.0000
vn -0.1013 0.9456 0.3090
vn -0.0626 0.5844 -0.8090
vn -0.9943 -0.1065 0.0001
vn 0.4328 0.8469 0.3090
vn -0.9943 -0.1065 -0.0000
vn 0.8110 -0.5851 -0.0000
vn -0.3058 -0.9521 -0.0000
vn -1.0000 -0.0034 -0.0000
vn -0.3122 0.9500 -0.0000
vn 0.8070 0.5905 -0.0000
vn -0.9136 0.2642 0.3091
vn 0.9136 -0.2642 0.3090
vn 0.5647 -0.1633 -0.8090
vn 0.2778 0.9606 -0.0000
vn -0.2778 -0.9606 -0.0000
vn -0.5647 0.1633 -0.8090
vn 0.0435 0.0125 0.9990
vn 0.1265 -0.9404 0.3156
vn 0.0346 -0.5938 -0.8039
vn 0.9920 0.1184 -0.0447
vn -0.0996 0.9482 0.3018
vn -0.9920 -0.1184 0.0447
vn -0.1051 0.5734 -0.8125
vt 0.496175 0.783195
vt 0.521260 0.498780
vt 0.522740 0.482000
vt 0.584528 0.809798
vt 0.611093 0.508603
vt 0.702406 0.501645
vt 0.675840 0.802840
vt 0.703885 0.484865
vt 0.677320 0.786060
vt 0.614053 0.475042
vt 0.503300 0.070490
vt 0.878425 0.268836
vt 0.878425 0.665526
vt 0.878424 0.665525
vt 0.128173 0.665525
vt 0.503299 0.070490
vt 0.587488 0.776238
vt 0.487533 0.784702
vt 0.485182 0.500090
vt 0.485043 0.483298
vt 0.578376 0.809755
vt 0.575887 0.508352
vt 0.666452 0.499822
vt 0.668803 0.784433
vt 0.666313 0.483030
vt 0.575609 0.474768
vt 0.578099 0.776172
vt 0.475664 0.786578
vt 0.442513 0.502311
vt 0.440557 0.485539
vt 0.569123 0.809842
vt 0.534016 0.508804
vt 0.623564 0.498525
vt 0.656715 0.782792
vt 0.621608 0.481754
vt 0.530104 0.475261
vt 0.565212 0.776299
vt 0.474300 0.786811
vt 0.437570 0.502623
vt 0.435404 0.485855
vt 0.568051 0.809864
vt 0.529154 0.508909
vt 0.618571 0.498428
vt 0.655301 0.782616
vt 0.616404 0.481661
vt 0.524820 0.475375
vt 0.128174 0.665525
vt 0.563717 0.776330
vt 0.470318 0.787195
vt 0.428610 0.503130
vt 0.426149 0.486371
vt 0.564470 0.809954
vt 0.520301 0.509129
vt 0.609532 0.498368
vt 0.653700 0.799193
vt 0.607071 0.481608
vt 0.651240 0.782433
vt 0.515380 0.475610
vt 0.128172 0.268836
vt 0.430649 0.486157
vt 0.475402 0.803790
vt 0.433011 0.502920
vt 0.567058 0.809886
vt 0.524667 0.509015
vt 0.613961 0.498349
vt 0.653990 0.782457
vt 0.611599 0.481586
vt 0.562334 0.776362
vt 0.519943 0.475491
vt 0.502145 0.782744
vt 0.537065 0.498515
vt 0.539125 0.481746
vt 0.589568 0.809892
vt 0.626548 0.508894
vt 0.718091 0.502503
vt 0.683172 0.786732
vt 0.720151 0.485734
vt 0.630668 0.475355
vt 0.490869 0.784222
vt 0.497086 0.499621
vt 0.497453 0.482829
vt 0.580950 0.809764
vt 0.587535 0.508371
vt 0.678350 0.500330
vt 0.672132 0.784932
vt 0.678717 0.483539
vt 0.588269 0.474789
vt 0.581684 0.776181
vt -0.050088 0.587175
vt 0.147763 0.327411
vt 0.147763 0.580153
vt 0.343533 0.575496
vt 0.402585 1.103091
vt 0.628559 0.844106
vt 0.628559 1.096837
vt 0.343533 0.054807
vt 0.541384 0.314572
vt 0.343533 0.307549
vt 0.737151 0.066487
vt 0.737151 0.319229
vt 0.128178 0.268836
vt 0.503304 0.070495
vt 0.878428 0.268838
vt 0.727514 0.585733
vt 0.279082 0.585733
vt 0.503299 0.230074
vt 0.737151 0.054807
vt 0.963125 0.313792
vt 0.737151 0.307538
vt -0.050088 1.360406
vt 0.176700 1.105352
vt 0.176700 1.358201
vt 0.596730 1.112563
vt 0.786942 1.358024
vt 0.596730 1.365235
vt 0.393800 1.366087
vt 0.596730 1.105351
vt 0.596730 1.358023
vt 0.737151 0.826553
vt 0.963939 1.081608
vt 0.737151 1.079403
vt -0.050088 0.307479
vt 0.140124 0.062017
vt 0.140124 0.314689
vt 0.114150 0.254809
vt 0.489277 0.056467
vt 0.864400 0.254811
vt 0.713486 0.571705
vt 0.265055 0.571706
vt 0.489271 0.216046
vt 0.343055 0.322753
vt 0.542274 0.842643
vt 0.736725 0.591258
vt 0.736725 0.844105
vt -0.050088 0.852773
vt 0.176249 1.096685
vt -0.050088 1.105352
vt -0.050088 0.844106
vt 0.148867 0.588636
vt 0.148867 0.841483
vt 0.343319 0.840022
vt 0.176249 1.096685
vt 0.402585 0.852773
vt 0.402585 1.105352
vt 0.713486 0.571706
vt 0.265054 0.571705
vt 0.343319 0.587175
vt 0.343319 0.840022
vt 0.737151 0.826553
vt 0.963014 0.570172
vt 0.963014 0.823003
vt 0.786942 1.112423
vt 0.953834 1.358047
vt 0.786942 1.365119
vt 0.176700 1.365424
vt 0.393800 1.105352
vt 0.393800 1.358047
vt 0.737151 0.313791
vt 0.963014 0.570172
vt 0.737151 0.566622
vt 0.343533 0.571925
vt 0.510425 0.326301
vt 0.510425 0.578996
vt 0.279081 0.585733
vt 0.503298 0.230073
vt 0.727526 0.586374
vt 0.878424 0.268834
vt 0.727515 0.348627
vt 0.279082 0.348628
vt 0.503299 0.863870
vt 0.503300 0.704286
vt 0.864396 0.254807
vt 0.864396 0.651497
vt 0.713487 0.334599
vt 0.265054 0.334601
vt 0.489271 0.056462
vt 0.114145 0.254809
vt 0.498735 0.854385
vt 0.114146 0.651498
vt 0.489271 0.690259
vt 0.713486 0.334599
vt 0.265053 0.334601
vt 0.489270 0.690259
vt 0.727513 0.348626
vt 0.279082 0.348628
vt 0.512762 0.868413
vt 0.503298 0.704286
vt 0.494695 0.799976
vt 0.503300 0.863870
vt 0.128174 0.268835
vt 0.487671 0.801494
vt 0.668942 0.801226
vt 0.512763 0.868412
vt 0.477620 0.803349
vt 0.658671 0.799564
vt 0.476467 0.803577
vt 0.657468 0.799383
vt 0.472778 0.803955
vt 0.559548 0.776434
vt 0.473040 0.787028
vt 0.656352 0.799219
vt 0.500084 0.799514
vt 0.681111 0.803501
vt 0.593689 0.776354
vt 0.490502 0.801013
vt 0.671766 0.801723
vt -0.050088 0.334432
vt 0.343533 0.322753
vt 0.402585 0.850359
vt 0.541384 0.061830
vt 0.878430 0.665531
vt 0.503303 0.863871
vt 0.128177 0.665531
vt 0.963125 0.061060
vt -0.050088 1.107556
vt 0.786942 1.105351
vt 0.393800 1.113414
vt 0.963939 0.828758
vt -0.050088 0.054807
vt 0.864403 0.651504
vt 0.489275 0.849844
vt 0.114150 0.651503
vt 0.343055 0.070080
vt 0.542274 0.589795
vt 0.176249 0.844106
vt -0.050088 0.591257
vt 0.343319 0.587175
vt 0.176249 0.844106
vt 0.737151 0.573722
vt 0.953834 1.105352
vt 0.176700 1.112729
vt 0.963014 0.317341
vt 0.343533 0.319229
vt 0.727526 0.333678
vt 0.620772 0.330290
vt 0.745532 0.331949
vt 0.709552 0.918133
vt 0.191974 1.008108
vt 0.598058 0.999068
vt 0.656723 1.049981
vt 0.668962 0.965160
vt 0.748928 0.517769
vt 0.748928 1.012357
vt 0.191454 0.413618
vt 0.235201 0.973993
vt 0.124757 1.019642
vt 0.306414 0.969544
vt 0.191663 0.968539
vt 0.218530 0.449484
vt 0.153576 0.942901
vt 0.018935 0.927140
vt 0.400117 0.372187
vt 0.132740 0.330291
vt 0.285496 0.867392
vt 0.200875 0.925474
vt 0.244362 0.471572
vt 0.192817 1.004185
vt 0.157653 0.465757
vt 0.679531 0.954945
vt 0.717856 0.985142
vt 0.770079 0.957180
vt 0.768847 0.513187
vt 0.878278 0.449484
vt 0.784430 0.349587
vt 0.542974 0.868576
vt 0.601988 0.349587
vt 0.926239 0.868576
vt 0.612754 0.406486
vt 0.449079 0.415188
vt 0.664279 0.960628
vt 0.688910 0.372187
vt 0.178749 0.955911
vt 0.646592 0.321676
vt 0.617568 0.948029
vt 0.178749 0.330079
vt 0.608388 0.855194
vt 0.167278 0.887133
vt 0.542974 0.349587
vt 0.533105 0.862145
vt 0.167278 0.375249
vt 0.190758 0.328554
vt 0.086325 1.054675
vt 0.774425 0.394045
vt 0.867409 0.400612
vt 0.600682 0.360774
vt 0.063181 0.954284
vt 0.138731 0.426330
vt 0.590098 0.907442
vt 0.317443 0.952805
vt 0.239725 0.908475
vt 0.744544 0.394541
vt 0.744544 0.927492
vt 0.267314 0.434956
vt 0.758832 0.467074
vt 0.807754 0.469904
vt 0.252553 0.929137
vt 0.786808 0.403931
vt 0.743986 0.591469
vt 0.325612 0.394466
vt 0.308232 0.514904
vt 0.718162 0.515204
vt 0.124757 0.409852
vt 0.007520 0.337244
vt 0.893111 0.953723
vt 0.806194 0.955853
vt 0.086325 0.327219
vt 0.652121 0.931183
vt 0.781205 0.360655
vt 0.790315 0.911247
vt 0.928329 0.858714
vt 0.096791 0.897804
vt 0.225719 0.308115
vt 0.234830 0.858709
vt 0.373469 0.865631
vt 0.503892 0.354528
vt 0.513003 0.905116
vt 0.643011 0.380589
vt 0.919218 0.308115
vt 0.087680 0.347205
vt 0.364358 0.315036
vt 0.657173 1.037389
vt 0.776103 0.364664
vt 0.777300 1.020281
vt 0.898670 0.989770
vt 0.167572 0.990736
vt 0.288934 0.313740
vt 0.288933 0.969359
vt 0.410245 0.978171
vt 0.534574 0.360722
vt 0.531667 1.008370
vt 0.655975 0.381771
vt 0.897473 0.334150
vt 0.167572 0.335115
vt 0.410246 0.322552
vt 0.627449 0.997826
vt 0.778902 0.330751
vt 0.778900 0.988983
vt 0.930494 0.958675
vt 0.021377 0.958673
vt 0.172891 0.278979
vt 0.172892 0.937211
vt 0.324343 0.946057
vt 0.475936 0.318137
vt 0.475935 0.976366
vt 0.627450 0.339594
vt 0.930496 0.300441
vt 0.021377 0.300439
vt 0.324343 0.287825
vt 0.503553 1.029121
vt 0.607583 0.453280
vt 0.614314 1.007675
vt 0.724966 0.951149
vt 0.074858 1.006758
vt 0.162349 0.396749
vt 0.127000 0.992884
vt 0.280195 0.958593
vt 0.385315 0.446688
vt 0.392047 1.001078
vt 0.496819 0.474725
vt 0.718234 0.396749
vt 0.053052 0.454377
vt 0.273461 0.404198
vt 0.510636 1.076382
vt 0.627403 0.416834
vt 0.634960 1.051819
vt 0.759162 0.987076
vt 0.011002 1.035255
vt 0.127648 0.352085
vt 0.135207 0.987071
vt 0.259926 0.995601
vt 0.377918 0.409283
vt 0.385475 1.044264
vt 0.503078 0.441397
vt 0.751606 0.352085
vt 0.003443 0.400264
vt 0.252367 0.360616
vt 0.602923 1.000942
vt 0.737898 0.398678
vt 0.746632 0.978513
vt 0.890200 0.919393
vt 0.025382 0.963388
vt 0.160216 0.339552
vt 0.168953 0.919389
vt 0.313119 0.927178
vt 0.449510 0.391783
vt 0.458245 0.971614
vt 0.594186 0.421108
vt 0.881465 0.339552
vt 0.016645 0.383547
vt 0.304382 0.347343
vt 0.574461 0.983979
vt 0.696945 0.377772
vt 0.704873 0.961403
vt 0.835155 0.901896
vt 0.050365 0.946178
vt 0.172723 0.318259
vt 0.180650 0.901891
vt 0.311476 0.909731
vt 0.435245 0.370832
vt 0.443174 0.954458
vt 0.566533 0.400348
vt 0.827229 0.318259
vt 0.042436 0.362542
vt 0.303548 0.326101
vt 0.557738 1.027121
vt 0.712027 0.424114
vt 0.712687 1.028383
vt 0.867458 1.034217
vt -0.061689 1.040704
vt 0.091130 0.329339
vt 0.093187 1.042940
vt 0.248129 1.039712
vt 0.401746 0.401607
vt 0.402882 1.032514
vt 0.557035 0.441526
vt 0.867458 0.365931
vt -0.063929 0.372430
vt 0.246179 0.344795
vt 0.554778 0.995448
vt 0.676096 0.413672
vt 0.676615 0.996667
vt 0.798311 1.002295
vt 0.067723 1.008553
vt 0.187884 0.322237
vt 0.189503 1.010711
vt 0.311334 1.007598
vt 0.432122 0.391958
vt 0.433015 1.000653
vt 0.554225 0.430472
vt 0.798311 0.357539
vt 0.065963 0.363810
vt 0.309799 0.337148
vt 0.516792 1.028547
vt 0.630446 0.422830
vt 0.630931 1.029817
vt 0.744939 1.035677
vt 0.060509 1.042193
vt 0.173078 0.327630
vt 0.174593 1.044439
vt 0.288729 1.041196
vt 0.401886 0.400222
vt 0.402723 1.033965
vt 0.516274 0.440320
vt 0.744939 0.364385
vt 0.058860 0.370914
vt 0.287291 0.343155
vt 0.335093 0.809874
vt 0.283331 0.817679
vt 0.198919 0.605102
vt 0.603040 0.373985
vt 0.587991 0.362934
vt 0.619858 0.354600
vt 0.622729 0.767550
vt 0.291402 0.612496
vt 0.693509 0.768224
vt 0.356939 0.864379
vt 0.257294 0.916761
vt 0.361315 0.504022
vt 0.427071 0.374306
vt 0.258607 0.568989
vt 0.207260 0.565601
vt 0.069951 0.869463
vt 0.609873 0.838420
vt 0.067339 0.895291
vt 0.359317 0.818841
vt 0.706338 0.321601
vt 0.583147 0.818842
vt 0.236125 0.321601
vt 0.600869 0.562774
vt 0.442224 0.563586
vt 0.670961 0.874453
vt 0.686117 0.520490
vt 0.488523 0.435845
vt 0.151613 0.905643
vt 0.282969 0.435845
vt 0.619877 0.905643
vt 0.250870 0.605625
vt 0.407299 0.444881
vt 0.138730 0.921234
vt 0.336218 0.444881
vt 0.605618 0.921234
vt 0.641174 0.584470
vt 0.636037 0.366481
vt 0.736104 0.771842
vt 0.770622 0.758103
vt -0.021553 0.756972
vt 0.198418 0.901851
vt 0.727765 0.353819
vt 0.599069 0.870331
vt 0.198418 0.395463
vt 0.555266 0.824172
vt 0.261149 0.629569
vt 0.379400 0.362737
vt 0.761184 0.916761
vt 0.681752 0.586000
vt 0.381829 1.053436
vt 0.381829 0.835409
vt 0.415002 0.842772
vt 0.373391 0.979663
vt 0.236425 0.408842
vt 0.622252 0.979663
vt 0.759219 0.408842
vt 0.614070 0.417812
vt 0.760723 0.962042
vt 0.384579 0.417812
vt 0.237928 0.962042
vt 0.555519 0.417812
vt 0.776616 0.967605
vt 0.475927 0.417812
vt 0.253821 0.967605
vt 0.251682 0.954530
vt 0.126321 0.401154
vt 0.641954 0.982168
vt 0.641954 0.437670
vt 0.280892 0.414698
vt 0.151695 0.855988
vt 0.142576 0.430117
vt 0.004440 0.470751
vt 0.836713 0.440514
vt 0.707672 0.896627
vt 0.698552 0.470756
vt 0.559791 0.465400
vt 0.429252 0.860727
vt 0.420133 0.434858
vt 0.290011 0.840571
vt 0.013559 0.896627
vt 0.845833 0.866389
vt 0.568911 0.891273
vt 0.632613 0.943933
vt 0.784078 0.340436
vt 0.784076 0.935932
vt 0.935683 0.908513
vt 0.026491 0.908512
vt 0.178018 0.293599
vt 0.178018 0.889095
vt 0.329482 0.897098
vt 0.481087 0.329025
vt 0.481086 0.924518
vt 0.632615 0.348437
vt 0.935685 0.313015
vt 0.026491 0.313014
vt 0.329482 0.301602
vt 0.067339 0.570194
vt 0.624577 0.672766
vt 0.080412 0.595446
vt 0.587991 0.665179
vt 0.427071 0.884064
vt 0.382503 0.897672
vt 0.707508 0.890344
vt 0.770089 0.909386
vt 0.781383 0.470260
vt 0.420185 0.646925
vt 0.424136 0.634278
vt 0.461398 0.635882
vt 0.194560 0.720073
vt 0.555700 0.577454
vt 0.194038 0.750049
vt 0.498512 0.883977
vt 0.564683 0.904116
vt 0.617043 0.467734
vt 0.512417 0.956850
vt 0.488049 0.749767
vt 0.538445 0.744400
vt 0.592777 0.487868
vt 0.376254 0.276152
vt 0.652210 0.481952
vt 0.595738 0.477619
vt 0.248716 0.974860
vt 0.371906 0.477619
vt 0.718930 0.974860
vt 0.557042 0.660762
vt 0.587990 0.698434
vt 0.544039 0.706654
vt 0.515437 0.444297
vt 0.510530 0.665866
vt 0.627726 0.412238
vt 0.290815 0.882035
vt 0.422172 0.412238
vt 0.759080 0.882035
vt 0.461398 0.714759
vt 0.509711 0.706654
vt 0.579906 0.456402
vt 0.311339 0.932754
vt 0.508827 0.456402
vt 0.778226 0.932754
vt 0.147789 0.823735
vt 0.457151 0.649478
vt 0.269693 0.433530
vt 0.305821 0.425559
vt 0.142928 0.935389
vt 0.672274 0.387357
vt 0.543579 0.903869
vt 0.252055 0.491203
vt 0.211636 0.290066
vt 0.358618 0.302265
vt 0.681752 0.567335
vt 0.681752 0.354600
vt 0.731424 0.361066
vt 0.514929 0.564904
vt 0.415002 1.056988
vt 0.415002 0.835409
vt 0.461398 0.840698
vt 0.566972 0.959622
vt 0.461398 0.439004
vt 0.177780 0.835409
vt 0.194037 0.261030
vt 0.458740 0.398638
vt 0.760694 1.041095
vt 0.241159 0.272457
vt 0.056725 1.041095
vt 0.606350 0.323106
vt 0.803824 1.055939
vt 0.297329 0.323106
vt 0.099856 1.055939
vt 0.315508 0.871613
vt 0.005198 0.472512
vt 0.410090 1.212835
vt 0.709168 0.472512
vt 0.604742 0.383261
vt 0.742332 0.990622
vt 0.176397 0.352927
vt 0.176397 0.950543
vt 0.174768 0.354600
vt 0.147789 0.367525
vt 0.587990 0.366341
vt 0.539951 0.354600
vt 0.461398 1.037808
vt 0.511962 1.046913
vt 0.519049 0.450535
vt 0.570811 0.442731
vt 0.655222 0.655307
vt 0.582022 0.726038
vt 0.566973 0.714987
vt 0.598839 0.706654
vt 0.749427 0.947406
vt 0.418100 0.792352
vt 0.820206 0.948079
vt 0.086163 0.835124
vt 0.036418 0.845512
vt -0.038349 0.619909
vt 0.427071 0.886103
vt 0.595535 0.691420
vt 0.646881 0.694808
vt 0.196650 1.049319
vt 0.736571 1.018275
vt 0.194037 1.075146
vt 0.650860 0.417644
vt 0.303838 0.914885
vt 0.427029 0.417645
vt 0.774052 0.914885
vt 0.019455 0.580700
vt 0.009686 0.620371
vt 0.198918 0.377247
vt -0.027772 0.576956
vt 0.266814 0.886472
vt 0.603725 0.416675
vt 0.472368 0.886472
vt 0.135460 0.416675
vt 0.603270 0.654784
vt 0.614506 0.412313
vt 0.345938 0.888665
vt 0.543424 0.412313
vt 0.812825 0.888665
vt 0.620156 0.936524
vt 0.615018 0.718534
vt 0.221110 0.836948
vt 0.652572 0.390255
vt 0.547674 0.811257
vt 0.221110 0.424198
vt 0.681963 1.004028
vt 0.387847 0.809424
vt 0.474743 0.897672
vt 0.155304 0.362737
vt 0.660733 0.938054
vt 0.381829 0.835409
vt 0.381829 1.053435
vt 0.348656 1.046072
vt 0.364036 1.094411
vt 0.179603 0.325773
vt 0.699140 1.094411
vt 0.883574 0.325773
vt 0.407924 0.342655
vt 0.605398 1.075487
vt 0.098902 0.342655
vt 0.216218 0.895990
vt 0.441426 1.028776
vt 0.143705 0.288452
vt 0.548598 1.028776
vt 0.906436 0.421742
vt 0.204173 0.967396
vt 0.066583 0.360036
vt 0.632518 0.997730
vt 0.632518 0.400114
vt 0.194037 0.750049
vt 0.603559 1.024819
vt 0.198919 0.903983
vt 0.158498 0.920066
vt 0.207110 0.775301
vt 0.566972 1.017233
vt 0.427071 0.376344
vt 0.471640 0.362737
vt 0.686538 0.416424
vt 0.815714 0.418141
vt 0.778455 1.025074
vt 0.181231 0.416424
vt 0.339388 0.972537
vt 0.251772 1.032674
vt 0.250490 0.873653
vt 0.631822 0.356696
vt 0.608165 0.867229
vt 0.250490 0.363546
vt 0.673711 0.959908
vt 0.051579 0.423622
vt 0.618774 1.063878
vt 0.756407 0.355201
vt 0.756405 1.054484
vt 0.894168 1.022285
vt 0.068001 1.022285
vt 0.205691 0.300201
vt 0.205691 0.999484
vt 0.343324 1.008881
vt 0.481084 0.341800
vt 0.481084 1.041080
vt 0.618774 0.364595
vt 0.894168 0.322999
vt 0.068001 0.322999
vt 0.343323 0.309598
vt 0.567837 1.073314
vt 0.734611 0.470751
vt 0.715518 1.073877
vt 0.864824 1.036347
vt 0.001576 0.956776
vt 0.148186 0.313572
vt 0.071288 0.952941
vt 0.275780 0.948698
vt 0.440765 0.415758
vt 0.421674 1.018880
vt 0.706008 0.539485
vt 0.337874 0.555094
vt 0.527777 0.256714
vt 0.869371 0.258914
vt 0.869371 0.657696
vt 0.700880 0.349500
vt 0.342640 0.351274
vt 0.501173 0.073448
vt 0.140626 0.279306
vt 0.503566 0.861878
vt 0.142879 0.671090
vt 0.528583 0.649849
vt 0.586929 0.470186
vt 0.883918 0.433214
vt 0.000617 0.352591
vt 0.294870 0.345570
vt 1.834440 1.359039
vt 1.898532 1.150420
vt 1.916839 1.150420
vt 1.755066 1.359039
vt 1.984876 1.150420
vt 2.129426 1.359039
vt 1.965919 1.150420
vt 2.047237 1.359039
vt 1.813735 1.581400
vt 1.586265 1.150420
vt 1.738161 1.150420
vt 1.856010 1.581400
vt 1.676988 1.150420
vt 1.658414 1.581400
vt 1.754810 1.150420
vt 1.428064 1.581400
vt 1.217895 1.837678
vt 1.032531 1.150420
vt 1.122205 1.150420
vt 1.260170 1.837678
vt 1.086093 1.150420
vt 1.062576 1.837678
vt 1.132036 1.150420
vt 0.832223 1.837678
vt 0.814416 2.022753
vt 0.660213 1.150420
vt 0.678266 1.150420
vt 0.522327 2.022753
vt 0.578138 1.150420
vt 0.435035 2.022753
vt 0.601177 1.150420
vt 0.746015 2.022753
vt 0.345478 2.022753
vt 0.061655 1.150420
vt 0.160261 1.150420
vt 0.181463 2.022753
vt 0.061080 1.150420
vt -0.062939 2.022753
vt 0.120433 1.150420
vt -0.060572 2.022753
vt 1.586265 -0.791582
vt 1.898532 -0.791582
vt 0.601177 -0.791582
vt 0.061080 -0.791582
vt 1.676988 -0.791582
vt 0.660213 -0.791582
vt 0.160261 -0.791582
vt 1.738161 -0.791582
vt 1.132036 -0.791582
vt 0.578138 -0.791582
vt 1.916839 -0.791582
vt 1.032531 -0.791582
vt 0.678266 -0.791582
vt 1.984876 -0.791582
vt 1.086093 -0.791582
vt 1.122205 -0.791582
vt 0.120433 -0.791582
vt 1.754810 -0.791582
vt 0.061655 -0.791582
vt 1.965919 -0.791582
vt 0.933368 0.380845
vt 0.824939 -0.381119
vt 0.906490 -0.381119
vt 0.951419 0.380845
vt 0.873647 -0.381119
vt 0.867042 0.380845
vt 0.915428 -0.381119
vt 0.768674 0.380845
vt 2.019283 0.856064
vt 1.899471 -0.381119
vt 1.987167 -0.381119
vt 2.039785 0.856064
vt 1.951849 -0.381119
vt 1.943956 0.856064
vt 1.996780 -0.381119
vt 1.832242 0.856064
vt 2.062126 1.567231
vt 1.945129 -0.381119
vt 2.039339 -0.381119
vt 2.080177 1.567231
vt 2.001398 -0.381119
vt 1.995798 1.567231
vt 2.049665 -0.381119
vt 1.897430 1.567231
vt 0.603731 2.534389
vt 0.751544 1.511972
vt 0.837230 1.537763
vt 0.621784 2.534389
vt 0.815666 1.545457
vt 0.537405 2.534389
vt 0.857643 1.555985
vt 0.439036 2.534389
vt -0.964752 3.041699
vt -0.852307 2.401556
vt -0.780441 2.459865
vt -0.946699 3.041699
vt -0.749809 2.450669
vt -1.031078 3.041699
vt -1.129445 3.041699
vt 0.200249 0.333736
vt 0.091301 -0.381119
vt 0.173618 -0.381119
vt 0.218302 0.333736
vt 0.140467 -0.381119
vt 0.133924 0.333736
vt 0.182641 -0.381119
vt 0.035556 0.333736
vt 1.612117 0.512830
vt 1.492460 -0.381119
vt 1.579927 -0.381119
vt 1.632619 0.512830
vt 1.544702 -0.381119
vt 1.536790 0.512830
vt 1.589513 -0.381119
vt 1.425077 0.512830
vt 2.232410 1.223997
vt 2.126749 -0.381119
vt 2.204208 -0.381119
vt 2.250461 1.223997
vt 2.173011 -0.381119
vt 2.166082 1.223997
vt 2.212698 -0.381119
vt 2.067714 1.223997
vt 1.421171 2.040531
vt 1.192100 1.175744
vt 1.299114 1.175744
vt 1.439224 2.040531
vt 1.256017 1.175744
vt 1.354845 2.040531
vt 1.310842 1.175744
vt 1.256477 2.040531
vt -0.228520 2.788339
vt -0.019636 1.898349
vt 0.046252 1.949846
vt -0.210468 2.788339
vt 0.036514 1.935941
vt -0.294848 2.788339
vt 0.067777 1.961310
vt -0.393215 2.788339
vt -0.782661 2.418075
vt 1.272316 3.378115
vt 2.389032 -1.530413
vt 2.603554 -1.530413
vt 1.301996 3.378115
vt 2.517159 -1.530413
vt 1.163263 3.378115
vt 2.627069 -1.530413
vt 1.001532 3.378115
vt -0.466061 3.817100
vt 0.030100 -2.243400
vt 0.001720 -2.243400
vt -0.655674 3.817100
vt -0.159613 -2.243400
vt -0.669704 3.817100
vt -0.148495 -2.243400
vt -0.430239 3.817100
vt 0.365385 3.623604
vt 1.388233 -1.955449
vt 1.359852 -1.955449
vt 0.175774 3.623604
vt 1.198517 -1.955449
vt 0.161743 3.623604
vt 1.209635 -1.955449
vt 0.401207 3.623604
vt -0.128887 2.121947
vt -0.074578 2.166010
vt -0.076257 2.134431
vt -0.051430 2.159060
vt 0.802879 1.587032
vt 0.812616 1.600937
vt 0.834140 1.612401
vt 0.746728 1.549440
vt 1.025646 1.245975
vt 1.004436 1.225416
vt 1.011146 1.209473
vt 0.966480 1.158811
vt 1.300552 1.046035
vt 1.255525 1.099294
vt 1.268091 1.004986
vt 1.276901 1.109961
vt 1.442867 0.462979
vt 1.325180 0.527643
vt 1.259899 0.389224
vt 1.425453 0.551418
vt 1.371162 -0.208553
vt 1.852664 -0.208552
vt 1.542953 -0.208553
vt 1.806839 -0.208553
vt 0.345790 0.369067
vt 0.365966 1.071259
vt 0.325614 1.071259
vt 0.594012 0.369067
vt 0.497244 0.612200
vt 0.313954 0.624418
vt 0.346125 0.612916
vt 0.488336 0.597278
vt 0.582812 1.071259
vt 0.605211 1.071259
vt 0.575792 0.263990
vt 0.555616 0.966182
vt 0.824013 0.263990
vt 0.812814 0.966182
vt 0.133946 0.361379
vt 0.113771 1.063571
vt 0.382168 0.361379
vt 0.370969 1.063571
vt 0.525245 1.045186
vt 0.608073 1.053319
vt 0.608584 0.317396
vt 0.847318 1.053319
vt 0.278380 1.056156
vt 0.352791 0.328763
vt 0.550598 1.077112
vt 0.551004 0.374868
vt 0.591352 0.375080
vt 0.302396 1.075807
vt 0.406281 0.833202
vt 0.589915 0.821948
vt 0.557409 0.833280
vt 0.414752 0.848169
vt 0.334174 0.373728
vt 0.311777 0.373610
vt 0.239988 2.060093
vt 0.454152 2.060093
vt 0.454152 2.746482
vt 0.239988 2.746482
vt 0.146139 0.096824
vt 0.877663 0.096824
vt 0.877663 0.828348
vt 0.146139 0.828348
vt 0.643476 0.427925
vt 0.329284 0.388647
vt 0.643472 -0.848355
vt 0.025822 2.746482
vt 0.025824 2.060093
vt 0.034435 0.273230
vt 0.668316 2.060093
vt 0.668316 2.746482
vt 0.454152 1.373704
vt 0.668316 1.373704
vt 0.454155 0.687315
vt 0.668319 0.687315
vt 0.454155 0.000926
vt 0.668322 0.000926
vt 0.454155 -0.685463
vt 0.668322 -0.685463
vt 0.454155 -1.371853
vt 0.668319 -1.371852
vt -0.222935 0.088782
vt -0.426969 -0.153349
vt 0.239989 -1.371853
vt 0.239989 -0.685463
vt 0.025825 -0.685463
vt 0.025825 -1.371853
vt 0.239989 0.000926
vt 0.025825 0.000926
vt 0.239989 0.687315
vt 0.025827 0.687315
vt 0.239986 1.373704
vt 0.025827 1.373704
vt 0.882483 2.746482
vt 0.882483 2.060093
vt 0.882483 1.373704
vt 0.882483 0.687315
vt 0.882486 0.000926
vt 0.882483 -0.685463
vt 0.882483 -1.371852
vt 0.643476 -0.267086
vt 0.847516 -0.509216
vt 1.713920 0.427922
vt 1.104882 -0.693665
vt 1.399728 -0.809074
vt 1.713920 -0.848355
vt -0.426969 0.427925
vt -0.112783 0.467201
vt -0.426969 1.704201
vt 0.182072 0.582617
vt 0.439436 0.767068
vt 0.643472 1.009195
vt 0.424674 -0.274488
vt 0.716430 -0.274488
vt 0.716430 0.391359
vt 0.424674 0.391359
vt 0.820247 0.225930
vt 0.820247 1.178585
vt 0.433927 1.170018
vt 0.077159 0.209451
vt 0.396622 0.269166
vt 0.341653 1.148131
vt -0.043153 1.151592
vt -0.043153 0.279335
vt 0.392681 0.269166
vt 0.392681 1.081602
vt 0.017137 1.151592
vt -0.043154 0.350395
vt 0.542734 0.269167
vt 0.455742 1.151593
vt -0.034249 1.151592
vt -0.043154 0.269167
vt 0.445946 0.269167
vt 0.445946 1.146028
vt -0.043153 1.151593
vt 0.006255 0.274169
vt 0.449609 1.865665
vt 0.451711 1.463962
vt 0.625519 1.478400
vt 0.621158 1.874458
vt 0.469208 1.150214
vt 0.644838 1.156328
vt 0.455366 0.674872
vt 0.650528 0.666387
vt 0.459964 0.159015
vt 0.622625 0.153749
vt 0.432525 -0.271046
vt 0.609000 -0.271489
vt 0.432960 -0.723651
vt 0.600091 -0.727595
vt 0.420243 -1.132806
vt 0.586718 -1.133583
vt 0.426303 -1.528693
vt 0.577272 -1.529576
vt 0.836181 0.209451
vt 0.640062 1.178585
vt 0.245458 1.178585
vt 0.077159 0.209451
vt 0.359654 0.269167
vt 0.359654 1.108808
vt 0.008378 1.151592
vt -0.043153 0.316863
vt 0.462534 0.269166
vt 0.392579 1.136981
vt -0.043153 1.151592
vt -0.043153 0.286124
vt 0.535302 0.269167
vt 0.440621 1.143440
vt -0.043152 0.278914
vt 0.432467 0.269167
vt 0.449290 1.151593
vt -0.043153 1.151593
vt -0.010230 0.269167
vt 0.265905 1.855445
vt 0.286388 1.449086
vt 0.279077 1.144222
vt 0.288985 0.691871
vt 0.281296 0.175433
vt 0.270510 -0.271768
vt 0.261072 -0.721627
vt 0.253364 -1.132390
vt 0.276792 -1.533663
vt 0.819560 0.209451
vt 0.463121 1.170034
vt 0.077159 1.178585
vt 0.077159 0.225898
vt 0.396187 0.276033
vt 0.377319 1.151592
vt -0.006883 1.151593
vt -0.043153 0.269167
vt 0.391751 0.349905
vt 0.331588 1.151592
vt -0.043153 1.082023
vt -0.043153 0.269166
vt 0.541048 0.269167
vt 0.532176 1.151593
vt 0.043595 1.151593
vt -0.043153 0.269167
vt 0.396577 0.274171
vt 0.445990 1.151593
vt -0.043153 1.146026
vt 0.084547 1.863880
vt 0.118457 1.461447
vt 0.100521 1.150036
vt 0.113747 0.686525
vt 0.093604 0.170471
vt 0.107520 -0.271900
vt 0.090103 -0.723948
vt 0.085348 -1.132281
vt 0.084869 -1.544419
vt 0.820709 0.209451
vt 0.655836 1.178585
vt 0.269277 1.178585
vt 0.077159 0.209451
vt 0.367460 0.313107
vt 0.315366 1.151593
vt -0.043153 1.112665
vt -0.043153 0.269167
vt 0.469055 0.286576
vt 0.469055 1.151592
vt 0.027704 1.136591
vt -0.043153 0.269167
vt 0.535789 0.278930
vt 0.535789 1.151593
vt 0.051606 1.143428
vt 0.415955 0.269167
vt 0.448835 1.151593
vt -0.026331 0.269167
vt 0.801872 1.465305
vt 0.792919 1.867200
vt 0.826477 1.151849
vt 0.832226 0.683305
vt 0.785076 0.165073
vt 0.784058 -0.273264
vt 0.766703 -0.727485
vt 0.753615 -1.134617
vt 0.734658 -1.536963
vt 0.271456 -0.414776
vt 0.603330 -0.414776
vt 0.603330 0.342631
vt 0.271456 0.342631
vt 1.598923 0.738100
vt 1.507864 0.846160
vt 1.121200 0.427923
vt 1.393005 0.928478
vt 1.261420 0.979985
vt 1.121200 0.997512
vt 0.643474 0.687329
vt 0.734536 0.579266
vt 1.121200 0.997520
vt 0.849397 0.496961
vt 0.980982 0.445446
vt 1.121200 0.427920
vt 0.287269 -0.558055
vt 0.660150 -0.558055
vt 0.660150 0.292937
vt 0.287269 0.292937
vt 0.115495 -0.178526
vt 0.371920 -0.178526
vt 0.371920 0.406691
vt 0.115495 0.406691
vt 0.660150 1.052176
vt 0.287269 1.052176
vt 0.603330 1.018374
vt 0.271456 1.018374
vt 0.371920 0.928810
vt 0.115495 0.928812
vt 0.716430 0.985415
vt 0.424674 0.985415
vt 0.603330 1.912718
vt 0.271456 1.912718
vt 0.371920 1.619835
vt 0.115495 1.619834
vt 0.660150 2.057025
vt 0.287269 2.057025
vt 0.716430 1.771646
vt 0.424674 1.771646
vt 0.279082 0.585733
vt 0.727514 0.585733
vt 0.279082 0.585733
vt 0.503299 0.704286
vt 0.727514 0.348626
vt 0.279081 0.348628
vt 3.037611 0.833714
vt 3.044353 -1.101965
vt 3.136366 -1.087739
vt 3.061106 0.812757
vt 3.103248 -1.109379
vt 2.979719 0.795884
vt 3.149806 -1.099727
vt 2.876758 0.808844
vt 1.291191 1.020250
vt 1.254959 -0.216934
vt 1.300628 -0.216934
vt 1.392501 1.020250
vt 1.332141 -0.216934
vt 1.358402 1.020250
vt 1.348133 -0.216934
vt 1.193771 1.020250
vt 0.876680 1.348620
vt 0.941458 0.111436
vt 0.924841 0.111437
vt 1.018530 1.348620
vt 1.011782 0.111437
vt 1.062098 1.348620
vt 0.991346 0.111437
vt 0.912107 1.348620
vt 0.177444 0.868050
vt 0.413324 0.862799
vt 0.447400 0.892372
vt 0.124592 0.959314
vt 0.471736 0.462620
vt 0.462617 0.936225
vt 0.124592 0.486332
vt 0.176737 0.473321
vt 0.116076 0.895099
vt 0.515769 0.511362
vt 0.569780 0.515177
vt 0.116076 0.472545
vt 0.539354 0.712441
vt 0.853973 0.042894
vt 0.854509 0.030745
vt 0.650919 0.762016
vt 0.919100 0.066029
vt 0.669806 0.783701
vt 0.909750 0.055292
vt 0.538280 0.736978
vt 1.542925 1.238578
vt 1.537584 0.021750
vt 1.530714 0.054049
vt 1.682207 1.222392
vt 1.611055 0.027971
vt 1.714287 1.182956
vt 1.596018 0.046459
vt 1.557573 1.169689
vt 0.416553 1.505556
vt 1.110977 -0.148549
vt 1.103226 -0.187730
vt 0.532320 1.553678
vt 1.185122 -0.134579
vt 0.559719 1.598472
vt 1.169451 -0.160203
vt 0.430109 1.574055
vt 1.463216 2.041835
vt 1.436162 1.019418
vt 1.541028 1.045209
vt 1.379838 2.041835
vt 1.436651 1.052902
vt 1.277792 2.041835
vt 1.499609 1.063432
vt 1.298566 2.041835
vt -0.023560 2.549145
vt 0.188903 1.909003
vt 0.280166 1.967311
vt -0.106934 2.549145
vt 0.247352 1.958114
vt -0.208985 2.549145
vt -0.188210 2.549145
vt 0.921812 0.714155
vt 1.206644 0.059406
vt 1.199446 0.055232
vt 1.037565 0.756514
vt 1.271223 0.082316
vt 1.065411 0.768340
vt 1.257307 0.076405
vt 0.936209 0.722504
vt 1.454727 0.932335
vt 1.664549 0.090072
vt 1.571014 0.077736
vt 1.526476 0.899152
vt 1.660124 0.066069
vt 1.645283 0.907381
vt 1.604567 0.062220
vt 1.654737 0.958708
vt 0.619160 1.365680
vt 0.961557 -0.198825
vt 0.964924 -0.181565
vt 0.735834 1.380541
vt 1.027582 -0.182528
vt 0.752382 1.363630
vt 1.019796 -0.174575
vt 0.612005 1.328980
vt 1.536413 1.547976
vt 1.387624 0.683190
vt 1.494611 0.683190
vt 1.453039 1.547976
vt 1.374128 0.683190
vt 1.350988 1.547976
vt 1.440435 0.683190
vt 1.371763 1.547976
vt 0.801387 2.295785
vt 0.888687 1.405795
vt 0.978015 1.457292
vt 0.718009 2.295785
vt 0.886295 1.443387
vt 0.615963 2.295785
vt 0.940338 1.468756
vt 0.636734 2.295785
vt 0.193130 1.925521
vt 0.800254 1.629394
vt 0.869224 1.673456
vt 0.803447 1.641876
vt 0.844421 1.666506
vt 1.437227 1.094478
vt 1.528944 1.108383
vt 1.491270 1.119847
vt 1.439619 1.056885
vt 1.480684 0.753420
vt 1.427709 0.732862
vt 1.516607 0.716919
vt 1.428716 0.666256
vt 1.497243 0.553480
vt 1.386617 0.606740
vt 1.396513 0.512430
vt 1.448629 0.617407
vt 1.560506 -0.029576
vt 1.328924 0.035089
vt 1.362081 -0.103331
vt 1.453104 0.058863
vt 1.297971 -0.701106
vt 1.820150 -0.701106
vt 1.210708 -0.701106
vt 1.537504 -0.701106
vt 1.594713 2.041831
vt 1.602468 1.045206
vt 1.508329 1.019414
vt 1.488374 2.041831
vt 1.397138 2.041831
vt 1.485471 1.052900
vt 1.545454 1.063428
vt 1.457937 2.041831
vt 0.389350 2.549141
vt 0.685325 1.967308
vt 0.602420 1.909000
vt 0.283008 2.549141
vt 0.634880 1.958111
vt 0.191772 2.549141
vt 0.252571 2.549141
vt 1.383531 1.547974
vt 1.378133 0.683186
vt 1.289258 0.683186
vt 1.277193 1.547974
vt 1.185958 1.547974
vt 1.249746 0.683186
vt 1.309038 0.683186
vt 1.246755 1.547974
vt 1.107147 2.295782
vt 1.218015 1.457289
vt 1.135238 1.405792
vt 1.000808 2.295782
vt 0.909568 2.295782
vt 1.111862 1.443384
vt 1.165077 1.468753
vt 0.970367 2.295782
vt 0.582023 1.925518
vt 1.132034 1.673454
vt 1.069377 1.629390
vt 1.053962 1.641873
vt 1.093910 1.666503
vt 1.490839 1.094475
vt 1.544057 1.119844
vt 1.597005 1.108379
vt 1.514226 1.056882
vt 1.405797 0.732859
vt 1.461416 0.753418
vt 1.509683 0.716917
vt 1.420873 0.666254
vt 1.380758 0.553478
vt 1.272115 0.512428
vt 1.264875 0.606737
vt 1.331243 0.617404
vt 1.404424 -0.029579
vt 1.233922 -0.103333
vt 1.170402 0.035087
vt 1.282304 0.058860
vt 1.565259 -0.701109
vt 1.116577 -0.701109
vt 0.949390 -0.701109
vt 1.243886 -0.701109
vt 0.170089 1.235172
vt 0.170089 0.198493
vt 0.337083 1.235172
vt 0.003101 1.235182
vt 0.003101 0.198494
vt 0.170092 0.198494
vt 0.495625 0.198494
vt 0.654164 0.198494
vt 0.654164 1.235179
vt 0.495626 1.235179
vt 0.838077 0.104599
vt 0.150786 0.828534
vt 0.150786 0.104599
vt 0.495625 1.235182
vt 0.337087 1.235182
vt 0.170092 1.235182
vt 0.337083 0.198494
vt 0.337087 0.198494
vt 0.838077 0.828534
vt 1.000000 0.500000
vt 1.000000 1.000000
vt 0.800000 1.000000
vt 0.800000 0.500000
vt 0.600000 1.000000
vt 0.600000 0.500000
vt 0.400000 1.000000
vt 0.400000 0.500000
vt 0.478254 0.324164
vt 0.250000 0.490000
vt 0.021746 0.324164
vt 0.108932 0.055836
vt 0.391068 0.055836
vt 0.200000 1.000000
vt 0.200000 0.500000
vt 0.000000 1.000000
vt 0.000000 0.500000
vt 0.750000 0.490000
vt 0.978254 0.324164
vt 0.891068 0.055836
vt 0.608932 0.055836
vt 0.521746 0.324164
s 0
g old.mainIsland.wood.mesh_wood_01.mat
usemtl wood_01.mat
f 7/1/1 3/2/1 2/3/1
f 3/2/2 10/4/2 4/5/2
f 10/4/3 5/6/3 4/5/3
f 11/7/4 6/8/4 5/6/4
f 12/9/5 1/10/5 6/8/5
f 8/17/8 2/3/8 1/10/8
f 19/18/9 15/19/9 14/20/9
f 15/19/10 22/21/10 16/22/10
f 22/21/11 17/23/11 16/22/11
f 17/23/12 24/24/12 18/25/12
f 24/24/13 13/26/13 18/25/13
f 17/23/14 18/25/14 14/20/14
f 20/27/16 14/20/16 13/26/16
f 31/28/17 27/29/17 26/30/17
f 27/29/18 34/31/18 28/32/18
f 34/31/19 29/33/19 28/32/19
f 29/33/20 36/34/20 30/35/20
f 36/34/21 25/36/21 30/35/21
f 32/37/24 26/30/24 25/36/24
f 43/38/20 39/39/20 38/40/20
f 39/39/25 46/41/25 40/42/25
f 46/41/26 41/43/26 40/42/26
f 41/43/27 48/44/27 42/45/27
f 48/44/28 37/46/28 42/45/28
f 44/48/31 38/40/31 37/46/31
f 55/49/32 51/50/32 50/51/32
f 51/50/33 58/52/33 52/53/33
f 58/52/34 53/54/34 52/53/34
f 59/55/35 54/56/35 53/54/35
f 60/57/36 49/58/36 54/56/36
f 52/53/37 53/54/37 54/56/37
f 49/58/39 55/49/39 50/51/39
f 62/60/40 69/61/40 63/62/40
f 63/62/41 70/63/41 64/64/41
f 70/63/42 65/65/42 64/64/42
f 65/65/43 72/66/43 66/67/43
f 66/67/44 68/68/44 61/69/44
f 68/68/47 62/60/47 61/69/47
f 79/70/48 75/71/48 74/72/48
f 75/71/49 82/73/49 76/74/49
f 82/73/50 77/75/50 76/74/50
f 77/75/51 84/76/51 78/77/51
f 84/76/52 73/78/52 78/77/52
f 73/78/55 79/70/55 74/72/55
f 91/79/51 87/80/51 86/81/51
f 87/80/56 94/82/56 88/83/56
f 94/82/57 89/84/57 88/83/57
f 89/84/48 96/85/48 90/86/48
f 96/85/58 85/87/58 90/86/58
f 92/88/61 86/81/61 85/87/61
f 98/89/62 147/90/62 99/91/62
f 147/90/63 100/92/63 99/91/63
f 100/93/64 149/94/64 101/95/64
f 149/96/65 102/97/65 101/98/65
f 102/97/66 146/99/66 97/100/66
f 146/107/69 98/108/69 97/109/69
f 110/110/70 153/111/70 111/112/70
f 153/113/71 112/114/71 111/115/71
f 112/116/72 155/117/72 113/118/72
f 155/119/73 114/120/73 113/121/73
f 114/122/74 152/123/74 109/124/74
f 152/123/77 110/131/77 109/124/77
f 122/132/78 159/133/78 123/134/78
f 159/135/79 124/136/79 123/137/79
f 124/138/80 161/139/80 125/140/80
f 161/139/81 126/141/81 125/140/81
f 126/142/82 158/143/82 121/144/82
f 158/147/85 122/132/85 121/148/85
f 134/149/86 165/150/86 135/151/86
f 165/152/87 136/153/87 135/154/87
f 136/155/88 167/156/88 137/157/88
f 167/158/89 138/159/89 137/160/89
f 138/161/90 164/162/90 133/163/90
f 164/162/93 134/166/93 133/163/93
f 7/1/1 9/188/1 3/2/1
f 3/2/118 9/188/118 10/4/118
f 10/4/119 11/7/119 5/6/119
f 11/7/4 12/9/4 6/8/4
f 12/9/120 8/17/120 1/10/120
f 8/17/8 7/1/8 2/3/8
f 19/18/9 21/191/9 15/19/9
f 15/19/124 21/191/124 22/21/124
f 22/21/125 23/192/125 17/23/125
f 17/23/12 23/192/12 24/24/12
f 24/24/126 20/27/126 13/26/126
f 14/20/128 15/19/128 16/22/128
f 16/22/14 17/23/14 14/20/14
f 20/27/16 19/18/16 14/20/16
f 31/28/129 33/194/129 27/29/129
f 27/29/18 33/194/18 34/31/18
f 34/31/130 35/195/130 29/33/130
f 29/33/131 35/195/131 36/34/131
f 36/34/132 32/37/132 25/36/132
f 32/37/24 31/28/24 26/30/24
f 43/38/20 45/196/20 39/39/20
f 39/39/25 45/196/25 46/41/25
f 46/41/26 47/197/26 41/43/26
f 41/43/27 47/197/27 48/44/27
f 48/44/133 44/48/133 37/46/133
f 44/48/135 43/38/135 38/40/135
f 55/49/32 57/198/32 51/50/32
f 51/50/136 57/198/136 58/52/136
f 58/52/137 59/55/137 53/54/137
f 59/55/138 60/57/138 54/56/138
f 60/57/139 56/199/139 49/58/139
f 51/50/140 52/53/140 54/56/140
f 49/58/142 56/199/142 55/49/142
f 62/60/40 67/200/40 69/61/40
f 63/62/143 69/61/143 70/63/143
f 70/63/144 71/201/144 65/65/144
f 65/65/43 71/201/43 72/66/43
f 66/67/44 72/66/44 68/68/44
f 68/68/148 67/200/148 62/60/148
f 79/70/48 81/202/48 75/71/48
f 75/71/49 81/202/49 82/73/49
f 82/73/149 83/203/149 77/75/149
f 77/75/51 83/203/51 84/76/51
f 84/76/150 80/204/150 73/78/150
f 73/78/55 80/204/55 79/70/55
f 91/79/51 93/205/51 87/80/51
f 87/80/56 93/205/56 94/82/56
f 94/82/152 95/206/152 89/84/152
f 89/84/48 95/206/48 96/85/48
f 96/85/153 92/88/153 85/87/153
f 92/88/155 91/79/155 86/81/155
f 98/89/62 145/207/62 147/90/62
f 147/90/63 148/208/63 100/92/63
f 100/93/156 148/209/156 149/94/156
f 149/96/65 150/210/65 102/97/65
f 102/97/66 150/210/66 146/99/66
f 146/107/69 145/214/69 98/108/69
f 110/110/70 151/215/70 153/111/70
f 153/113/71 154/216/71 112/114/71
f 112/116/72 154/217/72 155/117/72
f 155/119/73 156/218/73 114/120/73
f 114/122/74 156/219/74 152/123/74
f 152/123/77 151/223/77 110/131/77
f 122/132/78 157/224/78 159/133/78
f 159/135/79 160/225/79 124/136/79
f 124/138/80 160/226/80 161/139/80
f 161/139/81 162/227/81 126/141/81
f 126/142/158 162/228/158 158/143/158
f 158/147/159 157/224/159 122/132/159
f 134/149/86 163/229/86 165/150/86
f 165/152/160 166/230/160 136/153/160
f 136/155/161 166/231/161 167/156/161
f 167/158/89 168/232/89 138/159/89
f 138/161/162 168/233/162 164/162/162
f 164/162/165 163/234/165 134/166/165
f 173/235/177 197/236/177 198/237/177
f 180/238/178 178/239/178 202/240/178
f 182/241/179 205/242/179 206/243/179
f 187/244/180 188/245/180 211/246/180
f 189/247/181 213/248/181 214/249/181
f 169/250/182 193/251/182 194/252/182
f 175/253/183 176/254/183 199/255/183
f 183/256/184 207/257/184 208/258/184
f 188/245/185 186/259/185 210/260/185
f 191/261/186 192/262/186 215/263/186
f 194/264/187 196/265/187 195/266/187
f 194/264/187 193/267/187 196/265/187
f 172/268/188 170/269/188 194/252/188
f 171/270/189 172/268/189 195/271/189
f 198/272/187 200/273/187 199/274/187
f 198/272/187 197/275/187 200/273/187
f 176/254/190 174/276/190 198/237/190
f 202/277/187 204/278/187 203/279/187
f 202/277/187 201/280/187 204/278/187
f 179/281/191 180/238/191 203/282/191
f 177/283/192 201/284/192 202/240/192
f 206/285/187 208/286/187 207/287/187
f 206/285/187 205/288/187 208/286/187
f 182/241/193 207/257/193 184/289/193
f 210/290/187 212/291/187 211/292/187
f 210/290/187 209/293/187 212/291/187
f 185/294/194 209/295/194 210/260/194
f 214/296/195 216/297/195 215/298/195
f 214/296/195 213/299/195 216/297/195
f 192/262/196 190/300/196 214/249/196
f 173/235/197 198/237/197 174/276/197
f 180/238/178 202/240/178 203/282/178
f 182/241/198 181/301/198 205/242/198
f 187/244/199 211/246/199 212/302/199
f 189/247/200 214/249/200 190/300/200
f 169/250/201 194/252/201 170/269/201
f 175/253/202 199/255/202 200/303/202
f 183/256/203 184/289/203 207/257/203
f 188/245/204 210/260/204 211/246/204
f 191/261/205 215/263/205 216/304/205
f 172/268/188 194/252/188 195/271/188
f 171/270/206 195/271/206 196/305/206
f 176/254/190 198/237/190 199/255/190
f 179/281/207 203/282/207 204/306/207
f 177/283/208 202/240/208 178/239/208
f 182/241/193 206/243/193 207/257/193
f 185/294/209 210/260/209 186/259/209
f 192/262/210 214/249/210 215/263/210
f 172/268/211 171/270/211 170/269/211
f 170/269/211 171/270/211 169/250/211
f 176/254/212 175/253/212 174/276/212
f 174/276/212 175/253/212 173/235/212
f 180/238/213 179/281/213 178/239/213
f 178/239/213 179/281/213 177/283/213
f 184/289/214 183/256/214 182/241/214
f 182/241/215 183/256/215 181/301/215
f 186/259/216 188/245/216 185/294/216
f 188/245/217 187/244/217 185/294/217
f 192/262/218 191/261/218 190/300/218
f 190/300/219 191/261/219 189/247/219
f 218/307/220 231/308/220 219/309/220
f 231/308/221 220/310/221 219/309/221
f 220/311/222 233/312/222 221/313/222
f 233/312/223 222/314/223 221/313/223
f 222/314/224 230/315/224 217/316/224
f 230/315/227 218/307/227 217/316/227
f 218/307/220 229/317/220 231/308/220
f 231/308/221 232/318/221 220/310/221
f 220/311/234 232/319/234 233/312/234
f 233/312/223 234/320/223 222/314/223
f 222/314/224 234/320/224 230/315/224
f 230/315/227 229/317/227 218/307/227
f 236/321/239 249/322/239 237/323/239
f 249/322/240 238/324/240 237/323/240
f 238/325/241 251/326/241 239/327/241
f 251/326/242 240/328/242 239/327/242
f 240/328/243 248/329/243 235/330/243
f 248/329/246 236/321/246 235/330/246
f 236/321/239 247/331/239 249/322/239
f 249/322/240 250/332/240 238/324/240
f 238/325/241 250/333/241 251/326/241
f 251/326/242 252/334/242 240/328/242
f 240/328/253 252/334/253 248/329/253
f 248/329/259 247/331/259 236/321/259
f 254/335/263 267/336/263 255/337/263
f 267/336/240 256/338/240 255/337/240
f 256/339/241 269/340/241 257/341/241
f 269/340/242 258/342/242 257/341/242
f 258/342/264 266/343/264 253/344/264
f 266/343/259 254/335/259 253/344/259
f 254/335/263 265/345/263 267/336/263
f 267/336/240 268/346/240 256/338/240
f 256/339/241 268/347/241 269/340/241
f 269/340/242 270/348/242 258/342/242
f 258/342/264 270/348/264 266/343/264
f 266/343/259 265/345/259 254/335/259
f 272/349/269 285/350/269 273/351/269
f 285/350/270 274/352/270 273/351/270
f 274/353/271 287/354/271 275/355/271
f 287/354/272 276/356/272 275/355/272
f 276/356/273 284/357/273 271/358/273
f 284/357/275 272/349/275 271/358/275
f 272/349/269 283/359/269 285/350/269
f 285/350/270 286/360/270 274/352/270
f 274/353/276 286/361/276 287/354/276
f 287/354/277 288/362/277 276/356/277
f 276/356/273 288/362/273 284/357/273
f 284/357/275 283/359/275 272/349/275
f 290/363/269 303/364/269 291/365/269
f 303/364/270 292/366/270 291/365/270
f 292/367/276 305/368/276 293/369/276
f 305/368/277 294/370/277 293/369/277
f 294/370/273 302/371/273 289/372/273
f 302/371/275 290/363/275 289/372/275
f 290/363/269 301/373/269 303/364/269
f 303/364/270 304/374/270 292/366/270
f 292/367/276 304/375/276 305/368/276
f 305/368/277 306/376/277 294/370/277
f 294/370/273 306/376/273 302/371/273
f 302/371/275 301/373/275 290/363/275
f 308/377/269 321/378/269 309/379/269
f 321/378/270 310/380/270 309/379/270
f 310/381/276 323/382/276 311/383/276
f 323/382/277 312/384/277 311/383/277
f 312/384/273 320/385/273 307/386/273
f 320/385/275 308/377/275 307/386/275
f 308/377/269 319/387/269 321/378/269
f 321/378/270 322/388/270 310/380/270
f 310/381/276 322/389/276 323/382/276
f 323/382/277 324/390/277 312/384/277
f 312/384/273 324/390/273 320/385/273
f 320/385/275 319/387/275 308/377/275
f 326/391/269 339/392/269 327/393/269
f 339/392/270 328/394/270 327/393/270
f 328/395/276 341/396/276 329/397/276
f 341/396/277 330/398/277 329/397/277
f 330/398/273 338/399/273 325/400/273
f 338/399/275 326/391/275 325/400/275
f 326/391/269 337/401/269 339/392/269
f 339/392/270 340/402/270 328/394/270
f 328/395/276 340/403/276 341/396/276
f 341/396/277 342/404/277 330/398/277
f 330/398/273 342/404/273 338/399/273
f 338/399/275 337/401/275 326/391/275
f 344/405/281 357/406/281 345/407/281
f 357/406/282 346/408/282 345/407/282
f 346/409/283 359/410/283 347/411/283
f 359/410/284 348/412/284 347/411/284
f 348/412/285 356/413/285 343/414/285
f 356/413/287 344/405/287 343/414/287
f 344/405/288 355/415/288 357/406/288
f 357/406/289 358/416/289 346/408/289
f 346/409/290 358/417/290 359/410/290
f 359/410/291 360/418/291 348/412/291
f 348/412/292 360/418/292 356/413/292
f 356/413/293 355/415/293 344/405/293
f 362/419/294 375/420/294 363/421/294
f 375/420/295 364/422/295 363/421/295
f 364/423/296 377/424/296 365/425/296
f 377/424/297 366/426/297 365/425/297
f 366/426/298 374/427/298 361/428/298
f 374/427/300 362/419/300 361/428/300
f 362/419/307 373/429/307 375/420/307
f 375/420/308 376/430/308 364/422/308
f 364/423/309 376/431/309 377/424/309
f 377/424/310 378/432/310 366/426/310
f 366/426/311 378/432/311 374/427/311
f 374/427/313 373/429/313 362/419/313
f 380/433/316 393/434/316 381/435/316
f 393/434/317 382/436/317 381/435/317
f 382/437/318 395/438/318 383/439/318
f 395/438/319 384/440/319 383/439/319
f 384/440/320 392/441/320 379/442/320
f 392/441/322 380/433/322 379/442/322
f 380/433/329 391/443/329 393/434/329
f 393/434/330 394/444/330 382/436/330
f 382/437/331 394/445/331 395/438/331
f 395/438/332 396/446/332 384/440/332
f 384/440/333 396/446/333 392/441/333
f 392/441/336 391/443/336 380/433/336
f 401/447/339 417/448/339 418/449/339
f 408/450/340 406/451/340 422/452/340
f 410/453/341 425/454/341 426/455/341
f 397/456/342 413/457/342 414/458/342
f 403/459/343 404/460/343 419/461/343
f 411/462/344 427/463/344 428/464/344
f 414/465/345 416/466/345 415/467/345
f 414/465/345 413/468/345 416/466/345
f 400/469/346 398/470/346 414/458/346
f 399/471/347 400/469/347 415/472/347
f 418/473/348 420/474/348 419/475/348
f 418/473/348 417/476/348 420/474/348
f 404/460/349 402/477/349 418/449/349
f 422/478/350 424/479/350 423/480/350
f 422/478/350 421/481/350 424/479/350
f 407/482/351 408/450/351 423/483/351
f 405/484/352 421/485/352 422/486/352
f 426/487/353 428/488/353 427/489/353
f 426/487/353 425/490/353 428/488/353
f 410/453/354 427/463/354 412/491/354
f 401/447/355 418/449/355 402/477/355
f 408/450/340 422/452/340 423/483/340
f 410/453/356 409/492/356 425/454/356
f 397/456/357 414/458/357 398/470/357
f 403/459/358 419/461/358 420/493/358
f 411/462/359 412/491/359 427/463/359
f 400/469/346 414/458/346 415/472/346
f 399/471/360 415/472/360 416/494/360
f 404/460/349 418/449/349 419/461/349
f 407/482/361 423/483/361 424/495/361
f 405/496/362 422/497/362 406/498/362
f 410/453/354 426/455/354 427/463/354
f 400/499/363 399/500/363 398/501/363
f 398/501/363 399/500/363 397/502/363
f 404/503/364 403/504/364 402/505/364
f 402/505/364 403/504/364 401/506/364
f 408/507/365 407/508/365 406/509/365
f 406/509/365 407/508/365 405/510/365
f 412/511/366 411/512/366 410/513/366
f 410/513/366 411/512/366 409/514/366
f 430/515/367 443/516/367 431/517/367
f 443/516/368 432/518/368 431/517/368
f 432/519/369 445/520/369 433/521/369
f 445/520/370 434/522/370 433/521/370
f 434/522/371 442/523/371 429/524/371
f 442/523/374 430/515/374 429/524/374
f 430/515/367 441/525/367 443/516/367
f 443/516/368 444/526/368 432/518/368
f 432/519/369 444/527/369 445/520/369
f 445/520/370 446/528/370 434/522/370
f 434/522/371 446/528/371 442/523/371
f 442/523/374 441/525/374 430/515/374
f 448/529/384 461/530/384 449/531/384
f 461/530/385 450/532/385 449/531/385
f 450/533/386 463/534/386 451/535/386
f 463/534/387 452/536/387 451/535/387
f 452/536/388 460/537/388 447/538/388
f 460/537/391 448/529/391 447/538/391
f 448/529/384 459/539/384 461/530/384
f 461/530/385 462/540/385 450/532/385
f 450/533/386 462/541/386 463/534/386
f 463/534/387 464/542/387 452/536/387
f 452/536/388 464/542/388 460/537/388
f 460/537/391 459/539/391 448/529/391
f 425/454/401 409/492/401 428/543/401
f 424/495/402 421/544/402 407/482/402
f 397/456/403 399/471/403 413/457/403
f 416/494/403 413/457/403 399/471/403
f 411/545/401 428/543/401 409/492/401
f 405/546/402 407/482/402 421/544/402
f 401/447/404 403/547/404 417/448/404
f 403/547/404 420/548/404 417/448/404
f 469/549/405 485/550/405 486/551/405
f 476/552/406 474/553/406 490/554/406
f 478/555/407 493/556/407 494/557/407
f 465/558/408 481/559/408 482/560/408
f 471/561/409 472/562/409 487/563/409
f 479/564/410 495/565/410 496/566/410
f 482/567/411 484/568/411 483/569/411
f 482/567/411 481/570/411 484/568/411
f 468/571/412 466/572/412 482/573/412
f 467/574/413 468/571/413 483/575/413
f 486/576/414 488/577/414 487/578/414
f 486/576/414 485/579/414 488/577/414
f 472/562/415 470/580/415 486/581/415
f 490/582/416 492/583/416 491/584/416
f 490/582/416 489/585/416 492/583/416
f 475/586/417 476/552/417 491/587/417
f 473/588/418 489/589/418 490/554/418
f 494/590/419 496/591/419 495/592/419
f 494/590/419 493/593/419 496/591/419
f 478/594/420 495/565/420 480/595/420
f 469/596/421 486/597/421 470/598/421
f 476/552/406 490/554/406 491/587/406
f 478/555/422 477/599/422 493/556/422
f 465/600/423 482/601/423 466/602/423
f 471/561/424 487/563/424 488/603/424
f 479/564/425 480/595/425 495/565/425
f 468/571/412 482/573/412 483/575/412
f 467/574/426 483/575/426 484/604/426
f 472/562/415 486/581/415 487/563/415
f 475/586/427 491/587/427 492/605/427
f 473/588/428 490/554/428 474/553/428
f 478/594/420 494/606/420 495/565/420
f 468/607/429 467/608/429 466/609/429
f 466/609/429 467/608/429 465/610/429
f 472/611/430 471/612/430 470/613/430
f 470/613/430 471/612/430 469/614/430
f 476/615/431 475/616/431 474/617/431
f 474/617/431 475/616/431 473/618/431
f 480/619/432 479/620/432 478/621/432
f 478/621/432 479/620/432 477/622/432
f 493/556/433 477/599/433 496/566/433
f 492/623/434 489/589/434 475/624/434
f 465/625/435 467/574/435 481/626/435
f 484/604/435 481/626/435 467/574/435
f 479/564/433 496/566/433 477/599/433
f 473/588/434 475/624/434 489/589/434
f 469/627/436 471/561/436 485/628/436
f 471/561/436 488/603/436 485/628/436
f 501/629/437 517/630/437 518/631/437
f 508/632/438 506/633/438 522/634/438
f 510/635/439 525/636/439 526/637/439
f 497/638/440 513/639/440 514/640/440
f 503/641/441 504/642/441 519/643/441
f 511/644/442 527/645/442 528/646/442
f 514/647/443 516/648/443 515/649/443
f 514/647/443 513/650/443 516/648/443
f 500/651/444 498/652/444 514/640/444
f 499/653/445 500/651/445 515/654/445
f 518/655/446 520/656/446 519/657/446
f 518/655/446 517/658/446 520/656/446
f 504/642/447 502/659/447 518/631/447
f 522/660/448 524/661/448 523/662/448
f 522/660/448 521/663/448 524/661/448
f 507/664/449 508/632/449 523/665/449
f 505/484/450 521/485/450 522/486/450
f 526/666/451 528/667/451 527/668/451
f 526/666/451 525/669/451 528/667/451
f 510/635/452 527/645/452 512/670/452
f 501/629/453 518/631/453 502/659/453
f 508/632/438 522/634/438 523/665/438
f 510/635/454 509/671/454 525/636/454
f 497/638/455 514/640/455 498/652/455
f 503/641/456 519/643/456 520/672/456
f 511/644/457 512/670/457 527/645/457
f 500/651/444 514/640/444 515/654/444
f 499/653/458 515/654/458 516/673/458
f 504/642/447 518/631/447 519/643/447
f 507/664/459 523/665/459 524/674/459
f 505/675/460 522/676/460 506/677/460
f 510/635/452 526/637/452 527/645/452
f 500/678/461 499/679/461 498/680/461
f 498/680/461 499/679/461 497/681/461
f 504/682/462 503/683/462 502/684/462
f 502/684/462 503/683/462 501/685/462
f 508/686/463 507/687/463 506/688/463
f 506/688/463 507/687/463 505/689/463
f 512/690/464 511/691/464 510/692/464
f 510/692/464 511/691/464 509/693/464
f 525/636/465 509/671/465 528/694/465
f 524/674/466 521/695/466 507/664/466
f 497/638/467 499/696/467 513/639/467
f 516/697/467 513/639/467 499/696/467
f 511/698/465 528/694/465 509/671/465
f 505/699/466 507/664/466 521/695/466
f 501/629/468 503/700/468 517/630/468
f 503/700/468 520/701/468 517/630/468
f 529/702/469 533/703/469 534/704/469
f 531/705/470 532/706/470 535/707/470
f 534/708/187 536/709/187 535/710/187
f 534/708/187 533/711/187 536/709/187
f 532/706/471 530/712/471 534/704/471
f 529/702/472 534/704/472 530/712/472
f 531/705/473 535/707/473 536/713/473
f 532/706/471 534/704/471 535/707/471
f 532/706/474 531/705/474 530/712/474
f 530/712/474 531/705/474 529/702/474
f 538/714/475 551/715/475 539/716/475
f 551/715/476 540/717/476 539/716/476
f 540/718/477 553/719/477 541/720/477
f 553/719/478 542/721/478 541/720/478
f 542/721/479 550/722/479 537/723/479
f 550/722/482 538/714/482 537/723/482
f 538/714/475 549/724/475 551/715/475
f 551/715/476 552/725/476 540/717/476
f 540/718/477 552/726/477 553/719/477
f 553/719/478 554/727/478 542/721/478
f 542/721/479 554/727/479 550/722/479
f 550/722/482 549/724/482 538/714/482
f 556/728/492 569/729/492 557/730/492
f 569/729/493 558/731/493 557/730/493
f 558/732/494 571/733/494 559/734/494
f 571/733/495 560/735/495 559/734/495
f 560/735/496 568/736/496 555/737/496
f 568/736/498 556/728/498 555/737/498
f 556/728/492 567/750/492 569/729/492
f 569/729/493 570/751/493 558/731/493
f 558/732/501 570/752/501 571/733/501
f 571/733/502 572/753/502 560/735/502
f 560/735/496 572/753/496 568/736/496
f 568/736/498 567/750/498 556/728/498
f 899/239/561 897/281/561 900/283/561
f 762/515/653 775/516/653 763/517/653
f 775/516/654 764/518/654 763/517/654
f 764/519/655 777/520/655 765/521/655
f 777/520/656 766/522/656 765/521/656
f 766/522/657 774/523/657 761/524/657
f 774/523/660 762/515/660 761/524/660
f 762/515/653 773/525/653 775/516/653
f 775/516/654 776/526/654 764/518/654
f 764/519/655 776/527/655 777/520/655
f 777/520/656 778/528/656 766/522/656
f 766/522/657 778/528/657 774/523/657
f 774/523/660 773/525/660 762/515/660
f 780/515/670 793/516/670 781/517/670
f 793/516/671 782/518/671 781/517/671
f 782/519/672 795/520/672 783/521/672
f 795/520/673 784/522/673 783/521/673
f 784/522/674 792/523/674 779/524/674
f 792/523/677 780/515/677 779/524/677
f 780/515/670 791/525/670 793/516/670
f 793/516/671 794/526/671 782/518/671
f 782/519/672 794/527/672 795/520/672
f 795/520/673 796/528/673 784/522/673
f 784/522/674 796/528/674 792/523/674
f 792/523/677 791/525/677 780/515/677
f 800/238/688 798/239/688 802/240/688
f 802/277/187 804/278/187 803/279/187
f 802/277/187 801/280/187 804/278/187
f 799/281/689 800/238/689 803/282/689
f 797/283/690 801/284/690 802/240/690
f 800/238/688 802/240/688 803/282/688
f 799/281/691 803/282/691 804/306/691
f 797/283/692 802/240/692 798/239/692
f 800/238/693 799/281/693 798/239/693
f 798/239/693 799/281/693 797/283/693
f 806/942/694 808/943/694 810/944/694
f 805/945/695 808/943/696 806/942/697
f 808/946/187 807/947/187 809/948/187
f 808/946/187 809/948/187 810/949/187
f 805/945/698 809/950/698 807/951/698
f 806/942/699 809/950/700 805/945/701
f 812/952/702 814/943/702 816/953/702
f 811/954/703 814/943/704 812/952/705
f 814/946/706 813/947/706 815/948/706
f 814/946/706 815/948/706 816/949/706
f 811/954/707 815/955/707 813/951/707
f 811/954/708 816/953/709 815/955/710
f 818/956/711 820/943/711 822/957/711
f 817/958/712 820/943/713 818/956/714
f 820/946/715 819/947/715 821/948/715
f 820/946/715 821/948/715 822/949/715
f 817/958/716 821/959/716 819/951/716
f 817/958/717 822/957/718 821/959/719
f 824/960/720 826/961/720 828/962/720
f 824/960/721 825/963/722 826/961/723
f 826/946/724 825/947/724 827/948/724
f 826/946/724 827/948/724 828/949/724
f 823/964/725 827/965/725 825/963/725
f 824/960/726 827/965/727 823/964/728
f 830/966/729 832/967/729 834/968/729
f 829/969/730 832/967/731 830/966/732
f 832/970/733 831/971/733 833/972/733
f 832/970/733 833/972/733 834/973/733
f 829/969/734 833/974/734 831/975/734
f 829/969/735 834/968/736 833/974/737
f 836/942/738 838/943/738 840/944/738
f 835/945/739 838/943/740 836/942/741
f 838/946/742 837/947/742 839/948/742
f 838/946/743 839/948/743 840/949/743
f 835/945/744 839/950/744 837/951/744
f 836/942/745 839/950/746 835/945/747
f 842/942/748 844/943/748 846/944/748
f 841/945/749 844/943/750 842/942/751
f 844/946/752 843/947/752 845/948/752
f 844/946/752 845/948/752 846/949/752
f 841/945/753 845/950/753 843/951/753
f 842/942/754 845/950/755 841/945/756
f 849/946/757 850/947/757 848/948/757
f 851/942/758 848/950/759 852/945/760
f 852/945/761 849/943/762 851/942/763
f 851/942/764 849/943/764 847/944/764
f 849/946/765 848/948/765 847/949/765
f 852/945/766 848/950/766 850/951/766
f 797/283/767 799/281/767 801/284/767
f 804/306/767 801/284/767 799/281/767
f 856/238/768 854/239/768 858/240/768
f 858/277/769 860/278/769 859/279/769
f 858/277/769 857/280/769 860/278/769
f 855/281/770 856/238/770 859/282/770
f 853/283/771 857/284/771 858/240/771
f 856/238/768 858/240/768 859/282/768
f 855/281/772 859/282/772 860/306/772
f 853/283/773 858/240/773 854/239/773
f 856/238/774 855/281/774 854/239/774
f 854/239/774 855/281/774 853/283/774
f 853/283/775 855/281/775 857/284/775
f 860/306/775 857/284/775 855/281/775
f 864/238/776 862/239/776 866/240/776
f 866/277/187 868/278/187 867/279/187
f 866/277/187 865/280/187 868/278/187
f 863/281/777 864/238/777 867/282/777
f 861/283/778 865/284/778 866/240/778
f 864/238/776 866/240/776 867/282/776
f 863/281/779 867/282/779 868/306/779
f 861/283/780 866/240/780 862/239/780
f 864/238/781 863/281/781 862/239/781
f 862/239/781 863/281/781 861/283/781
f 861/283/782 863/281/782 865/284/782
f 868/306/782 865/284/782 863/281/782
f 872/238/783 870/239/783 874/240/783
f 874/277/784 876/278/784 875/279/784
f 874/277/784 873/280/784 876/278/784
f 871/281/785 872/238/785 875/282/785
f 869/283/786 873/284/786 874/240/786
f 872/238/787 874/240/787 875/282/787
f 871/281/788 875/282/788 876/306/788
f 869/283/789 874/240/789 870/239/789
f 872/238/790 871/281/790 870/239/790
f 870/239/790 871/281/790 869/283/790
f 869/283/791 871/281/791 873/284/791
f 876/306/792 873/284/792 871/281/792
f 880/238/793 878/239/793 882/240/793
f 882/277/794 884/278/794 883/279/794
f 882/277/794 881/280/794 884/278/794
f 879/281/795 880/238/795 883/282/795
f 877/283/796 881/284/796 882/240/796
f 880/238/793 882/240/793 883/282/793
f 879/281/797 883/282/797 884/306/797
f 877/283/798 882/240/798 878/239/798
f 880/238/799 879/281/799 878/239/799
f 878/239/799 879/281/799 877/283/799
f 877/283/800 879/281/800 881/284/800
f 884/306/800 881/284/800 879/281/800
f 888/238/801 886/239/801 890/240/801
f 890/277/802 892/278/802 891/279/802
f 890/277/802 889/280/802 892/278/802
f 887/281/803 888/238/803 891/282/803
f 885/283/804 889/284/804 890/240/804
f 888/238/801 890/240/801 891/282/801
f 887/281/805 891/282/805 892/306/805
f 885/283/806 890/240/806 886/239/806
f 888/238/807 887/281/807 886/239/807
f 886/239/807 887/281/807 885/283/807
f 885/283/808 887/281/808 889/284/808
f 892/306/808 889/284/808 887/281/808
f 898/238/561 897/281/561 899/239/561
f 900/283/809 895/240/809 899/239/809
f 897/281/810 894/282/810 893/306/810
f 898/238/811 895/240/811 894/282/811
f 900/283/812 896/284/812 895/240/812
f 897/281/813 898/238/813 894/282/813
f 895/277/814 896/280/814 893/278/814
f 895/277/814 893/278/814 894/279/814
f 898/238/815 899/239/815 895/240/815
f 904/238/816 902/239/816 906/240/816
f 906/277/187 908/278/187 907/279/187
f 906/277/187 905/280/187 908/278/187
f 903/281/817 904/238/817 907/282/817
f 901/283/818 905/284/818 906/240/818
f 904/238/819 906/240/819 907/282/819
f 903/281/820 907/282/820 908/306/820
f 901/283/821 906/240/821 902/239/821
f 904/238/822 903/281/822 902/239/822
f 902/239/822 903/281/822 901/283/822
f 901/283/823 903/281/823 905/284/823
f 908/306/824 905/284/824 903/281/824
f 912/238/825 910/239/825 914/240/825
f 914/277/187 916/278/187 915/279/187
f 914/277/187 913/280/187 916/278/187
f 911/281/826 912/238/826 915/282/826
f 909/283/827 913/284/827 914/240/827
f 912/238/828 914/240/828 915/282/828
f 911/281/829 915/282/829 916/306/829
f 909/283/830 914/240/830 910/239/830
f 912/238/831 911/281/831 910/239/831
f 910/239/831 911/281/831 909/283/831
f 909/283/832 911/281/832 913/284/832
f 916/306/833 913/284/833 911/281/833
f 920/238/834 918/239/834 922/240/834
f 922/277/187 924/278/187 923/279/187
f 922/277/187 921/280/187 924/278/187
f 919/281/835 920/238/835 923/282/835
f 917/283/836 921/284/836 922/240/836
f 920/238/837 922/240/837 923/282/837
f 919/281/838 923/282/838 924/306/838
f 917/283/839 922/240/839 918/239/839
f 920/238/840 919/281/840 918/239/840
f 918/239/840 919/281/840 917/283/840
f 917/283/841 919/281/841 921/284/841
f 924/306/842 921/284/842 919/281/842
f 928/238/843 926/239/843 930/240/843
f 930/277/844 932/278/844 931/279/844
f 930/277/844 929/280/844 932/278/844
f 927/281/845 928/238/845 931/282/845
f 925/283/846 929/284/846 930/240/846
f 928/238/847 930/240/847 931/282/847
f 927/281/848 931/282/848 932/306/848
f 925/283/849 930/240/849 926/239/849
f 928/238/850 927/281/850 926/239/850
f 926/239/850 927/281/850 925/283/850
f 925/283/851 927/281/851 929/284/851
f 932/306/852 929/284/852 927/281/852
f 936/238/853 934/239/853 938/240/853
f 938/277/187 940/278/187 939/279/187
f 938/277/187 937/280/187 940/278/187
f 935/281/854 936/238/854 939/282/854
f 933/283/855 937/284/855 938/240/855
f 936/238/856 938/240/856 939/282/856
f 935/281/857 939/282/857 940/306/857
f 933/283/858 938/240/858 934/239/858
f 936/238/859 935/281/859 934/239/859
f 934/239/859 935/281/859 933/283/859
f 933/283/860 935/281/860 937/284/860
f 940/306/861 937/284/861 935/281/861
f 805/945/862 807/951/697 808/943/863
f 806/942/864 810/944/865 809/950/866
f 811/954/867 813/951/868 814/943/869
f 811/954/870 812/952/871 816/953/872
f 817/958/873 819/951/874 820/943/875
f 817/958/876 818/956/877 822/957/878
f 824/960/879 823/964/880 825/963/881
f 824/960/882 828/962/883 827/965/884
f 829/969/885 831/975/886 832/967/887
f 829/969/888 830/966/889 834/968/890
f 835/945/891 837/951/741 838/943/892
f 836/942/893 840/944/894 839/950/895
f 841/945/896 843/951/751 844/943/897
f 842/942/898 846/944/756 845/950/899
f 851/942/900 847/944/901 848/950/902
f 852/945/903 850/951/763 849/943/904
f 941/283/905 942/281/905 943/284/905
f 947/238/906 945/239/906 949/240/906
f 949/277/907 951/278/907 950/279/907
f 949/277/908 948/280/908 951/278/908
f 946/281/909 947/238/909 950/282/909
f 947/238/910 949/240/910 950/282/910
f 946/281/911 950/282/911 951/306/911
f 944/283/912 949/240/912 945/239/912
f 947/238/913 946/281/913 945/239/913
f 945/239/913 946/281/913 944/283/913
f 944/283/914 946/281/914 948/284/914
f 951/306/915 948/284/915 946/281/915
f 955/238/916 953/239/916 957/240/916
f 957/277/917 959/278/917 958/279/917
f 957/277/917 956/280/917 959/278/917
f 954/281/918 955/238/918 958/282/918
f 955/238/919 957/240/919 958/282/919
f 954/281/920 958/282/920 959/306/920
f 952/283/921 957/240/921 953/239/921
f 955/238/922 954/281/922 953/239/922
f 953/239/922 954/281/922 952/283/922
f 952/283/923 954/281/923 956/284/923
f 959/306/924 956/284/924 954/281/924
f 963/238/925 961/239/925 965/240/925
f 965/277/926 967/278/926 966/279/926
f 965/277/926 964/280/926 967/278/926
f 962/281/927 963/238/927 966/282/927
f 963/238/928 965/240/928 966/282/928
f 962/281/929 966/282/929 967/306/929
f 960/283/930 965/240/930 961/239/930
f 963/238/931 962/281/931 961/239/931
f 961/239/931 962/281/931 960/283/931
f 960/283/932 962/281/932 964/284/932
f 967/306/933 964/284/933 962/281/933
f 971/238/934 969/239/934 973/240/934
f 973/277/935 975/278/935 974/279/935
f 973/277/935 972/280/935 975/278/935
f 970/281/936 971/238/936 974/282/936
f 968/283/937 972/284/937 973/240/937
f 971/238/938 973/240/938 974/282/938
f 970/281/939 974/282/939 975/306/939
f 968/283/940 973/240/940 969/239/940
f 971/238/941 970/281/941 969/239/941
f 969/239/941 970/281/941 968/283/941
f 968/283/942 970/281/942 972/284/942
f 975/306/943 972/284/943 970/281/943
f 979/238/944 977/239/944 981/240/944
f 981/277/945 983/278/945 982/279/945
f 981/277/945 980/280/945 983/278/945
f 978/281/946 979/238/946 982/282/946
f 976/283/947 980/284/947 981/240/947
f 979/238/948 981/240/948 982/282/948
f 978/281/949 982/282/949 983/306/949
f 976/283/950 981/240/950 977/239/950
f 979/238/951 978/281/951 977/239/951
f 977/239/951 978/281/951 976/283/951
f 976/283/952 978/281/952 980/284/952
f 983/306/953 980/284/953 978/281/953
f 987/238/954 985/239/954 989/240/954
f 989/277/955 991/278/955 990/279/955
f 989/277/955 988/280/955 991/278/955
f 986/281/956 987/238/956 990/282/956
f 984/283/957 988/284/957 989/240/957
f 987/238/958 989/240/958 990/282/958
f 986/281/959 990/282/959 991/306/959
f 984/283/960 989/240/960 985/239/960
f 987/238/961 986/281/961 985/239/961
f 985/239/961 986/281/961 984/283/961
f 984/283/962 986/281/962 988/284/962
f 991/306/963 988/284/963 986/281/963
f 994/238/965 993/239/965 997/240/965
f 997/277/966 999/278/966 998/279/966
f 997/277/966 996/280/966 999/278/966
f 995/281/967 994/238/967 998/282/967
f 992/283/968 996/284/968 997/240/968
f 994/238/969 997/240/969 998/282/969
f 995/281/970 998/282/970 999/306/970
f 992/283/971 997/240/971 993/239/971
f 994/238/972 995/281/972 993/239/972
f 993/239/972 995/281/972 992/283/972
f 992/283/973 995/281/973 996/284/973
f 999/306/974 996/284/974 995/281/974
f 900/283/975 897/281/975 896/284/975
f 893/306/976 896/284/976 897/281/976
f 1002/238/977 1001/239/977 1005/240/977
f 1005/277/978 1007/278/978 1006/279/978
f 1005/277/978 1004/280/978 1007/278/978
f 1003/281/979 1002/238/979 1006/282/979
f 1000/283/980 1004/284/980 1005/240/980
f 1002/238/981 1005/240/981 1006/282/981
f 1003/281/982 1006/282/982 1007/306/982
f 1000/283/983 1005/240/983 1001/239/983
f 1002/238/984 1003/281/984 1001/239/984
f 1001/239/984 1003/281/984 1000/283/984
f 1000/283/985 1003/281/985 1004/284/985
f 1007/306/986 1004/284/986 1003/281/986
f 1010/238/987 1009/239/987 1013/240/987
f 1013/277/988 1015/278/988 1014/279/988
f 1013/277/988 1012/280/988 1015/278/988
f 1011/281/989 1010/238/989 1014/282/989
f 1008/283/990 1012/284/990 1013/240/990
f 1010/238/991 1013/240/991 1014/282/991
f 1011/281/992 1014/282/992 1015/306/992
f 1008/283/993 1013/240/993 1009/239/993
f 1010/238/994 1011/281/994 1009/239/994
f 1009/239/994 1011/281/994 1008/283/994
f 1008/283/995 1011/281/995 1012/284/995
f 1015/306/996 1012/284/996 1011/281/996
f 1018/238/997 1017/239/997 1021/240/997
f 1021/277/998 1023/278/998 1022/279/998
f 1021/277/998 1020/280/998 1023/278/998
f 1019/281/999 1018/238/999 1022/282/999
f 1016/283/1000 1020/284/1000 1021/240/1000
f 1018/238/1001 1021/240/1001 1022/282/1001
f 1019/281/1002 1022/282/1002 1023/306/1002
f 1016/283/1003 1021/240/1003 1017/239/1003
f 1018/238/1004 1019/281/1004 1017/239/1004
f 1017/239/1004 1019/281/1004 1016/283/1004
f 1016/283/1005 1019/281/1005 1020/284/1005
f 1023/306/1006 1020/284/1006 1019/281/1006
f 1026/238/1007 1025/239/1007 1029/240/1007
f 1029/277/1008 1031/278/1008 1030/279/1008
f 1029/277/1008 1028/280/1008 1031/278/1008
f 1027/281/1009 1026/238/1009 1030/282/1009
f 1024/283/1010 1028/284/1010 1029/240/1010
f 1026/238/1011 1029/240/1011 1030/282/1011
f 1027/281/1012 1030/282/1012 1031/306/1012
f 1024/283/1013 1029/240/1013 1025/239/1013
f 1026/238/1014 1027/281/1014 1025/239/1014
f 1025/239/1014 1027/281/1014 1024/283/1014
f 1024/283/1015 1027/281/1015 1028/284/1015
f 1031/306/1016 1028/284/1016 1027/281/1016
f 1034/238/1017 1033/239/1017 1037/240/1017
f 1037/277/1018 1039/278/1018 1038/279/1018
f 1037/277/1018 1036/280/1018 1039/278/1018
f 1035/281/1019 1034/238/1019 1038/282/1019
f 1032/283/1020 1036/284/1020 1037/240/1020
f 1034/238/1021 1037/240/1021 1038/282/1021
f 1035/281/1022 1038/282/1022 1039/306/1022
f 1032/283/1023 1037/240/1023 1033/239/1023
f 1034/238/1024 1035/281/1024 1033/239/1024
f 1033/239/1024 1035/281/1024 1032/283/1024
f 1032/283/1025 1035/281/1025 1036/284/1025
f 1039/306/1026 1036/284/1026 1035/281/1026
f 1042/238/1027 1041/239/1027 1045/240/1027
f 1045/277/1028 1047/278/1028 1046/279/1028
f 1045/277/1028 1044/280/1028 1047/278/1028
f 1043/281/1029 1042/238/1029 1046/282/1029
f 1040/283/1030 1044/284/1030 1045/240/1030
f 1042/238/1031 1045/240/1031 1046/282/1031
f 1043/281/1032 1046/282/1032 1047/306/1032
f 1040/283/1033 1045/240/1033 1041/239/1033
f 1042/238/1034 1043/281/1034 1041/239/1034
f 1041/239/1035 1043/281/1035 1040/283/1035
f 1040/283/1036 1043/281/1036 1044/284/1036
f 1047/306/1037 1044/284/1037 1043/281/1037
f 1050/238/1038 1049/239/1038 1053/240/1038
f 1053/277/1039 1055/278/1039 1054/279/1039
f 1053/277/1040 1052/280/1040 1055/278/1040
f 1051/281/1041 1050/238/1041 1054/282/1041
f 1048/283/1042 1052/284/1042 1053/240/1042
f 1050/238/1043 1053/240/1043 1054/282/1043
f 1051/281/1044 1054/282/1044 1055/306/1044
f 1048/283/1045 1053/240/1045 1049/239/1045
f 1050/238/1046 1051/281/1046 1049/239/1046
f 1049/239/1046 1051/281/1046 1048/283/1046
f 1048/283/1047 1051/281/1047 1052/284/1047
f 1055/306/1048 1052/284/1048 1051/281/1048
f 1058/238/1049 1057/239/1049 1061/240/1049
f 1061/277/1050 1063/278/1050 1062/279/1050
f 1061/277/1050 1060/280/1050 1063/278/1050
f 1059/281/1051 1058/238/1051 1062/282/1051
f 1056/283/1052 1060/284/1052 1061/240/1052
f 1058/238/1053 1061/240/1053 1062/282/1053
f 1059/281/1054 1062/282/1054 1063/306/1054
f 1056/283/1055 1061/240/1055 1057/239/1055
f 1058/238/1056 1059/281/1056 1057/239/1056
f 1057/239/1056 1059/281/1056 1056/283/1056
f 1056/283/1057 1059/281/1057 1060/284/1057
f 1063/306/1058 1060/284/1058 1059/281/1058
f 1066/238/1059 1065/239/1059 1069/240/1059
f 1069/277/1060 1071/278/1060 1070/279/1060
f 1069/277/1060 1068/280/1060 1071/278/1060
f 1067/281/1061 1066/238/1061 1070/282/1061
f 1064/283/1062 1068/284/1062 1069/240/1062
f 1066/238/1063 1069/240/1063 1070/282/1063
f 1067/281/1064 1070/282/1064 1071/306/1064
f 1064/283/1065 1069/240/1065 1065/239/1065
f 1066/238/1066 1067/281/1066 1065/239/1066
f 1065/239/1066 1067/281/1066 1064/283/1066
f 1064/283/1067 1067/281/1067 1068/284/1067
f 1071/306/1068 1068/284/1068 1067/281/1068
f 1074/238/1069 1073/239/1069 1077/240/1069
f 1077/277/1070 1079/278/1070 1078/279/1070
f 1077/277/1070 1076/280/1070 1079/278/1070
f 1075/281/1071 1074/238/1071 1078/282/1071
f 1072/283/1072 1076/284/1072 1077/240/1072
f 1074/238/1073 1077/240/1073 1078/282/1073
f 1075/281/1074 1078/282/1074 1079/306/1074
f 1072/283/1075 1077/240/1075 1073/239/1075
f 1074/238/1076 1075/281/1076 1073/239/1076
f 1073/239/1076 1075/281/1076 1072/283/1076
f 1072/283/1077 1075/281/1077 1076/284/1077
f 1079/306/1078 1076/284/1078 1075/281/1078
f 1082/238/1079 1081/239/1079 1085/240/1079
f 1085/277/1080 1087/278/1080 1086/279/1080
f 1085/277/1080 1084/280/1080 1087/278/1080
f 1083/281/1081 1082/238/1081 1086/282/1081
f 1080/283/1082 1084/284/1082 1085/240/1082
f 1082/238/1083 1085/240/1083 1086/282/1083
f 1083/281/1084 1086/282/1084 1087/306/1084
f 1080/283/1085 1085/240/1085 1081/239/1085
f 1082/238/1086 1083/281/1086 1081/239/1086
f 1081/239/1086 1083/281/1086 1080/283/1086
f 1080/283/1087 1083/281/1087 1084/284/1087
f 1087/306/1088 1084/284/1088 1083/281/1088
f 1090/238/1089 1089/239/1089 1093/240/1089
f 1093/277/1090 1095/278/1090 1094/279/1090
f 1093/277/1090 1092/280/1090 1095/278/1090
f 1091/281/1091 1090/238/1091 1094/282/1091
f 1088/283/1092 1092/284/1092 1093/240/1092
f 1090/238/1093 1093/240/1093 1094/282/1093
f 1091/281/1094 1094/282/1094 1095/306/1094
f 1088/283/1095 1093/240/1095 1089/239/1095
f 1090/238/1096 1091/281/1096 1089/239/1096
f 1089/239/1096 1091/281/1096 1088/283/1096
f 1088/283/1097 1091/281/1097 1092/284/1097
f 1095/306/1098 1092/284/1098 1091/281/1098
f 1098/238/1099 1097/239/1099 1101/240/1099
f 1101/277/1100 1103/278/1100 1102/279/1100
f 1101/277/1100 1100/280/1100 1103/278/1100
f 1099/281/1101 1098/238/1101 1102/282/1101
f 1096/283/1102 1100/284/1102 1101/240/1102
f 1098/238/1103 1101/240/1103 1102/282/1103
f 1099/281/1104 1102/282/1104 1103/306/1104
f 1096/283/1105 1101/240/1105 1097/239/1105
f 1098/238/1106 1099/281/1106 1097/239/1106
f 1097/239/1106 1099/281/1106 1096/283/1106
f 1096/283/1107 1099/281/1107 1100/284/1107
f 1103/306/1108 1100/284/1108 1099/281/1108
f 1109/976/1109 1120/977/1109 1108/978/1109 1107/979/1109
f 1109/976/286 1107/979/286 1105/987/286 1126/988/286
f 1108/978/187 1120/977/187 1127/990/187 1106/991/187
f 1120/977/187 1119/992/187 1128/993/187 1127/990/187
f 1119/992/187 1118/994/187 1129/995/187 1128/993/187
f 1118/994/187 1117/996/187 1130/997/187 1129/995/187
f 1117/996/187 1116/998/187 1131/999/187 1130/997/187
f 1116/998/187 1115/1000/187 1132/1001/187 1131/999/187
f 1114/1004/286 1113/1005/286 1122/1006/286 1121/1007/286
f 1113/1005/286 1112/1008/286 1123/1009/286 1122/1006/286
f 1112/1008/286 1111/1010/286 1124/1011/286 1123/1009/286
f 1111/1010/286 1110/1012/286 1125/1013/286 1124/1011/286
f 1110/1012/286 1109/976/286 1126/988/286 1125/1013/286
f 1105/1014/1120 1106/991/1120 1127/990/1120 1126/1015/1120
f 1126/1015/1120 1127/990/1120 1128/993/1120 1125/1016/1120
f 1125/1016/1120 1128/993/1120 1129/995/1120 1124/1017/1120
f 1124/1017/1120 1129/995/1120 1130/997/1120 1123/1018/1120
f 1123/1018/1120 1130/997/1120 1131/999/1120 1122/1019/1120
f 1122/1019/1120 1131/999/1120 1132/1001/1120 1121/1020/1120
f 1114/1004/1109 1115/1000/1109 1116/998/1109 1113/1005/1109
f 1113/1005/1109 1116/998/1109 1117/996/1109 1112/1008/1109
f 1112/1008/1109 1117/996/1109 1118/994/1109 1111/1010/1109
f 1111/1010/1109 1118/994/1109 1119/992/1109 1110/1012/1109
f 1110/1012/1109 1119/992/1109 1120/977/1109 1109/976/1109
f 1138/976/1124 1149/977/1124 1137/978/1124 1136/979/1124
f 1138/976/286 1136/979/286 1134/987/286 1155/988/286
f 1137/978/187 1149/977/187 1156/990/187 1135/991/187
f 1149/977/187 1148/992/187 1157/993/187 1156/990/187
f 1148/992/187 1147/994/187 1158/995/187 1157/993/187
f 1147/994/187 1146/996/187 1159/997/187 1158/995/187
f 1146/996/187 1145/998/187 1160/999/187 1159/997/187
f 1145/998/187 1144/1000/187 1161/1001/187 1160/999/187
f 1143/1004/286 1142/1005/286 1151/1006/286 1150/1007/286
f 1142/1005/286 1141/1008/286 1152/1009/286 1151/1006/286
f 1141/1008/286 1140/1010/286 1153/1011/286 1152/1009/286
f 1140/1010/286 1139/1012/286 1154/1013/286 1153/1011/286
f 1139/1012/286 1138/976/286 1155/988/286 1154/1013/286
f 1134/1014/1135 1135/991/1135 1156/990/1135 1155/1015/1135
f 1155/1015/1135 1156/990/1135 1157/993/1135 1154/1016/1135
f 1154/1016/1135 1157/993/1135 1158/995/1135 1153/1017/1135
f 1153/1017/1135 1158/995/1135 1159/997/1135 1152/1018/1135
f 1152/1018/1135 1159/997/1135 1160/999/1135 1151/1019/1135
f 1151/1019/1135 1160/999/1135 1161/1001/1135 1150/1020/1135
f 1143/1004/1124 1144/1000/1124 1145/998/1124 1142/1005/1124
f 1142/1005/1124 1145/998/1124 1146/996/1124 1141/1008/1124
f 1141/1008/1124 1146/996/1124 1147/994/1124 1140/1010/1124
f 1140/1010/1124 1147/994/1124 1148/992/1124 1139/1012/1124
f 1139/1012/1124 1148/992/1124 1149/977/1124 1138/976/1124
f 1167/976/1139 1178/977/1139 1166/978/1139 1165/979/1139
f 1167/976/1144 1165/979/1144 1163/987/1144 1184/988/1144
f 1166/978/1148 1178/977/1148 1185/990/1148 1164/991/1148
f 1178/977/1148 1177/992/1148 1186/993/1148 1185/990/1148
f 1177/992/1148 1176/994/1148 1187/995/1148 1186/993/1148
f 1176/994/1148 1175/996/1148 1188/997/1148 1187/995/1148
f 1175/996/1149 1174/998/1149 1189/999/1149 1188/997/1149
f 1174/998/1148 1173/1000/1148 1190/1001/1148 1189/999/1148
f 1172/1004/1144 1171/1005/1144 1180/1006/1144 1179/1007/1144
f 1171/1005/1144 1170/1008/1144 1181/1009/1144 1180/1006/1144
f 1170/1008/1144 1169/1010/1144 1182/1011/1144 1181/1009/1144
f 1169/1010/1153 1168/1012/1153 1183/1013/1153 1182/1011/1153
f 1168/1012/1144 1167/976/1144 1184/988/1144 1183/1013/1144
f 1163/1014/1154 1164/991/1154 1185/990/1154 1184/1015/1154
f 1184/1015/1154 1185/990/1154 1186/993/1154 1183/1016/1154
f 1183/1016/1154 1186/993/1154 1187/995/1154 1182/1017/1154
f 1182/1017/1154 1187/995/1154 1188/997/1154 1181/1018/1154
f 1181/1018/1154 1188/997/1154 1189/999/1154 1180/1019/1154
f 1180/1019/1154 1189/999/1154 1190/1001/1154 1179/1020/1154
f 1172/1004/1158 1173/1000/1158 1174/998/1158 1171/1005/1158
f 1171/1005/1139 1174/998/1139 1175/996/1139 1170/1008/1139
f 1170/1008/1139 1175/996/1139 1176/994/1139 1169/1010/1139
f 1169/1010/1139 1176/994/1139 1177/992/1139 1168/1012/1139
f 1168/1012/1139 1177/992/1139 1178/977/1139 1167/976/1139
f 1193/238/1159 1192/239/1159 1196/240/1159
f 1196/277/1160 1198/278/1160 1197/279/1160
f 1196/277/1160 1195/280/1160 1198/278/1160
f 1194/281/1161 1193/238/1161 1197/282/1161
f 1191/283/1162 1195/284/1162 1196/240/1162
f 1193/238/1163 1196/240/1163 1197/282/1163
f 1194/281/1164 1197/282/1164 1198/306/1164
f 1191/283/1165 1196/240/1165 1192/239/1165
f 1193/238/1166 1194/281/1166 1192/239/1166
f 1192/239/1166 1194/281/1166 1191/283/1166
f 1191/283/1167 1194/281/1167 1195/284/1167
f 1198/306/1168 1195/284/1168 1194/281/1168
f 1215/1033/4 1214/1034/4 1258/1035/4 1257/1036/4
f 1256/1037/1169 1255/1038/1169 1202/1039/1169 1201/1040/1169
f 1255/1041/1170 1254/1042/1170 1203/1043/1170 1202/1044/1170
f 1254/1045/1171 1253/1046/1171 1204/1047/1171 1203/1048/1171
f 1253/1049/1172 1252/1050/1172 1205/1051/1172 1204/1052/1172
f 1252/1053/1173 1251/1054/1173 1206/1055/1173 1205/1056/1173
f 1251/1057/1174 1250/1058/1174 1207/1059/1174 1206/1060/1174
f 1250/1058/1175 1249/1061/1175 1208/1062/1175 1207/1059/1175
f 1249/1061/1176 1248/1063/1176 1209/1064/1176 1208/1062/1176
f 1248/1063/1177 1247/1065/1177 1210/1066/1177 1209/1064/1177
f 1247/1065/1178 1246/1067/1178 1211/1068/1178 1210/1066/1178
f 1246/1067/1179 1245/1069/1179 1212/1070/1179 1211/1068/1179
f 1245/1069/865 1244/1071/865 1213/1072/865 1212/1070/865
f 1244/1071/865 1243/1073/865 1214/1074/865 1213/1072/865
f 1242/1075/1180 1241/1076/1180 1255/1077/1180 1256/1078/1180
f 1241/1079/1181 1240/1080/1181 1254/1081/1181 1255/1082/1181
f 1240/1083/1182 1239/1084/1182 1253/1085/1182 1254/1086/1182
f 1239/1087/1183 1238/1088/1183 1252/1055/1183 1253/1089/1183
f 1238/1090/1184 1237/1091/1184 1251/1092/1184 1252/1093/1184
f 1237/1094/1185 1236/1095/1185 1250/1058/1185 1251/1057/1185
f 1236/1095/1186 1235/1096/1186 1249/1061/1186 1250/1058/1186
f 1235/1096/1187 1234/1097/1187 1248/1063/1187 1249/1061/1187
f 1234/1097/1188 1233/1098/1188 1247/1065/1188 1248/1063/1188
f 1233/1098/1189 1232/1099/1189 1246/1067/1189 1247/1065/1189
f 1232/1099/1190 1231/1100/1190 1245/1069/1190 1246/1067/1190
f 1231/1100/1 1230/1101/1 1244/1071/1 1245/1069/1
f 1230/1101/1 1229/1102/1 1243/1073/1 1244/1071/1
f 1228/1103/1191 1227/1104/1191 1241/1105/1191 1242/1106/1191
f 1227/1107/1192 1226/1108/1192 1240/1109/1192 1241/1110/1192
f 1226/1111/1193 1225/1112/1193 1239/1113/1193 1240/1114/1193
f 1225/1115/1194 1224/1116/1194 1238/1117/1194 1239/1118/1194
f 1224/1119/1195 1223/1120/1195 1237/1121/1195 1238/1052/1195
f 1223/1122/1196 1222/1123/1196 1236/1095/1196 1237/1094/1196
f 1222/1123/1197 1221/1124/1197 1235/1096/1197 1236/1095/1197
f 1221/1124/1198 1220/1125/1198 1234/1097/1198 1235/1096/1198
f 1220/1125/1199 1219/1126/1199 1233/1098/1199 1234/1097/1199
f 1219/1126/1200 1218/1127/1200 1232/1099/1200 1233/1098/1200
f 1218/1127/1201 1217/1128/1201 1231/1100/1201 1232/1099/1201
f 1217/1128/697 1216/1129/697 1230/1101/697 1231/1100/697
f 1216/1129/697 1215/1130/697 1229/1102/697 1230/1101/697
f 1201/1131/1202 1202/1132/1202 1227/1133/1202 1228/1134/1202
f 1202/1135/1203 1203/1136/1203 1226/1137/1203 1227/1138/1203
f 1203/1139/1204 1204/1140/1204 1225/1141/1204 1226/1142/1204
f 1204/1143/1205 1205/1144/1205 1224/1145/1205 1225/1138/1205
f 1205/1146/1206 1206/1147/1206 1223/1055/1206 1224/1148/1206
f 1206/1060/1207 1207/1059/1207 1222/1149/1207 1223/1150/1207
f 1207/1059/1208 1208/1062/1208 1221/1151/1208 1222/1149/1208
f 1208/1062/1209 1209/1064/1209 1220/1152/1209 1221/1151/1209
f 1209/1064/1210 1210/1066/1210 1219/1153/1210 1220/1152/1210
f 1210/1066/1211 1211/1068/1211 1218/1154/1211 1219/1153/1211
f 1211/1068/1212 1212/1070/1212 1217/1155/1212 1218/1154/1212
f 1212/1070/4 1213/1072/4 1216/1156/4 1217/1155/4
f 1213/1072/4 1214/1074/4 1215/1157/4 1216/1156/4
f 1214/1158/865 1243/1159/865 1199/1160/865 1258/1161/865
f 1264/976/1213 1275/977/1213 1263/978/1213 1262/979/1213
f 1264/976/1218 1262/979/1218 1260/987/1218 1281/988/1218
f 1263/978/1222 1275/977/1222 1282/990/1222 1261/991/1222
f 1275/977/1223 1274/992/1223 1283/993/1223 1282/990/1223
f 1274/992/1223 1273/994/1223 1284/995/1223 1283/993/1223
f 1273/994/1222 1272/996/1222 1285/997/1222 1284/995/1222
f 1272/996/1222 1271/998/1222 1286/999/1222 1285/997/1222
f 1271/998/1223 1270/1000/1223 1287/1001/1223 1286/999/1223
f 1269/1004/1218 1268/1005/1218 1277/1006/1218 1276/1007/1218
f 1268/1005/1218 1267/1008/1218 1278/1009/1218 1277/1006/1218
f 1267/1008/1218 1266/1010/1218 1279/1011/1218 1278/1009/1218
f 1266/1010/1218 1265/1012/1218 1280/1013/1218 1279/1011/1218
f 1265/1012/1218 1264/976/1218 1281/988/1218 1280/1013/1218
f 1260/1014/1227 1261/991/1227 1282/990/1227 1281/1015/1227
f 1281/1015/1228 1282/990/1228 1283/993/1228 1280/1016/1228
f 1280/1016/1227 1283/993/1227 1284/995/1227 1279/1017/1227
f 1279/1017/1228 1284/995/1228 1285/997/1228 1278/1018/1228
f 1278/1018/1228 1285/997/1228 1286/999/1228 1277/1019/1228
f 1277/1019/1228 1286/999/1228 1287/1001/1228 1276/1020/1228
f 1269/1004/1213 1270/1000/1213 1271/998/1213 1268/1005/1213
f 1268/1005/1232 1271/998/1232 1272/996/1232 1267/1008/1232
f 1267/1008/1213 1272/996/1213 1273/994/1213 1266/1010/1213
f 1266/1010/1213 1273/994/1213 1274/992/1213 1265/1012/1213
f 1265/1012/1213 1274/992/1213 1275/977/1213 1264/976/1213
f 1293/976/1233 1304/977/1233 1292/978/1233 1291/979/1233
f 1293/976/1238 1291/979/1238 1289/987/1238 1310/988/1238
f 1292/978/1242 1304/977/1242 1311/990/1242 1290/991/1242
f 1304/977/1243 1303/992/1243 1312/993/1243 1311/990/1243
f 1303/992/1243 1302/994/1243 1313/995/1243 1312/993/1243
f 1302/994/1242 1301/996/1242 1314/997/1242 1313/995/1242
f 1301/996/1242 1300/998/1242 1315/999/1242 1314/997/1242
f 1300/998/1242 1299/1000/1242 1316/1001/1242 1315/999/1242
f 1298/1004/1238 1297/1005/1238 1306/1006/1238 1305/1007/1238
f 1297/1005/1247 1296/1008/1247 1307/1009/1247 1306/1006/1247
f 1296/1008/1238 1295/1010/1238 1308/1011/1238 1307/1009/1238
f 1295/1010/1238 1294/1012/1238 1309/1013/1238 1308/1011/1238
f 1294/1012/1238 1293/976/1238 1310/988/1238 1309/1013/1238
f 1289/1014/1248 1290/991/1248 1311/990/1248 1310/1015/1248
f 1310/1015/1248 1311/990/1248 1312/993/1248 1309/1016/1248
f 1309/1016/1248 1312/993/1248 1313/995/1248 1308/1017/1248
f 1308/1017/1249 1313/995/1249 1314/997/1249 1307/1018/1249
f 1307/1018/1248 1314/997/1248 1315/999/1248 1306/1019/1248
f 1306/1019/1248 1315/999/1248 1316/1001/1248 1305/1020/1248
f 1298/1004/1233 1299/1000/1233 1300/998/1233 1297/1005/1233
f 1297/1005/1233 1300/998/1233 1301/996/1233 1296/1008/1233
f 1296/1008/1233 1301/996/1233 1302/994/1233 1295/1010/1233
f 1295/1010/1233 1302/994/1233 1303/992/1233 1294/1012/1233
f 1294/1012/1233 1303/992/1233 1304/977/1233 1293/976/1233
f 1243/1174/1 1229/1175/1 1200/1176/1 1199/1177/1
f 1229/1178/697 1215/1179/697 1257/1180/697 1200/1181/697
f 1199/1177/1 1200/1176/1 1318/1182/1 1317/1183/1
f 1258/1161/865 1199/1160/865 1317/1184/865 1320/1185/865
f 1200/1181/697 1257/1180/697 1319/1186/697 1318/1187/697
f 1257/1036/4 1258/1035/4 1320/1188/4 1319/1189/4
f 1320/1185/865 1317/1184/865 1321/1190/865 1324/1191/865
f 1318/1187/697 1319/1186/697 1323/1192/697 1322/1193/697
f 1317/1183/1 1318/1182/1 1322/1194/1 1321/1195/1
f 1319/1189/4 1320/1188/4 1324/1196/4 1323/1197/4
f 1331/1/1 1327/2/1 1326/3/1
f 1327/2/118 1334/4/118 1328/5/118
f 1334/4/119 1329/6/119 1328/5/119
f 1335/7/4 1330/8/4 1329/6/4
f 1336/9/1253 1325/10/1253 1330/8/1253
f 1332/17/1256 1326/3/1256 1325/10/1256
f 1343/18/9 1339/19/9 1338/20/9
f 1339/19/10 1346/21/10 1340/22/10
f 1346/21/11 1341/23/11 1340/22/11
f 1341/23/12 1348/24/12 1342/25/12
f 1348/24/126 1337/26/126 1342/25/126
f 1341/23/1257 1342/25/1257 1338/20/1257
f 1344/27/16 1338/20/16 1337/26/16
f 1355/28/1259 1351/29/1259 1350/30/1259
f 1351/29/1260 1358/31/1260 1352/32/1260
f 1358/31/1261 1353/33/1261 1352/32/1261
f 1353/33/1262 1360/34/1262 1354/35/1262
f 1360/34/1263 1349/36/1263 1354/35/1263
f 1356/37/1266 1350/30/1266 1349/36/1266
f 1367/38/1267 1363/39/1267 1362/40/1267
f 1363/39/1268 1370/41/1268 1364/42/1268
f 1370/41/26 1365/43/26 1364/42/26
f 1365/43/27 1372/44/27 1366/45/27
f 1372/44/133 1361/46/133 1366/45/133
f 1368/48/1269 1362/40/1269 1361/46/1269
f 1379/49/32 1375/50/32 1374/51/32
f 1375/50/33 1382/52/33 1376/53/33
f 1382/52/34 1377/54/34 1376/53/34
f 1383/55/1270 1378/56/1270 1377/54/1270
f 1384/57/1271 1373/58/1271 1378/56/1271
f 1376/53/1272 1377/54/1272 1378/56/1272
f 1373/58/39 1379/49/39 1374/51/39
f 1386/60/1274 1393/61/1274 1387/62/1274
f 1387/62/143 1394/63/143 1388/64/143
f 1394/63/1275 1389/65/1275 1388/64/1275
f 1389/65/43 1396/66/43 1390/67/43
f 1390/67/1276 1392/68/1276 1385/69/1276
f 1392/68/1278 1386/60/1278 1385/69/1278
f 1403/70/1279 1399/71/1279 1398/72/1279
f 1399/71/49 1406/73/49 1400/74/49
f 1406/73/149 1401/75/149 1400/74/149
f 1401/75/1280 1408/76/1280 1402/77/1280
f 1408/76/1281 1397/78/1281 1402/77/1281
f 1397/78/1284 1403/70/1284 1398/72/1284
f 1415/79/1285 1411/80/1285 1410/81/1285
f 1411/80/1286 1418/82/1286 1412/83/1286
f 1418/82/152 1413/84/152 1412/83/152
f 1413/84/1287 1420/85/1287 1414/86/1287
f 1420/85/1288 1409/87/1288 1414/86/1288
f 1416/88/61 1410/81/61 1409/87/61
f 1422/110/70 1459/111/70 1423/112/70
f 1459/113/71 1424/114/71 1423/115/71
f 1424/116/1291 1461/117/1291 1425/118/1291
f 1461/119/1292 1426/120/1292 1425/121/1292
f 1426/122/74 1458/123/74 1421/124/74
f 1458/123/1293 1422/131/1293 1421/124/1293
f 1434/132/78 1465/133/78 1435/134/78
f 1465/135/1294 1436/136/1294 1435/137/1294
f 1436/138/1295 1467/139/1295 1437/140/1295
f 1467/139/81 1438/141/81 1437/140/81
f 1438/142/1296 1464/143/1296 1433/144/1296
f 1464/147/1297 1434/132/1297 1433/148/1297
f 1446/149/86 1471/150/86 1447/151/86
f 1471/152/1298 1448/153/1298 1447/154/1298
f 1448/155/88 1473/156/88 1449/157/88
f 1473/158/89 1450/159/89 1449/160/89
f 1450/161/90 1470/162/90 1445/163/90
f 1470/162/93 1446/166/93 1445/163/93
f 1331/1/1 1333/188/1 1327/2/1
f 1327/2/2 1333/188/2 1334/4/2
f 1334/4/3 1335/7/3 1329/6/3
f 1335/7/4 1336/9/4 1330/8/4
f 1336/9/5 1332/17/5 1325/10/5
f 1332/17/1306 1331/1/1306 1326/3/1306
f 1343/18/9 1345/191/9 1339/19/9
f 1339/19/1307 1345/191/1307 1346/21/1307
f 1346/21/11 1347/192/11 1341/23/11
f 1341/23/12 1347/192/12 1348/24/12
f 1348/24/13 1344/27/13 1337/26/13
f 1338/20/1308 1339/19/1308 1340/22/1308
f 1340/22/127 1341/23/127 1338/20/127
f 1344/27/16 1343/18/16 1338/20/16
f 1355/28/27 1357/194/27 1351/29/27
f 1351/29/1312 1357/194/1312 1358/31/1312
f 1358/31/1313 1359/195/1313 1353/33/1313
f 1353/33/20 1359/195/20 1360/34/20
f 1360/34/1314 1356/37/1314 1349/36/1314
f 1356/37/1319 1355/28/1319 1350/30/1319
f 1367/38/20 1369/196/20 1363/39/20
f 1363/39/1320 1369/196/1320 1370/41/1320
f 1370/41/1321 1371/197/1321 1365/43/1321
f 1365/43/1322 1371/197/1322 1372/44/1322
f 1372/44/1323 1368/48/1323 1361/46/1323
f 1368/48/1325 1367/38/1325 1362/40/1325
f 1379/49/1326 1381/198/1326 1375/50/1326
f 1375/50/1327 1381/198/1327 1382/52/1327
f 1382/52/1328 1383/55/1328 1377/54/1328
f 1383/55/1329 1384/57/1329 1378/56/1329
f 1384/57/1271 1380/199/1271 1373/58/1271
f 1375/50/1332 1376/53/1332 1378/56/1332
f 1373/58/39 1380/199/39 1379/49/39
f 1386/60/1334 1391/200/1334 1393/61/1334
f 1387/62/1335 1393/61/1335 1394/63/1335
f 1394/63/144 1395/201/144 1389/65/144
f 1389/65/1336 1395/201/1336 1396/66/1336
f 1390/67/1337 1396/66/1337 1392/68/1337
f 1392/68/47 1391/200/47 1386/60/47
f 1403/70/1344 1405/202/1344 1399/71/1344
f 1399/71/1345 1405/202/1345 1406/73/1345
f 1406/73/1346 1407/203/1346 1401/75/1346
f 1401/75/1347 1407/203/1347 1408/76/1347
f 1408/76/1281 1404/204/1281 1397/78/1281
f 1397/78/1350 1404/204/1350 1403/70/1350
f 1415/79/1351 1417/205/1351 1411/80/1351
f 1411/80/1286 1417/205/1286 1418/82/1286
f 1418/82/152 1419/206/152 1413/84/152
f 1413/84/48 1419/206/48 1420/85/48
f 1420/85/153 1416/88/153 1409/87/153
f 1416/88/155 1415/79/155 1410/81/155
f 1422/110/70 1457/215/70 1459/111/70
f 1459/113/71 1460/216/71 1424/114/71
f 1424/116/72 1460/217/72 1461/117/72
f 1461/119/73 1462/218/73 1426/120/73
f 1426/122/1357 1462/219/1357 1458/123/1357
f 1458/123/1293 1457/223/1293 1422/131/1293
f 1434/132/78 1463/224/78 1465/133/78
f 1465/135/1294 1466/225/1294 1436/136/1294
f 1436/138/80 1466/226/80 1467/139/80
f 1467/139/81 1468/227/81 1438/141/81
f 1438/142/158 1468/228/158 1464/143/158
f 1464/147/85 1463/224/85 1434/132/85
f 1446/149/1359 1469/229/1359 1471/150/1359
f 1471/152/160 1472/230/160 1448/153/160
f 1448/155/161 1472/231/161 1473/156/161
f 1473/158/89 1474/232/89 1450/159/89
f 1450/161/90 1474/233/90 1470/162/90
f 1470/162/165 1469/234/165 1446/166/165
f 1500/149/1384 1513/150/1384 1501/151/1384
f 1513/152/1385 1502/153/1385 1501/154/1385
f 1502/155/1386 1515/156/1386 1503/157/1386
f 1515/158/1387 1504/159/1387 1503/160/1387
f 1504/161/1388 1512/162/1388 1499/163/1388
f 1512/162/1391 1500/166/1391 1499/163/1391
f 1500/149/1398 1511/229/1398 1513/150/1398
f 1513/152/1399 1514/230/1399 1502/153/1399
f 1502/155/1400 1514/231/1400 1515/156/1400
f 1515/158/1401 1516/232/1401 1504/159/1401
f 1504/161/1388 1516/233/1388 1512/162/1388
f 1512/162/1405 1511/234/1405 1500/166/1405
f 1518/149/1384 1531/150/1384 1519/151/1384
f 1531/152/1410 1520/153/1410 1519/154/1410
f 1520/155/1386 1533/156/1386 1521/157/1386
f 1533/158/1401 1522/159/1401 1521/160/1401
f 1522/161/1388 1530/162/1388 1517/163/1388
f 1530/162/1405 1518/166/1405 1517/163/1405
f 1518/149/1416 1529/229/1416 1531/150/1416
f 1531/152/1417 1532/230/1417 1520/153/1417
f 1520/155/1418 1532/231/1418 1533/156/1418
f 1533/158/1401 1534/232/1401 1522/159/1401
f 1522/161/1388 1534/233/1388 1530/162/1388
f 1530/162/1405 1529/234/1405 1518/166/1405
f 1536/149/1384 1549/150/1384 1537/151/1384
f 1549/152/1410 1538/153/1410 1537/154/1410
f 1538/155/1386 1551/156/1386 1539/157/1386
f 1551/158/1401 1540/159/1401 1539/160/1401
f 1540/161/1423 1548/162/1423 1535/163/1423
f 1548/162/1405 1536/166/1405 1535/163/1405
f 1536/149/1426 1547/229/1426 1549/150/1426
f 1549/152/1417 1550/230/1417 1538/153/1417
f 1538/155/1418 1550/231/1418 1551/156/1418
f 1551/158/1401 1552/232/1401 1540/159/1401
f 1540/161/1388 1552/233/1388 1548/162/1388
f 1548/162/1405 1547/234/1405 1536/166/1405
f 1557/162/1405 1558/234/1405 1569/166/1405
f 1565/161/1388 1553/233/1388 1557/162/1388
f 1554/158/1401 1553/232/1401 1565/159/1401
f 1567/155/1418 1555/231/1418 1554/156/1418
f 1556/152/1399 1555/230/1399 1567/153/1399
f 1569/149/1416 1558/229/1416 1556/150/1416
f 1557/162/1431 1569/166/1431 1570/163/1431
f 1565/161/1388 1557/162/1388 1570/163/1388
f 1554/158/1401 1565/159/1401 1566/160/1401
f 1567/155/1386 1554/156/1386 1566/157/1386
f 1556/152/1385 1567/153/1385 1568/154/1385
f 1569/149/1384 1556/150/1384 1568/151/1384
f 1572/149/1432 1585/150/1432 1573/151/1432
f 1585/152/1385 1574/153/1385 1573/154/1385
f 1574/155/1386 1587/156/1386 1575/157/1386
f 1587/158/1401 1576/159/1401 1575/160/1401
f 1576/161/1388 1584/162/1388 1571/163/1388
f 1584/162/1391 1572/166/1391 1571/163/1391
f 1572/149/1416 1583/229/1416 1585/150/1416
f 1585/152/1434 1586/230/1434 1574/153/1434
f 1574/155/1418 1586/231/1418 1587/156/1418
f 1587/158/1401 1588/232/1401 1576/159/1401
f 1576/161/1388 1588/233/1388 1584/162/1388
f 1584/162/1435 1583/234/1435 1572/166/1435
f 1590/149/1384 1603/150/1384 1591/151/1384
f 1603/152/1410 1592/153/1410 1591/154/1410
f 1592/155/1386 1605/156/1386 1593/157/1386
f 1605/158/1401 1594/159/1401 1593/160/1401
f 1594/161/1388 1602/162/1388 1589/163/1388
f 1602/162/1405 1590/166/1405 1589/163/1405
f 1590/149/1426 1601/229/1426 1603/150/1426
f 1603/152/1434 1604/230/1434 1592/153/1434
f 1592/155/1418 1604/231/1418 1605/156/1418
f 1605/158/1401 1606/232/1401 1594/159/1401
f 1594/161/1388 1606/233/1388 1602/162/1388
f 1602/162/1405 1601/234/1405 1590/166/1405
f 1608/149/1416 1621/150/1416 1609/151/1416
f 1621/152/1410 1610/153/1410 1609/154/1410
f 1610/155/1386 1623/156/1386 1611/157/1386
f 1623/158/1401 1612/159/1401 1611/160/1401
f 1612/161/1388 1620/162/1388 1607/163/1388
f 1620/162/1405 1608/166/1405 1607/163/1405
f 1608/149/1416 1619/229/1416 1621/150/1416
f 1621/152/1434 1622/230/1434 1610/153/1434
f 1610/155/1418 1622/231/1418 1623/156/1418
f 1623/158/1401 1624/232/1401 1612/159/1401
f 1612/161/1388 1624/233/1388 1620/162/1388
f 1620/162/1405 1619/234/1405 1608/166/1405
f 1626/149/1416 1639/150/1416 1627/151/1416
f 1639/152/1410 1628/153/1410 1627/154/1410
f 1628/155/1386 1641/156/1386 1629/157/1386
f 1641/158/1401 1630/159/1401 1629/160/1401
f 1630/161/1388 1638/162/1388 1625/163/1388
f 1638/162/1405 1626/166/1405 1625/163/1405
f 1626/149/1416 1637/229/1416 1639/150/1416
f 1639/152/1434 1640/230/1434 1628/153/1434
f 1628/155/1418 1640/231/1418 1641/156/1418
f 1641/158/1401 1642/232/1401 1630/159/1401
f 1630/161/1388 1642/233/1388 1638/162/1388
f 1638/162/1405 1637/234/1405 1626/166/1405
f 1644/149/1432 1657/150/1432 1645/151/1432
f 1657/152/1385 1646/153/1385 1645/154/1385
f 1646/155/1386 1659/156/1386 1647/157/1386
f 1659/158/1401 1648/159/1401 1647/160/1401
f 1648/161/1388 1656/162/1388 1643/163/1388
f 1656/162/1405 1644/166/1405 1643/163/1405
f 1644/149/1416 1655/229/1416 1657/150/1416
f 1657/152/1434 1658/230/1434 1646/153/1434
f 1646/155/1418 1658/231/1418 1659/156/1418
f 1659/158/1401 1660/232/1401 1648/159/1401
f 1648/161/1388 1660/233/1388 1656/162/1388
f 1656/162/1405 1655/234/1405 1644/166/1405
f 1662/149/1384 1675/150/1384 1663/151/1384
f 1675/152/1410 1664/153/1410 1663/154/1410
f 1664/155/1386 1677/156/1386 1665/157/1386
f 1677/158/1401 1666/159/1401 1665/160/1401
f 1666/161/1388 1674/162/1388 1661/163/1388
f 1674/162/1405 1662/166/1405 1661/163/1405
f 1662/149/1426 1673/229/1426 1675/150/1426
f 1675/152/1434 1676/230/1434 1664/153/1434
f 1664/155/1418 1676/231/1418 1677/156/1418
f 1677/158/1401 1678/232/1401 1666/159/1401
f 1666/161/1388 1678/233/1388 1674/162/1388
f 1674/162/1405 1673/234/1405 1662/166/1405
f 1681/238/1440 1680/239/1440 1684/240/1440
f 1684/277/187 1686/278/187 1685/279/187
f 1684/277/187 1683/280/187 1686/278/187
f 1682/281/1441 1681/238/1441 1685/282/1441
f 1679/283/1442 1683/284/1442 1684/240/1442
f 1681/238/1443 1684/240/1443 1685/282/1443
f 1682/281/1444 1685/282/1444 1686/306/1444
f 1679/283/1445 1684/240/1445 1680/239/1445
f 1681/238/286 1682/281/286 1680/239/286
f 1680/239/286 1682/281/286 1679/283/286
f 1679/283/1446 1682/281/1446 1683/284/1446
f 1686/306/1447 1683/284/1447 1682/281/1447
f 1689/238/1448 1688/239/1448 1692/240/1448
f 1692/277/187 1694/278/187 1693/279/187
f 1692/277/187 1691/280/187 1694/278/187
f 1690/281/1449 1689/238/1449 1693/282/1449
f 1687/283/1450 1691/284/1450 1692/240/1450
f 1689/238/1451 1692/240/1451 1693/282/1451
f 1690/281/1452 1693/282/1452 1694/306/1452
f 1687/283/1453 1692/240/1453 1688/239/1453
f 1689/238/286 1690/281/286 1688/239/286
f 1688/239/286 1690/281/286 1687/283/286
f 1687/283/1454 1690/281/1454 1691/284/1454
f 1694/306/1455 1691/284/1455 1690/281/1455
f 1697/238/1448 1696/239/1448 1700/240/1448
f 1700/277/187 1702/278/187 1701/279/187
f 1700/277/187 1699/280/187 1702/278/187
f 1698/281/1449 1697/238/1449 1701/282/1449
f 1695/283/1456 1699/284/1456 1700/240/1456
f 1697/238/1451 1700/240/1451 1701/282/1451
f 1698/281/1457 1701/282/1457 1702/306/1457
f 1695/283/1458 1700/240/1458 1696/239/1458
f 1697/238/286 1698/281/286 1696/239/286
f 1696/239/286 1698/281/286 1695/283/286
f 1695/283/1454 1698/281/1454 1699/284/1454
f 1702/306/1455 1699/284/1455 1698/281/1455
f 1705/238/1440 1704/239/1440 1708/240/1440
f 1708/277/187 1710/278/187 1709/279/187
f 1708/277/187 1707/280/187 1710/278/187
f 1706/281/1441 1705/238/1441 1709/282/1441
f 1703/283/1442 1707/284/1442 1708/240/1442
f 1705/238/1443 1708/240/1443 1709/282/1443
f 1706/281/1444 1709/282/1444 1710/306/1444
f 1703/283/1445 1708/240/1445 1704/239/1445
f 1705/238/286 1706/281/286 1704/239/286
f 1704/239/286 1706/281/286 1703/283/286
f 1703/283/1446 1706/281/1446 1707/284/1446
f 1710/306/1447 1707/284/1447 1706/281/1447
f 1713/238/1459 1712/239/1459 1716/240/1459
f 1716/277/187 1718/278/187 1717/279/187
f 1716/277/187 1715/280/187 1718/278/187
f 1714/281/1449 1713/238/1449 1717/282/1449
f 1711/283/1456 1715/284/1456 1716/240/1456
f 1713/238/1451 1716/240/1451 1717/282/1451
f 1714/281/1457 1717/282/1457 1718/306/1457
f 1711/283/1460 1716/240/1460 1712/239/1460
f 1713/238/286 1714/281/286 1712/239/286
f 1712/239/286 1714/281/286 1711/283/286
f 1711/283/1454 1714/281/1454 1715/284/1454
f 1718/306/1455 1715/284/1455 1714/281/1455
f 1721/238/1440 1720/239/1440 1724/240/1440
f 1724/277/187 1726/278/187 1725/279/187
f 1724/277/187 1723/280/187 1726/278/187
f 1722/281/1461 1721/238/1461 1725/282/1461
f 1719/283/1462 1723/284/1462 1724/240/1462
f 1721/238/1443 1724/240/1443 1725/282/1443
f 1722/281/1463 1725/282/1463 1726/306/1463
f 1719/283/1464 1724/240/1464 1720/239/1464
f 1721/238/286 1722/281/286 1720/239/286
f 1720/239/286 1722/281/286 1719/283/286
f 1719/283/1446 1722/281/1446 1723/284/1446
f 1726/306/1447 1723/284/1447 1722/281/1447
f 1729/238/1440 1728/239/1440 1732/240/1440
f 1732/277/187 1734/278/187 1733/279/187
f 1732/277/187 1731/280/187 1734/278/187
f 1730/281/1441 1729/238/1441 1733/282/1441
f 1727/283/1442 1731/284/1442 1732/240/1442
f 1729/238/1443 1732/240/1443 1733/282/1443
f 1730/281/1444 1733/282/1444 1734/306/1444
f 1727/283/1465 1732/240/1465 1728/239/1465
f 1729/238/286 1730/281/286 1728/239/286
f 1728/239/286 1730/281/286 1727/283/286
f 1727/283/1446 1730/281/1446 1731/284/1446
f 1734/306/1447 1731/284/1447 1730/281/1447
f 1737/238/1448 1736/239/1448 1740/240/1448
f 1740/277/187 1742/278/187 1741/279/187
f 1740/277/187 1739/280/187 1742/278/187
f 1738/281/1449 1737/238/1449 1741/282/1449
f 1735/283/1456 1739/284/1456 1740/240/1456
f 1737/238/1451 1740/240/1451 1741/282/1451
f 1738/281/1457 1741/282/1457 1742/306/1457
f 1735/283/1453 1740/240/1453 1736/239/1453
f 1737/238/286 1738/281/286 1736/239/286
f 1736/239/286 1738/281/286 1735/283/286
f 1735/283/1454 1738/281/1454 1739/284/1454
f 1742/306/1455 1739/284/1455 1738/281/1455
f 1745/238/1440 1744/239/1440 1748/240/1440
f 1748/277/187 1750/278/187 1749/279/187
f 1748/277/187 1747/280/187 1750/278/187
f 1746/281/1441 1745/238/1441 1749/282/1441
f 1743/283/1442 1747/284/1442 1748/240/1442
f 1745/238/1443 1748/240/1443 1749/282/1443
f 1746/281/1444 1749/282/1444 1750/306/1444
f 1743/283/1466 1748/240/1466 1744/239/1466
f 1745/238/286 1746/281/286 1744/239/286
f 1744/239/286 1746/281/286 1743/283/286
f 1743/283/1446 1746/281/1446 1747/284/1446
f 1750/306/1447 1747/284/1447 1746/281/1447
f 1753/1228/1467 1752/1229/1467 1756/1230/1467
f 1756/1231/1468 1758/1232/1468 1757/1233/1468
f 1756/1231/1468 1755/1234/1468 1758/1232/1468
f 1754/1235/1469 1753/1228/1469 1757/1236/1469
f 1751/1237/1470 1755/1238/1470 1756/1230/1470
f 1753/1228/1471 1756/1230/1471 1757/1236/1471
f 1754/1235/1472 1757/1236/1472 1758/1239/1472
f 1751/1237/1473 1756/1230/1473 1752/1229/1473
f 1753/1228/1474 1754/1235/1474 1752/1229/1474
f 1752/1229/1474 1754/1235/1474 1751/1237/1474
f 1764/1231/1475 1766/1232/1475 1765/1233/1475
f 1764/1231/1475 1763/1234/1475 1766/1232/1475
f 1762/1235/1476 1761/1228/1476 1765/1236/1476
f 1759/1237/1477 1763/1238/1477 1764/1230/1477
f 1762/1235/1478 1765/1236/1478 1766/1239/1478
f 1759/1237/1479 1764/1230/1479 1760/1229/1479
f 1761/1228/1480 1762/1235/1480 1760/1229/1480
f 1760/1229/1480 1762/1235/1480 1759/1237/1480
f 1759/1237/1481 1762/1235/1481 1763/1238/1481
f 1766/1239/1482 1763/1238/1482 1762/1235/1482
f 1769/1228/1483 1768/1229/1483 1772/1230/1483
f 1772/1231/1484 1774/1232/1484 1773/1233/1484
f 1772/1231/1484 1771/1234/1484 1774/1232/1484
f 1770/1235/1485 1769/1228/1485 1773/1236/1485
f 1767/1237/1486 1771/1238/1486 1772/1230/1486
f 1769/1228/1487 1772/1230/1487 1773/1236/1487
f 1770/1235/1488 1773/1236/1488 1774/1239/1488
f 1767/1237/1489 1772/1230/1489 1768/1229/1489
f 1769/1228/1490 1770/1235/1490 1768/1229/1490
f 1768/1229/1490 1770/1235/1490 1767/1237/1490
f 1780/1231/1491 1782/1232/1491 1781/1233/1491
f 1780/1231/1491 1779/1234/1491 1782/1232/1491
f 1778/1235/1492 1777/1228/1492 1781/1236/1492
f 1775/1237/1493 1779/1238/1493 1780/1230/1493
f 1778/1235/1494 1781/1236/1494 1782/1239/1494
f 1775/1237/1495 1780/1230/1495 1776/1229/1495
f 1777/1228/1496 1778/1235/1496 1776/1229/1496
f 1776/1229/1496 1778/1235/1496 1775/1237/1496
f 1775/1237/1497 1778/1235/1497 1779/1238/1497
f 1782/1239/1498 1779/1238/1498 1778/1235/1498
f 1788/1231/1499 1790/1232/1499 1789/1233/1499
f 1788/1231/1499 1787/1234/1499 1790/1232/1499
f 1786/1235/1500 1785/1228/1500 1789/1236/1500
f 1783/1237/1501 1787/1238/1501 1788/1230/1501
f 1786/1235/1502 1789/1236/1502 1790/1239/1502
f 1783/1237/1503 1788/1230/1503 1784/1229/1503
f 1785/1228/1504 1786/1235/1504 1784/1229/1504
f 1784/1229/1504 1786/1235/1504 1783/1237/1504
f 1783/1237/1505 1786/1235/1505 1787/1238/1505
f 1790/1239/1506 1787/1238/1506 1786/1235/1506
f 1793/1228/1507 1792/1229/1507 1796/1230/1507
f 1796/1231/1508 1798/1232/1508 1797/1233/1508
f 1796/1231/1508 1795/1234/1508 1798/1232/1508
f 1794/1235/1509 1793/1228/1509 1797/1236/1509
f 1791/1237/1510 1795/1238/1510 1796/1230/1510
f 1793/1228/1511 1796/1230/1511 1797/1236/1511
f 1794/1235/1512 1797/1236/1512 1798/1239/1512
f 1791/1237/1513 1796/1230/1513 1792/1229/1513
f 1793/1228/1514 1794/1235/1514 1792/1229/1514
f 1792/1229/1514 1794/1235/1514 1791/1237/1514
f 1804/1231/1504 1806/1232/1504 1805/1233/1504
f 1804/1231/1504 1803/1234/1504 1806/1232/1504
f 1802/1235/1515 1801/1228/1515 1805/1236/1515
f 1799/1237/1516 1803/1238/1516 1804/1230/1516
f 1802/1235/1517 1805/1236/1517 1806/1239/1517
f 1799/1237/1518 1804/1230/1518 1800/1229/1518
f 1801/1228/1499 1802/1235/1499 1800/1229/1499
f 1800/1229/1499 1802/1235/1499 1799/1237/1499
f 1799/1237/1519 1802/1235/1519 1803/1238/1519
f 1806/1239/1520 1803/1238/1520 1802/1235/1520
f 1809/1228/1521 1808/1229/1521 1812/1230/1521
f 1812/1231/1514 1814/1232/1514 1813/1233/1514
f 1812/1231/1514 1811/1234/1514 1814/1232/1514
f 1810/1235/1522 1809/1228/1522 1813/1236/1522
f 1807/1237/1523 1811/1238/1523 1812/1230/1523
f 1809/1228/1524 1812/1230/1524 1813/1236/1524
f 1810/1235/1525 1813/1236/1525 1814/1239/1525
f 1807/1237/1526 1812/1230/1526 1808/1229/1526
f 1809/1228/1508 1810/1235/1508 1808/1229/1508
f 1808/1229/1508 1810/1235/1508 1807/1237/1508
f 1819/162/1435 1820/234/1435 1831/166/1435
f 1827/161/1388 1815/233/1388 1819/162/1388
f 1816/158/1401 1815/232/1401 1827/159/1401
f 1829/155/1418 1817/231/1418 1816/156/1418
f 1818/152/1434 1817/230/1434 1829/153/1434
f 1831/149/1426 1820/229/1426 1818/150/1426
f 1819/162/1405 1831/166/1405 1832/163/1405
f 1827/161/1388 1819/162/1388 1832/163/1388
f 1816/158/1528 1827/159/1528 1828/160/1528
f 1829/155/1386 1816/156/1386 1828/157/1386
f 1818/152/1410 1829/153/1410 1830/154/1410
f 1831/149/1384 1818/150/1384 1830/151/1384
f 1837/162/1405 1838/234/1405 1849/166/1405
f 1845/161/1388 1833/233/1388 1837/162/1388
f 1834/158/1528 1833/232/1528 1845/159/1528
f 1847/155/1400 1835/231/1400 1834/156/1400
f 1836/152/1434 1835/230/1434 1847/153/1434
f 1849/149/1426 1838/229/1426 1836/150/1426
f 1837/162/1431 1849/166/1431 1850/163/1431
f 1845/161/1388 1837/162/1388 1850/163/1388
f 1834/158/1401 1845/159/1401 1846/160/1401
f 1847/155/1386 1834/156/1386 1846/157/1386
f 1836/152/1410 1847/153/1410 1848/154/1410
f 1849/149/1384 1836/150/1384 1848/151/1384
f 1855/162/1435 1856/234/1435 1867/166/1435
f 1863/161/1388 1851/233/1388 1855/162/1388
f 1852/158/1401 1851/232/1401 1863/159/1401
f 1865/155/1418 1853/231/1418 1852/156/1418
f 1854/152/1434 1853/230/1434 1865/153/1434
f 1867/149/1416 1856/229/1416 1854/150/1416
f 1855/162/1391 1867/166/1391 1868/163/1391
f 1863/161/1388 1855/162/1388 1868/163/1388
f 1852/158/1401 1863/159/1401 1864/160/1401
f 1865/155/1386 1852/156/1386 1864/157/1386
f 1854/152/1410 1865/153/1410 1866/154/1410
f 1867/149/1432 1854/150/1432 1866/151/1432
f 1873/162/1405 1874/234/1405 1885/166/1405
f 1881/161/1388 1869/233/1388 1873/162/1388
f 1870/158/1401 1869/232/1401 1881/159/1401
f 1883/155/1418 1871/231/1418 1870/156/1418
f 1872/152/1434 1871/230/1434 1883/153/1434
f 1885/149/1426 1874/229/1426 1872/150/1426
f 1873/162/1431 1885/166/1431 1886/163/1431
f 1881/161/1388 1873/162/1388 1886/163/1388
f 1870/158/1401 1881/159/1401 1882/160/1401
f 1883/155/1386 1870/156/1386 1882/157/1386
f 1872/152/1410 1883/153/1410 1884/154/1410
f 1885/149/1384 1872/150/1384 1884/151/1384
f 1891/162/1435 1892/234/1435 1903/166/1435
f 1899/161/1388 1887/233/1388 1891/162/1388
f 1888/158/1401 1887/232/1401 1899/159/1401
f 1901/155/1418 1889/231/1418 1888/156/1418
f 1890/152/1434 1889/230/1434 1901/153/1434
f 1903/149/1416 1892/229/1416 1890/150/1416
f 1891/162/1391 1903/166/1391 1904/163/1391
f 1899/161/1388 1891/162/1388 1904/163/1388
f 1888/158/1401 1899/159/1401 1900/160/1401
f 1901/155/1386 1888/156/1386 1900/157/1386
f 1890/152/1410 1901/153/1410 1902/154/1410
f 1903/149/1384 1890/150/1384 1902/151/1384
f 1909/162/1435 1910/234/1435 1921/166/1435
f 1917/161/1388 1905/233/1388 1909/162/1388
f 1906/158/1401 1905/232/1401 1917/159/1401
f 1919/155/1418 1907/231/1418 1906/156/1418
f 1908/152/1434 1907/230/1434 1919/153/1434
f 1921/149/1426 1910/229/1426 1908/150/1426
f 1909/162/1405 1921/166/1405 1922/163/1405
f 1917/161/1388 1909/162/1388 1922/163/1388
f 1906/158/1401 1917/159/1401 1918/160/1401
f 1919/155/1386 1906/156/1386 1918/157/1386
f 1908/152/1410 1919/153/1410 1920/154/1410
f 1921/149/1384 1908/150/1384 1920/151/1384
f 1927/162/1435 1928/234/1435 1939/166/1435
f 1935/161/1388 1923/233/1388 1927/162/1388
f 1924/158/1401 1923/232/1401 1935/159/1401
f 1937/155/1418 1925/231/1418 1924/156/1418
f 1926/152/1434 1925/230/1434 1937/153/1434
f 1939/149/1426 1928/229/1426 1926/150/1426
f 1927/162/1405 1939/166/1405 1940/163/1405
f 1935/161/1388 1927/162/1388 1940/163/1388
f 1924/158/1401 1935/159/1401 1936/160/1401
f 1937/155/1386 1924/156/1386 1936/157/1386
f 1926/152/1410 1937/153/1410 1938/154/1410
f 1939/149/1384 1926/150/1384 1938/151/1384
f 2106/1400/4 2105/1401/4 2107/1402/4
f 2103/1403/1 2104/1404/1 2101/1405/1
f 2108/1406/865 2104/1407/865 2103/1408/865
f 2108/1406/865 2103/1408/865 2107/1409/865
f 2105/1406/697 2106/1413/697 2102/1414/697
f 2103/1403/1 2101/1405/1 2102/1415/1
f 2107/1402/4 2105/1401/4 2108/1416/4
f 2105/1406/697 2102/1414/697 2101/1417/697
f 2110/149/1359 2123/150/1359 2111/151/1359
f 2123/152/1720 2112/153/1720 2111/154/1720
f 2112/155/88 2125/156/88 2113/157/88
f 2125/158/89 2114/159/89 2113/160/89
f 2114/161/90 2122/162/90 2109/163/90
f 2122/162/165 2110/166/165 2109/163/165
f 2110/149/1724 2121/229/1724 2123/150/1724
f 2123/152/1725 2124/230/1725 2112/153/1725
f 2112/155/161 2124/231/161 2125/156/161
f 2125/158/89 2126/232/89 2114/159/89
f 2114/161/162 2126/233/162 2122/162/162
f 2122/162/165 2121/234/165 2110/166/165
f 2132/1400/1727 2131/1401/1727 2133/1402/1727
f 2129/1403/1728 2130/1404/1728 2127/1405/1728
f 2134/1406/1729 2130/1407/1729 2129/1408/1729
f 2134/1406/1729 2129/1408/1729 2133/1409/1729
f 2131/1406/1730 2132/1413/1730 2128/1414/1730
f 2129/1403/1731 2127/1405/1731 2128/1415/1731
f 2133/1402/1732 2131/1401/1732 2134/1416/1732
f 2131/1406/1730 2128/1414/1730 2127/1417/1730
f 2135/1419/1733 2136/1420/1733 2138/1421/1733 2137/1422/1733
f 2137/1422/1734 2138/1421/1734 2140/1423/1734 2139/1424/1734
f 2139/1424/187 2140/1423/187 2142/1425/187 2141/1426/187
f 2138/1427/1735 2136/1428/1735 2144/1429/1735 2142/1430/1735 2140/1431/1735
f 2141/1426/1736 2142/1425/1736 2144/1432/1736 2143/1433/1736
f 2143/1433/1737 2144/1432/1737 2136/1434/1737 2135/1435/1737
f 2135/1436/1738 2137/1437/1738 2139/1438/1738 2141/1439/1738 2143/1440/1738
f 2145/1419/1739 2146/1420/1739 2148/1421/1739 2147/1422/1739
f 2147/1422/1740 2148/1421/1740 2150/1423/1740 2149/1424/1740
f 2149/1424/187 2150/1423/187 2152/1425/187 2151/1426/187
f 2148/1427/1741 2146/1428/1741 2154/1429/1741 2152/1430/1741 2150/1431/1741
f 2151/1426/1742 2152/1425/1742 2154/1432/1742 2153/1433/1742
f 2153/1433/1743 2154/1432/1743 2146/1434/1743 2145/1435/1743
f 2145/1436/1744 2147/1437/1744 2149/1438/1744 2151/1439/1744 2153/1440/1744
f 2155/1419/1745 2156/1420/1745 2158/1421/1745 2157/1422/1745
f 2157/1422/1746 2158/1421/1746 2160/1423/1746 2159/1424/1746
f 2159/1424/187 2160/1423/187 2162/1425/187 2161/1426/187
f 2158/1427/1747 2156/1428/1747 2164/1429/1747 2162/1430/1747 2160/1431/1747
f 2161/1426/1748 2162/1425/1748 2164/1432/1748 2163/1433/1748
f 2163/1433/1749 2164/1432/1749 2156/1434/1749 2155/1435/1749
f 2155/1436/1750 2157/1437/1750 2159/1438/1750 2161/1439/1750 2163/1440/1750
f 2165/1419/1733 2166/1420/1733 2168/1421/1733 2167/1422/1733
f 2167/1422/1734 2168/1421/1734 2170/1423/1734 2169/1424/1734
f 2169/1424/187 2170/1423/187 2172/1425/187 2171/1426/187
f 2168/1427/1735 2166/1428/1735 2174/1429/1735 2172/1430/1735 2170/1431/1735
f 2171/1426/1736 2172/1425/1736 2174/1432/1736 2173/1433/1736
f 2173/1433/1737 2174/1432/1737 2166/1434/1737 2165/1435/1737
f 2165/1436/1738 2167/1437/1738 2169/1438/1738 2171/1439/1738 2173/1440/1738
f 2175/1419/1739 2176/1420/1739 2178/1421/1739 2177/1422/1739
f 2177/1422/1740 2178/1421/1740 2180/1423/1740 2179/1424/1740
f 2179/1424/187 2180/1423/187 2182/1425/187 2181/1426/187
f 2178/1427/1741 2176/1428/1741 2184/1429/1741 2182/1430/1741 2180/1431/1741
f 2181/1426/1751 2182/1425/1751 2184/1432/1751 2183/1433/1751
f 2183/1433/1743 2184/1432/1743 2176/1434/1743 2175/1435/1743
f 2175/1436/1744 2177/1437/1744 2179/1438/1744 2181/1439/1744 2183/1440/1744
f 2185/1419/1745 2186/1420/1745 2188/1421/1745 2187/1422/1745
f 2187/1422/1746 2188/1421/1746 2190/1423/1746 2189/1424/1746
f 2189/1424/187 2190/1423/187 2192/1425/187 2191/1426/187
f 2188/1427/1747 2186/1428/1747 2194/1429/1747 2192/1430/1747 2190/1431/1747
f 2191/1426/1748 2192/1425/1748 2194/1432/1748 2193/1433/1748
f 2193/1433/1749 2194/1432/1749 2186/1434/1749 2185/1435/1749
f 2185/1436/1752 2187/1437/1752 2189/1438/1752 2191/1439/1752 2193/1440/1752
f 2195/1419/1753 2196/1420/1753 2198/1421/1753 2197/1422/1753
f 2197/1422/1754 2198/1421/1754 2200/1423/1754 2199/1424/1754
f 2199/1424/1755 2200/1423/1755 2202/1425/1755 2201/1426/1755
f 2198/1427/187 2196/1428/187 2204/1429/187 2202/1430/187 2200/1431/187
f 2201/1426/1756 2202/1425/1756 2204/1432/1756 2203/1433/1756
f 2203/1433/1757 2204/1432/1757 2196/1434/1757 2195/1435/1757
f 2195/1436/286 2197/1437/286 2199/1438/286 2201/1439/286 2203/1440/286
f 2206/1422/1758 2210/1421/1758 2212/1423/1758 2207/1424/1758
f 2207/1424/187 2212/1423/187 2213/1425/187 2208/1426/187
f 2208/1426/1759 2213/1425/1759 2214/1432/1759 2209/1433/1759
f 2209/1433/1760 2214/1432/1760 2211/1434/1760 2205/1435/1760
f 2205/1436/1761 2206/1437/1761 2207/1438/1761 2208/1439/1761 2209/1440/1761
f 2210/1427/1762 2211/1428/1762 2214/1429/1762 2213/1430/1762 2212/1431/1762
f 2205/1419/1763 2211/1420/1763 2210/1421/1763 2206/1422/1763
f 2217/1424/1764 2222/1423/1764 2223/1425/1764 2218/1426/1764
f 2218/1426/1765 2223/1425/1765 2224/1432/1765 2219/1433/1765
f 2219/1433/1766 2224/1432/1766 2221/1434/1766 2215/1435/1766
f 2215/1436/1767 2216/1437/1767 2217/1438/1767 2218/1439/1767 2219/1440/1767
f 2216/1422/1768 2220/1421/1768 2222/1423/1768 2217/1424/1768
f 2220/1427/1769 2221/1428/1769 2224/1429/1769 2223/1430/1769 2222/1431/1769
f 2215/1419/1770 2221/1420/1770 2220/1421/1770 2216/1422/1770
g old.mainIsland.wood.mesh_wood_02.mat
usemtl wood_02.mat
f 573/754/506 578/755/506 574/756/506
f 577/757/507 580/758/507 578/755/507
f 577/757/507 579/759/507 580/758/507
f 576/760/508 579/759/508 575/761/508
f 573/754/506 577/757/506 578/755/506
f 576/760/508 580/758/508 579/759/508
f 583/762/509 585/763/509 586/764/509
f 581/765/510 587/766/510 582/767/510
f 581/765/511 586/764/511 588/768/511
f 582/767/512 585/763/512 584/769/512
f 574/756/513 575/761/513 573/754/513
f 575/761/514 574/756/514 576/760/514
f 591/770/515 593/771/515 594/772/515
f 589/773/516 595/774/516 590/775/516
f 589/773/517 594/772/517 596/776/517
f 590/775/518 593/771/518 592/777/518
f 599/778/519 601/779/519 602/780/519
f 597/781/520 603/782/520 598/783/520
f 597/781/521 602/780/521 604/784/521
f 598/783/522 601/779/522 600/785/522
f 607/786/523 609/787/523 610/788/523
f 605/789/524 611/790/524 606/791/524
f 605/789/525 610/788/525 612/792/525
f 606/791/526 609/787/526 608/793/526
f 587/766/527 617/794/527 585/763/527
f 580/758/528 615/795/528 578/755/528
f 602/780/529 628/796/529 604/784/529
f 612/792/530 631/797/530 611/790/530
f 588/768/531 619/798/531 587/766/531
f 603/782/532 625/799/532 601/779/532
f 609/787/533 630/800/533 610/788/533
f 585/763/534 618/801/534 586/764/534
f 594/772/535 624/802/535 596/776/535
f 604/784/536 627/803/536 603/782/536
f 578/755/537 613/804/537 574/756/537
f 595/774/527 621/805/527 593/771/527
f 601/779/538 626/806/538 602/780/538
f 576/760/539 616/807/539 580/758/539
f 596/776/531 623/808/531 595/774/531
f 593/771/534 622/809/534 594/772/534
f 610/788/540 632/810/540 612/792/540
f 586/764/535 620/811/535 588/768/535
f 611/790/541 629/812/541 609/787/541
f 574/756/542 614/813/542 576/760/542
f 583/762/509 584/769/509 585/763/509
f 581/765/510 588/768/510 587/766/510
f 581/765/511 583/762/511 586/764/511
f 582/767/512 587/766/512 585/763/512
f 591/770/515 592/777/515 593/771/515
f 589/773/516 596/776/516 595/774/516
f 589/773/517 591/770/517 594/772/517
f 590/775/518 595/774/518 593/771/518
f 599/778/519 600/785/519 601/779/519
f 597/781/520 604/784/520 603/782/520
f 597/781/521 599/778/521 602/780/521
f 598/783/522 603/782/522 601/779/522
f 607/786/523 608/793/523 609/787/523
f 605/789/524 612/792/524 611/790/524
f 605/789/525 607/786/525 610/788/525
f 606/791/526 611/790/526 609/787/526
f 587/766/527 619/798/527 617/794/527
f 580/758/528 616/807/528 615/795/528
f 602/780/529 626/806/529 628/796/529
f 612/792/530 632/810/530 631/797/530
f 588/768/531 620/811/531 619/798/531
f 603/782/543 627/803/543 625/799/543
f 609/787/533 629/812/533 630/800/533
f 585/763/534 617/794/534 618/801/534
f 594/772/535 622/809/535 624/802/535
f 604/784/536 628/796/536 627/803/536
f 578/755/537 615/795/537 613/804/537
f 595/774/527 623/808/527 621/805/527
f 601/779/538 625/799/538 626/806/538
f 576/760/539 614/813/539 616/807/539
f 596/776/531 624/802/531 623/808/531
f 593/771/534 621/805/534 622/809/534
f 610/788/540 630/800/540 632/810/540
f 586/764/535 618/801/535 620/811/535
f 611/790/541 631/797/541 629/812/541
f 574/756/542 613/804/542 614/813/542
f 635/814/544 637/815/544 638/816/544
f 633/817/545 639/818/545 634/819/545
f 633/817/546 638/816/546 640/820/546
f 634/819/547 637/815/547 636/821/547
f 643/822/548 645/823/548 646/824/548
f 641/825/549 647/826/549 642/827/549
f 641/825/550 646/824/550 648/828/550
f 642/827/551 645/823/551 644/829/551
f 651/830/552 653/831/552 654/832/552
f 649/833/553 655/834/553 650/835/553
f 649/833/554 654/832/554 656/836/554
f 650/835/555 653/831/555 652/837/555
f 659/838/556 661/839/556 662/840/556
f 657/841/557 663/842/557 658/843/557
f 657/841/558 662/840/558 664/844/558
f 658/843/559 661/839/559 660/845/559
f 667/846/560 669/847/560 670/848/560
f 665/849/562 670/848/562 672/850/562
f 666/851/563 669/847/563 668/852/563
f 675/853/564 677/854/564 678/855/564
f 673/856/565 679/857/565 674/858/565
f 673/856/566 678/855/566 680/859/566
f 674/858/567 677/854/567 676/860/567
f 683/861/568 685/862/568 686/863/568
f 681/864/569 687/865/569 682/866/569
f 681/864/570 686/863/570 688/867/570
f 682/866/571 685/862/571 684/868/571
f 691/869/572 693/870/572 694/871/572
f 689/872/573 695/873/573 690/874/573
f 689/872/574 694/871/574 696/875/574
f 690/874/575 693/870/575 692/876/575
f 699/877/576 701/878/576 702/879/576
f 697/880/577 703/881/577 698/882/577
f 697/880/578 702/879/578 704/883/578
f 698/882/579 701/878/579 700/884/579
f 707/885/580 709/886/580 710/887/580
f 705/888/581 711/889/581 706/890/581
f 705/888/582 710/887/582 712/891/582
f 706/890/583 709/886/583 708/892/583
f 635/814/544 636/821/544 637/815/544
f 633/817/584 640/820/584 639/818/584
f 633/817/546 635/814/546 638/816/546
f 634/819/585 639/818/585 637/815/585
f 643/822/548 644/829/548 645/823/548
f 641/825/586 648/828/586 647/826/586
f 641/825/550 643/822/550 646/824/550
f 642/827/551 647/826/551 645/823/551
f 651/830/552 652/837/552 653/831/552
f 649/833/553 656/836/553 655/834/553
f 649/833/554 651/830/554 654/832/554
f 650/835/555 655/834/555 653/831/555
f 659/838/587 660/845/587 661/839/587
f 657/841/588 664/844/588 663/842/588
f 657/841/589 659/838/589 662/840/589
f 658/843/590 663/842/590 661/839/590
f 667/846/591 668/852/591 669/847/591
f 665/849/592 672/850/592 671/893/592
f 665/849/593 667/846/593 670/848/593
f 666/851/594 671/893/594 669/847/594
f 675/853/564 676/860/564 677/854/564
f 673/856/565 680/859/565 679/857/565
f 673/856/566 675/853/566 678/855/566
f 674/858/567 679/857/567 677/854/567
f 683/861/568 684/868/568 685/862/568
f 681/864/569 688/867/569 687/865/569
f 681/864/570 683/861/570 686/863/570
f 682/866/571 687/865/571 685/862/571
f 691/869/572 692/876/572 693/870/572
f 689/872/573 696/875/573 695/873/573
f 689/872/574 691/869/574 694/871/574
f 690/874/575 695/873/575 693/870/575
f 699/877/576 700/884/576 701/878/576
f 697/880/577 704/883/577 703/881/577
f 697/880/578 699/877/578 702/879/578
f 698/882/579 703/881/579 701/878/579
f 707/885/595 708/892/595 709/886/595
f 705/888/596 712/891/596 711/889/596
f 705/888/597 707/885/597 710/887/597
f 706/890/598 711/889/598 709/886/598
f 715/894/599 717/895/599 718/896/599
f 713/897/600 719/898/600 714/899/600
f 713/897/601 718/896/601 720/900/601
f 714/899/602 717/895/602 716/901/602
f 715/894/599 716/901/599 717/895/599
f 713/897/600 720/900/600 719/898/600
f 713/897/601 715/894/601 718/896/601
f 714/899/602 719/898/602 717/895/602
f 723/902/603 725/903/603 726/904/603
f 721/905/604 727/906/604 722/907/604
f 721/905/605 726/904/605 728/908/605
f 722/907/606 725/903/606 724/909/606
f 723/902/603 724/909/603 725/903/603
f 721/905/604 728/908/604 727/906/604
f 721/905/605 723/902/605 726/904/605
f 722/907/606 727/906/606 725/903/606
f 731/910/607 733/911/607 734/912/607
f 729/913/608 735/914/608 730/915/608
f 729/913/609 734/912/609 736/916/609
f 730/915/610 733/911/610 732/917/610
f 731/910/607 732/917/607 733/911/607
f 729/913/608 736/916/608 735/914/608
f 730/915/611 735/914/611 733/911/611
f 729/913/609 731/910/609 734/912/609
f 670/848/612 737/918/612 738/919/612
f 671/893/613 737/918/613 669/847/613
f 672/850/614 739/920/614 671/893/614
f 672/850/615 738/919/615 740/921/615
f 712/891/616 743/922/616 711/889/616
f 712/891/617 742/923/617 744/924/617
f 710/887/618 741/925/618 742/923/618
f 711/889/619 741/925/619 709/886/619
f 663/842/620 748/926/620 747/927/620
f 664/844/621 746/928/621 748/926/621
f 661/839/622 746/928/622 662/840/622
f 663/842/623 745/929/623 661/839/623
f 745/929/624 750/930/624 746/928/624
f 745/929/625 751/931/625 749/932/625
f 747/927/626 752/933/626 751/931/626
f 748/926/627 750/930/627 752/933/627
f 701/878/628 754/934/628 702/879/628
f 701/878/629 755/935/629 753/936/629
f 703/881/630 756/937/630 755/935/630
f 702/879/631 756/937/631 704/883/631
f 754/934/632 757/938/632 758/939/632
f 755/935/633 757/938/633 753/936/633
f 756/937/634 759/940/634 755/935/634
f 754/934/635 760/941/635 756/937/635
f 670/848/612 669/847/612 737/918/612
f 671/893/613 739/920/613 737/918/613
f 672/850/614 740/921/614 739/920/614
f 672/850/615 670/848/615 738/919/615
f 712/891/616 744/924/616 743/922/616
f 712/891/617 710/887/617 742/923/617
f 710/887/618 709/886/618 741/925/618
f 711/889/636 743/922/636 741/925/636
f 663/842/637 664/844/637 748/926/637
f 664/844/638 662/840/638 746/928/638
f 661/839/639 745/929/639 746/928/639
f 663/842/640 747/927/640 745/929/640
f 745/929/641 749/932/641 750/930/641
f 745/929/642 747/927/642 751/931/642
f 747/927/643 748/926/643 752/933/643
f 748/926/644 746/928/644 750/930/644
f 701/878/645 753/936/645 754/934/645
f 701/878/646 703/881/646 755/935/646
f 703/881/647 704/883/647 756/937/647
f 702/879/648 754/934/648 756/937/648
f 754/934/649 753/936/649 757/938/649
f 755/935/650 759/940/650 757/938/650
f 756/937/651 760/941/651 759/940/651
f 754/934/652 758/939/652 760/941/652
f 665/849/964 671/893/964 666/851/964
f 1121/984/1111 1132/985/1112 1104/986/1113
f 1115/989/1114 1104/986/1115 1132/985/1116
f 1104/986/1117 1114/1002/1118 1121/1003/1119
f 1104/986/1121 1115/989/1122 1114/1002/1123
f 1150/1021/1126 1161/1022/1127 1133/1023/1128
f 1144/1024/1129 1133/1023/1130 1161/1022/1131
f 1133/1023/1132 1143/1025/1133 1150/1026/1134
f 1133/1023/1136 1144/1024/1137 1143/1025/1138
f 1179/1027/1141 1190/1028/1142 1162/1029/1143
f 1173/1030/1145 1162/1029/1146 1190/1028/1147
f 1162/1029/1150 1172/1031/1151 1179/1032/1152
f 1162/1029/1155 1173/1030/1156 1172/1031/1157
f 1276/1162/1215 1287/1163/1216 1259/1164/1217
f 1270/1165/1219 1259/1164/1220 1287/1163/1221
f 1259/1164/1224 1269/1166/1225 1276/1167/1226
f 1259/1164/1229 1270/1165/1230 1269/1166/1231
f 1305/1168/1235 1316/1169/1236 1288/1170/1237
f 1299/1171/1239 1288/1170/1240 1316/1169/1241
f 1288/1170/1244 1298/1172/1245 1305/1173/1246
f 1288/1170/1250 1299/1171/1251 1298/1172/1252
f 1477/1204/1368 1479/1205/1368 1480/1206/1368
f 1475/1207/1369 1481/1208/1369 1476/1209/1369
f 1475/1207/1370 1480/1206/1370 1482/1210/1370
f 1476/1209/1371 1479/1205/1371 1478/1211/1371
f 1477/1204/1368 1478/1211/1368 1479/1205/1368
f 1475/1207/1369 1482/1210/1369 1481/1208/1369
f 1475/1207/1370 1477/1204/1370 1480/1206/1370
f 1476/1209/1371 1481/1208/1371 1479/1205/1371
f 1485/1212/1372 1487/1213/1372 1488/1214/1372
f 1483/1215/1373 1489/1216/1373 1484/1217/1373
f 1483/1215/1374 1488/1214/1374 1490/1218/1374
f 1484/1217/1375 1487/1213/1375 1486/1219/1375
f 1485/1212/1372 1486/1219/1372 1487/1213/1372
f 1483/1215/1376 1490/1218/1376 1489/1216/1376
f 1483/1215/1374 1485/1212/1374 1488/1214/1374
f 1484/1217/1377 1489/1216/1377 1487/1213/1377
f 1493/1220/1378 1495/1221/1378 1496/1222/1378
f 1491/1223/1379 1497/1224/1379 1492/1225/1379
f 1491/1223/1380 1496/1222/1380 1498/1226/1380
f 1492/1225/1381 1495/1221/1381 1494/1227/1381
f 1493/1220/1378 1494/1227/1378 1495/1221/1378
f 1491/1223/1379 1498/1226/1379 1497/1224/1379
f 1491/1223/1382 1493/1220/1382 1496/1222/1382
f 1492/1225/1383 1497/1224/1383 1495/1221/1383
f 1943/1240/1529 1945/1241/1529 1946/1242/1529
f 1941/1243/1530 1947/1244/1530 1942/1245/1530
f 1941/1243/1531 1946/1242/1531 1948/1246/1531
f 1942/1245/1532 1945/1241/1532 1944/1247/1532
f 1951/1248/1533 1953/1249/1533 1954/1250/1533
f 1949/1251/1534 1955/1252/1534 1950/1253/1534
f 1949/1251/1535 1954/1250/1535 1956/1254/1535
f 1950/1253/1536 1953/1249/1536 1952/1255/1536
f 1959/1256/1537 1961/1257/1537 1962/1258/1537
f 1957/1259/1538 1963/1260/1538 1958/1261/1538
f 1957/1259/1539 1962/1258/1539 1964/1262/1539
f 1958/1261/1540 1961/1257/1540 1960/1263/1540
f 1967/1264/1541 1969/1265/1541 1970/1266/1541
f 1965/1267/1542 1971/1268/1542 1966/1269/1542
f 1965/1267/1543 1970/1266/1543 1972/1270/1543
f 1966/1269/1544 1969/1265/1544 1968/1271/1544
f 1975/1272/1545 1977/1273/1545 1978/1274/1545
f 1973/1275/1546 1978/1274/1546 1980/1276/1546
f 1974/1277/1547 1977/1273/1547 1976/1278/1547
f 1983/1279/1548 1985/1280/1548 1986/1281/1548
f 1981/1282/1549 1987/1283/1549 1982/1284/1549
f 1981/1282/1550 1986/1281/1550 1988/1285/1550
f 1982/1284/1551 1985/1280/1551 1984/1286/1551
f 1991/1287/1552 1993/1288/1552 1994/1289/1552
f 1989/1290/1553 1995/1291/1553 1990/1292/1553
f 1989/1290/1554 1994/1289/1554 1996/1293/1554
f 1990/1292/1555 1993/1288/1555 1992/1294/1555
f 1999/1295/1556 2001/1296/1556 2002/1297/1556
f 1997/1298/1557 2003/1299/1557 1998/1300/1557
f 1997/1298/1558 2002/1297/1558 2004/1301/1558
f 1998/1300/1559 2001/1296/1559 2000/1302/1559
f 2007/1303/1560 2009/1304/1560 2010/1305/1560
f 2005/1306/1561 2011/1307/1561 2006/1308/1561
f 2005/1306/1562 2010/1305/1562 2012/1309/1562
f 2006/1308/1563 2009/1304/1563 2008/1310/1563
f 2015/1311/1564 2017/1312/1564 2018/1313/1564
f 2013/1314/1565 2019/1315/1565 2014/1316/1565
f 2013/1314/1566 2018/1313/1566 2020/1317/1566
f 2014/1316/1567 2017/1312/1567 2016/1318/1567
f 1943/1240/1568 1944/1247/1568 1945/1241/1568
f 1941/1243/1569 1948/1246/1569 1947/1244/1569
f 1941/1243/1570 1943/1240/1570 1946/1242/1570
f 1942/1245/1532 1947/1244/1532 1945/1241/1532
f 1951/1248/1571 1952/1255/1571 1953/1249/1571
f 1949/1251/1572 1956/1254/1572 1955/1252/1572
f 1949/1251/1573 1951/1248/1573 1954/1250/1573
f 1950/1253/1574 1955/1252/1574 1953/1249/1574
f 1959/1256/1575 1960/1263/1575 1961/1257/1575
f 1957/1259/1538 1964/1262/1538 1963/1260/1538
f 1957/1259/1539 1959/1256/1539 1962/1258/1539
f 1958/1261/1576 1963/1260/1576 1961/1257/1576
f 1967/1264/1577 1968/1271/1577 1969/1265/1577
f 1965/1267/1578 1972/1270/1578 1971/1268/1578
f 1965/1267/1579 1967/1264/1579 1970/1266/1579
f 1966/1269/1580 1971/1268/1580 1969/1265/1580
f 1975/1272/1581 1976/1278/1581 1977/1273/1581
f 1973/1275/1582 1980/1276/1582 1979/1319/1582
f 1973/1275/1583 1975/1272/1583 1978/1274/1583
f 1974/1277/1584 1979/1319/1584 1977/1273/1584
f 1983/1279/1548 1984/1286/1548 1985/1280/1548
f 1981/1282/1549 1988/1285/1549 1987/1283/1549
f 1981/1282/1550 1983/1279/1550 1986/1281/1550
f 1982/1284/1551 1987/1283/1551 1985/1280/1551
f 1991/1287/1585 1992/1294/1585 1993/1288/1585
f 1989/1290/1586 1996/1293/1586 1995/1291/1586
f 1989/1290/1587 1991/1287/1587 1994/1289/1587
f 1990/1292/1555 1995/1291/1555 1993/1288/1555
f 1999/1295/1588 2000/1302/1588 2001/1296/1588
f 1997/1298/1589 2004/1301/1589 2003/1299/1589
f 1997/1298/1590 1999/1295/1590 2002/1297/1590
f 1998/1300/1559 2003/1299/1559 2001/1296/1559
f 2007/1303/1591 2008/1310/1591 2009/1304/1591
f 2005/1306/1592 2012/1309/1592 2011/1307/1592
f 2005/1306/1593 2007/1303/1593 2010/1305/1593
f 2006/1308/1563 2011/1307/1563 2009/1304/1563
f 2015/1311/1594 2016/1318/1594 2017/1312/1594
f 2013/1314/1595 2020/1317/1595 2019/1315/1595
f 2013/1314/1596 2015/1311/1596 2018/1313/1596
f 2014/1316/1597 2019/1315/1597 2017/1312/1597
f 1978/1274/1598 2021/1320/1598 2022/1321/1598
f 1979/1319/1599 2021/1320/1599 1977/1273/1599
f 1980/1276/1600 2023/1322/1600 1979/1319/1600
f 1980/1276/1601 2022/1321/1601 2024/1323/1601
f 2020/1317/1602 2027/1324/1602 2019/1315/1602
f 2020/1317/1603 2026/1325/1603 2028/1326/1603
f 2018/1313/1604 2025/1327/1604 2026/1325/1604
f 2019/1315/1605 2025/1327/1605 2017/1312/1605
f 1971/1268/1606 2032/1328/1606 2031/1329/1606
f 1972/1270/1607 2030/1330/1607 2032/1328/1607
f 1969/1265/1608 2030/1330/1608 1970/1266/1608
f 1971/1268/1609 2029/1331/1609 1969/1265/1609
f 2029/1331/1610 2034/1332/1610 2030/1330/1610
f 2029/1331/1611 2035/1333/1611 2033/1334/1611
f 2031/1329/1612 2036/1335/1612 2035/1333/1612
f 2032/1328/1613 2034/1332/1613 2036/1335/1613
f 2009/1304/1614 2038/1336/1614 2010/1305/1614
f 2009/1304/1615 2039/1337/1615 2037/1338/1615
f 2011/1307/1616 2040/1339/1616 2039/1337/1616
f 2010/1305/1617 2040/1339/1617 2012/1309/1617
f 2038/1336/1618 2041/1340/1618 2042/1341/1618
f 2039/1337/1619 2041/1340/1619 2037/1338/1619
f 2040/1339/1620 2043/1342/1620 2039/1337/1620
f 2038/1336/1621 2044/1343/1621 2040/1339/1621
f 1978/1274/1622 1977/1273/1622 2021/1320/1622
f 1979/1319/1623 2023/1322/1623 2021/1320/1623
f 1980/1276/1624 2024/1323/1624 2023/1322/1624
f 1980/1276/1625 1978/1274/1625 2022/1321/1625
f 2020/1317/1626 2028/1326/1626 2027/1324/1626
f 2020/1317/1603 2018/1313/1603 2026/1325/1603
f 2018/1313/1604 2017/1312/1604 2025/1327/1604
f 2019/1315/1605 2027/1324/1605 2025/1327/1605
f 1971/1268/1627 1972/1270/1627 2032/1328/1627
f 1972/1270/1628 1970/1266/1628 2030/1330/1628
f 1969/1265/1629 2029/1331/1629 2030/1330/1629
f 1971/1268/1630 2031/1329/1630 2029/1331/1630
f 2029/1331/1631 2033/1334/1631 2034/1332/1631
f 2029/1331/1632 2031/1329/1632 2035/1333/1632
f 2031/1329/1633 2032/1328/1633 2036/1335/1633
f 2032/1328/1634 2030/1330/1634 2034/1332/1634
f 2009/1304/1635 2037/1338/1635 2038/1336/1635
f 2009/1304/1636 2011/1307/1636 2039/1337/1636
f 2011/1307/1637 2012/1309/1637 2040/1339/1637
f 2010/1305/1638 2038/1336/1638 2040/1339/1638
f 2038/1336/1639 2037/1338/1639 2041/1340/1639
f 2039/1337/1640 2043/1342/1640 2041/1340/1640
f 2040/1339/1641 2044/1343/1641 2043/1342/1641
f 2038/1336/1642 2042/1341/1642 2044/1343/1642
f 1973/1275/1643 1979/1319/1643 1974/1277/1643
f 2047/1344/1644 2050/1345/1644 2049/1346/1644
f 2045/1347/1645 2046/1348/1645 2051/1349/1645
f 2045/1347/1646 2052/1350/1646 2050/1345/1646
f 2046/1348/1647 2048/1351/1647 2049/1346/1647
f 2055/1352/1648 2058/1353/1648 2057/1354/1648
f 2053/1355/1649 2060/1356/1649 2058/1353/1649
f 2054/1357/1650 2056/1358/1650 2057/1354/1650
f 2063/1359/1651 2066/1360/1651 2065/1361/1651
f 2061/1362/1652 2062/1363/1652 2067/1364/1652
f 2061/1362/1653 2068/1365/1653 2066/1360/1653
f 2062/1363/1654 2064/1366/1654 2065/1361/1654
f 2071/1367/1655 2074/1368/1655 2073/1369/1655
f 2069/1370/1656 2070/1371/1656 2075/1372/1656
f 2069/1370/1657 2076/1373/1657 2074/1368/1657
f 2070/1371/1658 2072/1374/1658 2073/1369/1658
f 2047/1344/1659 2049/1346/1659 2048/1351/1659
f 2045/1347/1660 2051/1349/1660 2052/1350/1660
f 2045/1347/1661 2050/1345/1661 2047/1344/1661
f 2046/1348/1662 2049/1346/1662 2051/1349/1662
f 2055/1352/1663 2057/1354/1663 2056/1358/1663
f 2053/1355/1664 2059/1375/1664 2060/1356/1664
f 2053/1355/1665 2058/1353/1665 2055/1352/1665
f 2054/1357/1666 2057/1354/1666 2059/1375/1666
f 2063/1359/1651 2065/1361/1651 2064/1366/1651
f 2061/1362/1667 2067/1364/1667 2068/1365/1667
f 2061/1362/1668 2066/1360/1668 2063/1359/1668
f 2062/1363/1669 2065/1361/1669 2067/1364/1669
f 2071/1367/1670 2073/1369/1670 2072/1374/1670
f 2069/1370/1671 2075/1372/1671 2076/1373/1671
f 2069/1370/1672 2074/1368/1672 2071/1367/1672
f 2070/1371/1673 2073/1369/1673 2075/1372/1673
f 2058/1353/1674 2078/1376/1674 2077/1377/1674
f 2059/1375/1675 2057/1354/1675 2077/1377/1675
f 2060/1356/1676 2059/1375/1676 2079/1378/1676
f 2060/1356/1677 2080/1379/1677 2078/1376/1677
f 2076/1373/1678 2075/1372/1678 2083/1380/1678
f 2076/1373/1679 2084/1381/1679 2082/1382/1679
f 2074/1368/1680 2082/1382/1680 2081/1383/1680
f 2075/1372/1681 2073/1369/1681 2081/1383/1681
f 2051/1349/1682 2087/1384/1682 2088/1385/1682
f 2052/1350/1683 2088/1385/1683 2086/1386/1683
f 2049/1346/1684 2050/1345/1684 2086/1386/1684
f 2051/1349/1685 2049/1346/1685 2085/1387/1685
f 2085/1387/1686 2086/1386/1686 2090/1388/1686
f 2085/1387/1687 2089/1389/1687 2091/1390/1687
f 2087/1384/1688 2091/1390/1688 2092/1391/1688
f 2088/1385/1689 2092/1391/1689 2090/1388/1689
f 2065/1361/1690 2066/1360/1690 2094/1392/1690
f 2065/1361/1691 2093/1393/1691 2095/1394/1691
f 2067/1364/1692 2095/1394/1692 2096/1395/1692
f 2066/1360/1693 2068/1365/1693 2096/1395/1693
f 2094/1392/1694 2098/1396/1694 2097/1397/1694
f 2095/1394/1695 2093/1393/1695 2097/1397/1695
f 2096/1395/1696 2095/1394/1696 2099/1398/1696
f 2094/1392/1697 2096/1395/1697 2100/1399/1697
f 2058/1353/1698 2077/1377/1698 2057/1354/1698
f 2059/1375/1699 2077/1377/1699 2079/1378/1699
f 2060/1356/1700 2079/1378/1700 2080/1379/1700
f 2060/1356/1677 2078/1376/1677 2058/1353/1677
f 2076/1373/1701 2083/1380/1701 2084/1381/1701
f 2076/1373/1702 2082/1382/1702 2074/1368/1702
f 2074/1368/1680 2081/1383/1680 2073/1369/1680
f 2075/1372/1681 2081/1383/1681 2083/1380/1681
f 2051/1349/1703 2088/1385/1703 2052/1350/1703
f 2052/1350/1704 2086/1386/1704 2050/1345/1704
f 2049/1346/1705 2086/1386/1705 2085/1387/1705
f 2051/1349/1706 2085/1387/1706 2087/1384/1706
f 2085/1387/1707 2090/1388/1707 2089/1389/1707
f 2085/1387/1708 2091/1390/1708 2087/1384/1708
f 2087/1384/1709 2092/1391/1709 2088/1385/1709
f 2088/1385/1710 2090/1388/1710 2086/1386/1710
f 2065/1361/1711 2094/1392/1711 2093/1393/1711
f 2065/1361/1712 2095/1394/1712 2067/1364/1712
f 2067/1364/1713 2096/1395/1713 2068/1365/1713
f 2066/1360/1714 2096/1395/1714 2094/1392/1714
f 2094/1392/1715 2097/1397/1715 2093/1393/1715
f 2095/1394/1716 2097/1397/1716 2099/1398/1716
f 2096/1395/1717 2099/1398/1717 2100/1399/1717
f 2094/1392/1718 2100/1399/1718 2098/1396/1718
f 2053/1355/1719 2054/1357/1719 2059/1375/1719
g old.mainIsland.wood.mesh_wood_03.mat
usemtl wood_03.mat
f 4/11/6 5/12/6 6/13/6
f 8/14/7 11/15/7 9/16/7
f 20/14/15 23/15/15 21/16/15
f 28/11/22 29/12/22 30/13/22
f 32/14/23 35/15/23 33/16/23
f 41/12/29 42/13/29 38/47/29
f 44/14/30 47/15/30 45/16/30
f 58/59/38 57/16/38 56/14/38
f 64/11/45 65/12/45 66/13/45
f 70/59/46 69/16/46 68/14/46
f 76/11/53 77/12/53 78/13/53
f 83/15/54 82/59/54 81/16/54
f 89/12/59 90/13/59 86/47/59
f 95/15/60 94/59/60 93/16/60
f 99/101/67 100/102/67 101/103/67
f 104/104/68 107/105/68 105/106/68
f 111/125/75 112/126/75 113/127/75
f 116/128/76 119/129/76 117/130/76
f 123/101/83 124/102/83 125/103/83
f 128/145/84 131/146/84 129/130/84
f 135/101/91 136/102/91 137/103/91
f 140/104/92 143/164/92 141/165/92
f 104/104/94 145/167/94 146/14/94
f 105/106/95 145/167/95 103/168/95
f 106/169/96 147/16/96 105/106/96
f 107/105/97 148/59/97 106/169/97
f 107/105/98 150/170/98 149/15/98
f 108/171/99 146/14/99 150/170/99
f 116/128/100 151/172/100 152/173/100
f 117/130/101 151/172/101 115/174/101
f 118/175/102 153/176/102 117/130/102
f 119/129/103 154/177/103 118/175/103
f 119/129/104 156/178/104 155/179/104
f 120/180/105 152/173/105 156/178/105
f 128/145/106 157/172/106 158/173/106
f 129/130/107 157/172/107 127/181/107
f 130/182/108 159/176/108 129/130/108
f 131/146/109 160/177/109 130/182/109
f 131/146/110 162/178/110 161/179/110
f 132/183/111 158/173/111 162/178/111
f 140/104/112 163/167/112 164/14/112
f 141/165/113 163/167/113 139/184/113
f 142/185/114 165/16/114 141/165/114
f 143/164/115 166/59/115 142/185/115
f 143/164/116 168/186/116 167/15/116
f 144/187/117 164/14/117 168/186/117
f 6/13/121 1/189/121 4/11/121
f 1/189/121 2/47/121 4/11/121
f 2/47/6 3/190/6 4/11/6
f 9/16/122 7/167/122 8/14/122
f 8/14/122 12/186/122 11/15/122
f 11/15/123 10/59/123 9/16/123
f 18/13/127 13/193/127 14/47/127
f 21/16/15 19/167/15 20/14/15
f 20/14/15 24/186/15 23/15/15
f 23/15/15 22/59/15 21/16/15
f 30/13/22 25/189/22 28/11/22
f 25/189/22 26/47/22 28/11/22
f 26/47/22 27/190/22 28/11/22
f 33/16/23 31/167/23 32/14/23
f 32/14/23 36/186/23 35/15/23
f 35/15/23 34/59/23 33/16/23
f 42/13/29 37/193/29 38/47/29
f 38/47/29 39/190/29 40/11/29
f 40/11/29 41/12/29 38/47/29
f 45/16/134 43/167/134 44/14/134
f 44/14/30 48/186/30 47/15/30
f 47/15/30 46/59/30 45/16/30
f 54/13/37 49/193/37 50/47/37
f 50/47/37 51/190/37 54/13/37
f 57/16/141 55/167/141 56/14/141
f 56/14/38 60/186/38 59/15/38
f 59/15/38 58/59/38 56/14/38
f 66/13/45 61/189/45 64/11/45
f 61/189/145 62/47/145 64/11/145
f 62/47/45 63/190/45 64/11/45
f 69/16/146 67/167/146 68/14/146
f 68/14/46 72/186/46 71/15/46
f 71/15/147 70/59/147 68/14/147
f 78/13/53 73/189/53 76/11/53
f 73/189/53 74/47/53 76/11/53
f 74/47/53 75/190/53 76/11/53
f 81/16/54 79/167/54 83/15/54
f 79/167/54 80/14/54 83/15/54
f 80/14/151 84/186/151 83/15/151
f 90/13/154 85/193/154 86/47/154
f 86/47/59 87/190/59 88/11/59
f 88/11/59 89/12/59 86/47/59
f 93/16/60 91/167/60 95/15/60
f 91/167/60 92/14/60 95/15/60
f 92/14/60 96/186/60 95/15/60
f 102/211/67 97/212/67 101/103/67
f 97/212/67 98/213/67 101/103/67
f 98/213/67 99/101/67 101/103/67
f 105/106/157 103/168/157 104/104/157
f 104/104/68 108/171/68 107/105/68
f 107/105/68 106/169/68 105/106/68
f 114/220/75 109/221/75 113/127/75
f 109/221/75 110/222/75 113/127/75
f 110/222/75 111/125/75 113/127/75
f 117/130/76 115/174/76 116/128/76
f 116/128/76 120/180/76 119/129/76
f 119/129/76 118/175/76 117/130/76
f 126/211/83 121/212/83 125/103/83
f 121/212/83 122/213/83 125/103/83
f 122/213/83 123/101/83 125/103/83
f 129/130/84 127/181/84 128/145/84
f 128/145/84 132/183/84 131/146/84
f 131/146/84 130/182/84 129/130/84
f 138/211/163 133/212/163 137/103/163
f 133/212/163 134/213/163 137/103/163
f 134/213/91 135/101/91 137/103/91
f 141/165/164 139/184/164 140/104/164
f 140/104/92 144/187/92 143/164/92
f 143/164/92 142/185/92 141/165/92
f 104/104/94 103/168/94 145/167/94
f 105/106/95 147/16/95 145/167/95
f 106/169/166 148/59/166 147/16/166
f 107/105/97 149/15/97 148/59/97
f 107/105/167 108/171/167 150/170/167
f 108/171/168 104/104/168 146/14/168
f 116/128/100 115/174/100 151/172/100
f 117/130/101 153/176/101 151/172/101
f 118/175/102 154/177/102 153/176/102
f 119/129/103 155/179/103 154/177/103
f 119/129/169 120/180/169 156/178/169
f 120/180/105 116/128/105 152/173/105
f 128/145/106 127/181/106 157/172/106
f 129/130/107 159/176/107 157/172/107
f 130/182/108 160/177/108 159/176/108
f 131/146/170 161/179/170 160/177/170
f 131/146/171 132/183/171 162/178/171
f 132/183/172 128/145/172 158/173/172
f 140/104/112 139/184/112 163/167/112
f 141/165/173 165/16/173 163/167/173
f 142/185/174 166/59/174 165/16/174
f 143/164/175 167/15/175 166/59/175
f 143/164/176 144/187/176 168/186/176
f 144/187/117 140/104/117 164/14/117
f 219/101/225 220/102/225 221/103/225
f 224/104/226 227/164/226 225/165/226
f 224/104/228 229/167/228 230/14/228
f 225/165/229 229/167/229 223/184/229
f 226/185/230 231/16/230 225/165/230
f 227/164/231 232/59/231 226/185/231
f 227/164/232 234/186/232 233/15/232
f 228/187/233 230/14/233 234/186/233
f 222/211/225 217/212/225 221/103/225
f 217/212/225 218/213/225 221/103/225
f 218/213/225 219/101/225 221/103/225
f 225/165/235 223/184/235 224/104/235
f 224/104/226 228/187/226 227/164/226
f 227/164/226 226/185/226 225/165/226
f 224/104/228 223/184/228 229/167/228
f 225/165/229 231/16/229 229/167/229
f 226/185/236 232/59/236 231/16/236
f 227/164/231 233/15/231 232/59/231
f 227/164/237 228/187/237 234/186/237
f 228/187/238 224/104/238 230/14/238
f 237/101/244 238/102/244 239/103/244
f 242/104/245 245/164/245 243/165/245
f 242/104/247 247/167/247 248/14/247
f 243/165/248 247/167/248 241/184/248
f 244/185/249 249/16/249 243/165/249
f 245/164/250 250/59/250 244/185/250
f 245/164/251 252/186/251 251/15/251
f 246/187/252 248/14/252 252/186/252
f 240/211/254 235/212/254 239/103/254
f 235/212/255 236/213/255 239/103/255
f 236/213/256 237/101/256 239/103/256
f 243/165/257 241/184/257 242/104/257
f 242/104/245 246/187/245 245/164/245
f 245/164/258 244/185/258 243/165/258
f 242/104/247 241/184/247 247/167/247
f 243/165/260 249/16/260 247/167/260
f 244/185/249 250/59/249 249/16/249
f 245/164/250 251/15/250 250/59/250
f 245/164/261 246/187/261 252/186/261
f 246/187/262 242/104/262 248/14/262
f 255/101/244 256/102/244 257/103/244
f 260/104/245 263/164/245 261/165/245
f 260/104/265 265/167/265 266/14/265
f 261/165/266 265/167/266 259/184/266
f 262/185/249 267/16/249 261/165/249
f 263/164/250 268/59/250 262/185/250
f 263/164/251 270/186/251 269/15/251
f 264/187/267 266/14/267 270/186/267
f 258/211/254 253/212/254 257/103/254
f 253/212/244 254/213/244 257/103/244
f 254/213/244 255/101/244 257/103/244
f 261/165/257 259/184/257 260/104/257
f 260/104/245 264/187/245 263/164/245
f 263/164/258 262/185/258 261/165/258
f 260/104/265 259/184/265 265/167/265
f 261/165/266 267/16/266 265/167/266
f 262/185/249 268/59/249 267/16/249
f 263/164/250 269/15/250 268/59/250
f 263/164/261 264/187/261 270/186/261
f 264/187/268 260/104/268 266/14/268
f 273/101/274 274/102/274 275/103/274
f 278/104/245 281/164/245 279/165/245
f 278/104/265 283/167/265 284/14/265
f 279/165/266 283/167/266 277/184/266
f 280/185/249 285/16/249 279/165/249
f 281/164/250 286/59/250 280/185/250
f 281/164/251 288/186/251 287/15/251
f 282/187/267 284/14/267 288/186/267
f 276/211/278 271/212/278 275/103/278
f 271/212/279 272/213/279 275/103/279
f 272/213/280 273/101/280 275/103/280
f 279/165/257 277/184/257 278/104/257
f 278/104/245 282/187/245 281/164/245
f 281/164/258 280/185/258 279/165/258
f 278/104/265 277/184/265 283/167/265
f 279/165/266 285/16/266 283/167/266
f 280/185/249 286/59/249 285/16/249
f 281/164/250 287/15/250 286/59/250
f 281/164/261 282/187/261 288/186/261
f 282/187/268 278/104/268 284/14/268
f 291/101/254 292/102/254 293/103/254
f 296/104/245 299/164/245 297/165/245
f 296/104/265 301/167/265 302/14/265
f 297/165/266 301/167/266 295/184/266
f 298/185/249 303/16/249 297/165/249
f 299/164/250 304/59/250 298/185/250
f 299/164/261 306/186/261 305/15/261
f 300/187/267 302/14/267 306/186/267
f 294/211/254 289/212/254 293/103/254
f 289/212/244 290/213/244 293/103/244
f 290/213/244 291/101/244 293/103/244
f 297/165/257 295/184/257 296/104/257
f 296/104/257 300/187/257 299/164/257
f 299/164/258 298/185/258 297/165/258
f 296/104/265 295/184/265 301/167/265
f 297/165/266 303/16/266 301/167/266
f 298/185/249 304/59/249 303/16/249
f 299/164/250 305/15/250 304/59/250
f 299/164/261 300/187/261 306/186/261
f 300/187/268 296/104/268 302/14/268
f 309/101/244 310/102/244 311/103/244
f 314/104/245 317/164/245 315/165/245
f 314/104/265 319/167/265 320/14/265
f 315/165/266 319/167/266 313/184/266
f 316/185/249 321/16/249 315/165/249
f 317/164/250 322/59/250 316/185/250
f 317/164/261 324/186/261 323/15/261
f 318/187/267 320/14/267 324/186/267
f 312/211/254 307/212/254 311/103/254
f 307/212/244 308/213/244 311/103/244
f 308/213/244 309/101/244 311/103/244
f 315/165/257 313/184/257 314/104/257
f 314/104/245 318/187/245 317/164/245
f 317/164/258 316/185/258 315/165/258
f 314/104/265 313/184/265 319/167/265
f 315/165/266 321/16/266 319/167/266
f 316/185/249 322/59/249 321/16/249
f 317/164/250 323/15/250 322/59/250
f 317/164/261 318/187/261 324/186/261
f 318/187/268 314/104/268 320/14/268
f 327/101/254 328/102/254 329/103/254
f 332/104/245 335/164/245 333/165/245
f 332/104/265 337/167/265 338/14/265
f 333/165/266 337/167/266 331/184/266
f 334/185/249 339/16/249 333/165/249
f 335/164/250 340/59/250 334/185/250
f 335/164/261 342/186/261 341/15/261
f 336/187/267 338/14/267 342/186/267
f 330/211/254 325/212/254 329/103/254
f 325/212/244 326/213/244 329/103/244
f 326/213/244 327/101/244 329/103/244
f 333/165/257 331/184/257 332/104/257
f 332/104/245 336/187/245 335/164/245
f 335/164/258 334/185/258 333/165/258
f 332/104/265 331/184/265 337/167/265
f 333/165/266 339/16/266 337/167/266
f 334/185/249 340/59/249 339/16/249
f 335/164/250 341/15/250 340/59/250
f 335/164/261 336/187/261 342/186/261
f 336/187/268 332/104/268 338/14/268
f 345/101/286 346/102/286 347/103/286
f 350/104/245 353/164/245 351/165/245
f 350/104/265 355/167/265 356/14/265
f 351/165/266 355/167/266 349/184/266
f 352/185/249 357/16/249 351/165/249
f 353/164/250 358/59/250 352/185/250
f 353/164/261 360/186/261 359/15/261
f 354/187/267 356/14/267 360/186/267
f 348/211/286 343/212/286 347/103/286
f 343/212/286 344/213/286 347/103/286
f 344/213/286 345/101/286 347/103/286
f 351/165/257 349/184/257 350/104/257
f 350/104/257 354/187/257 353/164/257
f 353/164/258 352/185/258 351/165/258
f 350/104/265 349/184/265 355/167/265
f 351/165/266 357/16/266 355/167/266
f 352/185/249 358/59/249 357/16/249
f 353/164/250 359/15/250 358/59/250
f 353/164/261 354/187/261 360/186/261
f 354/187/268 350/104/268 356/14/268
f 363/101/286 364/102/286 365/103/286
f 368/104/299 371/164/299 369/165/299
f 368/104/301 373/167/301 374/14/301
f 369/165/302 373/167/302 367/184/302
f 370/185/303 375/16/303 369/165/303
f 371/164/304 376/59/304 370/185/304
f 371/164/305 378/186/305 377/15/305
f 372/187/306 374/14/306 378/186/306
f 366/211/286 361/212/286 365/103/286
f 361/212/286 362/213/286 365/103/286
f 362/213/286 363/101/286 365/103/286
f 369/165/299 367/184/299 368/104/299
f 368/104/312 372/187/312 371/164/312
f 371/164/312 370/185/312 369/165/312
f 368/104/301 367/184/301 373/167/301
f 369/165/302 375/16/302 373/167/302
f 370/185/303 376/59/303 375/16/303
f 371/164/304 377/15/304 376/59/304
f 371/164/314 372/187/314 378/186/314
f 372/187/315 368/104/315 374/14/315
f 381/101/286 382/102/286 383/103/286
f 386/104/321 389/164/321 387/165/321
f 386/104/323 391/167/323 392/14/323
f 387/165/324 391/167/324 385/184/324
f 388/185/325 393/16/325 387/165/325
f 389/164/326 394/59/326 388/185/326
f 389/164/327 396/186/327 395/15/327
f 390/187/328 392/14/328 396/186/328
f 384/211/286 379/212/286 383/103/286
f 379/212/286 380/213/286 383/103/286
f 380/213/286 381/101/286 383/103/286
f 387/165/334 385/184/334 386/104/334
f 386/104/321 390/187/321 389/164/321
f 389/164/335 388/185/335 387/165/335
f 386/104/323 385/184/323 391/167/323
f 387/165/324 393/16/324 391/167/324
f 388/185/325 394/59/325 393/16/325
f 389/164/326 395/15/326 394/59/326
f 389/164/337 390/187/337 396/186/337
f 390/187/338 386/104/338 392/14/338
f 431/101/372 432/102/372 433/103/372
f 436/104/373 439/164/373 437/165/373
f 436/104/375 441/167/375 442/14/375
f 437/165/376 441/167/376 435/184/376
f 438/185/377 443/16/377 437/165/377
f 439/164/378 444/59/378 438/185/378
f 439/164/379 446/186/379 445/15/379
f 440/187/380 442/14/380 446/186/380
f 434/211/372 429/212/372 433/103/372
f 429/212/372 430/213/372 433/103/372
f 430/213/372 431/101/372 433/103/372
f 437/165/381 435/184/381 436/104/381
f 436/104/373 440/187/373 439/164/373
f 439/164/373 438/185/373 437/165/373
f 436/104/382 435/184/382 441/167/382
f 437/165/376 443/16/376 441/167/376
f 438/185/377 444/59/377 443/16/377
f 439/164/378 445/15/378 444/59/378
f 439/164/379 440/187/379 446/186/379
f 440/187/383 436/104/383 442/14/383
f 449/101/389 450/102/389 451/103/389
f 454/104/390 457/164/390 455/165/390
f 454/104/392 459/167/392 460/14/392
f 455/165/393 459/167/393 453/184/393
f 456/185/394 461/16/394 455/165/394
f 457/164/395 462/59/395 456/185/395
f 457/164/396 464/186/396 463/15/396
f 458/187/397 460/14/397 464/186/397
f 452/211/398 447/212/398 451/103/398
f 447/212/399 448/213/399 451/103/399
f 448/213/389 449/101/389 451/103/389
f 455/165/390 453/184/390 454/104/390
f 454/104/390 458/187/390 457/164/390
f 457/164/390 456/185/390 455/165/390
f 454/104/392 453/184/392 459/167/392
f 455/165/393 461/16/393 459/167/393
f 456/185/400 462/59/400 461/16/400
f 457/164/395 463/15/395 462/59/395
f 457/164/396 458/187/396 464/186/396
f 458/187/397 454/104/397 460/14/397
f 539/101/480 540/102/480 541/103/480
f 544/104/481 547/164/481 545/165/481
f 544/104/483 549/167/483 550/14/483
f 545/165/484 549/167/484 543/184/484
f 546/185/485 551/16/485 545/165/485
f 547/164/486 552/59/486 546/185/486
f 547/164/487 554/186/487 553/15/487
f 548/187/488 550/14/488 554/186/488
f 542/211/480 537/212/480 541/103/480
f 537/212/480 538/213/480 541/103/480
f 538/213/480 539/101/480 541/103/480
f 545/165/489 543/184/489 544/104/489
f 544/104/481 548/187/481 547/164/481
f 547/164/490 546/185/490 545/165/490
f 544/104/483 543/184/483 549/167/483
f 545/165/484 551/16/484 549/167/484
f 546/185/485 552/59/485 551/16/485
f 547/164/486 553/15/486 552/59/486
f 547/164/487 548/187/487 554/186/487
f 548/187/491 544/104/491 550/14/491
f 557/101/497 558/102/497 559/103/497
f 562/738/481 565/739/481 563/740/481
f 562/738/483 567/741/483 568/742/483
f 563/740/484 567/741/484 561/743/484
f 564/744/499 569/745/499 563/740/499
f 565/739/486 570/746/486 564/744/486
f 565/739/487 572/747/487 571/748/487
f 566/749/500 568/742/500 572/747/500
f 560/211/503 555/212/503 559/103/503
f 555/212/504 556/213/504 559/103/504
f 556/213/505 557/101/505 559/103/505
f 563/740/489 561/743/489 562/738/489
f 562/738/481 566/749/481 565/739/481
f 565/739/490 564/744/490 563/740/490
f 562/738/483 561/743/483 567/741/483
f 563/740/484 569/745/484 567/741/484
f 564/744/485 570/746/485 569/745/485
f 565/739/486 571/748/486 570/746/486
f 565/739/487 566/749/487 572/747/487
f 566/749/500 562/738/500 568/742/500
f 763/101/658 764/102/658 765/103/658
f 768/104/659 771/164/659 769/165/659
f 768/104/661 773/167/661 774/14/661
f 769/165/662 773/167/662 767/184/662
f 770/185/663 775/16/663 769/165/663
f 771/164/664 776/59/664 770/185/664
f 771/164/665 778/186/665 777/15/665
f 772/187/666 774/14/666 778/186/666
f 766/211/658 761/212/658 765/103/658
f 761/212/658 762/213/658 765/103/658
f 762/213/667 763/101/667 765/103/667
f 769/165/668 767/184/668 768/104/668
f 768/104/659 772/187/659 771/164/659
f 771/164/659 770/185/659 769/165/659
f 768/104/661 767/184/661 773/167/661
f 769/165/662 775/16/662 773/167/662
f 770/185/663 776/59/663 775/16/663
f 771/164/664 777/15/664 776/59/664
f 771/164/669 772/187/669 778/186/669
f 772/187/666 768/104/666 774/14/666
f 781/101/675 782/102/675 783/103/675
f 786/104/676 789/164/676 787/165/676
f 786/104/678 791/167/678 792/14/678
f 787/165/679 791/167/679 785/184/679
f 788/185/680 793/16/680 787/165/680
f 789/164/681 794/59/681 788/185/681
f 789/164/682 796/186/682 795/15/682
f 790/187/683 792/14/683 796/186/683
f 784/211/675 779/212/675 783/103/675
f 779/212/675 780/213/675 783/103/675
f 780/213/675 781/101/675 783/103/675
f 787/165/684 785/184/684 786/104/684
f 786/104/685 790/187/685 789/164/685
f 789/164/685 788/185/685 787/165/685
f 786/104/678 785/184/678 791/167/678
f 787/165/679 793/16/679 791/167/679
f 788/185/680 794/59/680 793/16/680
f 789/164/686 795/15/686 794/59/686
f 789/164/687 790/187/687 796/186/687
f 790/187/683 786/104/683 792/14/683
f 1107/980/1110 1108/981/1110 1106/982/1110 1105/983/1110
f 1136/980/1125 1137/981/1125 1135/982/1125 1134/983/1125
f 1165/980/1140 1166/981/1140 1164/982/1140 1163/983/1140
f 1262/980/1214 1263/981/1214 1261/982/1214 1260/983/1214
f 1291/980/1234 1292/981/1234 1290/982/1234 1289/983/1234
f 1328/11/1254 1329/12/1254 1330/13/1254
f 1332/14/1255 1335/15/1255 1333/16/1255
f 1344/14/1258 1347/15/1258 1345/16/1258
f 1352/11/1264 1353/12/1264 1354/13/1264
f 1356/14/1265 1359/15/1265 1357/16/1265
f 1365/12/29 1366/13/29 1362/47/29
f 1368/14/30 1371/15/30 1369/16/30
f 1382/59/1273 1381/16/1273 1380/14/1273
f 1388/11/1277 1389/12/1277 1390/13/1277
f 1394/59/146 1393/16/146 1392/14/146
f 1400/11/1282 1401/12/1282 1402/13/1282
f 1407/15/1283 1406/59/1283 1405/16/1283
f 1413/12/1289 1414/13/1289 1410/47/1289
f 1419/15/1290 1418/59/1290 1417/16/1290
f 1423/101/75 1424/102/75 1425/103/75
f 1428/104/76 1431/1198/76 1429/106/76
f 1435/101/83 1436/102/83 1437/103/83
f 1440/1199/84 1443/1200/84 1441/106/84
f 1447/101/91 1448/102/91 1449/103/91
f 1452/104/92 1455/164/92 1453/165/92
f 1428/104/100 1457/167/100 1458/14/100
f 1429/106/101 1457/167/101 1427/168/101
f 1430/169/102 1459/16/102 1429/106/102
f 1431/1198/103 1460/59/103 1430/169/103
f 1431/1198/169 1462/186/169 1461/15/169
f 1432/1201/105 1458/14/105 1462/186/105
f 1440/1199/106 1463/167/106 1464/14/106
f 1441/106/107 1463/167/107 1439/1202/107
f 1442/1203/108 1465/16/108 1441/106/108
f 1443/1200/109 1466/59/109 1442/1203/109
f 1443/1200/171 1468/186/171 1467/15/171
f 1444/187/111 1464/14/111 1468/186/111
f 1452/104/112 1469/167/112 1470/14/112
f 1453/165/1299 1469/167/1299 1451/184/1299
f 1454/185/1300 1471/16/1300 1453/165/1300
f 1455/164/175 1472/59/175 1454/185/175
f 1455/164/176 1474/186/176 1473/15/176
f 1456/187/117 1470/14/117 1474/186/117
f 1330/13/1301 1325/189/1301 1328/11/1301
f 1325/189/1302 1326/47/1302 1328/11/1302
f 1326/47/6 1327/190/6 1328/11/6
f 1333/16/1303 1331/167/1303 1332/14/1303
f 1332/14/1304 1336/186/1304 1335/15/1304
f 1335/15/1305 1334/59/1305 1333/16/1305
f 1342/13/1257 1337/193/1257 1338/47/1257
f 1345/16/1309 1343/167/1309 1344/14/1309
f 1344/14/1310 1348/186/1310 1347/15/1310
f 1347/15/1311 1346/59/1311 1345/16/1311
f 1354/13/1315 1349/189/1315 1352/11/1315
f 1349/189/1316 1350/47/1316 1352/11/1316
f 1350/47/1264 1351/190/1264 1352/11/1264
f 1357/16/1317 1355/167/1317 1356/14/1317
f 1356/14/1265 1360/186/1265 1359/15/1265
f 1359/15/1318 1358/59/1318 1357/16/1318
f 1366/13/1324 1361/193/1324 1362/47/1324
f 1362/47/29 1363/190/29 1364/11/29
f 1364/11/1324 1365/12/1324 1362/47/1324
f 1369/16/134 1367/167/134 1368/14/134
f 1368/14/134 1372/186/134 1371/15/134
f 1371/15/30 1370/59/30 1369/16/30
f 1378/13/1330 1373/193/1330 1374/47/1330
f 1374/47/1331 1375/190/1331 1378/13/1331
f 1381/16/1273 1379/167/1273 1380/14/1273
f 1380/14/1333 1384/186/1333 1383/15/1333
f 1383/15/1273 1382/59/1273 1380/14/1273
f 1390/13/1338 1385/189/1338 1388/11/1338
f 1385/189/1339 1386/47/1339 1388/11/1339
f 1386/47/1340 1387/190/1340 1388/11/1340
f 1393/16/1341 1391/167/1341 1392/14/1341
f 1392/14/1342 1396/186/1342 1395/15/1342
f 1395/15/1343 1394/59/1343 1392/14/1343
f 1402/13/1282 1397/189/1282 1400/11/1282
f 1397/189/1282 1398/47/1282 1400/11/1282
f 1398/47/1348 1399/190/1348 1400/11/1348
f 1405/16/1283 1403/167/1283 1407/15/1283
f 1403/167/1283 1404/14/1283 1407/15/1283
f 1404/14/1349 1408/186/1349 1407/15/1349
f 1414/13/1352 1409/193/1352 1410/47/1352
f 1410/47/1353 1411/190/1353 1412/11/1353
f 1412/11/154 1413/12/154 1410/47/154
f 1417/16/1354 1415/167/1354 1419/15/1354
f 1415/167/1355 1416/14/1355 1419/15/1355
f 1416/14/1356 1420/186/1356 1419/15/1356
f 1426/211/75 1421/212/75 1425/103/75
f 1421/212/75 1422/213/75 1425/103/75
f 1422/213/75 1423/101/75 1425/103/75
f 1429/106/1358 1427/168/1358 1428/104/1358
f 1428/104/76 1432/1201/76 1431/1198/76
f 1431/1198/76 1430/169/76 1429/106/76
f 1438/211/83 1433/212/83 1437/103/83
f 1433/212/83 1434/213/83 1437/103/83
f 1434/213/83 1435/101/83 1437/103/83
f 1441/106/84 1439/1202/84 1440/1199/84
f 1440/1199/84 1444/187/84 1443/1200/84
f 1443/1200/84 1442/1203/84 1441/106/84
f 1450/211/1360 1445/212/1360 1449/103/1360
f 1445/212/163 1446/213/163 1449/103/163
f 1446/213/91 1447/101/91 1449/103/91
f 1453/165/92 1451/184/92 1452/104/92
f 1452/104/164 1456/187/164 1455/164/164
f 1455/164/164 1454/185/164 1453/165/164
f 1428/104/1361 1427/168/1361 1457/167/1361
f 1429/106/101 1459/16/101 1457/167/101
f 1430/169/1362 1460/59/1362 1459/16/1362
f 1431/1198/1363 1461/15/1363 1460/59/1363
f 1431/1198/1364 1432/1201/1364 1462/186/1364
f 1432/1201/1365 1428/104/1365 1458/14/1365
f 1440/1199/1366 1439/1202/1366 1463/167/1366
f 1441/106/107 1465/16/107 1463/167/107
f 1442/1203/108 1466/59/108 1465/16/108
f 1443/1200/109 1467/15/109 1466/59/109
f 1443/1200/171 1444/187/171 1468/186/171
f 1444/187/172 1440/1199/172 1464/14/172
f 1452/104/112 1451/184/112 1469/167/112
f 1453/165/173 1471/16/173 1469/167/173
f 1454/185/174 1472/59/174 1471/16/174
f 1455/164/1367 1473/15/1367 1472/59/1367
f 1455/164/176 1456/187/176 1474/186/176
f 1456/187/117 1452/104/117 1470/14/117
f 1501/101/1389 1502/102/1389 1503/103/1389
f 1506/104/1390 1509/164/1390 1507/165/1390
f 1506/104/1392 1511/167/1392 1512/14/1392
f 1507/165/1393 1511/167/1393 1505/184/1393
f 1508/185/1394 1513/16/1394 1507/165/1394
f 1509/164/1395 1514/59/1395 1508/185/1395
f 1509/164/1396 1516/186/1396 1515/15/1396
f 1510/187/1397 1512/14/1397 1516/186/1397
f 1504/211/1402 1499/212/1402 1503/103/1402
f 1499/212/1403 1500/213/1403 1503/103/1403
f 1500/213/1389 1501/101/1389 1503/103/1389
f 1507/165/1390 1505/184/1390 1506/104/1390
f 1506/104/1404 1510/187/1404 1509/164/1404
f 1509/164/1390 1508/185/1390 1507/165/1390
f 1506/104/1406 1505/184/1406 1511/167/1406
f 1507/165/1407 1513/16/1407 1511/167/1407
f 1508/185/1408 1514/59/1408 1513/16/1408
f 1509/164/1395 1515/15/1395 1514/59/1395
f 1509/164/1409 1510/187/1409 1516/186/1409
f 1510/187/1397 1506/104/1397 1512/14/1397
f 1519/101/1411 1520/102/1411 1521/103/1411
f 1524/104/1390 1527/164/1390 1525/165/1390
f 1524/104/1412 1529/167/1412 1530/14/1412
f 1525/165/1413 1529/167/1413 1523/184/1413
f 1526/185/1414 1531/16/1414 1525/165/1414
f 1527/164/1395 1532/59/1395 1526/185/1395
f 1527/164/1396 1534/186/1396 1533/15/1396
f 1528/187/1415 1530/14/1415 1534/186/1415
f 1522/211/1402 1517/212/1402 1521/103/1402
f 1517/212/1402 1518/213/1402 1521/103/1402
f 1518/213/1389 1519/101/1389 1521/103/1389
f 1525/165/1419 1523/184/1419 1524/104/1419
f 1524/104/1404 1528/187/1404 1527/164/1404
f 1527/164/1390 1526/185/1390 1525/165/1390
f 1524/104/1406 1523/184/1406 1529/167/1406
f 1525/165/1407 1531/16/1407 1529/167/1407
f 1526/185/1420 1532/59/1420 1531/16/1420
f 1527/164/1395 1533/15/1395 1532/59/1395
f 1527/164/1421 1528/187/1421 1534/186/1421
f 1528/187/1422 1524/104/1422 1530/14/1422
f 1537/101/1411 1538/102/1411 1539/103/1411
f 1542/104/1390 1545/164/1390 1543/165/1390
f 1542/104/1392 1547/167/1392 1548/14/1392
f 1543/165/1413 1547/167/1413 1541/184/1413
f 1544/185/1414 1549/16/1414 1543/165/1414
f 1545/164/1424 1550/59/1424 1544/185/1424
f 1545/164/1396 1552/186/1396 1551/15/1396
f 1546/187/1425 1548/14/1425 1552/186/1425
f 1540/211/1402 1535/212/1402 1539/103/1402
f 1535/212/1403 1536/213/1403 1539/103/1403
f 1536/213/1389 1537/101/1389 1539/103/1389
f 1543/165/1390 1541/184/1390 1542/104/1390
f 1542/104/1404 1546/187/1404 1545/164/1404
f 1545/164/1390 1544/185/1390 1543/165/1390
f 1542/104/1392 1541/184/1392 1547/167/1392
f 1543/165/1427 1549/16/1427 1547/167/1427
f 1544/185/1408 1550/59/1408 1549/16/1408
f 1545/164/1424 1551/15/1424 1550/59/1424
f 1545/164/1421 1546/187/1421 1552/186/1421
f 1546/187/1422 1542/104/1422 1548/14/1422
f 1559/187/1397 1563/104/1397 1557/14/1397
f 1560/164/1428 1559/187/1428 1553/186/1428
f 1560/164/1395 1554/15/1395 1555/59/1395
f 1561/185/1408 1555/59/1408 1556/16/1408
f 1562/165/1429 1556/16/1429 1558/167/1429
f 1563/104/1406 1564/184/1406 1558/167/1406
f 1560/164/1390 1561/185/1390 1562/165/1390
f 1563/104/1404 1559/187/1404 1560/164/1404
f 1562/165/1404 1564/184/1404 1563/104/1404
f 1569/213/1411 1568/101/1411 1566/103/1411
f 1570/212/1403 1569/213/1403 1566/103/1403
f 1565/211/1402 1570/212/1402 1566/103/1402
f 1559/187/1397 1557/14/1397 1553/186/1397
f 1560/164/1421 1553/186/1421 1554/15/1421
f 1560/164/1395 1555/59/1395 1561/185/1395
f 1561/185/1430 1556/16/1430 1562/165/1430
f 1562/165/1413 1558/167/1413 1564/184/1413
f 1563/104/1392 1558/167/1392 1557/14/1392
f 1563/104/1390 1560/164/1390 1562/165/1390
f 1568/101/1389 1567/102/1389 1566/103/1389
f 1573/101/1389 1574/102/1389 1575/103/1389
f 1578/104/1390 1581/164/1390 1579/165/1390
f 1578/104/1406 1583/167/1406 1584/14/1406
f 1579/165/1413 1583/167/1413 1577/184/1413
f 1580/185/1430 1585/16/1430 1579/165/1430
f 1581/164/1433 1586/59/1433 1580/185/1433
f 1581/164/1396 1588/186/1396 1587/15/1396
f 1582/187/1397 1584/14/1397 1588/186/1397
f 1576/211/1402 1571/212/1402 1575/103/1402
f 1571/212/1403 1572/213/1403 1575/103/1403
f 1572/213/1411 1573/101/1411 1575/103/1411
f 1579/165/1404 1577/184/1404 1578/104/1404
f 1578/104/1404 1582/187/1404 1581/164/1404
f 1581/164/1390 1580/185/1390 1579/165/1390
f 1578/104/1412 1577/184/1412 1583/167/1412
f 1579/165/1429 1585/16/1429 1583/167/1429
f 1580/185/1408 1586/59/1408 1585/16/1408
f 1581/164/1395 1587/15/1395 1586/59/1395
f 1581/164/1421 1582/187/1421 1588/186/1421
f 1582/187/1397 1578/104/1397 1584/14/1397
f 1591/101/1389 1592/102/1389 1593/103/1389
f 1596/104/1390 1599/164/1390 1597/165/1390
f 1596/104/1412 1601/167/1412 1602/14/1412
f 1597/165/1393 1601/167/1393 1595/184/1393
f 1598/185/1414 1603/16/1414 1597/165/1414
f 1599/164/1395 1604/59/1395 1598/185/1395
f 1599/164/1428 1606/186/1428 1605/15/1428
f 1600/187/1415 1602/14/1415 1606/186/1415
f 1594/211/1402 1589/212/1402 1593/103/1402
f 1589/212/1402 1590/213/1402 1593/103/1402
f 1590/213/1389 1591/101/1389 1593/103/1389
f 1597/165/1390 1595/184/1390 1596/104/1390
f 1596/104/1404 1600/187/1404 1599/164/1404
f 1599/164/1390 1598/185/1390 1597/165/1390
f 1596/104/1406 1595/184/1406 1601/167/1406
f 1597/165/1427 1603/16/1427 1601/167/1427
f 1598/185/1420 1604/59/1420 1603/16/1420
f 1599/164/1395 1605/15/1395 1604/59/1395
f 1599/164/1436 1600/187/1436 1606/186/1436
f 1600/187/1422 1596/104/1422 1602/14/1422
f 1609/101/1389 1610/102/1389 1611/103/1389
f 1614/104/1404 1617/164/1404 1615/165/1404
f 1614/104/1412 1619/167/1412 1620/14/1412
f 1615/165/1413 1619/167/1413 1613/184/1413
f 1616/185/1414 1621/16/1414 1615/165/1414
f 1617/164/1395 1622/59/1395 1616/185/1395
f 1617/164/1396 1624/186/1396 1623/15/1396
f 1618/187/1397 1620/14/1397 1624/186/1397
f 1612/211/1402 1607/212/1402 1611/103/1402
f 1607/212/1402 1608/213/1402 1611/103/1402
f 1608/213/1389 1609/101/1389 1611/103/1389
f 1615/165/1390 1613/184/1390 1614/104/1390
f 1614/104/1404 1618/187/1404 1617/164/1404
f 1617/164/1390 1616/185/1390 1615/165/1390
f 1614/104/1406 1613/184/1406 1619/167/1406
f 1615/165/1407 1621/16/1407 1619/167/1407
f 1616/185/1420 1622/59/1420 1621/16/1420
f 1617/164/1395 1623/15/1395 1622/59/1395
f 1617/164/1421 1618/187/1421 1624/186/1421
f 1618/187/1422 1614/104/1422 1620/14/1422
f 1627/101/1389 1628/102/1389 1629/103/1389
f 1632/104/1404 1635/164/1404 1633/165/1404
f 1632/104/1406 1637/167/1406 1638/14/1406
f 1633/165/1413 1637/167/1413 1631/184/1413
f 1634/185/1394 1639/16/1394 1633/165/1394
f 1635/164/1395 1640/59/1395 1634/185/1395
f 1635/164/1396 1642/186/1396 1641/15/1396
f 1636/187/1437 1638/14/1437 1642/186/1437
f 1630/211/1402 1625/212/1402 1629/103/1402
f 1625/212/1402 1626/213/1402 1629/103/1402
f 1626/213/1389 1627/101/1389 1629/103/1389
f 1633/165/1390 1631/184/1390 1632/104/1390
f 1632/104/1404 1636/187/1404 1635/164/1404
f 1635/164/1390 1634/185/1390 1633/165/1390
f 1632/104/1406 1631/184/1406 1637/167/1406
f 1633/165/1407 1639/16/1407 1637/167/1407
f 1634/185/1420 1640/59/1420 1639/16/1420
f 1635/164/1395 1641/15/1395 1640/59/1395
f 1635/164/1421 1636/187/1421 1642/186/1421
f 1636/187/1397 1632/104/1397 1638/14/1397
f 1645/101/1411 1646/102/1411 1647/103/1411
f 1650/104/1390 1653/164/1390 1651/165/1390
f 1650/104/1392 1655/167/1392 1656/14/1392
f 1651/165/1413 1655/167/1413 1649/184/1413
f 1652/185/1394 1657/16/1394 1651/165/1394
f 1653/164/1424 1658/59/1424 1652/185/1424
f 1653/164/1396 1660/186/1396 1659/15/1396
f 1654/187/1422 1656/14/1422 1660/186/1422
f 1648/211/1402 1643/212/1402 1647/103/1402
f 1643/212/1402 1644/213/1402 1647/103/1402
f 1644/213/1389 1645/101/1389 1647/103/1389
f 1651/165/1390 1649/184/1390 1650/104/1390
f 1650/104/1404 1654/187/1404 1653/164/1404
f 1653/164/1390 1652/185/1390 1651/165/1390
f 1650/104/1406 1649/184/1406 1655/167/1406
f 1651/165/1407 1657/16/1407 1655/167/1407
f 1652/185/1408 1658/59/1408 1657/16/1408
f 1653/164/1395 1659/15/1395 1658/59/1395
f 1653/164/1421 1654/187/1421 1660/186/1421
f 1654/187/1397 1650/104/1397 1656/14/1397
f 1663/101/1411 1664/102/1411 1665/103/1411
f 1668/104/1390 1671/164/1390 1669/165/1390
f 1668/104/1412 1673/167/1412 1674/14/1412
f 1669/165/1413 1673/167/1413 1667/184/1413
f 1670/185/1414 1675/16/1414 1669/165/1414
f 1671/164/1424 1676/59/1424 1670/185/1424
f 1671/164/1396 1678/186/1396 1677/15/1396
f 1672/187/1438 1674/14/1438 1678/186/1438
f 1666/211/1402 1661/212/1402 1665/103/1402
f 1661/212/1403 1662/213/1403 1665/103/1403
f 1662/213/1389 1663/101/1389 1665/103/1389
f 1669/165/1390 1667/184/1390 1668/104/1390
f 1668/104/1404 1672/187/1404 1671/164/1404
f 1671/164/1390 1670/185/1390 1669/165/1390
f 1668/104/1412 1667/184/1412 1673/167/1412
f 1669/165/1427 1675/16/1427 1673/167/1427
f 1670/185/1439 1676/59/1439 1675/16/1439
f 1671/164/1395 1677/15/1395 1676/59/1395
f 1671/164/1421 1672/187/1421 1678/186/1421
f 1672/187/1422 1668/104/1422 1674/14/1422
f 1821/187/1397 1825/104/1397 1819/14/1397
f 1822/164/1421 1821/187/1421 1815/186/1421
f 1822/164/1395 1816/15/1395 1817/59/1395
f 1823/185/1439 1817/59/1439 1818/16/1439
f 1824/165/1429 1818/16/1429 1820/167/1429
f 1825/104/1412 1826/184/1412 1820/167/1412
f 1822/164/1404 1823/185/1404 1824/165/1404
f 1825/104/1404 1821/187/1404 1822/164/1404
f 1824/165/1390 1826/184/1390 1825/104/1390
f 1831/213/1411 1830/101/1411 1828/103/1411
f 1832/212/1403 1831/213/1403 1828/103/1403
f 1827/211/1402 1832/212/1402 1828/103/1402
f 1821/187/1397 1819/14/1397 1815/186/1397
f 1822/164/1396 1815/186/1396 1816/15/1396
f 1822/164/1527 1817/59/1527 1823/185/1527
f 1823/185/1430 1818/16/1430 1824/165/1430
f 1824/165/1413 1820/167/1413 1826/184/1413
f 1825/104/1406 1820/167/1406 1819/14/1406
f 1825/104/1404 1822/164/1404 1824/165/1404
f 1830/101/1389 1829/102/1389 1828/103/1389
f 1839/187/1397 1843/104/1397 1837/14/1397
f 1840/164/1428 1839/187/1428 1833/186/1428
f 1840/164/1395 1834/15/1395 1835/59/1395
f 1841/185/1408 1835/59/1408 1836/16/1408
f 1842/165/1429 1836/16/1429 1838/167/1429
f 1843/104/1406 1844/184/1406 1838/167/1406
f 1840/164/1404 1841/185/1404 1842/165/1404
f 1843/104/1404 1839/187/1404 1840/164/1404
f 1842/165/1390 1844/184/1390 1843/104/1390
f 1849/213/1411 1848/101/1411 1846/103/1411
f 1850/212/1403 1849/213/1403 1846/103/1403
f 1845/211/1402 1850/212/1402 1846/103/1402
f 1839/187/1397 1837/14/1397 1833/186/1397
f 1840/164/1421 1833/186/1421 1834/15/1421
f 1840/164/1395 1835/59/1395 1841/185/1395
f 1841/185/1430 1836/16/1430 1842/165/1430
f 1842/165/1413 1838/167/1413 1844/184/1413
f 1843/104/1392 1838/167/1392 1837/14/1392
f 1843/104/1404 1840/164/1404 1842/165/1404
f 1848/101/1389 1847/102/1389 1846/103/1389
f 1857/187/1397 1861/104/1397 1855/14/1397
f 1858/164/1421 1857/187/1421 1851/186/1421
f 1858/164/1395 1852/15/1395 1853/59/1395
f 1859/185/1439 1853/59/1439 1854/16/1439
f 1860/165/1429 1854/16/1429 1856/167/1429
f 1861/104/1412 1862/184/1412 1856/167/1412
f 1858/164/1404 1859/185/1404 1860/165/1404
f 1861/104/1404 1857/187/1404 1858/164/1404
f 1860/165/1390 1862/184/1390 1861/104/1390
f 1867/213/1411 1866/101/1411 1864/103/1411
f 1868/212/1403 1867/213/1403 1864/103/1403
f 1863/211/1402 1868/212/1402 1864/103/1402
f 1857/187/1422 1855/14/1422 1851/186/1422
f 1858/164/1396 1851/186/1396 1852/15/1396
f 1858/164/1527 1853/59/1527 1859/185/1527
f 1859/185/1430 1854/16/1430 1860/165/1430
f 1860/165/1413 1856/167/1413 1862/184/1413
f 1861/104/1406 1856/167/1406 1855/14/1406
f 1861/104/1404 1858/164/1404 1860/165/1404
f 1866/101/1389 1865/102/1389 1864/103/1389
f 1875/187/1397 1879/104/1397 1873/14/1397
f 1876/164/1421 1875/187/1421 1869/186/1421
f 1876/164/1395 1870/15/1395 1871/59/1395
f 1877/185/1408 1871/59/1408 1872/16/1408
f 1878/165/1429 1872/16/1429 1874/167/1429
f 1879/104/1406 1880/184/1406 1874/167/1406
f 1876/164/1404 1877/185/1404 1878/165/1404
f 1879/104/1404 1875/187/1404 1876/164/1404
f 1878/165/1390 1880/184/1390 1879/104/1390
f 1885/213/1411 1884/101/1411 1882/103/1411
f 1886/212/1403 1885/213/1403 1882/103/1403
f 1881/211/1402 1886/212/1402 1882/103/1402
f 1875/187/1397 1873/14/1397 1869/186/1397
f 1876/164/1421 1869/186/1421 1870/15/1421
f 1876/164/1395 1871/59/1395 1877/185/1395
f 1877/185/1430 1872/16/1430 1878/165/1430
f 1878/165/1413 1874/167/1413 1880/184/1413
f 1879/104/1392 1874/167/1392 1873/14/1392
f 1879/104/1404 1876/164/1404 1878/165/1404
f 1884/101/1389 1883/102/1389 1882/103/1389
f 1893/187/1397 1897/104/1397 1891/14/1397
f 1894/164/1436 1893/187/1436 1887/186/1436
f 1894/164/1395 1888/15/1395 1889/59/1395
f 1895/185/1408 1889/59/1408 1890/16/1408
f 1896/165/1429 1890/16/1429 1892/167/1429
f 1897/104/1412 1898/184/1412 1892/167/1412
f 1894/164/1404 1895/185/1404 1896/165/1404
f 1897/104/1404 1893/187/1404 1894/164/1404
f 1896/165/1390 1898/184/1390 1897/104/1390
f 1903/213/1411 1902/101/1411 1900/103/1411
f 1904/212/1403 1903/213/1403 1900/103/1403
f 1899/211/1402 1904/212/1402 1900/103/1402
f 1893/187/1397 1891/14/1397 1887/186/1397
f 1894/164/1396 1887/186/1396 1888/15/1396
f 1894/164/1527 1889/59/1527 1895/185/1527
f 1895/185/1430 1890/16/1430 1896/165/1430
f 1896/165/1413 1892/167/1413 1898/184/1413
f 1897/104/1406 1892/167/1406 1891/14/1406
f 1897/104/1404 1894/164/1404 1896/165/1404
f 1902/101/1389 1901/102/1389 1900/103/1389
f 1911/187/1397 1915/104/1397 1909/14/1397
f 1912/164/1421 1911/187/1421 1905/186/1421
f 1912/164/1395 1906/15/1395 1907/59/1395
f 1913/185/1408 1907/59/1408 1908/16/1408
f 1914/165/1429 1908/16/1429 1910/167/1429
f 1915/104/1392 1916/184/1392 1910/167/1392
f 1912/164/1404 1913/185/1404 1914/165/1404
f 1915/104/1404 1911/187/1404 1912/164/1404
f 1914/165/1390 1916/184/1390 1915/104/1390
f 1921/213/1411 1920/101/1411 1918/103/1411
f 1922/212/1403 1921/213/1403 1918/103/1403
f 1917/211/1402 1922/212/1402 1918/103/1402
f 1911/187/1397 1909/14/1397 1905/186/1397
f 1912/164/1396 1905/186/1396 1906/15/1396
f 1912/164/1527 1907/59/1527 1913/185/1527
f 1913/185/1430 1908/16/1430 1914/165/1430
f 1914/165/1413 1910/167/1413 1916/184/1413
f 1915/104/1406 1910/167/1406 1909/14/1406
f 1915/104/1404 1912/164/1404 1914/165/1404
f 1920/101/1389 1919/102/1389 1918/103/1389
f 1929/187/1397 1933/104/1397 1927/14/1397
f 1930/164/1421 1929/187/1421 1923/186/1421
f 1930/164/1395 1924/15/1395 1925/59/1395
f 1931/185/1408 1925/59/1408 1926/16/1408
f 1932/165/1429 1926/16/1429 1928/167/1429
f 1933/104/1392 1934/184/1392 1928/167/1392
f 1930/164/1404 1931/185/1404 1932/165/1404
f 1933/104/1404 1929/187/1404 1930/164/1404
f 1932/165/1390 1934/184/1390 1933/104/1390
f 1939/213/1411 1938/101/1411 1936/103/1411
f 1940/212/1403 1939/213/1403 1936/103/1403
f 1935/211/1402 1940/212/1402 1936/103/1402
f 1929/187/1422 1927/14/1422 1923/186/1422
f 1930/164/1396 1923/186/1396 1924/15/1396
f 1930/164/1433 1925/59/1433 1931/185/1433
f 1931/185/1430 1926/16/1430 1932/165/1430
f 1932/165/1413 1928/167/1413 1934/184/1413
f 1933/104/1406 1928/167/1406 1927/14/1406
f 1933/104/1404 1930/164/1404 1932/165/1404
f 1938/101/1389 1937/102/1389 1936/103/1389
f 2106/1410/187 2103/1411/187 2102/1412/187
f 2106/1410/187 2107/1418/187 2103/1411/187
f 2111/101/91 2112/102/91 2113/103/91
f 2116/104/92 2119/164/92 2117/165/92
f 2116/104/1721 2121/167/1721 2122/14/1721
f 2117/165/1722 2121/167/1722 2115/184/1722
f 2118/185/114 2123/16/114 2117/165/114
f 2119/164/175 2124/59/175 2118/185/175
f 2119/164/1723 2126/186/1723 2125/15/1723
f 2120/187/117 2122/14/117 2126/186/117
f 2114/211/163 2109/212/163 2113/103/163
f 2109/212/163 2110/213/163 2113/103/163
f 2110/213/91 2111/101/91 2113/103/91
f 2117/165/92 2115/184/92 2116/104/92
f 2116/104/92 2120/187/92 2119/164/92
f 2119/164/92 2118/185/92 2117/165/92
f 2116/104/112 2115/184/112 2121/167/112
f 2117/165/173 2123/16/173 2121/167/173
f 2118/185/174 2124/59/174 2123/16/174
f 2119/164/1726 2125/15/1726 2124/59/1726
f 2119/164/116 2120/187/116 2126/186/116
f 2120/187/117 2116/104/117 2122/14/117
f 2132/1410/187 2129/1411/187 2128/1412/187
f 2132/1410/187 2133/1418/187 2129/1411/187
